id;montadora_id;modelo;complemento;anos;complemento3;complemento4
27134;26;VARIANT II;2ª GERAÇÃO;1978...1981;;
27136;10;147;TODOS OS MODELOS;1986...;;
27137;17;O-364;FIXAÇÃO 248 / 251;...;;
27138;17;O-364;FIXAÇÃO 309 / 309;...;;
27139;17;O-400;FIXAÇÃO 309 / 309;...;;
27140;5;MONZA;HATCH;1983...1996;;SEM AEROFÓLIO
27141;5;KADETT;COM LIMPADOR TRASEIRO;1989...1998;;
27142;5;IPANEMA;SEM LIMPADOR TRASEIRO;1989...1998;;
27144;17;O-400;;...;;
27147;17;O-400;FIXAÇÃO 958 / 958;...;;
27148;26;APOLLO;TODOS OS MODELOS;1990...1992;;
27155;40;MARCOPOLO;FIXAÇÃO 248 / 251;...;;
27156;25;RF 2000;TODOS OS MODELOS;2001...2005;;
27157;25;T4;TODOS OS MODELOS;2001...2005;;
27158;17;O-400;FIXAÇÃO 579 / 579;...;;
27160;11;FIESTA;HATCH;1996...2001;;SEM LIMPADOR TRASEIRO
27161;11;FIESTA;STREET HATCH;2001...2003;;SEM LIMPADOR TRASEIRO
27162;38;113;R;...;;FIXAÇÃO 248 / 251
27163;38;P-114;FIXAÇÃO 579 / 579;...;;
27164;38;P-124;FIXAÇÃO 579 / 579;...;;
27165;38;P-94;FIXAÇÃO 579 / 579;...;;
27166;38;R-114;FIXAÇÃO 579 / 579;...;;
27167;38;R-124;FIXAÇÃO 579 / 579;...;;
27168;38;R-164;FIXAÇÃO 579 / 579;...;;
27169;38;SÉRIE 4;FIXAÇÃO 579 / 579;...;;
27174;21;SCENIC;TODOS OS MODELOS;1999...;;
27175;84;320;;2009...2012;;
27177;5;BLAZER;TODOS OS MODELOS;2000...;;
27178;5;S10;TODOS OS MODELOS;2001...;;
27179;17;FSK;FIXAÇÃO 579 / 579;...;;
27180;38;SÉRIE 4;FIXAÇÃO 309 / 309;...;;
27181;5;ZAFIRA;TODOS OS MODELOS;2001...;;
27182;5;MERIVA;TODOS OS MODELOS;2002...;;
27184;5;CORSA;5 PORTAS;1994...2002;;
27185;17;O-371;FIXAÇÃO 309 / 309;...;;
27186;38;SÉRIE 3;FIXAÇÃO 309 / 309;...;;
27187;7;C3;TODOS OS MODELOS;2003...2012;;
27188;20;3008;;2009...2016;;
27189;20;206;HATCH;1999...2009;;
27190;20;207;HATCH;2008...2009;;
27191;20;307;HATCH;2004...2012;;
27192;20;308;HATCH;2013...2019;;
27193;7;BERLINGO;TODOS OS MODELOS;1998...2007;;
27194;7;XSARA PICASSO;TODOS OS MODELOS;2001...2004;;
27195;7;C3;;2013...;;
27196;10;PALIO;HATCH RST II - 3ª GERAÇÃO;2003...2013;;
27197;10;PALIO;HATCH RST III - 4ª GERAÇÃO;2007...2012;;
27199;10;PALIO WEEKEND;ADVENTURE - TODOS OS MODELOS;2005...2010;;
27200;10;PALIO WEEKEND;RST II - 3ª GERAÇÃO;2004...2010;;
27201;20;206 SW;TODOS OS MODELOS;2005...2010;;
27202;20;207 SW;TODOS OS MODELOS;2008...;;
27203;7;XSARA PICASSO;TODOS OS MODELOS;2005...;;
27205;20;207;PASSION;2008...;;
27207;18;PAJERO;TR4 - TODOS OS MODELOS;2002...;;
27209;11;FIESTA;SEDAN - TODOS OS MODELOS;2000...;;
27210;11;FOCUS;SEDAN - TODOS OS MODELOS;07.2000...2008;;
27211;11;FOCUS;HATCH;04.2002...2010;;
27212;20;306;TODOS OS MODELOS;1994...2004;;
27213;10;BRAVA;TODOS OS MODELOS;1999...2003;;
27219;5;CORSA SW;TODOS OS MODELOS;1994...2008;;
27220;21;MEGANE;SEDAN;2006...;;
27221;19;SENTRA;TODOS OS MODELOS;2008...;;
27222;15;SPORTAGE;TODOS OS MODELOS;1995...2010;;
27223;4;A3;TODOS OS MODELOS;1997...;;
27225;11;FUSION;TODOS OS MODELOS;2006...2007;;
27227;5;CAPTIVA;TODOS OS MODELOS;2008...;;
27228;26;POLO;HATCH;2002...2006;;
27229;26;FOX;TODOS OS MODELOS;2009...;;
27233;5;VECTRA;TODOS OS MODELOS;...;;
27234;5;VECTRA;SEDAN - TODOS OS MODELOS;2006...;;
27235;5;VECTRA;HATCH - TODOS OS MODELOS;2006...;;
27237;10;LINEA;TODOS OS MODELOS;2009...;;
27238;12;CR-V;TODOS OS MODELOS;2002...;;
27240;13;I30;TODOS OS MODELOS;2009...2012;;
27241;15;SORENTO;TODOS OS MODELOS;2004...2009;;
27242;26;JETTA;TODOS OS MODELOS;2006...2012;;
27244;45;RENEGADE;;...;;
27245;26;TIGUAN;TODOS OS MODELOS;2009...;;
27247;15;PICANTO;TODOS OS MODELOS;2006...2017;;
27248;10;BRAVO;TODOS OS MODELOS;2010...;;
27249;26;GOLF;TODOS OS MODELOS;2007...2011;;
27252;17;CLASSE A;160 / 190;1999...2005;;
27253;10;500;TODOS OS MODELOS - EXCETO CABRIO;2011...;;
27254;10;GRAND SIENA;TODOS OS MODELOS;2012...2013;;
27255;19;MARCH;TODOS OS MODELOS;2011...;;
27258;21;DUSTER;TODOS OS MODELOS;2011...;;
27259;21;OROCH;TODOS OS MODELOS;2015...;;
27260;18;LANCER;TODOS OS MODELOS;2012...;;
27261;5;CRUZE;HATCH - TODOS OS MODELOS;2011...;;
27262;5;SPIN;TODOS OS MODELOS;2012...;;
27263;5;MALIBU;TODOS OS MODELOS;2010...;;
27264;39;J3;HATCH;2011...;;
27265;11;FIESTA;HATCH;2002...2012;;
27266;11;FIESTA;HATCH;2011...;;
27267;11;ECOSPORT;2ª GERAÇÃO;2012...;;
27268;26;JETTA;TODOS OS MODELOS;2011...;;
27269;7;AIRCROSS;TODOS OS MODELOS;2010...;;
27270;7;C3 PICASSO;;2011...2015;;
27272;26;CROSSFOX;TODOS OS MODELOS;2005...;;
27273;5;TRAILBLAZER;TODOS OS MODELOS;2012...;;
27276;26;UP!;TODOS OS MODELOS;2014...;;
27277;12;HR-V;TODOS OS MODELOS;2015...;;
27278;21;SANDERO;;2014...;;
27279;10;MAREA WEEKEND;TODOS OS MODELOS;1998...2007;;
27280;4;A4;TODOS OS MODELOS;1994...2000;;
27281;26;BORA;TODOS OS MODELOS;2000...2010;;
27282;22;CORDOBA;TODOS OS MODELOS;1995...2004;;
27283;26;POLO CLASSIC;TODOS OS MODELOS;1996...1999;;
27284;17;O-370;FIXAÇÃO 309 / 309;...;;
27285;38;142;R;...;;FIXAÇÃO 556 / 251
27286;38;112;R;...;;FIXAÇÃO 556 / 251
27289;17;O-371;FIXAÇÃO 309 / 309;...;;TAMPA DO BAGAGEIRO
27292;121;ENCARROÇADORAS;;...;;TAMPA DO TANQUE DE ÓLEO
27293;121;ENCARROÇADORAS;;...;;TAMPA DO BAGAGEIRO / MOTOR  - CIA MANUFATUREIRA AUXILIAR -
27294;17;O-400;FIXAÇÃO 248 / 251;...;;
27295;5;BONANZA;SEM LIMPADOR TRASEIRO;1968...1995;;
27296;5;VERANEIO;SEM LIMPADOR TRASEIRO;1968...1995;;
27297;5;BONANZA;COM LIMPADOR TRASEIRO;1968...1995;;
27298;5;VERANEIO;COM LIMPADOR TRASEIRO;1968...1995;;
27301;42;JOURNEY;TODOS OS MODELOS;2009...;;
27302;10;FREEMONT;TODOS OS MODELOS;2011...;;
27305;13;SANTA FÉ;TODOS OS MODELOS;2007...;;
27307;18;PAJERO;DAKAR;2011...;;
27308;21;TWINGO;TODOS OS MODELOS;1993...2005;;
27309;21;KANGOO;TODOS OS MODELOS;1998...;;
27310;26;BRASILIA;;1973...1982;1600;
27311;26;FUSCA;;1969...1996;1200;
27312;26;FUSCA;;1969...1996;1300;
27313;26;FUSCA;;1969...1996;1500;
27314;26;FUSCA;;1969...1996;1600;
27315;26;VARIANT;;1969...1977;1600;
27316;26;KOMBI;TODOS OS MODELOS;1957...;;
27317;11;ROYALE;CONVENCIONAL;1991...1997;;
27318;11;VERSAILLES;SEM DIREÇÃO HIDRÁULICA;1992...1996;;
27319;26;GOL;GI / GII / GIII / GIV  -  SEM DIREÇÃO HIDRÁULICA;1980...;;
27320;26;PARATI;SEM DIREÇÃO HIDRÁULICA;1984...;;
27321;26;PASSAT;SEM DIREÇÃO HIDRÁULICA;1974...1988;;
27322;26;QUANTUM;SEM DIREÇÃO HIDRÁULICA;1985...2002;;
27323;26;SANTANA;SEM DIREÇÃO HIDRÁULICA;1984...2006;;
27324;26;SAVEIRO;SEM DIREÇÃO HIDRÁULICA;2000...2007;;
27325;26;VARIANT II;;1978...1981;1600;
27326;26;VOYAGE;SEM DIREÇÃO HIDRÁULICA;1981...1995;;
27327;5;CARAVAN;COM DIREÇÃO MECÂNICA;1968...1993;;
27328;5;OPALA;COM DIREÇÃO MECÂNICA;1968...1993;;
27329;11;ROYALE;OPCIONAL / SEM DIREÇÃO HIDRÁULICA;1991...1997;;
27330;11;VERSAILLES;OPCIONAL / SEM DIREÇÃO HIDRÁULICA;1992...1996;;
27331;26;GOL;OPCIONAL / SEM DIREÇÃO HIDRÁULICA;1980...2008;;
27332;26;PARATI;OPCIONAL / SEM DIREÇÃO HIDRÁULICA;1984...;;
27333;26;PASSAT;OPCIONAL / SEM DIREÇÃO HIDRÁULICA;1974...1988;;
27334;26;QUANTUM;OPCIONAL / SEM DIREÇÃO HIDRÁULICA;1985...2002;;
27335;26;SANTANA;OPCIONAL / SEM DIREÇÃO HIDRÁULICA;1984...2006;;
27336;26;SAVEIRO;GIII - OPCIONAL / SEM DIREÇÃO HIDRÁULICA;2000...2009;;
27337;26;VOYAGE;OPCIONAL / SEM DIREÇÃO HIDRÁULICA;1981...1995;;
27338;5;IPANEMA;COM DIREÇÃO MECÂNICA;1989...1998;;
27339;5;KADETT;COM DIREÇÃO MECÂNICA;1989...1998;;
27340;17;OM-370;FIXAÇÃO A/A;...;;
27341;17;OM-371;FIXAÇÃO A/A;...;;
27342;5;OMEGA;;1992...1998;3.0 / 4.1 - 6CC;
27343;5;SUPREMA;;1992...1998;3.0 / 4.1 - 6CC;
27346;10;147;EXCETO PICK-UP / FIORINO;1976...1987;;
27347;10;147;EXCETO PICK- UP / FIORINO;1976...1987;;
27348;10;147;PICK-UP - EXCETO FIORINO;1986...1987;;
27349;26;PASSAT;TODOS OS MODELOS;1974...1988;;
27350;26;GOL;TODOS - EXCETO FURGÃO;1980...1994;;
27351;26;PARATI;MODELOS ANTIGOS;1982...1996;;
27352;26;VOYAGE;;1981...1995;;
27353;26;GOL;(EXCETO GTI 2000 16V) - ATÉ 4ª GERAÇÃO;1995...2008;;
27354;26;PARATI;TODOS (EXCETO 2.0 16V / CROSSOVER);1996...2002;;
27356;26;QUANTUM;TODOS OS MODELOS;1985...2002;;
27357;26;SANTANA;TODOS OS MODELOS;1984...1990;;
27358;10;FIORINO;FURGÃO;1991...05.1994;;
27359;10;FIORINO;PICK-UP;1991...05.1994;;
27360;5;IPANEMA;TODOS OS MODELOS;1989...1998;;
27361;5;KADETT;EXCETO GSI / SPORT;1989...1998;;
27362;5;VECTRA;;1994...03.1996;8V;
27363;10;DUNA;;1993...1996;;
27364;10;ELBA;;1993...1996;;
27365;10;PREMIO;;1993...1995;;
27366;10;UNO;EXCETO R / TURBO;1993...07.1998;;
27367;26;GOL;FURGÃO - MODELOS ANTIGOS;1980...1994;;
27368;26;SAVEIRO;EXCETO GERAÇÃO 5;1982...2009;;
27369;26;GOL;RALLY 3ª GERAÇÃO / 4ª GERAÇÃO / TITAN;2001...2009;;
27370;26;GOL;TREND SPORT 4ª GERAÇÃO;2005...2009;;
27371;26;GOL;GTI;1996...2000;16V;
27372;26;PARATI;;1997...2001;2.0 16V;
27373;26;PARATI;CROSSOVER / TRACK-FILED / SURF / CITY;2002...2012;;
27380;17;1519;LS;1975...1987;;CAMINHÃO
27381;17;1520;LS;1987...1991;;CAMINHÃO
27382;17;1524;LS;1985...11.1987;;CAMINHÃO
27383;17;1525;LS;1987...11.1990;;CAMINHÃO
27384;38;B-110;SUSPENSÃO COM MOLA;1975...1983;;ÔNIBUS
27385;38;B-111;SUSPENSÃO COM MOLA;1975...1983;;ÔNIBUS
27386;38;BR-115;SUSPENSÃO COM MOLA;1975...1983;;ÔNIBUS
27387;38;BR-116;SUSPENSÃO COM MOLA;1975...1983;;ÔNIBUS
27388;38;L-111;SUSPENSÃO COM MOLA;1975...1983;;ÔNIBUS
27389;37;FORA DE ESTRADA;;1996...;;CAMINHÃO
27390;17;O-321;LP;1958...1971;;ÔNIBUS
27391;17;O-326;;1966...1974;;ÔNIBUS
27392;17;O-352;;1969...1971;;ÔNIBUS
27393;17;O-355;;1974...1979;;ÔNIBUS
27394;17;O-362;;1971...1979;;ÔNIBUS
27395;17;O-364;;1978...1987;;ÔNIBUS
27396;17;O-365;;1987...1990;;ÔNIBUS
27401;32;N-10;;1980...1983;;CAMINHÃO
27410;26;11.130;;1982...;;CAMINHÃO
27411;26;11.140;;1982...1989;;CAMINHÃO
27412;26;11.160;;1982...1986;;CAMINHÃO
27413;26;13.130;;1982...1987;;CAMINHÃO
27414;26;14.210;DISTÂNCIA ENTRE EIXOS 3560 MM;1980...1989;;CAMINHÃO
27415;32;B-58;3° EIXO;1980...1999;;ÔNIBUS
27416;17;1114;LK;1987...1989;;CAMINHÃO
27417;17;1313;L / LK;1975...1987;;CAMINHÃO
27418;17;1314;L / LK;1987...1991;;CAMINHÃO
27419;17;1316;L / LK;1975...1986;;CAMINHÃO
27420;17;1317;L / LK;1986...1987;;CAMINHÃO
27421;17;1318;L;1978...1983;;CAMINHÃO
27422;17;1319;L;1984...1986;;CAMINHÃO
27423;17;1418;K;1991...2002;;CAMINHÃO
27424;5;12000;;1996...2005;;CAMINHÃO
27425;5;13000;;1996...2005;;CAMINHÃO
27426;5;14000;;1996...2005;;CAMINHÃO
27427;5;19000;;1996...2005;;CAMINHÃO
27428;5;21000;;1996...2005;;CAMINHÃO
27429;5;22000;;1996...2005;;CAMINHÃO
27430;5;D-11000;;1996...2005;;CAMINHÃO
27433;38;S-112;SUSPENSÃO COM MOLA;1983...2009;;ÔNIBUS
27434;38;S-113;SUSPENSÃO COM MOLA;1983...2009;;ÔNIBUS
27435;38;K-112;SUSPENSÃO COM MOLA;1983...2009;;ÔNIBUS
27436;38;K-113;SUSPENSÃO COM MOLA;1983...2009;;ÔNIBUS
27440;17;O-370;U / UL / UP - URBANO / RODOVIÁRIO;1984...1992;;ÔNIBUS
27441;17;O-371;U / UL / UP - URBANO / RODOVIÁRIO;1987...1997;;ÔNIBUS
27442;17;O-400;U / UL / UP - URBANO / RODOVIÁRIO;1994...1999;;ÔNIBUS
27443;32;N-10;TODOS OS MODELOS;1984...1989;;CAMINHÃO
27444;32;N-12;TODOS OS MODELOS;1984...1989;;CAMINHÃO
27445;32;NL-10;TODOS OS MODELOS;1989...1992;;CAMINHÃO
27446;32;NL-12;TODOS OS MODELOS;1989...1992;;CAMINHÃO
27470;38;K-112;SUSPENSÃO A AR;1983...2000;;ÔNIBUS
27471;38;K-113;SUSPENSÃO A AR;1983...2000;;ÔNIBUS
27472;38;L-113;SUSPENSÃO A AR;1990...1998;;ÔNIBUS
27473;38;K-124;SUSPENSÃO A AR;1998...2009;;ÔNIBUS
27474;38;K-94;SUSPENSÃO A AR;1998...2009;;ÔNIBUS
27475;38;L-113;SUSPENSÃO A AR;1983...2000;;ÔNIBUS
27476;38;L-94;SUSPENSÃO A AR;1998...2009;;ÔNIBUS
27518;26;35.700;;2007...;;CAMINHÃO
27562;32;NL-10;COM MOLA PARABÓLICA;1993...2003;;CAMINHÃO
27563;32;NL-12;COM MOLA PARABÓLICA;1993...2003;;CAMINHÃO
27564;32;NL-10;TODOS OS MODELOS;1993...2003;;CAMINHÃO - COM MOLA PARABÓLICA
27565;32;NL-12;TODOS OS MODELOS;1993...2003;;CAMINHÃO - COM MOLA PARABÓLICA
27588;26;26.220;;1997...2010;;CAMINHÃO
27597;26;31.260;;1997...2010;;CAMINHÃO
27606;11;B-12000;;1993...1996;;
27607;11;B-1618;;1992...1998;;
27609;26;15.180;URBANO;2004...2007;;
27610;26;15.190;URBANO;2001...;;
27611;26;16.180;BETA - URBANO;1998...;;
27612;26;16.210;;1997...2002;;
27613;26;17.210;BETA;2001...2007;;
27614;26;17.230;BETA - URBANO;2006...;;
27615;26;17.230;EOD;2006...;;
27616;26;15.180;RODOVIÁRIO / URBANO;2004...2007;;
27617;26;15.190;RODOVIÁRIO / URBANO;2001...;;
27618;26;16.180;BETA - RODOVIÁRIO / URBANO;1998...;;
27619;26;17.230;;2006...;;
27620;17;O-371;COM MOLA HELICOIDAL;1987...1997;;
27621;32;B-58;SUSPENSÃO A AR;1980...1999;;
27622;32;B-10;M;1986...2006;;
27623;32;B-10;R;1986...2006;;
27624;32;B-10;M;1994...2009;;
27625;32;B-10;R;1994...2009;;
27626;32;B-12;B;1994...2009;;
27627;32;B-12;M;1994...2009;;
27628;32;B-12;R;1994...2009;;
27629;32;B-10;M;1994...2006;;
27630;32;B-10;R;1994...2006;;
27631;17;OF-1113;SUSPENSÃO REFORÇADA;1982...1987;;
27632;17;OF-1114;SUSPENSÃO REFORÇADA;1987...1989;;
27633;17;OF-1313;;1975...1987;;
27634;17;OF-1314;;1987...1988;;
27635;17;OF-1315;SUSPENSÃO REFORÇADA;1981...1993;;
27636;17;OF-1316;SUSPENSÃO REFORÇADA;1970...2006;;
27637;17;OF-1318;SUSPENSÃO REFORÇADA;1989...1998;;
27638;17;OF-1417;SUSPENSÃO REFORÇADA;2003...2004;;
27639;17;OF-1513;SUSPENSÃO REFORÇADA;1970...2006;;
27640;17;OF-1618;SUSPENSÃO REFORÇADA;1992...1996;;
27641;17;OH-1313;SUSPENSÃO REFORÇADA;1975...1992;;
27642;17;OH-1315;SUSPENSÃO REFORÇADA;1987...1995;;
27643;17;OH-1316;SUSPENSÃO REFORÇADA;1975...1987;;
27644;17;OH-1318;SUSPENSÃO REFORÇADA;1988...1999;;
27645;17;OH-1418;;1995...2008;;
27646;17;OH-1419;SUSPENSÃO REFORÇADA;1987...2003;;
27647;17;OH-1420;SUSPENSÃO REFORÇADA;1996...2003;;
27648;17;OH-1421;SUSPENSÃO REFORÇADA;1996...2003;;
27649;17;OH-1513;SUSPENSÃO REFORÇADA;1985...2006;;
27650;17;OH-1517;SUSPENSÃO REFORÇADA;1976...1987;;
27651;17;OH-1518;SUSPENSÃO REFORÇADA;1987...2008;;
27652;17;OH-1520;SUSPENSÃO REFORÇADA;1989...1993;;
27653;17;1214;L / LK;1991...2000;;
27654;17;1218;L / LK;1987...1991;;
27655;17;1313;LA / LAK / LS;1975...1986;;
27656;17;1314;LA / LAK;1986...1987;;
27657;17;1316;LA / LAK / LS;1978...1983;;
27658;17;1317;LA/ LAK;1989...1996;;
27659;17;1318;LK;1991...2002;;
27660;17;1414;L / LK;2002...2005;;
27661;17;1418;L/ LA/ LAK/ LK;1970...1987;;
27662;17;1420;;1987...1989;;
27663;17;1513;L / LK;1975...1986;;
27664;17;1514;L / LK;1975...1987;;
27665;17;1516;;1975...1987;;
27666;17;1517;L / LK;1986...1987;;
27667;17;1518;L / LK;1992...1970;;
27668;17;1519;L / LK;1987...1991;;
27669;17;1520;L / LK;1987...1991;;
27670;17;1614;LS;1989...1995;;
27671;17;1618;L / LK;1989...1996;;
27672;17;1621;L / LK;1989...1996;;
27673;17;1625;L / LK;1990...1994;;
27674;17;1714;;1991...1996;;
27675;17;1718;;1991...2009;;
27676;17;1720;;1997...2008;;
27677;17;1721;;1992...1998;;
27678;17;1723;;1998...2002;;
27679;17;OF-1113;;1982...1987;;
27680;17;OF-1114;;1987...1989;;
27681;17;OF-1313;SUSPENSÃO REFORÇADA;1992...1970;;
27682;17;OF-1314;SUSPENSÃO REFORÇADA;1987...1988;;
27683;17;OF-1315;;1981...1993;;
27684;17;OF-1316;;1970...2006;;
27685;17;OF-1318;;1989...1998;;
27686;17;OF-1417;;2003...2004;;
27687;17;OF-1513;;1970...2006;;
27688;17;OF-1618;;1992...1996;;
27689;17;OF-1620;;1994...1998;;
27690;17;OH-1313;;1975...1992;;
27691;17;OH-1315;;1987...1995;;
27692;17;OH-1316;;1975...1987;;
27693;17;OH-1318;;1988...1999;;
27694;17;OH-1419;;1987...2003;;
27695;17;OH-1420;;1987...2003;;
27696;17;OH-1421;;1996...2003;;
27697;17;OH-1513;;1985...2006;;
27698;17;OH-1517;;1976...1987;;
27699;17;OH-1518;;1987...2008;;
27700;17;OH-1520;;1989...1993;;
27701;17;OH-1621;;1997...2005;;
27702;17;OH-1623;;2000...2006;;
27703;17;OH-1625;;1996...1999;;
27704;17;OH-1628;;1998...2006;;
27705;17;OH-1630;;1998...2000;;
27706;17;OH-1635;;1995...1998;;
27707;17;OH-1636;;1998...2000;;
27708;17;1620;LK;1996...2009;;
27709;17;OF-1421;;1980...2006;;
27710;17;OF-1621;;1980...2006;;
27711;17;OF-1623;;1980...2006;;
27712;17;OF-1625;;1980...2006;;
27713;17;OF-1630;;1980...2006;;
27714;17;OF-1635;;1980...2006;;
27715;17;OHL-1421;;1996...;;
27716;17;OHL-1621;;1997...2005;;
27717;17;OHL-1623;;2000...2006;;
27718;17;OHL-1625;;1996...1999;;
27719;17;OHL-1630;;1985...2006;;
27720;17;OHL-1635;;1995...1998;;
27721;17;OHL-1621;COM E SEM SUSPENSÃO A AR;1997...2005;;
27722;17;OHL-1636;SUSPENSÃO A AR;1998...2000;;
27723;17;OF-1721;EURO V;1998...2007;;
27724;17;OF-1722;;2000...2013;;
27725;26;15.180;RODOVIÁRIO;2004...2007;;
27726;26;15.190;RODOVIÁRIO;2001...;;
27727;26;16.180;BETA - RODOVIÁRIO;1998...;;
27729;38;F-94;4X2;1991...2005;;
27732;37;REBOQUE;SUSPENSÃO PNEUMÁTICA - 3º EIXO;...;;
27733;17;1938;LS - CABINE AVANÇADA - CARA CHATA;2000...2006;;
27734;17;1944;S;2002...2006;;
27735;17;1632;LS;1999...2002;;
27736;17;1634;LS;2001...2009;;
27737;17;OF-1417;URBANO;2003...2004;;
27738;17;OF-1418;;...;;
27739;17;OF-1519;EURO V;...;;
27740;17;OF-1721;CIFERAL CITMAX;...;;
27741;5;12-170;LONGO;1996...;;
27742;5;14-190;LONGO;1997...2004;;
27743;5;15-190;LONGO;1997...2002;;
27744;5;16-220;LONGO;1996...2007;;
27745;17;1728;;2003...2006;;
27746;17;1935;LS;1994...1998;;
27747;17;1941;L / LS - SUSPENSÃO REFORÇADA;1994...1998;;
27748;17;2635;L / LS - SUSPENSÃO REFORÇADA;1994...1999;;
27749;17;ATRON 1634;S;...;;
27758;38;K-114;4X2/6X2 - SUSPENSÃO A AR;1998...2009;;
27759;38;K-124;4X2/6X2 - SUSPENSÃO A AR;1998...2009;;
27760;38;K-94;4X2/6X2 - SUSPENSÃO A AR;1998...2009;;
27761;38;L-94;4X2/6X2 - SUSPENSÃO A AR;1998...2009;;
27762;35;CARRETA;SUSPENSÃO A AR HBZ;...;;
27763;74;IMPLEMENTOS RODOVIÁRIOS;SUSPENSÃO KLL;...;;
27764;26;17.240;PROTEUS - COM MOTOR TRASEIRO;2001...;;
27765;26;17.260;E OT - QUEOPS / PROTEUS;06.2006...;;
27767;26;18.310;OT - PROTEUS;2003...2006;;COM MOTOR TRASEIRO
27768;26;18.320;E OT - QUEOPS / PROTEUS;06.2006...;;
27769;38;114;4X2 / 6X2 - SUSPENSÃO PNEUMÁTICA;1995...;;
27770;38;124;4X2 / 6X2 - SUSPENSÃO PNEUMÁTICA;1995...;;
27771;38;K-94;4X2 / 6X2 - SUSPENSÃO PNEUMÁTICA;1995...;;
27772;38;L-94;4X2 / 6X2 - SUSPENSÃO PNEUMÁTICA;1995...;;
27773;32;N-94;4X2 / 6X2 - SUSPENSÃO PNEUMÁTICA;1995...;;
27774;38;K-124;3° EIXO;1998...2009;;
27775;38;K-94;3° EIXO;1998...2009;;
27776;38;L-94;3° EIXO;1998...2009;;
27777;5;12-170;CURTO;1996...;;
27778;5;14-190;CURTO;1997...2004;;
27779;5;15-190;CURTO;1997...2002;;
27780;32;B-7;R;1998...2009;;
27781;17;O-400;RS / RSD - RODOVIÁRIO;1994...1999;;
27782;36;NAVISTAR 4700;;2001...2002;;
27783;36;NAVISTAR 4900;;2001...2002;;
27784;36;NAVISTAR 9200;;2001...2002;;
27785;36;NAVISTAR 9800;;2001...2002;;
27786;17;1215;C;1999...2004;;
27787;17;1618;M;1989...1996;;
27790;17;OH-1417;;2003...2004;;
27794;83;EIXO DOLLY;13 TON - AUTODIRECIONAL;...;;
27795;37;CHASSI RANDON;EIXO DIRECIONAL: AMORTECEDOR MONTADO NA HORIZONTAL;...;;
27796;35;SEMI-REBOQUE;FIXAÇÃO A/A;...;;
27797;32;FH-12;4X2/6X4 - SUSPENSÃO COM MOLA;1996...2006;;
27798;32;FM-10;4X2/6X4 - SUSPENSÃO COM MOLA;1996...2006;;
27799;32;FM-12;4X2/6X4 - SUSPENSÃO COM MOLA;1996...2006;;
27800;32;NF-12;4X2/6X4 - SUSPENSÃO COM MOLA;1996...2006;;
27801;32;FH-12;6X4 - SUSPENSÃO COM MOLA;1996...2006;;
27802;32;FM-10;6X4 - SUSPENSÃO COM MOLA;1996...2006;;
27803;32;FM-12;6X4 - SUSPENSÃO COM MOLA;1996...2006;;
27804;32;NF-12;6X4 - SUSPENSÃO COM MOLA;1996...2006;;
27819;38;ARTICULADO;EIXO DE APOIO;1979...2009;;
27820;17;ACCELO;;2003...2009;;
27821;17;ACCELO;;2012...2013;;
27822;17;ACCELO 1016;;...;;
27823;17;ACCELO 815;4X2;...;;
27824;11;CARGO 4331;;2003...2006;;
27827;11;H534;TRACTOR;...;;
27828;11;CARGO 4432;;2006...2008;;
27830;17;OF-1721;;1998...2007;;
27831;35;CARRETA;SUSPENSÃO SUSPENSYS - FIXAÇÃO A/A;...;;
27836;17;ATEGO 1726;4X2 / 4X4;...;;
27837;17;ATEGO 1729;;...;;
27842;26;18.320;E OT;2003...2006;;
27848;17;OH-1518;XBC;2004...2009;;
27849;35;CARRETA;SUSPENSÃO HBZ - FIXAÇÃO A/A;...;;
27850;17;OF-1218;MINI ÔNIBUS 10 / 12 TONELADAS;2000...2011;;
27851;17;O-500;IBC - RSD 6X2;2006...;;
27853;34;MA-10.0;SATURNO;2000...2012;;
27854;17;OH-1518;XBC;...;;COM MOLA PARABÓLICA
27855;34;MA-15.0;;2004...2011;;
27861;34;MA-15.0;;...;;
27862;34;MA-17.0;;...;;
27863;34;VOLARE MA-14;;...;;
27867;17;AXOR 1933;S;2005...2011;;
27868;17;AXOR 2544;;...;;
27869;17;AXOR 2826;;2006...2011;;
27870;17;AXOR 2828;K;2006...2011;;
27871;17;AXOR 2831;;2006...2011;;
27872;17;AXOR 3131;;...;;
27873;17;AXOR 3340;;2006...2011;;
27874;17;AXOR 3340;K;2006...2011;;
27875;17;AXOR 3340;S;2006...2011;;
27876;17;AXOR 3344;;2006...2011;;
27877;17;AXOR 3344;K;2006...2011;;
27878;17;AXOR 3344;S;2006...2011;;
27879;17;AXOR 4140;K;2006...2011;;
27880;17;AXOR 4144;;...;;
27881;17;AXOR 2040;S;2006...2011;;
27882;17;AXOR 2044;S;2006...2011;;
27883;17;AXOR 2835;S;2006...2011;;
27884;17;AXOR 3344;;...;;
27885;17;AXOR 2644;S;2006...2011;;
27886;34;MA-17.0;FIXAÇÃO A/A;...;;
27887;11;CARGO 1119;;2012...;;
27888;11;CARGO 816;;2012...;;
27890;26;18.280;OTS LE - MAN VOLKSBUS;...;;SUSPENSÃO TRASEIRA FULL AIR
27891;17;BRT;CAPACHASSIS - PISO BAIXO / ARTICULADO BRT COM EIXO ERA;...;;
27892;26;17.280;OT - MAN VOLKSBUS;...;;FULL AIR
27893;26;18.280;OT - MAN VOLKSBUS;...;;FULL AIR
27895;79;CAMINHÃO;6X4;...;;
27896;74;16.210;;...;;
27901;11;CARGO ACTIONS;15T;...;;
27905;38;SÉRIE 4;SUSPENSÃO PNEUMÁTICA - 94, 114, 124, 164;...;;
27908;17;ACTROS 2546;LS - 6X2;...;;
27909;17;ACTROS 2646;6X4;...;;
27911;38;R-440;;2018...2018;;
27912;38;SÉRIE 4;P/G/R/T;...;;
27914;32;FH;;...;;
27915;32;FM;;...;;
27916;32;NF;;...;;
27917;32;VM;;...;;
27918;32;NH;;...;;
27919;32;B-340;M- EURO V;...;;
27920;32;B-270;F - EURO V;...;;
27921;14;TECTOR;9 TONELADAS;2019...;;
27922;17;ACTROS 2651;6X4;...;;
27923;26;28.440;MAN TGX;...;;
27929;17;AXOR 1933;;...;;
27930;17;AXOR 2036;4X2;...;;
27931;17;AXOR 2041;4X2;...;;
27932;17;AXOR 2536;6X2;...;;
27933;17;ATEGO 1419;4X2;...;;
27934;17;AXOR 2644;6X4;2018...;;
27935;38;P,G e R;(SÉRIES);2012...;;
27936;38;SÉRIE 4;TODOS OS MODELOS;...;;EIXO TRASEIRO COM MOLA PARABÓLICA
27937;32;B-430;R;2012...;;
27938;32;FH-400;;2005...;;
27939;32;FH-440;;2005...;;
27940;32;FH-480;;2005...;;
27941;32;FH-520;;2005...;;
27942;32;FH-12;340;1995...;;
27943;32;FH-12;380;1995...;;
27944;32;FH-12;420;1995...;;
27945;32;FH-16;540;2009...;;
27946;32;FH-16;660;2007...;;
27949;79;CF;;...;;CAMINHÃO
27950;79;FT;;...;;CAMINHÃO
27951;79;FTS;;...;;CAMINHÃO
27952;79;FTT;;...;;CAMINHÃO
27953;79;XF;;...;;CAMINHÃO
27954;38;P,G,R e T;(SÉRIES);...;;
27956;4;A4;5ª GERAÇÃO;2015...;;
27957;4;A3;SEDAN;2013...;;
27958;122;NEW CENTURY;;...2016;;
27959;26;SANTANA;EXCETO MODELO EXECUTIVO;1984...1990;;
27960;26;GOLF;GLX / GTI;1994...07.1998;;
27961;26;GOLF;GL;03.1995...07.1998;;
27962;26;13.180;E - CONSTELLATION;1999...;;
27963;26;15.180;E - CONSTELLATION;1999...;;
27964;26;17.250;E - CONSTELLATION;1999...;;
27965;26;19.320;E - CONSTELLATION;1999...;;
27966;26;24.250;CONSTELLATION;1999...;;
27967;34;8500;CD;...;;
27968;3;TOWNER;TODOS;2008...2015;;
27969;74;DELIVERY;PROJETO PHEVOS;...;;
27970;79;FTS;;...;;
27971;79;FTT;;...;;
27972;79;XF 105 FT 410;;...;;
27973;79;XF 105 FTS 410;;...;;
27974;79;XF 105 FTS 410A;;...;;
27975;79;XF 105 FTS 460;;...;;
27976;79;XF 105 FTS 460A;;...;;
27977;79;XF 105 FTT 410;;...;;
27978;79;XF 105 FTT 460;;...;;
27979;79;XF 105 FTT 460A;;...;;
27980;79;XF 105 FTT 510;;...;;
27981;79;XF 105 FTT 510A;;...;;
27982;32;FH-420;;2015...;;
27983;32;FH-460;;2015...;;
27984;32;FH-500;;2015...;;
27985;32;FH-540;;2015...;;
27986;13;HR;TODOS OS MODELOS - SOMENTE EIXO SIMPLES;2005...2013;;
27987;18;L200;4X4 - EXCETO SPORT;1993...2006;;
27988;5;CELTA;;2000...;;
27989;5;CLASSIC;;2003...2008;;
27990;5;CORSA;EXCETO GSI / PICK-UP;1994...06.2002;;
27992;3;TOPIC;;1993...1999;;
27993;15;BESTA;EXCETO GS;1993...2006;;
27994;26;GOL;EXCETO GTI - ATÉ 4ª GERAÇÃO;1995...2008;2000 16V;
27995;26;PARATI;TODOS - EXCETO CROSSOVER;1996...2002;;
27996;26;KOMBI;;1957...1975;1200;
27997;26;KOMBI;;1957...1975;1500;
27998;17;1113;L;...;;CABINE SIMPLES - FIXAÇÃO A/A
27999;17;1313;L;...;;CABINE SIMPLES - FIXAÇÃO A/A
28000;17;1519;L;...;;CABINE SIMPLES - FIXAÇÃO A/A
28001;17;1525;L;...;;CABINE SIMPLES - FIXAÇÃO A/A
28002;17;608;;1972...1994;;
28003;17;610;L;1986...;;
28004;17;708;L;1987...1989;;
28005;5;CARAVAN;TODOS OS MODELOS;1974...08.1987;;
28006;5;OPALA;2 E 4 PORTAS;1968...08.1987;;
28007;5;MARAJÓ;TODOS OS MODELOS;1986...1993;;
28008;5;CHEVY 500;;1986...1995;;
28009;32;CAMINHÃO;CHASSI ATÉ 613485;1980...;;
28010;5;CHEVETTE;HATCH;1986...1993;;
28011;38;CAMINHÕES;;1975...1985;;
28012;5;MONZA;TODOS OS MODELOS;1983...1990;;
28013;38;CAMINHÕES;;1986...;;
28014;17;709;;1984...2006;;
28015;17;709;;1988...1996;;
28016;17;710;;1996...2009;;
28017;17;712;LO;...;;
28018;26;BRASILIA;TODOS OS MODELOS;1973...1982;;
28019;26;FUSCA;;1969...1996;1300 / 1500 / 1600;
28020;26;TL;TODOS OS MODELOS;1970...1976;;
28021;26;VARIANT;TODOS OS MODELOS;1969...1977;;
28022;5;CHEVETTE;HATCH;1973...1993;;
28023;5;CHEVETTE;STD;1973...1993;;
28024;26;KOMBI;CLIPPER;1976...01.1978;;
28025;11;BELINA;4X2;1970...1977;;
28026;11;BELINA II;G2 4X2;1978...02.1981;;
28027;11;CORCEL;EXCETO GT / HOBBY;1968...02.1981;;
28028;11;CORCEL II;EXCETO GT / HOBBY;1968...02.1981;;
28029;26;VOYAGE;;10.1983...1995;;
28030;26;GOL;TODOS - EXCETO FURGÃO;1982...09.1983;;
28031;26;VOYAGE;;1981...09.1983;;
28032;26;KOMBI;AMBULÂNCIA;02.1978...1996;;
28033;26;KOMBI;CLIPPER;02.1978...1996;;
28034;26;SAVEIRO;MODELOS ANTIGOS;10.1983...1997;;
28035;26;PARATI;MODELOS ANTIGOS;10.1983...1996;;
28036;11;BELINA II;G2 4X2;03.1981...10.1989;;
28037;11;CORCEL II;EXCETO GT / HOBBY;03.1981...1986;;
28038;11;DEL REY;;1981...10.1989;1.6;
28041;5;KADETT;EXCETO GSI / SPORT;1989...1990;;
28047;17;1935;L;...;;CABINE CONVENCIONAL - SEM LEITO
28049;17;1214;CABINE AVANÇADA - CARA CHATA;...;;
28050;17;1218;CABINE AVANÇADA - CARA CHATA;...;;
28051;17;1618;CABINE AVANÇADA - CARA CHATA;...;;
28052;17;1625;CABINE AVANÇADA - CARA CHATA;...;;
28053;17;1630;CABINE AVANÇADA - CARA CHATA;...;;
28054;17;1935;CABINE AVANÇADA - CARA CHATA;...;;
28055;17;1941;CABINE AVANÇADA - CARA CHATA;...;;
28056;17;CAMINHÕES;BANCO PARA MOTORISTA;...;;
28057;32;CAMINHÃO;BANCO PARA MOTORISTA;...;;
28058;5;MONZA;TODOS OS MODELOS;1991...1996;;
28059;17;1214;FPN - CABINE AVANÇADA E CABINE SEM LEITO;...;;
28060;17;1215;FPN;...;;CABINE AVANÇADA E CABINE SEM LEITO
28061;17;1218;FPN - CABINE AVANÇADA E CABINE SEM LEITO;...;;
28062;17;1314;FPN;...;;CABINE AVANÇADA E CABINE SEM LEITO
28063;17;1414;FPN - CABINE AVANÇADA E CABINE SEM LEITO;...;;
28064;17;1418;FPN - CABINE AVANÇADA E CABINE SEM LEITO;...;;
28065;17;1420;FPN;...;;CABINE AVANÇADA E CABINE SEM LEITO
28066;17;1617;FPN;...;;CABINE AVANÇADA E CABINE SEM LEITO
28067;17;1714;FPN;...;;CABINE AVANÇADA E CABINE SEM LEITO
28068;17;1715;FPN;...;;CABINE AVANÇADA E CABINE SEM LEITO
28069;17;1718;FPN;...;;CABINE AVANÇADA E CABINE SEM LEITO
28070;17;1721;FPN;...;;CABINE AVANÇADA E CABINE SEM LEITO
28071;17;2414;FPN;...;;CABINE AVANÇADA E CABINE SEM LEITO
28072;17;2418;FPN;...;;CABINE AVANÇADA E CABINE SEM LEITO
28073;5;OMEGA;;1992...1998;2.0 / 2.2 - 4CC;
28074;32;NL-10;;1989...1997;;
28075;32;NL-12;;1989...1997;;
28076;17;O-371;FIXAÇÃO A/A;...;;
28077;17;OM-447;FIXAÇÃO A/A;...;;
28078;17;OM-449;FIXAÇÃO A/A;...;;
28079;5;KADETT;EXCETO GSI / SPORT;1991...1998;;
28080;26;KOMBI;COM PORTA CORREDIÇA;1997...2013;;
28081;3;TOWNER;PANEL VAN / GLASS VAN / COACH FULL;1993...1999;;
28082;3;TOWNER;TRUCK;1994...1998;;
28083;32;N-10;CHASSI 613486...;1984...1989;;
28084;32;N-12;CHASSI 613486...;1984...1989;;
28085;32;NL-10;EXCETO FH;1998...2000;;
28086;32;NL-12;EXCETO FH;1998...2000;;
28087;17;712;;1992...1994;;
28089;13;H100;TODOS OS MODELOS;1994...2008;;
28090;22;CORDOBA;SXE / GLX;1995...1999;1.8;
28091;22;IBIZA;SXE / GLX;1995...1999;1.8;
28092;26;POLO CLASSIC;;1996...1999;;
28093;26;GOL;FURGÃO - MODELOS ANTIGOS;1982...09.1983;;
28094;18;L200;OUTDOOR;2007...2011;;
28095;18;L200;OUTDOOR;2007...2012;;
28096;26;GOL;RALLYE 3ª GERAÇÃO / 4ª GERAÇÃO / TITAN 2010;2001...2009;;
28098;26;PARATI;CITY;2002...2012;;
28099;26;PARATI;CROSSOVER;2002...2012;;
28100;26;PARATI;SURF;2002...2012;;
28102;26;5.140;;2005...;;
28103;26;5.140;DELIVERY;...;;FIXAÇÃO A/A
28104;26;8.150;DELIVERY;...;;FIXAÇÃO A/A
28105;26;8.150;E;2005...;;
28106;18;L200;SPORT;2004...2006;;
28107;18;L200;TRITON - SUSPENSÃO COM BARRA DE TORÇÃO;2008...2012;;
28108;18;L200;TRITON SAVANA - SUSPENSÃO COM BARRA DE TORÇÃO;2008...2012;;
28109;26;FUSCA;;1959...1983;1200;
28110;26;FUSCA;;1959...1983;1300;
28111;26;FUSCA;;1969...1983;1200;
28112;26;FUSCA;;1969...1983;1300;
28113;18;L200;4X2;1993...1995;;
28114;22;INCA;TODOS OS MODELOS;1998...2008;;
28115;26;VAN;TODOS OS MODELOS;1997...2002;;
28117;18;PAJERO;GLS-B  - COM MOLA HELICOIDAL NA SUSPENSÃO TRASEIRA;1993...2012;;
28118;74;DELIVERY;;...;;
28124;32;FH-12;CAMINHÃO;...;;
28132;17;AXOR;CABINE ALTA;...;;COM MOLA
28133;17;AXOR;CABINE BAIXA;...;;COM MOLA
28135;38;P-124;SÉRIE 4;2004...;;FIXAÇÃO P/P
28136;38;T-124;SÉRIE 4;2004...;;FIXAÇÃO P/P
28137;38;P-124;SÉRIE 4;2005...;;FIXAÇÃO P/A
28138;38;R-124;SÉRIE 4;2005...;;FIXAÇÃO P/A
28139;38;T-124;SÉRIE 4;2005...;;FIXAÇÃO P/A
28140;38;T-113;SÉRIE 3;2004...;;
28141;15;BONGO;K-2700 / K-2400;1993...2004;2.5 / 2.7;
28142;38;124;R - M16;2004...;;
28143;38;124;R - M12;...;;
28144;38;124;T - M16;1998...;;
28145;38;113;R;...;;
28146;38;124;R;2005...;;
28147;13;HR;TODOS OS MODELOS;2005...2013;;
28148;26;KOMBI;;07.1995...07.2011;;
28149;4;80;;1974...1980;;
28150;4;90;;1974...1980;;
28151;26;QUANTUM;;1984...03.1988;1.8 / 2.0;
28152;26;SANTANA;;1984...03.1988;1.8 / 2.0;
28153;4;80;;1981...1991;;
28154;4;90;;1981...1991;;
28155;11;ROYALE;;1991...1996;;
28156;11;VERSAILLES;;1991...1996;;
28157;26;QUANTUM;;1988...2002;1.8 / 2.0;
28158;26;SANTANA;;1988...2002;1.8 / 2.0;
28159;26;GOL;;1980...1992;;
28160;26;PARATI;;1982...1992;;
28161;26;PASSAT;;1974...1989;;
28162;26;SAVEIRO;;1982...1992;;
28163;26;VARIANT II;;1977...1981;;
28164;26;VOYAGE;;1982...1992;;
28165;26;GOL;(INCLUSIVE GOL 16V)(EXCETO:  GERAÇÃO 5 E VEÍCULOS COM BUCHAS METAL/BORRACHA);1995...;;
28166;26;GOL;1000 (EXCETO:  GERAÇÃO 5 E VEÍCULOS COM BUCHAS METAL/BORRACHA);1993...;1000;
28167;26;PARATI;(EXCETO VEÍCULOS COM BUCHAS METAL/BORRACHA);1993...;;
28168;26;SAVEIRO;(EXCETO: GERAÇÃO 5 E VEÍCULOS COM BUCHAS METAL/BORRACHA);1993...;;
28169;26;VOYAGE;(EXCETO: GERAÇÃO 5 E VEÍCULOS COM BUCHAS METAL/BORRACHA);1993...1996;;
28177;26;VAN;;1998...;;
28182;26;CROSSFOX;;2005...2013;;
28183;26;FOX;;2004...2013;;
28184;26;POLO;;2002...;;
28185;26;POLO;SEDAN;2002...;;
28186;26;SPACEFOX;;2004...2013;;
28187;26;CROSSFOX;;2014...;;
28188;26;FOX;;2014...;;
28189;26;GOL;GERAÇÃO 5;2008...;;
28190;26;GOL;GERAÇÃO 6;2012...;;
28191;26;SAVEIRO;GERAÇÃO 5;2008...;;
28192;26;SAVEIRO;GERAÇÃO 6;2012...;;
28193;26;SPACEFOX;;2014...;;
28194;26;VOYAGE;GERAÇÃO 5;2008...;;
28195;26;VOYAGE;GERAÇÃO 6;2012...;;
28196;26;JETTA;(EXCETO VARIANT);2005...2010;2.5;
28197;26;AMAROK;;2010...;;
28198;26;UP!;;2014...;;
28199;26;NIVUS;;2020...;;
28200;26;POLO;;2017...;;
28201;26;T-CROSS;TURBO;2019...;1.0 / 1.4;
28202;26;VIRTUS;;2018...;;
28203;26;JETTA;;2013...;;
28204;4;A3;;2015...;1.4;
28205;26;GOLF;SÉRIE VII;2014...;;
28206;26;CC;;2010...2017;;
28207;26;PASSAT;;2012...2015;;
28208;26;PASSAT CC;;2009...2010;;
28209;26;TIGUAN;;2010...2017;;
28210;4;A3;;2014...;1.4;
28211;26;GOLF;VII;2015...;;
28212;26;CROSSFOX;DIREÇÃO HIDRÁULICA;2014...;;
28213;26;FOX;DIREÇÃO HIDRÁULICA;2014...;;
28214;26;GOL;G5  DIREÇÃO HIDRÁULICA;2008...;;
28215;26;GOL;G6  DIREÇÃO HIDRÁULICA;2012...;;
28216;26;SAVEIRO;G5  DIREÇÃO HIDRÁULICA;2008...;;
28217;26;SAVEIRO;G6  DIREÇÃO HIDRÁULICA;2012...;;
28218;26;SPACEFOX;DIREÇÃO HIDRÁULICA;2014...;;
28219;26;VOYAGE;G5  DIREÇÃO HIDRÁULICA;2008...;;
28220;26;VOYAGE;G6  DIREÇÃO HIDRÁULICA;2012...;;
28221;26;CROSSFOX;DIREÇÃO MECÂNICA;2014...;;
28222;26;FOX;DIREÇÃO MECÂNICA;2014...;;
28223;26;GOL;G5  DIREÇÃO MECÂNICA;2008...;;
28224;26;GOL;G6  DIREÇÃO MECÂNICA;2012...;;
28225;26;SAVEIRO;G5  DIREÇÃO MECÂNICA;2008...;;
28226;26;SAVEIRO;G6  DIREÇÃO MECÂNICA;2012...;;
28227;26;SPACEFOX;DIREÇÃO MECÂNICA;2014...;;
28228;26;VOYAGE;G5  DIREÇÃO MECÂNICA;2008...;;
28229;26;VOYAGE;G6  DIREÇÃO MECÂNICA;2012...;;
28230;26;JETTA;SEDAN;2005...2010;2.5;
28231;10;PALIO;;1996...01.2001;;
28232;10;PALIO WEEKEND;;1996...01.2001;;
28233;10;SIENA;;1996...01.2001;;
28234;10;147;;1983...1988;;
28235;10;ELBA;S / CS;1986...1988;;
28236;10;FIORINO;FURGÃO / PICK-UP;1983...1998;;
28238;10;SPAZIO;;1983...1986;;
28239;10;UNO;CLS;1991...1998;;
28240;10;UNO;CS / S / SX;1984...1996;;
28241;10;UNO;FIRE;2002...;;
28242;10;UNO;MILLE;1991...;;
28243;10;UNO;R;1987...1988;1.5;
28244;2;145;;1995...1999;;
28245;2;146;;1995...1999;;
28246;2;155;;1995...1997;;
28247;2;SPIDER;;1995...1997;;
28248;10;BRAVA;;1999...2003;;
28249;10;COUPE;;1995...1996;16V;
28250;10;MAREA;;1999...2008;;
28251;10;MAREA WEEKEND;;1999...2008;;
28258;10;DOBLO;(EXCETO ADVENTURE);2001...;;
28259;10;PALIO;;2001...;;
28260;10;PALIO WEEKEND;ADVENTURE;2001...;1.6;
28261;10;SIENA;;2001...;;
28262;10;STRADA;;2001...;;
28263;10;ARGO;;2017...;;
28264;10;CRONOS;;2018...;;
28265;10;GRAND SIENA;;2012...;;
28266;10;MOBI;;2016...;;
28267;10;PALIO;;2012...;;
28270;10;BRAVO;;2010...2016;;
28271;10;STILO;;2002...2011;;
28272;10;FIORINO;;2014...;;
28273;10;IDEA;ADVENTURE;2006...2016;1.8;
28275;10;PALIO WEEKEND;ADVENTURE;2005...2008;1.8;
28276;10;PALIO WEEKEND;ADVENTURE - LOCKER;2007...;1.8;
28277;10;STRADA;ADVENTURE;2005...2008;1.8;
28278;10;STRADA;ADVENTURE - LOCKER;2007...;1.8;
28279;10;LINEA;;2009...2014;;
28280;10;PUNTO;;2006...2017;;
28281;42;JOURNEY;;2009...2015;;
28282;10;FREEMONT;;2011...;;
28283;10;DOBLO;(EXCETO ADVENTURE);2002...;;
28285;10;PALIO WEEKEND;;2001...;1.6;
28286;10;PALIO WEEKEND;ADVENTURE;2001...2006;1.6;
28287;10;STRADA;ADVENTURE;2005...2008;;
28288;10;STRADA;ADVENTURE - LOCKER;2007...;;
28289;5;A-10;;1982...1992;;
28290;5;A-20;;1985...1992;;
28291;5;C-10;;1982...1992;;
28292;5;C-14;;1982...1984;;
28293;5;C-15;;1982...1984;;
28294;5;C-20;;1985...1992;;
28295;5;D-10;;1982...1992;;
28296;5;D-20;;1985...1992;;
28297;5;A-10;;1993...1996;;
28298;5;A-20;;1993...1996;;
28299;5;C-10;;1993...1996;;
28300;5;C-20;;1993...1996;;
28301;5;D-10;;1993...1996;;
28302;5;D-20;;1993...1996;;
28303;5;SILVERADO;;1997...2002;;
28304;5;OMEGA;(NACIONAL);1992...1998;4/6 CIL.;
28305;5;SUPREMA;;1993...1996;;
28306;5;CARAVAN;;1969...1979;;
28307;5;OPALA;;1969...1979;;
28308;5;CARAVAN;;1969...1992;;
28309;5;OPALA;;1969...1992;;
28310;5;CARAVAN;;1980...1992;;
28311;5;OPALA;;1980...1992;;
28312;5;BLAZER;4X2;1995...2012;;
28313;5;S10;4X2;1995...2012;;
28314;5;CHEVETTE;;1973...1993;;
28315;5;CHEVY 500;;1984...1995;;
28316;5;MARAJÓ;;1973...1993;;
28317;5;CORSA;;1994...04.1998;;
28318;5;CORSA PICK-UP;;1994...04.1998;;
28325;5;TIGRA;;1997...2000;;
28326;5;CORSA;(HATCH/SEDAN)/EXCETO CLASSIC;2002...2012;;
28327;5;CRUZE;;2011...;;
28328;5;ASTRA;;1999...2011;;
28330;5;ZAFIRA;;2001...2012;;
28331;5;MERIVA;;2003...2012;;
28332;5;MONTANA;(EXCETO MODELO AGILE);2003...2010;;
28333;5;ASTRA;GLS (SOMENTE IMPORTADO);1993...1996;2.0 MPFI;
28334;5;ASTRA SW;(SOMENTE IMPORTADO);1995...1996;;
28335;5;VECTRA;(MOD.ANTIGO/SOMENTE IMPORTADO);1995...1996;;
28336;5;CAPTIVA;;2008...2017;;
28337;5;COBALT;;2012...2020;;
28338;5;JOY;;2019...;;
28339;5;JOY PLUS;;2019...;;
28340;5;ONIX;;2012...2019;;
28341;5;PRISMA;;2013...2019;;
28342;5;SONIC;;2012...2014;;
28343;5;SPIN;;2012...;;
28344;5;S10;NOVA 4X2 / 4X4;2012...;;
28345;5;TRAILBLAZER;;2012...;;
28346;5;BLAZER;4X2 / 4X4;1995...2011;;
28347;5;S10;4X2 / 4X4;1995...2011;;
28348;5;TRACKER;FREERIDE;2014...2016;1.8;
28349;5;TRACKER;LS/LT/LTZ;2014...2016;1.8;
28350;5;TRACKER;LT/LTZ - TURBO;2017...2020;1.4;
28351;5;CRUZE;;2016...;1.4 - TURBO;
28352;5;TRACKER;LT / LTZ;2017...2020;1.4 TURBO;
28353;5;TRACKER;TODOS OS MODELOS;2014...2016;1.8;
28356;11;BELINA;;1970...1977;;
28357;11;BELINA II;;1978...1989;;
28358;11;CORCEL;;1969...1977;;
28359;11;CORCEL II;;1978...1986;;
28360;11;DEL REY;;...;;
28361;11;FIESTA;IMPORTADO  DIREÇÃO HIDRÁULICA;1995...1995;;
28362;11;KA;DIREÇÃO HIDRÁULICA / MECÂNICA;1997...1999;;
28363;11;BELINA;SCALA;10.1984...1991;;
28364;11;DEL REY;;10.1984...1991;;
28365;11;PAMPA;;10.1984...1997;;
28368;11;COURIER;DIREÇÃO MECÂNICA;1996...1999;;
28369;11;FIESTA;DIREÇÃO MECÂNICA;1996...1999;;
28370;11;COURIER;DIREÇÃO HIDRÁULICA;1996...1999;;
28371;11;FIESTA;DIREÇÃO HIDRÁULICA;1996...1999;;
28372;11;ESCORT;;1993...1996;;
28373;11;ESCORT;ZETEC (INCLUSIVE SW);1997...2003;;
28374;11;VERONA;;1993...1996;;
28375;26;LOGUS;;1993...1996;;
28376;26;POINTER;;1993...1996;;
28377;11;ESCORT;(INCLUSIVE HOBBY);1983...1996;;
28378;11;VERONA;;1990...1992;;
28379;26;APOLLO;;1990...1992;;
28380;11;KA;(EXECETO NEW)  DIREÇÃO MECÂNICA;2000...2007;;
28382;11;RANGER;TODOS MODELOS(EXCETO NOVA);1998...2011;;
28383;11;ECOSPORT;(EXCETO NEW);2003...2011;;
28384;11;FIESTA;(EXCETO NEW);2003...06.2009;;
28385;11;FOCUS;FOCUS (EXCETO NEW);2000...2008;;
28386;11;MONDEO;;1994...2001;;
28388;11;FIESTA;DIREÇÃO HIDRÁULICA;2000...2003;;
28391;11;FIESTA;DIREÇÃO MECÂNICA;2000...2003;;
28393;11;KA;DIREÇÃO MECÂNICA;2008...2013;;
28394;11;KA;DIREÇÃO HIDRÁULICA;2008...2013;;
28395;11;ECOSPORT;(NEW);2012...;;
28398;11;FIESTA;;2010...2013;;
28399;11;FIESTA;HATCH;2013...;;
28400;11;FIESTA;SEDAN;2013...2015;;
28401;11;KA;HATCH / SEDAN;2014...;;
28402;11;RANGER;4X2 / 4X4;2012...2019;;
28403;11;FOCUS;;2013...2017;;
28404;11;FOCUS;;2009...2012;;
28405;32;C30;;2009...2012;;
28407;11;FUSION;;2007...2012;;COM BUCHAS / COM PIVO
28408;11;FUSION;;2007...2012;;COM BUCHAS / SEM PIVO
28409;11;ECOSPORT;;2012...;;COM BUCHAS / COM PIVO
28410;12;CIVIC;;1996...2000;;
28411;12;CIVIC;;2001...2006;;
28412;12;CIVIC;;2007...2011;;
28413;12;CITY;;2009...2013;;
28414;12;FIT;2ª  GERAÇÃO;10.2008...2014;;
28415;12;CR-V;;2007...2011;;
28416;12;CIVIC;9ª GERAÇÃO;2011...2016;;
28417;12;FIT;1ª  GERAÇÃO;2003...2008;;
28418;12;CITY;;2015...;;
28419;12;FIT;3ª  GERAÇÃO;2015...;;
28420;12;CR-V;;2012...2014;;
28421;12;HR-V;;2015...;;
28422;12;CIVIC;10ª GERAÇÃO;2017...;;
28423;12;WR-V;;2017...;;COM BUCHAS / SEM PIVÔ
28424;7;BERLINGO;;1991...1998;;
28425;7;XSARA;;1992...1998;;
28426;7;XSARA BREAK;;1992...1998;;
28427;7;ZX;;1991...1998;;
28428;20;306;;1991...1998;;
28429;20;PARTNER;;1991...1998;;
28430;20;206;;1999...2010;;
28431;20;207;(EXCETO SW ESCAPADE);2008...;;
28432;20;HOGGAR;;2010...2013;;
28433;7;BERLINGO;;1999...;;
28434;7;XSARA;;1999...2005;;
28435;7;XSARA PICASSO;;2001...2011;;
28436;20;PARTNER;;1999...;;
28437;7;C4;;2006...2013;;
28438;7;C4 PALLAS;;2006...2013;;
28439;7;C4 PICASSO;;2006...2019;;
28440;20;307;;2002...2012;;
28442;21;LOGAN;;2004...;;
28443;21;SANDERO;;2006...;;
28444;21;TWINGO;;1993...2012;;
28445;21;MASTER;;2013...;;COM BUCHAS / SEM PIVÔ
28446;21;KWID;;2017...;;
28448;21;MEGANE;NEW;2007...;;
28451;21;FLUENCE;GT/GT LINE/PRIVELEGE;2011...;1.6 / 2.0 16V;
28453;21;MASTER;;2002...2013;;
28454;21;MEGANE;(EXCETO 2.0 16V / SCENIC);1995...2002;;
28455;21;R19;RN / RT (EXCETO 2.0 16V);1989...1998;;
28456;21;MEGANE;;2000...2005;1.6 / 2.0;
28457;21;SCENIC;;10.1997...2006;1.6 / 2.0;
28458;21;CAPTUR;;2017...;;
28460;21;FLUENCE;;2011...;;COM BUCHAS / COM PIVO
28461;24;COROLLA;;05.1997...2002;;
28462;24;HILUX;PICK-UP;2005...;;
28463;24;HILUX;SW4;2005...;;
28465;24;COROLLA FIELDER;;2005...2008;;
28467;24;ETIOS;HATCH/SEDAN;2012...;;
28468;24;HILUX;PICK-UP;2005...2015;;
28469;24;HILUX;SW4;2005...2015;;
28470;24;RAV4;;2006...2017;;
28471;24;RAV4;;2006...;;
28472;24;YARIS;;2018...;;
28473;24;HILUX;;2016...;;
28474;19;SENTRA;;2007...2012;;
28475;19;GRAND LIVINA;;2009...2014;;
28476;19;LIVINA;;2009...2014;;
28477;19;TIIDA;;2007...2013;;
28478;19;MARCH;;2011...;;
28479;19;VERSA;;2011...;;
28481;19;FRONTIER;;2008...2016;;
28482;19;KICKS;;2016...;;
28484;19;SENTRA;;2013...;;
28485;19;MARCH;;2011...2020;;
28486;13;AZERA;;2008...2011;;
28487;13;TUCSON;;2005...;;
28488;15;SPORTAGE;(EXCETO NEW);2006...2009;;
28489;13;I30;;2008...2012;;
28490;15;CERATO;;2009...;;
28491;13;IX35;;2010...;;
28492;15;SPORTAGE;;2011...;;
28494;13;HR;;2005...;;
28495;13;ELANTRA;;2011...;;
28496;13;I30;;2013...;;
28497;13;VELOSTER;;2011...;;
28498;13;H100;;2008...;;
28499;13;SANTA FÉ;;2006...2011;;
28500;15;SORENTO;;2009...2012;;
28501;13;VERA CRUZ;;2007...2012;;
28502;13;TUCSON;;2017...;1.6 TURBO;
28503;15;SPORTAGE;EX / LX;2016...;2.0;
28504;13;AZERA;;2011...2014;;
28505;13;SONATA;;2011...2014;;
28506;13;ELANTRA;;2016...;;
28507;13;CRETA;;2017...;;
28508;13;IX35;;2011...2015;;
28509;13;SANTA FÉ;;2012...;;
28510;13;TUCSON;;2017...;;
28511;15;SPORTAGE;;2011...2015;;
28513;15;SOUL;;2009...;;
28514;15;PICANTO;;2011...;;
28515;15;BONGO;;2003...;;
28516;16;FREELANDER 2;;2007...2015;;COM BUCHAS / COM PIVÔ
28517;16;FREELANDER 2;;2007...2015;;COM BUCHAS / SEM PIVÔ
28518;18;L200;GL / GLS 4X4;1994...2004;;
28520;18;PAJERO;DAKAR;2009...2016;;
28521;18;PAJERO;IO;1999...2014;;
28522;18;PAJERO;TR4;1999...2014;;
28523;18;PAJERO;FULL;2001...2006;;
28524;18;PAJERO;SPORT;2001...2006;;
28525;18;L200;TRITON;2015...;;COM BUCHAS / COM BATENTE / SEM PIVO
28526;45;COMPASS;4X2;2017...;;
28527;45;RENEGADE;4X2;2015...;;
28531;45;COMPASS;TODOS OS MODELOS;2017...;;BRAÇO LONGITUDINAL
28532;45;RENEGADE;TODOS OS MODELOS;2015...;;BRAÇO LONGITUDINAL
28536;7;DS3;;2012...2016;;
28537;7;C3;CÂMBIO MANUAL - DIREÇÃO HIDRÁULICA;2002...06.2013;;SEM ABS 36MM / Ø 18MM
28541;5;SUPREMA;;1993...1996;2.0 / 2.2 - 4CC;
28542;5;CORSA;PICK-UP;1995...;1.6;
28543;26;SAVEIRO;TODOS OS MODELOS - EXCETO SUPER SURF;1998...2008;;
28544;26;SAVEIRO;CITY;07.2003...2009;;
28545;26;SAVEIRO;CROSSOVER;07.2003...2009;;
28547;26;SAVEIRO;SUPER SURF;07.2003...2009;;
28548;26;17.240;OT;1993...2011;;
28549;26;17.260;EOT;2003...2011;;
28550;26;18.320;EOT;2003...2011;;
28551;96;CARRETA;;...;;
28552;26;24.250;CONSTELLATION;...;;
28553;26;24.250;E WORKER;...;;
28554;26;25.370;CONSTELLATION;...;;
28555;17;O-500;M;2014...2016;;
28556;17;O-500;OH;2014...2016;;
28557;17;O-500;R;2014...2016;;
28558;17;O-500;RS;2014...2016;;
28559;17;O-370;;...;;
28560;17;O-371;;...;;
28561;17;O-500;M;...;;
28562;17;O-500;R;...;;
28563;17;O-500;RS;...;;
28564;17;O-500;U;...;;
28565;32;B-10;M;...;;
28566;32;B-12;;...;;
28567;32;B-7;;...;;
28569;97;M-210;;2000...2011;;
28570;38;K-112;;1975...2011;;
28571;38;K-113;;1983...2011;;
28572;38;K-112;EIXO TRASEIRO / TERCEIRO EIXO;...;;
28573;38;K-113;EIXO TRASEIRO;...;;
28574;32;B-58;;1979...2011;;
28575;26;GOL;DIREÇÃO MECÂNICA;1984...1991;1.6 / 1.8;
28576;26;GOL;DIREÇÃO MECÂNICA;1986...1994;1.6 / 1.8;
28577;26;PARATI;DIREÇÃO MECÂNICA;1984...1994;1.6 / 1.8 - AP;
28578;26;SAVEIRO;DIREÇÃO MECÂNICA;1986...1997;1.6 / 1.8 - AP;
28579;26;VOYAGE;DIREÇÃO MECÂNICA;1984...1994;1.6 / 1.8 - AP;
28580;26;KOMBI;;2006...2013;1.4;REFRIGERADA A ÁGUA
28581;26;KOMBI;CARAT / FURGÃO / PICK-UP;1997...2005;;
28582;26;KOMBI;CLIPPER 1600;1976...1996;;
28583;26;KOMBI;CLIPPER 1600;1982...1996;;
28584;26;GOL;G2 / G3 / G4  DIREÇÃO MECÂNICA;1998...2011;;
28585;26;PARATI;G2 / G3 / G4  DIREÇÃO MECÂNICA;1998...2012;;
28586;26;SAVEIRO;G2 / G3 / G4  DIREÇÃO MECÂNICA;1998...2011;;
28587;26;GOL;G1  DIREÇÃO MECÂNICA;1984...1996;1.0 / 1.6 - CHT / AE;
28588;26;PARATI;G1  DIREÇÃO MECÂNICA;1984...1996;1.0 / 1.6 - CHT / AE;
28589;26;SAVEIRO;G1  DIREÇÃO MECÂNICA;1984...1996;1.0 / 1.6 - CHT / AE;
28590;26;VOYAGE;G1  DIREÇÃO MECÂNICA;1984...1996;1.0 / 1.6 - CHT / AE;
28591;26;PASSAT;DIREÇÃO MECÂNICA;1974...1989;;
28592;26;VARIANT II;DIREÇÃO MECÂNICA;1978...1981;;
28593;26;GOL;DIREÇÃO MECÂNICA;1997...1999;;
28594;26;PARATI;DIREÇÃO MECÂNICA;1997...1999;;
28595;5;BLAZER;4X2 / 4X4;1995...2012;;
28596;5;S10;4X2 / 4X4;1995...2012;;
28597;5;BLAZER;;1996...2012;;EXCETO 2.8 TURBO INTERCOOLER
28598;5;S10;;1996...2012;;EXCETO 2.8 TURBO INTERCOOLER
28600;11;FOCUS;;2000...2008;;
28601;11;VERONA;;1990...1996;;
28602;26;APOLLO;;1990...1996;;
28603;26;POINTER;;1994...1996;;
28604;26;QUANTUM;;1985...2002;;
28605;26;SANTANA;;1985...2006;;
28606;26;GOLF;GL / GLX;02.1995...07.1998;;
28607;26;GOLF;GTI;1994...1998;;
28608;22;CORDOBA;;1995...1999;;
28609;22;IBIZA;;1995...1999;;
28610;26;POLO CLASSIC;;1996...2000;;
28611;4;A3;;05.1999...02.2000;;
28612;26;BORA;;05.1999...02.2000;;
28613;26;GOLF;;08.1998...07.1999;;
28614;26;NEW BEETLE;;05.1999...02.2000;;
28615;4;A1;;2011...2017;;
28616;26;CROSSFOX;;2005...;;
28617;26;FOX;;2003...;;
28618;26;GOL;;2008...;;
28619;26;POLO;;2001...;;
28620;26;SAVEIRO;;2008...;;
28621;26;SPACE CROSS;;2011...;;
28622;26;SPACEFOX;;2006...;;
28623;26;T-CROSS;;2018...;;
28624;4;A4;TODOS OS MODELOS;...;;
28625;26;PASSAT;;04.1998...02.2001;;
28626;26;PASSAT VARIANT;;04.1998...02.2001;;
28627;26;GOLF;;2014...;;(INCLUSIVE GTI)
28628;26;JETTA;;05.2012...;;
28629;26;NEW BEETLE;;2013...;;
28631;26;PASSAT VARIANT;;06.2012...;;
28633;26;TOUAREG;;2004...;;
28634;17;CLASSE A;;...;;
28635;17;180D;;...;;
28636;17;SPRINTER;;...2011;;
28638;17;CLASSE C;;...;;
28639;17;SPRINTER;;2012...;;
28640;17;SPRINTER;TODOS OS MODELOS;...;;
28641;7;JUMPER;TODOS OS MODELOS;1994...2017;;
28642;10;DUCATO;TODOS OS MODELOS;1998...2017;;
28643;20;BOXER;TODOS OS MODELOS;1999...2017;;
28644;10;BRAVA;TODOS OS MODELOS;2000...2003;;
28645;10;MAREA;TODOS OS MODELOS;1999...2007;;
28646;10;TEMPRA;TODOS OS MODELOS;1998...1999;;
28647;10;COUPE;;1995...1997;16V;
28648;10;TEMPRA SW;;1994...1997;;
28649;10;TIPO;;1994...1997;;
28650;10;ARGO;TODOS OS MODELOS;2017...;;
28651;10;BRAVO;TODOS OS MODELOS;2010...2016;;
28652;10;CRONOS;TODOS OS MODELOS;2018...;;
28653;10;LINEA;TODOS OS MODELOS;2008...2016;;
28654;10;PULSE;TODOS OS MODELOS;2021...;;
28655;10;PUNTO;TODOS OS MODELOS;2007...2017;;
28656;10;STILO;TODOS OS MODELOS;2003...2011;;
28657;10;STRADA;TODOS OS MODELOS;2020...;;
28658;24;CAMRY;TODOS OS MODELOS;1997...2002;;
28659;2;156;;1999...;;
28660;2;156 SW;;2002...;;
28662;10;IDEA;;2005...2016;1.4 / 1.6 / 1.8;
28663;10;IDEA;ADVENTURE;2005...2016;;
28664;10;PALIO WEEKEND;ADVENTURE;1998...;;
28665;10;STRADA;ADVENTURE;1998...;;(INCLUSIVE NOVA)
28666;10;MOBI;;2017...;;
28667;10;UNO;;2010...;;
28668;42;JOURNEY;;2012...;;
28669;10;FREEMONT;;2012...;;
28670;43;CIELO;;2010...2012;;
28672;43;TIGGO 2;;2018...;;
28674;84;X60;;2013...;;
28675;10;DOBLO;;...;;(EXCETO CARGO)
28676;5;ASTRA;;1995...1996;;
28677;5;CALIBRA;;...;;TODOS OS MODELOS
28678;5;VECTRA;;1994...1996;;
28679;5;VECTRA;;1994...1994;;
28680;5;CORSA;;2002...2012;;
28681;5;MONTANA;;2004...2010;;
28682;5;VECTRA;;1997...2005;;
28683;5;CHEVETTE;TODOS OS MODELOS;1973...1993;;
28684;5;CHEVY 500;TODOS OS MODELOS;1984...1995;;
28685;5;MARAJÓ;TODOS OS MODELOS;1984...1995;;
28686;5;IPANEMA;;1989...1990;;
28687;5;KADETT;;1989...1990;;
28688;5;IPANEMA;;1989...1998;;
28689;5;KADETT;;1989...1998;;
28690;5;MONZA;;1982...1990;;
28691;5;MONZA;;1991...1997;;
28692;5;CARAVAN;TODOS OS MODELOS;...1987;;
28693;5;OPALA;TODOS OS MODELOS;...1987;;
28694;5;CARAVAN;;1988...1992;;
28695;5;OPALA;;1988...1992;;
28696;5;BLAZER;;1995...2011;;APLICADA NO SUPORTE DA BARRA DE TORÇÃO
28697;5;S10;;1995...2011;;APLICADA NO SUPORTE DA BARRA DE TORÇÃO
28698;5;BLAZER;;1997...2011;;APLICADA NA BARRA ESTABILIZADORA
28699;5;S10;;1997...2011;;APLICADA NA BARRA ESTABILIZADORA
28700;5;OMEGA;;1993...1998;;
28701;5;SUPREMA;;1993...1998;;
28702;5;OMEGA;;1999...2000;;
28703;5;OMEGA;;2001...2004;;
28704;5;TRACKER;;2001...2008;;
28705;23;GRAND VITARA;;2001...2008;;
28706;23;VITARA;;2001...2008;;
28707;5;COBALT;;2011...;;
28708;5;ONIX;;2012...;;
28709;5;ONIX;MODELO NOVO;2020...;;
28710;5;PRISMA;;2013...;;
28711;5;SONIC;;2012...;;
28712;5;TRACKER;;2020...;;
28713;5;VECTRA;;2006...2011;;
28714;5;CRUZE;1ª GERAÇÃO;2011...2016;;
28715;5;MALIBU;;2010...2013;;
28716;5;CAPTIVA;;2008...;;
28717;5;EQUINOX;;2018...;;
28718;5;VECTRA;;1996...2011;;
28719;5;S10;;2012...;;
28720;5;CAMARO;;2013...2015;;
28721;5;CAPTIVA;;2008...2015;;
28722;5;TRACKER;;2014...2020;;
28723;5;OMEGA;AUSTRALIANO;1999...2005;;
28724;5;CRUZE;2ª GERAÇÃO HATCH / SEDAN;2016...;;
28726;11;ESCORT;;1997...2003;;
28728;11;KA;;1997...2007;;
28729;27;SÉRIE 3;;1975...1991;;
28730;11;CORCEL;;...;;
28731;11;PAMPA;;...;;
28732;11;F-250;(INCLUSIVE  DUTY);...;;
28733;11;F-350;;...;;
28734;11;F-1000;;...;;
28735;11;F-4000;;1998...2000;;
28736;11;F-4000;;2000...;;
28737;11;ECOSPORT;(EXCETO NEW);2002...2011;;
28738;11;FIESTA;(EXCETO NEW);2003...2014;;
28739;11;MONDEO;;2002...2006;;DIANTEIRA DIR. / ESQ.
28740;28;626;;...;;TRASEIRA DIR. / ESQ.
28741;28;PROTEGE;;...;;TRASEIRA DIR. / ESQ.
28742;21;ZOE;;2019...;;DIANTEIRA DIR. / ESQ.
28743;11;RANGER;;1999...2011;;
28744;11;TAURUS;;1997...2007;;
28745;11;CARGO;;...;;
28746;11;F-12000;;1999...2005;;
28747;11;F-14000;;1999...2005;;
28748;11;F-16000;;1999...2005;;
28751;11;ECOSPORT;;2012...;;
28753;11;KA;;2008...;;
28754;11;FUSION;;2006...2009;;
28755;11;FUSION;;2010...2012;;
28757;11;FUSION;;2014...;;
28758;11;TRANSIT;;2009...2015;;
28760;11;RANGER;TODOS OS MODELOS;2019...;;
28762;11;MONDEO;;1997...1998;;
28763;11;MONDEO;;2002...2006;;
28764;11;F-350;;1999...;;
28765;11;F-4000;;1999...;;
28766;5;BLAZER;;1995...1997;;APLICADO NA BARRA ESTABILIZADORA  - DIANTEIRA
28767;5;S10;;1995...1997;;APLICADO NA BARRA ESTABILIZADORA  - DIANTEIRA
28768;6;NEON;;1995...2005;;
28769;11;FOCUS;2ª GERAÇÃO - HATCH / SEDAN TRASEIRA;2008...2013;;
28770;11;TAURUS;;1985...1996;;
28772;12;CIVIC;NACIONAL;1998...2000;;
28773;12;CIVIC;IMPORTADO;1992...1997;;
28774;12;CIVIC;;2001...2005;;
28775;12;FIT;(EXCETO NEW);2001...2008;;
28776;12;CIVIC;8ª GERAÇÃO;2006...2011;;
28777;12;CITY;;2009...2014;;
28778;12;CIVIC;9ª GERAÇÃO;2012...;;
28779;12;FIT;;2008...2014;;
28780;12;CR-V;;2006...2011;;
28781;12;ACCORD;;2003...2007;;
28782;12;ACCORD;;2008...2012;;
28783;12;CIVIC;10° GERAÇÃO;2017...;;
28784;12;CIVIC;;2003...2005;;
28786;12;FIT;;2015...;;
28787;12;ACCORD;;1998...2002;;
28788;12;ACCORD;;2013...;;
28789;12;WR-V;;2017...;;
28790;7;AX;;...;;
28791;7;AZ;;...;;
28792;7;BERLINGO;;...;;
28793;7;XANTIA;;...;;
28794;7;BERLINGO;;1998...2007;;PIVÔ 10MM
28795;7;XSARA;;1998...2003;;PIVÔ 10MM
28796;7;XSARA PICASSO;;2001...2012;;PIVÔ 10MM
28797;7;ZX;;1992...1998;;PIVÔ 10MM
28798;20;306;;1994...2001;;PIVÔ 10MM
28799;20;PARTNER;;1999...;;PIVÔ 10MM
28801;7;C3;TODOS OS MODELOS;2003...2008;;
28803;7;C3 PICASSO;TODOS OS MODELOS;2012...;;
28805;7;DS3;TODOS OS MODELOS;2012...;;
28806;20;2008;TODOS OS MODELOS;2013...2019;;
28807;20;206;TODOS OS MODELOS;1999...2011;;
28810;7;C5;;...;;
28811;20;406;;...;;
28814;7;C4 LOUNGE;;2013...;;
28817;20;3008;;2010...;;
28818;20;307;;2002...;;
28819;20;308;;2012...;;
28820;20;408;;2011...;;
28821;20;405;;...;;
28822;20;406;;1997...2003;;
28823;7;C5;;2005...2015;;
28824;7;C6;;2005...2012;;
28825;20;407;;2004...2011;;
28826;20;508;;2010...2018;;
28827;21;LAGUNA;TODOS OS MODELOS;...;;
28828;21;TRAFIC;;...;;
28829;21;MASTER;;2003...2012;;
28830;43;ARRIZO 5;;2019...;1.6 TURBO;
28831;43;ARRIZO 5E;;2021...;ELÉTRICO;
28832;43;ARRIZO 6;;2020...;1.5 TURBO;
28835;21;CLIO;;2000...2016;1.0;
28836;21;KANGOO;;2000...;;
28837;21;LOGAN;;2006...;1.0 / 1.6;
28838;21;SANDERO;;2008...;;
28839;39;J3;;2011...;;
28840;18;ASX;;2011...;;
28841;18;LANCER;SPORTBACK;2012...;;
28843;21;FLUENCE;;2011...;;
28844;21;DUSTER;4X2;2011...;;
28845;21;DUSTER;4X4;2011...;;
28846;21;OROCH;;2016...;;
28847;21;MASTER;;2013...;;
28852;32;S40;;1996...;;
28853;32;V40;;1996...;;
28854;32;850;;...;;
28855;32;C70;;...;;
28856;32;S70;;...;;
28857;32;V70;;...;;
28858;32;S40;;2001...;;
28859;32;V40;;2001...;;
28860;32;XC60;;2008...;;
28861;24;HILUX;PICK-UP;1992...1996;;
28862;24;BANDEIRANTE;;...;;
28863;24;COROLLA;;1998...2002;;
28867;24;HILUX;SW4 - 4X4;1996...2004;;
28868;24;PREVIA;;1991...1995;;
28869;24;HILUX;PICK-UP 4X4;1997...2004;;
28870;24;HILUX;PICK-UP;2004...;;
28871;24;CAMRY;;2001...2005;;
28872;24;CAMRY;;2006...;;
28873;24;RAV4;;2005...2012;;
28874;39;J2;TODOS OS MODELOS;2012...2016;;
28875;24;ETIOS;TODOS OS MODELOS;2013...;;
28876;24;YARIS;TODOS OS MODELOS;2018...;;
28877;24;LAND CRUISER;PRADO;2008...;;
28878;24;COROLLA;EXCETO HYBRID;2020...;;MODELO NOVO
28879;24;COROLLA CROSS;TODOS OS MODELOS;2021...;;
28880;24;YARIS;CÂMBIO MANUAL;2018...;;
28881;24;PRIUS;;2017...;;
28882;24;COROLLA;;08.1995...04.1997;;
28883;24;COROLLA;TODOS OS MODELOS;08.1995...2002;;
28885;24;HILUX;SW4;1996...2004;;
28886;27;SÉRIE E-30;;...;;
28887;27;SÉRIE E-36;;...;;
28888;27;SÉRIE 5;;1995...;;
28889;27;X5;;2005...;;
28890;27;316I;;1995...1998;;
28891;27;318I;;1993...1998;;
28892;27;320I;;2001...2006;;
28893;27;323I;;2001...2006;;
28894;27;F20;;2011...;;
28895;27;F22;;2011...;;
28896;27;F30;;2011...;;
28897;27;F20;;2010...2015;;
28898;45;CHEROKEE;SPORT;1994...1997;6 CC;
28899;45;GRAND CHEROKEE;;1993...1995;;
28900;6;GRAND CARAVAN;;1996...2000;;
28901;45;CHEROKEE;;2001...;8 CC;
28902;6;STRATUS;;1995...2001;;
28903;6;PT CRUISER;;2001...2010;2.4 16V;
28904;28;626;;...;;
28905;28;PROTEGE;;...;;
28906;28;MX-3;;...1998;;
28908;19;PATHFINDER;;...;;
28909;19;FRONTIER;4X4;2002...2006;;
28913;19;SENTRA;;2004...2006;;
28915;19;XTERRA;;2004...2017;;
28916;16;EVOQUE;;2011...;;
28917;16;FREELANDER 2;;2008...2014;;
28918;19;FRONTIER;4X2;2003...2007;;
28919;19;XTERRA;;2003...2008;;
28920;19;SENTRA;;2006...2013;;
28922;19;FRONTIER;;2016...;;
28923;33;IMPREZA;;2000...;;
28924;33;LEGACY;;2000...;;
28925;13;H100;;1994...;;
28926;15;SORENTO;;2003...2004;3.5L;
28927;13;ELANTRA;;...2012;;
28928;13;SONATA;;1992...2004;;
28929;13;ACCENT;;1999...2001;;
28930;13;I30;;2009...2012;;
28931;13;TUCSON;(EXCETO NEW TUCSON);2005...;;
28932;15;CERATO;;2010...2012;;
28933;15;SPORTAGE;;2005...2010;;
28934;13;AZERA;;2007...2010;;
28935;13;AZERA;;2011...2015;;
28936;13;SANTA FÉ;CÂMBIO AUTOMÁTICO;2013...;;
28937;15;CADENZA;;2011...;;
28938;15;OPTIMA;;2011...;;
28941;13;AZERA;;2012...;;
28942;13;SONATA;;2011...;;
28943;15;OPTIMA;;2011...2014;;
28944;3;BESTA;;...;2.2 / 2.7;
28945;3;TOPIC;;...;2.2 / 2.7;
28946;3;BESTA;GS;...;;
28947;3;GRAN BESTA;GS;...;3.0;
28948;15;SPORTAGE;;1994...2004;;
28949;15;SOUL;TODOS OS MODELOS;2009...2014;;
28950;15;SORENTO;;2013...2015;;
28951;13;HB20;;2012...;;
28952;13;IX35;;2010...2015;;
28953;13;I30;;2010...;;
28954;15;CERATO;;06.2012...;;
28959;15;CARENS;;2006...2010;;
28960;15;OPTIMA;;2006...2010;;
28961;15;CARNIVAL;;2006...2014;;
28962;13;SANTA FÉ;;2007...2012;;
28963;15;MOHAVE;;2007...2009;;
28964;15;SORENTO;;2007...2009;;
28965;15;CERATO;;2006...2009;;
28966;3;BESTA;GS;1993...;2.7;
28967;15;PICANTO;;2006...2010;;
28968;23;GRAND VITARA;;2008...;;
28969;16;FREELANDER;;2008...2014;;
28970;18;L200;;...;;
28971;18;L300;;...;;
28972;18;L200;4X4;1982...2002;;(EXCETO TRITON CENTRAL OU INTERNA)
28973;18;L200;4X4;2003...;;(EXCETO TRITON CENTRAL OU INTERNA)
28975;18;PAJERO;FULL;...2000;;APLICADA NA BARRA ESTABILIZADORA  CENTRAL
28976;18;LANCER;;1993...1996;;
28977;18;PAJERO;TR4;2003...2014;;
28978;24;CAMRY;;1992...1995;;
28979;24;COROLLA;;1992...1995;;
28980;18;PAJERO;FULL;...;;PIVÔ COM ROSCA 14 MM
28981;18;PAJERO;FULL;...;;
28982;18;ASX;;2010...;;
28983;18;LANCER;;2010...;;
28984;18;OUTLANDER;;2008...;;
28985;18;AIRTREK;;2003...2008;;
28986;25;T4;TODOS OS MODELOS;1998...2013;;
28987;43;TIGGO;;2009...2016;2.0 16V;
28988;10;TORO;4X2 / 4X4;2016...;;
28993;45;COMPASS;4X4;2015...;;
28994;45;RENEGADE;4X4;2015...;;
28995;4;A3;;2003...2012;;
28996;4;TT;;2003...2012;;
28997;39;T40;;2017...;;
28998;26;12.140;;...;;
28999;26;12.140;H;...;;
29000;26;12.170;BT;...;;
29001;26;12.180;;...;;
29002;26;13.130;;...;;
29003;26;13.170;;...;;
29004;26;13.170;E;...;;
29005;26;13.180;;...;;
29006;26;13.180;E - CONSTELLATION;...;;
29007;26;13.190;;...;;
29008;26;14.140;;...;;
29009;26;14.150;;...;;
29010;26;14.170;BT;...;;
29011;26;14.180;;...;;
29012;26;14.200;;...;;
29013;26;14.210;;...;;
29014;26;14.220;;...;;INCLUSIVE LEITO
29015;26;15.170;;...;;
29016;26;15.170;E;...;;
29017;26;15.180;;...;;
29018;26;15.180;E - CONSTELLATION;...;;
29019;26;15.190;;...;;
29020;26;15.190;E;...;;
29021;26;16.170;;...;;
29022;26;16.170;BT;...;;
29023;26;16.180;;...;;
29024;26;16.180;CO;...;;
29025;26;16.210;;...;;
29026;26;16.210;CO;...;;
29027;26;16.210;H;...;;
29028;26;16.220;;...;;
29029;26;16.300;;...;;
29030;26;17.210;;...;;
29031;26;17.210;OT;...;;
29032;26;17.220;;...;;
29033;26;17.240;OT;...;;
29034;26;17.250;E - CONSTELLATION;...;;
29035;26;17.300;;...;;
29036;26;17.310;;...;;
29037;26;18.310;;...;;
29038;26;18.310;OT;...;;
29039;26;19.320;E - CONSTELLATION;...;;
29040;26;22.140;;...;;
29041;26;22.160;;...;;
29042;26;22.210;H;...;;
29043;26;24.250;;...;;
29044;26;24.250;E- CONSTELLATION;...;;
29045;26;25.320;CONSTELLATION TITAN;...;;
29046;26;26.260;;...;;
29047;26;26.260;E;...;;
29048;26;26.300;;...;;
29049;26;26.310;;...;;
29050;26;31.320;E;...;;
29051;26;35.300;LEITO;...;;
29052;26;40.300;;...;;INCLUSIVE LEITO
29053;26;8.100;;...;;
29054;26;8.120;;...;;
29055;26;8.140;;...;;
29056;26;8.150;;...;;
29057;26;11.130;;...;;
29058;26;6.90;;...;;
29059;26;7.100;;...;;
29060;26;7.110;;...;;
29061;26;7.110;S;...;;
29062;26;7.120;;...;;
29063;26;7.90;;...;;
29064;26;7.90;S;...;;
29065;26;8.140;COCE;...;;
29066;26;8.140;COCKD;...;;
29067;26;8.150;EOD;...;;
29068;26;9.150;;...;;
29069;26;9.150;EOD;...;;
29070;26;L80;;...;;
29071;26;24.220;;...;;
29072;26;26.220;;...;;
29073;26;AMAROK;;2010...;;BUCHA TRASEIRA DO FEIXE DE MOLAS
29074;26;AMAROK;;2011...;;BUCHA DIANTEIRA DO FEIXE MOLA
29075;4;Q3;;2012...;;
29076;26;PASSAT;;2007...2014;;
29077;26;TIGUAN;;2012...;;
29078;26;VARIANT;;2007...2014;;
29079;26;GOL;;1989...1996;;(10MM)
29080;26;PARATI;;1989...1996;;(10MM)
29081;26;SAVEIRO;;1989...1996;;(10MM)
29082;26;GOL;;1997...;;(10MM)
29083;26;PARATI;;1997...;;(10MM)
29084;26;GOL;;1997...;;(12MM)
29085;26;GOL;;1998...;2.0 16V;(12MM)
29086;26;PARATI;;1997...;;(12MM)
29087;26;PARATI;;1998...;2.0 16V;(12MM)
29088;26;GOL;;1995...1996;1.0 16V;(12MM)
29089;26;PARATI;;1995...1996;1.0 16V;(12MM)
29090;26;SAVEIRO;;1994...;;(12MM)
29091;26;GOL;;1980...2008;;
29092;26;PARATI;;1996...;;
29093;26;PASSAT;;1983...1989;;
29094;26;SANTANA;;1983...1989;;
29095;26;SAVEIRO;;1997...2008;;
29096;26;VOYAGE;;1998...1995;;
29097;26;QUANTUM;;1994...;;
29098;26;SANTANA;;1994...;;
29099;22;CORDOBA;;1995...1996;;
29100;22;IBIZA;;1995...1996;;
29101;26;GOLF;;1998...;;
29102;26;POLO;;1994...;;
29103;4;A1;;2011...;;
29104;4;A3;;1997...2007;;
29105;26;BORA;;2000...;;
29106;26;FOX;;2011...;;
29107;26;GOL;G5;2008...;;
29108;26;GOLF;GL / GLX / GTI;1995...1998;;
29109;26;NEW BEETLE;;1999...;;
29110;26;PASSAT;(ALEMÃO);1998...;;
29111;26;POLO;;2011...;;
29112;26;SAVEIRO;;2009...;;
29113;26;SPACEFOX;;2011...;;
29114;26;VOYAGE;;2008...;;
29115;26;KOMBI;;1969...1982;;
29116;26;KOMBI;;1997...2005;;
29117;26;GOL;;1980...1996;;
29118;26;PARATI;;1981...1993;;
29119;26;QUANTUM;;1984...;2.0;
29120;26;SANTANA;;1984...;2.0;
29121;26;SAVEIRO;;1997...;;
29122;26;VOYAGE;;1981...1993;;
29123;26;GOL;;1980...1997;;(10MM)
29124;26;PARATI;;1980...1997;;(10MM)
29125;26;PASSAT;;1974...1989;;(10MM)
29126;26;SAVEIRO;;1980...1997;;(10MM)
29127;26;VOYAGE;;1980...1997;;(10MM)
29128;26;QUANTUM;;1984...1990;1.8;(10MM)
29129;26;QUANTUM;;1996...2003;2.0;(10MM)
29130;26;SANTANA;;1985...;1.8;(10MM)
29131;26;SANTANA;;1996...2003;2.0;(10MM)
29132;26;GOL;;07.1996...;1.0 16V;(12MM)
29133;26;PARATI;;07.1996...;1.0 16V;(12MM)
29134;26;SAVEIRO;;1997...;;(12MM)
29135;26;QUANTUM;;1987...1995;2.0;(12MM)
29136;26;SANTANA;;1987...1995;2.0;(12MM)
29137;26;CROSSFOX;;2005...;;COM 4 REFORÇOS
29138;26;FOX;;2003...;;COM 4 REFORÇOS
29139;26;POLO;;2002...;;COM 4 REFORÇOS
29140;26;POLO;SEDAN;2002...;;COM 4 REFORÇOS
29141;4;A3;;1996...;;
29142;22;CORDOBA;GLX;1995...1996;;
29143;22;CORDOBA;SXE;1995...1999;;
29144;22;CORDOBA;VARIO;1999...;;
29145;22;IBIZA;GLX;1995...1996;;
29146;22;IBIZA;SXE;1995...1999;;
29147;22;INCA;;1998...;;
29148;22;VARIO;;1999...;;
29149;26;BORA;;1999...;;
29150;26;CADDY;;1998...;;
29151;26;FOX;;2013...;;
29152;26;GOLF;;1994...1998;;
29153;26;GOLF;;1999...2014;;
29154;26;GOLF;GLX / GTI;1998...;;
29155;26;INCA;;1998...;;
29156;26;PASSAT VARIANT;;1994...1997;;
29157;26;POLO CLASSIC;;1997...2000;;
29158;26;SAVEIRO;;2011...;;
29159;26;SPACEFOX;;2013...;;
29160;26;T-CROSS;;2019...;;
29161;26;GOL;MI;1998...;1.8 / 2.0 - 16V;
29162;26;PARATI;MI;1998...;1.8 / 2.0 - 16V;
29163;26;QUANTUM;;1985...;1.8;
29164;26;SANTANA;;1984...2000;;
29165;26;SAVEIRO;GII / GIII;1994...;GII / GIII;
29166;26;GOL;;1980...;;
29167;26;PARATI;;1980...;;
29168;26;VOYAGE;;1980...;;
29169;4;A3;;2008...2012;;
29170;26;BORA;;2007...2014;;
29171;26;GOLF;;2008...2013;;
29172;26;JETTA;;2006...2010;;
29173;26;BORA;;2007...;;
29174;26;GOLF;;2008...;;
29176;17;BICUDO;CAMINHÕES;...;;
29177;17;1214;K;...;;
29178;17;1214;LK;...;;
29179;17;1215;C;...;;
29180;17;1215;LK;...;;
29181;17;1218;LK;...;;
29182;17;1318;;...;;
29183;17;1414;K;...;;
29184;17;1414;LK - (2ªS);...;;
29185;17;1417;S;...;;
29186;17;1418;K - (2ªS);...;;
29187;17;1418;LA;...;;
29188;17;1418;LAK;...;;
29189;17;1418;LK - (2ªS);...;;
29190;17;1614;LK;...;;
29191;17;1618;LK - (2ªS);...;;
29192;17;1618;M;...;;
29193;17;1620;L;...;;
29194;17;1620;LK;...;;
29195;17;1621;LK - (2ªS);...;;
29196;17;1622;L;...;;
29197;17;1622;LS - (2ªS);...;;
29198;17;1625;L;...;;
29199;17;1633;LS - (2ªS);...;;
29200;17;1714;K;...;;
29201;17;1718;K - (2ªS);...;;
29202;17;1718;LK - (2ªS);...;;
29203;17;1718;M;...;;
29204;17;1721;LK - (2ªS);...;;
29205;17;1721;S - (2ªS);...;;
29206;17;1722;S - (2ªS);...;;
29207;17;1723;S;...;;
29208;17;1725;;...;;
29209;17;1728;;...;;
29210;17;1938;;...;;
29211;17;1938;LS;...;;
29212;17;1938;S;...;;
29213;17;1944;S;...;;
29214;17;OF-1318;(2ªS);...;;
29215;17;OF-1319;(2ªS);...;;
29216;17;OF-1620;;...;;
29217;17;OF-1621;;...;;
29218;17;OF-1722;;...;;
29219;17;OH-1420;;...;;
29220;17;OH-1520;;...;;
29221;17;OH-1521;;...;;
29222;17;OH-1525;;...;;
29223;17;OH-1560;;...;;
29226;17;1214;C;...;;
29227;17;1218;R / L;...;;
29228;17;1414;(2ªS);...;;
29229;17;1414;L - (2ªS);...;;
29230;17;1417;S / O-500M;...;;
29231;17;1418;(2ªS);...;;
29232;17;1418;K;...;;
29233;17;1418;L;...;;
29234;17;1418;R - (2ªS);...;;
29235;17;1418;R / L;...;;
29236;17;1420;;...;;
29237;17;1614;L - (2ªS);...;;
29238;17;1614;LK - (2ªS);...;;
29239;17;1615;L - (2ªS);...;;
29240;17;1618;L - (2ªS);...;;
29241;17;1620;L - (2ªS);...;;
29242;17;1620;L - 6X2;...;;
29243;17;1621;L - (2ªS);...;;
29244;17;1623;L;...;;
29245;17;1625;L - (2ªS);...;;
29246;17;1632;L;...;;
29247;17;1634;L;...;;
29248;17;1714;(2ªS);...;;
29249;17;1714;L;...;;
29250;17;1714;LK - (2ªS);...;;
29251;17;1715;(2ªS);...;;
29252;17;1718;(2ªS);...;;
29253;17;1718;A;...;;
29254;17;1718;AK;...;;
29255;17;1718;LK;...;;
29256;17;1720;;...;;
29257;17;1720;6X2;...;;
29258;17;1720;K;...;;
29259;17;1721;(2ªS);...;;
29260;17;1721;L - (2ªS);...;;
29261;17;1721;S;...;;
29262;17;1722;;...;;
29263;17;1723;;...;;
29264;17;1725;L - (2ªS);...;;
29265;17;1725;S;...;;
29266;17;1729;O-500M;...;;
29267;17;1929;L;...;;
29268;17;1935;L - (1ªS);...;;
29269;17;2314;L - (2ªS);...;;
29270;17;2318;L - (2ªS);...;;
29271;17;2318;LB - (2ªS);...;;
29272;17;2318;LK - (2ªS);...;;
29273;17;2324;K - 6X4;...;;
29274;17;2325;L;...;;
29275;17;2325;LB - (2ªS);...;;
29276;17;2414;6X4;...;;
29277;17;2414;L - (2ªS);...;;
29278;17;2418;(2ªS);...;;
29279;17;2418;L - (2ªS);...;;
29280;17;2418;LB - (2ªS);...;;
29281;17;2423;B - 6X4;...;;
29282;17;2425;L;...;;
29283;17;2425;LA - 6X6(2ªS);...;;
29284;17;2425;LB - (2ªS);...;;
29285;17;2428;6X4;...;;
29286;17;2638;L;...;;
29287;17;OF-1315;;...;;
29288;17;1418;R;...;;
29289;17;1632;LS;...;;
29290;17;1634;LS;...;;
29291;17;1715;;...;;
29292;17;1718;K;...;;
29293;17;1725;O-500M;...;;
29294;17;1728;O-500M;...;;
29295;17;1732;O-500U;...;;
29296;17;2638;LS - O-500M;...;;
29297;17;OF-1315;(2ªS);...;;
29298;17;OF-1317;;...;;
29299;17;OF-1318;;...;;
29300;17;OF-1318;E - (2ªS);...;;
29301;17;OF-1320;(2ªS);...;;
29302;17;ATEGO;;...;;
29303;17;1114;;...;;
29304;17;709;(2ªS);...;;
29305;17;710;(2ªS);...;;
29306;17;712;(2ªS);...;;
29307;17;712;C;...;;
29308;17;914;(2ªS);...;;
29309;17;914;42 - L710;...;;
29310;17;610;LO;...;;
29311;17;712;914 (2ªS);...;;
29312;17;809;LO - (2ªS);...;;
29313;17;812;LO;...;;
29314;17;814;LO;...;;
29315;17;914;LO;...;;
29316;17;OF-809;(2ªS);...;;
29317;17;OF-812;(2ªS);...;;
29319;17;AXOR 1944;S;...;;
29320;17;AXOR 2040;;...;;
29321;17;AXOR 2540;;...;;
29322;17;AXOR 2640;S;...;;
29323;17;AXOR 2831;;...;;
29324;17;608;;...;;JUMELO MOLA
29325;17;608;D;...;;JUMELO MOLA
29326;17;709;;...;;JUMELO MOLA
29327;17;712;;...;;JUMELO MOLA
29328;17;709;B;...;;
29329;17;712;B;...;;
29330;17;809;LO;...;;
29331;17;813;D - LO;...;;
29332;17;914;B;...;;
29333;17;914;B - /42;...;;
29334;17;B710;;...;;
29335;17;B913;;...;;
29339;17;OF-809;;...;;
29340;17;OF-812;;...;;
29341;17;709;MB;...;;
29342;17;710;;...;;
29343;17;712;MB;...;;
29344;17;913;;...;;
29345;17;914;MB;...;;
29346;17;709;;...;;
29347;17;912;;...;;
29348;10;BRAVO;;2010...2016;1.4 / 1.8;
29349;10;STILO;;2002...2010;1.8 / 2.4;
29350;10;BRAVO;;2010...2017;;
29351;10;IDEA;;2005...2016;1.4;
29352;10;IDEA;;2005...2016;1.8V - 8V;
29353;10;IDEA;;2011...2016;1.6 / 1.8 - 16V;
29354;10;PALIO;;2012...2017;;
29355;10;LINEA;;2009...;;
29356;10;PUNTO;;2008...;;
29357;10;DOBLO;;2002...2017;;
29358;10;FIORINO;NOVA;2014...2017;;
29359;10;PALIO;;2001...2017;;
29360;10;PALIO WEEKEND;;2001...2017;;
29361;10;SIENA;;2001...2017;;
29362;10;STRADA;;2001...2017;;
29363;10;DOBLO;;2005...;;
29364;10;IDEA;;2006...2017;;
29365;10;SIENA;;2012...;;
29366;10;STRADA;;2005...;;
29367;10;ELBA;;1985...1996;;
29368;10;PREMIO;;1985...1994;;
29369;10;UNO;;1985...;;
29370;10;ELBA;;1991...1996;;
29371;10;FIORINO;PICK-UP;1991...;;
29372;10;PREMIO;;1991...1994;;
29373;10;UNO;;1991...;;
29374;10;ARGO;;2017...;;BUCHA DA BANDEJA DA SUSPENSÃO DIANTEIRA
29375;10;CRONOS;;2018...;;BUCHA DA BANDEJA DA SUSPENSÃO DIANTEIRA
29376;10;DOBLO;;2002...;;BUCHA DA BANDEJA DA SUSPENSÃO DIANTEIRA
29377;10;FIORINO;NOVA;2014...;;BUCHA DA BANDEJA DA SUSPENSÃO DIANTEIRA
29378;10;GRAND SIENA;;2012...;;BUCHA DA BANDEJA DA SUSPENSÃO DIANTEIRA
29379;10;IDEA;;2006...;;BUCHA DA BANDEJA DA SUSPENSÃO DIANTEIRA
29380;10;MOBI;;2016...;;BUCHA DA BANDEJA DA SUSPENSÃO DIANTEIRA
29385;10;UNO;(NOVO);2010...;;BUCHA DA BANDEJA DA SUSPENSÃO DIANTEIRA
29386;10;PUNTO;;2007...2016;;
29387;10;STILO;;2002...;;
29388;10;TORO;;2016...;;
29389;45;COMPASS;;2017...;;
29390;45;RENEGADE;;2015...;;
29391;10;147;;1976...1982;;
29392;10;147;;1983...1986;;
29393;10;UNO;S / CS / SX;1984...;;
29394;10;DOBLO;ADVENTURE;2003...;1.8;
29395;5;MONZA;;1982...;;
29396;5;IPANEMA;;1989...;;
29397;5;A-10;;1985...;;
29398;5;C-10;;1985...;;
29399;5;D-10;;1985...;;
29400;5;D-20;;1985...;;
29401;5;AGILE;;2009...2014;;
29402;5;CELTA;;2000...2016;;
29403;5;CORSA;;1994...2002;;
29405;5;PRISMA;;2007...2012;;
29406;5;TIGRA;;1998...1998;;
29407;5;BLAZER;;1996...2011;;
29408;5;S10;;1996...2011;;
29409;5;C-10;;...;;
29410;5;D-10;;...;;
29411;5;D-20;;...;;
29412;5;F-1000;;...;;
29413;5;ONIX;;2013...;;
29414;5;SONIC;;2013...2014;;
29415;5;SPIN;;2013...;;
29416;5;ASTRA;;1999...;;BUCHA DO EIXO TRASEIRO
29417;5;MERIVA;;2002...2012;;BUCHA DO EIXO TRASEIRO
29418;5;MONTANA;;2002...2010;;BUCHA DO EIXO TRASEIRO
29419;5;MONTANA;NOVA;2011...;;BUCHA DO EIXO TRASEIRO
29420;5;ZAFIRA;;2001...2012;;BUCHA DO EIXO TRASEIRO
29421;4;TT;;2012...;;
29422;5;COBALT;;2012...;;
29423;5;ONIX;;2012...;1.0;
29424;5;A-10;;1985...1992;;
29425;5;C-10;;1985...1992;;
29426;5;D-10;;1985...1992;;
29427;5;A-20;;1991...1992;;
29428;5;C-20;;1991...1992;;
29429;5;D-20;;1991...1992;;
29430;5;IPANEMA;;1991...1998;;
29431;5;KADETT;;1991...1998;;
29432;5;MONZA;;1991...1996;;
29433;5;CRUZE;;2013...;;
29434;5;AVEO;;2012...;;
29435;5;SPIN;;2011...;;
29437;38;P-114;;...;;
29438;38;P-124;;...;;
29439;38;P-164;;...;;
29440;38;P-94;;...;;
29441;38;CAMINHÕES;;...;;
29442;11;F-250;;...;;
29443;11;F-4000;;...;;
29444;11;RANGER;;1998...2012;;(EXCETO NOVA RANGER)
29445;11;RANGER;;2012...;;BUCHA TRASEIRA DO FEIXE DE MOLA
29446;11;FIESTA;NEW;2014...;;
29447;11;CORCEL;;...1977;;
29448;11;CORCEL II;;1978...1984;;
29449;11;DEL REY;;1978...1984;;
29450;11;PAMPA;;1978...1984;;
29451;11;CORCEL II;;1978...1982;;
29452;11;DEL REY;;1978...1982;;
29453;11;PAMPA;;1978...1982;;
29454;11;CORCEL II;;1982...1984;;
29455;11;DEL REY;;1982...1984;;
29456;11;PAMPA;;1982...1984;;
29457;11;CORCEL II;;1984...1986;;
29458;11;DEL REY;;1984...1991;;
29459;11;PAMPA;;1984...1997;;
29460;11;ESCORT;;1983...1992;;
29461;11;EXPLORER;;1992...;;
29462;11;F-1000;;1992...;;
29463;11;RANGER;;1992...;;
29464;11;F-100;;1968...1987;;
29465;11;F-1000;;1980...1998;;
29466;11;F-2000;;1980...1985;;
29467;11;F-350;;1972...1977;;
29468;11;F-4000;;1975...1998;;
29469;11;ECOSPORT;;2003...;;
29470;11;FIESTA;(IMPORTADO);1995...1995;;
29471;11;COURIER;;1997...;;
29472;11;ECOSPORT;4X4 / 4X2;2003...;;
29473;11;FIESTA;(EXCETO NOVO);1996...;;
29474;11;FIESTA;SEDAN;2002...;;
29475;11;ESCORT;;1997...2002;ZETEC;
29476;11;ESCORT;HOBBY;1993...1996;;
29478;11;FIESTA;;2002...;;
29479;11;KA;;1997...;;
29480;11;ESCORT;;1997...2003;ZETEC;
29481;11;FIESTA;;2009...;;
29482;11;FOCUS;;2000...;;
29483;11;BELINA;;1985...1991;;
29484;11;CORCEL II;;1985...1986;;
29485;11;DEL REY;;1985...1991;;
29486;11;PAMPA;;1985...1997;;
29487;11;SCALA;;1985...1991;;
29488;11;ECOSPORT;;2002...2012;;
29489;11;FIESTA;;2002...2014;;
29490;11;F-100;;1975...1993;;
29491;11;F-1000;;1975...1993;;
29493;12;CIVIC;;2012...2016;1,8;
29494;12;CIVIC;;2012...2016;2.0;
29495;12;FIT;;2009...2013;;
29496;12;CITY;;2015...;;BUCHA TRASEIRA DA BANDEJA
29497;12;FIT;;2015...;;BUCHA TRASEIRA DA BANDEJA
29498;20;206;;2001...2009;;
29503;32;VM 240;;2004...2005;;
29504;32;VM 260;;2004...2005;;
29505;32;N-10;;...;;
29506;32;N-12;;...;;
29507;32;NL-10;;...;;
29508;32;NL-12;;...;;
29509;24;COROLLA;;1995...2002;;
29510;24;BANDEIRANTE;PERUA;...;;BUCHA SILENCIOSA
29511;24;BANDEIRANTE;PICK-UP;...;;BUCHA SILENCIOSA
29512;24;ETIOS;HATCH / SEDAN;2012...;1.3 / 1.5;
29513;24;HILUX;4X2;2005...2015;;
29514;24;HILUX;SW4 - 4X4;2005...2015;;
29517;19;LIVINA;;2010...2014;;BUCHA TRASEIRA DA BANDEJA DIANTEIRA
29518;19;TIIDA;;2008...2013;;BUCHA TRASEIRA DA BANDEJA DIANTEIRA
29519;19;MARCH;;2012...;;
29520;19;VERSA;;2012...;;
29521;13;HB20;;2012...2012;;
29522;13;IX35;;2010...;2.0;
29523;13;SANTA FÉ;;2014...;3.3;
29524;13;SONATA;;2011...2014;2.4;
29525;15;SPORTAGE;;2011...;2.0;
29526;13;HB20;HATCH;2011...2011;1.0 / 1.6;
29527;13;HB20;SEDAN;2012...;1.0 / 1.6;
29528;15;PICANTO;;2006...;;
29529;13;HB20;HATCH;2012...;1.0 / 1.6;
29530;13;HB20;SEDAN;2012...;1.0  / 1.6;
29531;13;SANTA FÉ;;2006...;;
29532;13;VERA CRUZ;;2006...;;
29533;15;CERATO;;2008...;;
29534;15;SORENTO;;2009...2015;;
29535;15;BESTA;;...;;
29536;13;IX35;;2013...;;
29537;15;CARENS;;2008...;;
29538;15;CERATO;;2006...;;
29539;15;MAGENTIS;;2007...;;
29540;11;JEEP WILLYS;;...;;
29541;45;COMPASS;;2016...;;BUCHA DO EIXO TRASEIRO  - TRAÇÃO 4X4 -
29542;45;RENEGADE;;2015...;;BUCHA DO EIXO TRASEIRO  - TRAÇÃO 4X4 -
29543;7;C3;AIRCROSS;2011...;;
29544;7;C3 PICASSO;;2012...;;
29545;20;2008;;2015...;;
29546;20;208;;2012...;;
29547;7;C3 AIRCROSS;;2011...;;
29548;40;CARRETA;;...;;
29549;40;TRUCK;;...;;
29550;40;CARRETA;NOMA - MODELO NOVO;...;;
29551;40;CARRETA;TRUCKS E CARRETAS: CARRETA FACHINI;...;;SUSPENSÃO A AR
29552;14;EUROCARGO 160;;...;;
29553;14;EUROCARGO 210;;...;;
29554;37;CARRETA;MODERNO TUBELESS;...;;NYLON DO (S)
29555;37;CARRETA;TUBELESS;1995...;;NYLON DO (S) - RANDON NOVA
29556;37;CARRETA;MASTER;...;;NYLON DO (S)
29557;5;BONANZA;TODOS OS MODELOS;1968...1995;;
29558;5;D-20;TODOS OS MODELOS;1983...1997;;
29559;5;SILVERADO;TODOS OS MODELOS;1997...2002;;
29560;5;VERANEIO;TODOS OS MODELOS;1968...1995;;
29561;24;BANDEIRANTE;JEEP;1970...2000;;
29562;24;BANDEIRANTE;PICK-UP;1970...2000;;
29563;11;F-250;TODOS OS MODELOS;1998...;;
29564;11;F-4000;FIXAÇÃO A/A;...;;
29566;16;DEFENDER 110;TODOS OS MODELOS;1992...2010;;
29567;16;DEFENDER 90;TODOS OS MODELOS;1992...2010;;
29568;34;MARRUÁ PICK-UP;;2005...;;
29569;17;915;LO;...;;
29570;17;916;LO;...;;
29571;23;JIMNY;;...;;
29573;17;ÔNIBUS;TODOS COM TERMINAL;1980...;;
29574;40;CARRETA;SUSPENSÃO A AR KLL;...;;EIXO DIRECIONAL DE CARRETA
29575;26;18.280;ÔNIBUS;...;;
29576;26;18.310;OT - ÔNIBUS;...;;
29577;26;6.90;;...;;FEIXE DE MOLA
29578;26;7.100;;...;;FEIXE DE MOLA
29579;26;7.110;;...;;FEIXE DE MOLA
29580;26;7.90;;...;;FEIXE DE MOLA
29581;26;8.100;;...;;FEIXE DE MOLA
29582;26;8.140;;...;;FEIXE DE MOLA
29583;26;9.150;;...;;FEIXE DE MOLA
29584;26;L80;;...;;FEIXE DE MOLA
29585;17;SPRINTER;308CDI / 310D / 311CDI /312D /313CD / 314 / 316CDI;...;;PONTA DA MOLA
29586;17;SPRINTER;408CDI /411CDI / 412CDI / 412D / 413CDI / 414 / 416CD;...;;PONTA DA MOLA
29587;38;CAMINHÕES;;...;;MOLA DIANTEIRA
29588;40;CARRETA;;...;;AMORTECEDOR SUSPENSÃO
29589;40;CARRETA;;...;;ROLETE DO PATIM
29590;37;CARRETA;;...;;SUPORTE DA SUSPENSÃO
29591;40;CARRETA;RODOVIÁRIA;...;;SUPORTE DA SUSPENSÃO
29592;26;GOL;G1 / G2 / G3 / G4 / G5 / G6 / G7;1980...;;22 DENTES Ø 39MM
29593;26;PARATI;;1982...2009;;22 DENTES Ø 39MM
29594;26;PASSAT;;1974...1989;;22 DENTES Ø 39MM
29595;26;QUANTUM;;1986...2004;;22 DENTES Ø 39MM
29596;26;SANTANA;;1984...2006;;22 DENTES Ø 39MM
29597;26;SAVEIRO;;1984...2013;;22 DENTES Ø 39MM
29598;26;VOYAGE;G1 / G2 / G3 / G4 / G5 / G6 / G7;1982...;;22 DENTES Ø 39MM
29599;26;BORA;;2001...2010;2.0;5 FUROS Ø 40MM 36 DENTES
29600;26;GOLF;;1999...2013;1.6 / 2.0;5 FUROS Ø 40MM 36 DENTES
29601;26;NEW BEETLE;;1999...2011;2.0;5 FUROS Ø 40MM 36 DENTES
29602;26;CROSSFOX;;2005...2014;1.6;22 DENTES Ø 39MM
29603;26;FOX;;2003...2015;1.0 / 1.6;22 DENTES Ø 39MM
29604;26;POLO;;2006...2014;1.6 / 2.0;22 DENTES Ø 39MM
29605;26;CROSSFOX;;2013...2014;1.6;5 FUROS 36 DENTES
29606;26;FOX;;2013...2015;1.0 / 1.6;5 FUROS 36 DENTES
29607;26;POLO;;2006...2014;1.6 / 2.0;5 FUROS 36 DENTES
29608;4;A3;;1999...2006;1.8;5 FUROS Ø30MM
29609;26;BORA;;2001...2010;2.0;5 FUROS Ø30MM
29610;26;GOLF;;1999...2014;1.6 / 2.0;5 FUROS Ø30MM
29611;26;NEW BEETLE;;1999...2011;2.0;5 FUROS Ø30MM
29612;26;CROSSFOX;;2005...2014;1.6;5 FUROS Ø 28MM
29613;26;FOX;;2003...2015;1.0 / 1.6;5 FUROS Ø 28MM
29614;26;POLO;;2002...2014;1.6 / 2.0;5 FUROS Ø 28MM
29615;26;SPACEFOX;;2007...2014;1.6;5 FUROS Ø 28MM
29616;26;SAVEIRO;G5;2010...2014;1.6;4 FUROS Ø 30MM
29617;26;POLO;TODOS OS MODELOS;2002...2014;1.6 / 2.0;5 FUROS 36 DENTES
29618;26;KOMBI;TODOS OS MODELOS;1982...2013;;12 DENTES Ø 48MM
29619;26;SAVEIRO;TODOS OS MODELOS;2012...2015;;4 FUROS Ø 30MM
29620;4;A4;TODOS OS MODELOS;1999...2006;;5 FUROS  36 DENTES Ø40MM
29621;26;GOLF;TODOS OS MODELOS;1999...2006;;5 FUROS  36 DENTES Ø40MM
29622;26;GOL;G5 / G6;2012...;1.0 / 1.6;
29623;26;VOYAGE;G5 / G6;2012...;1.6;
29624;4;A3;TURBO;2009...2015;2.0 8V;"COM ABS
COM ROLAMENTO
5 FUROS"
29625;26;GOLF;GTI;2015...2018;2.0;"COM ABS
COM ROLAMENTO
5 FUROS"
29626;26;GOLF;TSI;2013...2018;1.4;"COM ABS
COM ROLAMENTO
5 FUROS"
29627;26;JETTA;;2011...2015;2.0 8V;"COM ABS
COM ROLAMENTO
5 FUROS"
29628;26;FUSCA;;2013...2016;2.0;"COM ABS
COM ROLAMENTO
5 FUROS"
29629;26;JETTA;;2006...2011;;"COM ABS
COM ROLAMENTO
5 FUROS"
29630;26;PASSAT;;2006...2012;;"COM ABS
COM ROLAMENTO
5 FUROS"
29631;26;TIGUAN;;2006...2014;2.0;"COM ABS
COM ROLAMENTO
5 FUROS"
29632;26;UP!;;2014...;1.0;"SEM ABS
SEM ROLAMENTO
4 FUROS"
29633;26;AMAROK;;2011...;;
29634;26;GOL;G5;2012...2015;1.6;
29635;26;UP!;;2014...2018;;
29636;26;VOYAGE;G5;2012...2015;;
29637;4;TT;;2006...2012;2.0 TSI;36 DENTES
29638;26;FUSCA;;2013...2016;2.0;36 DENTES
29639;26;JETTA;;2006...2012;2.0/2.5;36 DENTES
29640;26;TIGUAN;;2006...2013;;36 DENTES
29641;10;147;;1982...1987;1050 / 1.3 / 1.5;4 FUROS Ø 30MM
29642;10;PREMIO;TODOS OS MODELOS;1984...1995;;4 FUROS Ø 30MM
29643;10;TIPO;;1994...1997;1.6;4 FUROS Ø 30MM
29644;10;UNO;MILLE;1984...2013;1.0 / 1.0 FIRE;4 FUROS Ø 30MM
29645;7;JUMPER;ARO 15'';1995...2002;2.5;28 DENTES Ø 50MM 5 FUROS
29646;10;DUCATO;;1994...2002;2.5;28 DENTES Ø 50MM 5 FUROS
29647;10;DUCATO;;1997...2009;2.8;28 DENTES Ø 50MM 5 FUROS
29648;20;BOXER;;1999...2002;2.2 / 2.5;28 DENTES Ø 50MM 5 FUROS
29657;10;BRAVA;;1999...2003;1.6 16V;25 DENTES Ø 37MM
29658;10;BRAVA;;2000...2002;1.8 16V;25 DENTES Ø 37MM
29659;10;LINEA;;2008...2012;1.9 16V;25 DENTES Ø 37MM
29660;10;LINEA;;2013...2015;1.8 16V;25 DENTES Ø 37MM
29661;10;MAREA;;1999...2004;1.8 16V;25 DENTES Ø 37MM
29662;10;MAREA;;2005...2011;1.6 16V;25 DENTES Ø 37MM
29663;10;PUNTO;;2007...2010;1.8 8V;25 DENTES Ø 37MM
29664;10;PUNTO;;2007...2015;1.4;25 DENTES Ø 37MM
29665;10;PUNTO;;2011...2015;1.8 16V;25 DENTES Ø 37MM
29666;10;STILO;;2003...2008;1.8 16V;25 DENTES Ø 37MM
29667;10;STILO;;2003...2012;1.8 8V;25 DENTES Ø 37MM
29668;10;TEMPRA;;1992...1998;2.0 8V;25 DENTES Ø 37MM
29669;10;TEMPRA;;1993...1998;2.0 16V;25 DENTES Ø 37MM
29670;10;TEMPRA;;1994...1998;TURBO;25 DENTES Ø 37MM
29674;10;PALIO;;1996...2000;1.6;22 DENTES Ø 35MM
29675;10;PALIO;;1996...2003;1.5;22 DENTES Ø 35MM
29676;10;PALIO;;1996...2012;1.6 16V;22 DENTES Ø 35MM
29677;10;PALIO;;1998...2014;1.0;22 DENTES Ø 35MM
29678;10;PALIO;;2005...2013;1.4 8V;22 DENTES Ø 35MM
29679;10;PALIO WEEKEND;;1996...2000;1.0;22 DENTES Ø 35MM
29680;10;PALIO WEEKEND;;1996...2009;1.5 / 1.6 8V;22 DENTES Ø 35MM
29681;10;PALIO WEEKEND;;1997...2010;1.6 16V;22 DENTES Ø 35MM
29682;10;PALIO WEEKEND;;2001...2009;1.3 16V FIRE;22 DENTES Ø 35MM
29683;10;PALIO WEEKEND;;2003...2009;1.3 8V FIRE;22 DENTES Ø 35MM
29684;10;PALIO WEEKEND;;2006...2013;1.4 8V;22 DENTES Ø 35MM
29685;10;PALIO WEEKEND;ADVENTURE;1997...2010;1.6 16V;22 DENTES Ø 35MM
29686;10;SIENA;;1996...2000;1.0;22 DENTES Ø 35MM
29687;10;SIENA;;2002...2008;1.0 16V FIRE;22 DENTES Ø 35MM
29688;10;SIENA;;2003...2012;1.3 16V FIRE;22 DENTES Ø 35MM
29689;10;SIENA;;2006...2013;1.4 8V FIRE;22 DENTES Ø 35MM
29690;10;STRADA;;1999...2000;1.3 8V;22 DENTES Ø 35MM
29691;10;UNO;;1985...1993;1.3;22 DENTES Ø 35MM
29692;10;UNO;;1987...1996;1.5;22 DENTES Ø 35MM
29693;10;UNO;;1994...1997;1.6;22 DENTES Ø 35MM
29694;10;ELBA;TODOS OS MODELOS;1984...1997;;22 DENTES Ø 35MM
29695;10;FIORINO;TODOS OS MODELOS;1983...1993;;22 DENTES Ø 35MM
29696;10;PREMIO;TODOS OS MODELOS;1984...1995;;22 DENTES Ø 35MM
29697;10;SIENA;;1998...2009;1.6 8V;22 DENTES Ø 35MM
29698;10;UNO;;1984...2010;1.0;22 DENTES Ø 35MM
29704;10;147;;1977...1987;1050 / 1.3 / 1.5;20 DENTES Ø 30MM
29705;10;DOBLO;;2001...2012;1.6 16V;4 FUROS Ø 30MM
29706;10;DOBLO;;2002...2010;1.3 16V / 1.8 8V;4 FUROS Ø 30MM
29726;10;PUNTO;;2007...2010;1.8;4 FUROS Ø 30MM
29727;10;PUNTO;;2007...2015;1.4;4 FUROS Ø 30MM
29736;10;UNO;VIVACE;2010...2015;1.0 / 1.4 - EVO 4 CIL;4 FUROS Ø 30MM
29737;10;BRAVA;;1999...2003;1.6 16V;4 FUROS Ø 30MM
29738;10;BRAVA;;2000...2002;1.8 16V;4 FUROS Ø 30MM
29739;10;LINEA;;2009...2013;1.9 16V;4 FUROS Ø 30MM
29740;10;LINEA;;2013...2015;1.8 16V;4 FUROS Ø 30MM
29741;10;MAREA;;1999...2004;1.8 / 2.0 / 2.4 - 16V;4 FUROS Ø 30MM
29742;10;MAREA WEEKEND;;1999...2001;1.8 16V;4 FUROS Ø 30MM
29743;10;PALIO;;1996...2001;1.5;4 FUROS Ø 30MM
29744;10;PALIO;;1996...2008;1.6 16V;4 FUROS Ø 30MM
29745;10;PALIO;;1996...2011;1.0;4 FUROS Ø 30MM
29746;10;PALIO;;2000...2008;1.3 16V FIRE;4 FUROS Ø 30MM
29747;10;PALIO;;2003...2008;1.3 8V FIRE;4 FUROS Ø 30MM
29748;10;PALIO;;2010...2015;1.0 / 1.4 / 1.6 16V / 1.8 16V;4 FUROS Ø 30MM
29749;10;PALIO WEEKEND;;1997...2000;1.6 8V;4 FUROS Ø 30MM
29750;10;PALIO WEEKEND;;1997...2003;1.5;4 FUROS Ø 30MM
29751;10;PALIO WEEKEND;;1997...2011;1.6 16V;4 FUROS Ø 30MM
29752;10;PALIO WEEKEND;;1999...2011;1.0;4 FUROS Ø 30MM
29753;10;PALIO WEEKEND;;2001...2008;1.3 16V FIRE;4 FUROS Ø 30MM
29754;10;PALIO WEEKEND;;2003...2008;1.3 8V FIRE;4 FUROS Ø 30MM
29755;10;SIENA;;1997...2001;1.5;4 FUROS Ø 30MM
29756;10;SIENA;;1997...2008;1.6 16V;4 FUROS Ø 30MM
29757;10;SIENA;;1997...2010;1.6 8V;4 FUROS Ø 30MM
29758;10;SIENA;;1999...2011;1.0;4 FUROS Ø 30MM
29759;10;SIENA;;2002...2008;1.0 16V FIRE;4 FUROS Ø 30MM
29760;10;SIENA;;2003...2012;1.3 16V FIRE;4 FUROS Ø 30MM
29761;10;TIPO;;1994...1997;2.0 8V / 16V;4 FUROS Ø 30MM
29762;7;JUMPER;;2003...2008;2.8;ARO 15'' 28 DENTES Ø 49MM
29763;7;JUMPER;;2009...2015;2.3;ARO 15'' 28 DENTES Ø 49MM
29764;10;DUCATO;;2003...2015;2.8;ARO 15'' 28 DENTES Ø 49MM
29765;20;BOXER;;2003...2008;2.8;ARO 15'' 28 DENTES Ø 49MM
29766;10;DOBLO;;2001...2008;1.3 16V;4 FUROS Ø 30MM
29767;10;DOBLO;;2002...2010;1.8 8V;4 FUROS Ø 30MM
29768;10;DOBLO;;2002...2017;1.8 16V E-TORQ;4 FUROS Ø 30MM
29769;10;TEMPRA;;1993...1998;2.0 16V;4 FUROS Ø 35MM
29770;10;TEMPRA;SW;1995...1997;;4 FUROS Ø 35MM
29771;10;TEMPRA;TURBO;1994...1998;;4 FUROS Ø 35MM
29779;10;FIORINO;TODOS OS MODELOS;1985...2012;;4 FUROS Ø 30MM
29780;10;STRADA;;1998...2004;1.5;4 FUROS Ø 30MM
29781;10;STRADA;;1998...2008;1.3 16V FIRE;4 FUROS Ø 30MM
29782;10;STRADA;;1998...2012;1.6 16V;4 FUROS Ø 30MM
29783;10;STRADA;;2002...2010;1.8 8V;4 FUROS Ø 30MM
29784;10;DUCATO;;2001...2015;;ARO 15 5 FUROS Ø 42MM
29785;10;MAREA;20V;1999...2000;2.0;COM ROLAMENTO / COM ABS  - 4 FUROS -
29786;10;PALIO;;1996...2000;;COM ROLAMENTO / COM ABS  - 4 FUROS -
29787;10;PALIO WEEKEND;;1996...2003;1.5 / 1.6 / 1.3;COM ROLAMENTO / COM ABS  - 4 FUROS -
29788;10;SIENA;16V FIRE;1996...2003;1.0 / 1.3;COM ROLAMENTO / COM ABS  - 4 FUROS -
29789;7;JUMPER;ARO 16;2003...2016;;"SEM ABS
SEM ROLAMENTO
35 DENTES"
29790;10;DUCATO;MAXICARGO;2010...2016;;"SEM ABS
SEM ROLAMENTO
35 DENTES"
29791;10;DUCATO;MULTIJET;2010...2016;;"SEM ABS
SEM ROLAMENTO
35 DENTES"
29792;20;BOXER;;2003...2016;;"SEM ABS
SEM ROLAMENTO
35 DENTES"
29793;10;STRADA;;2000...2015;1.4 8V FIRE;
29794;10;STRADA;;2000...2015;1.5  / 1.6 / 1.8 16V;
29795;10;STRADA;ADVENTURE;...;1.6 16V / 1.8 8V/16V E-TORQ;
29796;7;JUMPER;ARO 16;2000...;;SEM ABS / COM ROLAMENTO
29797;10;DUCATO;ARO 16;2000...;;SEM ABS / COM ROLAMENTO
29798;20;BOXER;ARO 16;2000...;;SEM ABS / COM ROLAMENTO
29799;10;IDEA;;2006...2017;1.8 8V;
29800;10;PALIO;;2002...2012;1.4 / 1.8 8V;
29801;10;SIENA;;2001...2010;1.0 / 1.3 16V;
29802;10;SIENA;;2001...2010;1.8 V;
29803;10;STILO;;2002...2010;1.8 8V / 16V;
29804;10;STILO;;2002...2010;2.4 20V;
29805;10;UNO;MILLE / WAY;2009...2014;;
29806;10;BRAVO;;2011...2015;E-TORQ T-JET;
29807;10;MAREA;TURBO;1998...2007;2.0 / 2.4 20V;
29808;10;MAREA WEEKEND;;1998...2006;2.0 20V;
29809;10;STILO;;2002...2005;2.4 20V;
29810;10;DUCATO;TODOS OS MODELOS;1997...1999;2.5;SEM ABS  / COM ROLAMENTO
29811;10;DUCATO;TODOS OS MODELOS;1998...2009;2.8;SEM ABS  / COM ROLAMENTO
29812;10;TORO;4X2;2016...;;5 FUROSCOM ROLAMENTO - COM ABS
29813;10;TORO;4X4;2016...;;27 DENTES - 5 FUROSCOM ROLAMENTO
29822;5;IPANEMA;TODOS OS MODELOS;1992...1998;;33 DENTES Ø 39MM
29823;5;KADETT;TODOS OS MODELOS;1989...1998;;33 DENTES Ø 39MM
29824;5;MONZA;TODOS OS MODELOS;1982...1996;;33 DENTES Ø 39MM
29825;5;VECTRA;;1993...1996;2.0 16V;33 DENTES Ø 39MM
29826;5;CORSA;;2002...2010;1.8;22 DENTES Ø 34MM
29827;5;CORSA;;2005...2014;1.4;22 DENTES Ø 34MM
29828;5;CORSA PICK-UP;;1995...2001;1.8;22 DENTES Ø 34MM
29829;5;MERIVA;;2002...2010;1.8 8V;22 DENTES Ø 34MM
29830;5;MERIVA;;2010...2014;1.4;22 DENTES Ø 34MM
29831;5;MONTANA;;2002...2010;1.8;22 DENTES Ø 34MM
29832;5;MONTANA;;2010...2015;1.4;22 DENTES Ø 34MM
29833;5;AGILE;;2010...2014;1.4;22 DENTES Ø 34MM
29834;5;CELTA;;2000...2012;1.4 8V;22 DENTES Ø 34MM
29835;5;CELTA;;2000...2015;1.0 8V;22 DENTES Ø 34MM
29836;5;CORSA;;1994...1999;1.4;22 DENTES Ø 34MM
29837;5;CORSA;;1994...2001;1.0 / 1.6;22 DENTES Ø 34MM
29838;5;CORSA CLASSIC;;1999...2015;1.0;22 DENTES Ø 34MM
29839;5;PRISMA;;2000...2012;1.0 / 1.4 - 8V;22 DENTES Ø 34MM
29840;5;TIGRA;;1998...1998;1.6 16V;22 DENTES Ø 34MM
29841;5;ASTRA;;1999...2010;2.0 16V;4 FUROS
29842;5;ASTRA;;1999...2012;2.0 8V;4 FUROS
29843;5;MERIVA;;1999...2010;1.8 8V / 16V;4 FUROS
29844;5;MONTANA;;2003...2010;1.8 8V;4 FUROS
29845;5;VECTRA;;2004...2010;2.0 8V / 2.4 16V;4 FUROS
29846;5;VECTRA;GT / GTX;2008...2010;2.0 8V;4 FUROS
29847;5;ZAFIRA;;1999...2008;2.0 16V;4 FUROS
29848;5;ZAFIRA;;1999...2012;2.0 8V;4 FUROS
29849;5;ASTRA;;1999...2006;1.8 8V;4 FUROS
29850;5;MERIVA;;2010...2014;1.4 8V;4 FUROS
29851;5;VECTRA;;1997...2005;2.0 8V;4 FUROS
29852;5;VECTRA;;2000...2006;2.2 8V;4 FUROS
29853;5;VECTRA;;2004...2012;2.0 8V;4 FUROS
29854;5;VECTRA;GT / GTX;2005...2012;2.0 8V;4 FUROS
29855;5;ASTRA;;1999...2012;2.0 8V;5 FUROS
29856;5;VECTRA;;2000...2005;2.0 8V;5 FUROS
29857;5;VECTRA;;2002...2006;2.2 16V;5 FUROS
29858;5;ZAFIRA;;1999...2008;2.0 16V;5 FUROS
29859;5;ZAFIRA;;1999...2012;2.0 8V;5 FUROS
29860;5;ASTRA;;1999...2010;2.0 16V;5 FUROS
29861;5;VECTRA;;1997...2001;2.0 8V;5 FUROS
29862;5;VECTRA;;1997...2006;2.0 / 2.2 - 16V;5 FUROS
29863;5;VECTRA;;2005...2010;2.4 16V;5 FUROS
29864;5;ASTRA;;1999...2012;1.8 / 2.0 - 8V;4 FUROS 33 DENTES
29865;5;VECTRA;;2004...2012;2.0 8V;4 FUROS 33 DENTES
29866;5;VECTRA;GT / GTX;2008...2012;2.0 8V;4 FUROS 33 DENTES
29867;5;ZAFIRA;;1999...2008;2.0 16V;4 FUROS 33 DENTES
29868;5;ZAFIRA;;1999...2012;2.0 8V;4 FUROS 33 DENTES
29869;5;ASTRA;;1999...2010;2.0 16V;4 FUROS 33 DENTES
29870;5;ASTRA;;1999...2012;1.8 8V;4 FUROS 33 DENTES
29871;5;ASTRA;;1999...2012;2.0 8V;4 FUROS 33 DENTES
29872;5;VECTRA;GT / GTX;2005...2012;2.0 8V;4 FUROS 33 DENTES
29873;5;ASTRA;;2001...2010;2.0 16V;5 FUROS 33 DENTES
29874;5;ASTRA;;2001...2012;2.0 8V;5 FUROS 33 DENTES
29875;5;ZAFIRA;;2001...2008;2.0 16V;5 FUROS 33 DENTES
29876;5;ZAFIRA;;2001...2012;2.0 8V;5 FUROS 33 DENTES
29877;5;ASTRA;;1999...2012;2.0 16V;
29878;5;ASTRA;;1999...2012;2.0 8V;
29879;5;VECTRA;;2004...2010;2.4;5 FUROS / 33 DENTES
29880;5;ZAFIRA;;1999...2008;2.0 16V;
29881;5;ZAFIRA;;1999...2012;2.0 8V;
29882;5;BLAZER;4X4;1998...2011;;5 FUROS 27 DENTES
29883;5;S10;4X4;1998...2011;;5 FUROS 27 DENTES
29884;5;OMEGA;;1993...1998;3.0 / 4.1;5 FUROS
29885;5;OMEGA;;1992...1995;3.0;5 FUROS
29886;5;OMEGA;;1994...1998;2.2;5 FUROS
29887;5;CAPTIVA;;2008...2015;2.4 / 3.6;Nº CHICOTE ABS 96626079
29888;5;CAPTIVA;;2008...2016;;
29889;5;MONTANA;;2011...2018;;"COM ABS
COM ROLAMENTO
4 FUROS"
29890;5;TRACKER;4X2;2014...;1.4 E 1.8;"SEM ABS
SEM ROLAMENTO"
29891;5;S10;;2012...2016;;6 FUROS COM ROLAMENTO - SEM ABS
29892;5;TRAILBLAZER;;2012...2016;;6 FUROS COM ROLAMENTO - SEM ABS
29893;5;S10;4X2;2017...2019;;6 FUROS COM ROLAMENTO / COM ABS
29894;5;TRAILBLAZER;4X2;2017...2019;;6 FUROS COM ROLAMENTO / COM ABS
29895;5;S10;4X4;2017...2019;;33 DENTES - 6 FUROS COM ROLAMENTO - COM ABS
29896;5;TRAILBLAZER;4X4;2017...2019;;33 DENTES - 6 FUROS COM ROLAMENTO - COM ABS
29902;5;CRUZE;;2011...;1.4 / 1.8 16V;
29903;5;COBALT;;2012...2018;1.4 8V;
29904;5;ONIX;;2012...2018;1.0 / 1.4 8V;
29905;5;PRISMA;;2012...2018;;
29906;5;SONIC;;2012...2016;1.6 16V;
29908;5;CRUZE;;2001...2019;1.4 / 1.8 16V;
29909;5;VECTRA;;1997...2005;2.0 / 2.2 8V;
29910;11;BELINA;TODOS OS MODELOS;1975...1977;;24 DENTES Ø 35MM
29911;11;BELINA II;4X2;1978...1989;;24 DENTES Ø 35MM
29912;11;BELINA II;4X4;1984...1991;;24 DENTES Ø 35MM
29913;11;CORCEL;TODOS OS MODELOS;1969...1977;;24 DENTES Ø 35MM
29914;11;CORCEL II;TODOS OS MODELOS;1978...1989;;24 DENTES Ø 35MM
29915;11;DEL REY;TODOS OS MODELOS;1981...1991;;24 DENTES Ø 35MM
29916;11;PAMPA;4X2 / 4X4;1981...1995;;24 DENTES Ø 35MM
29920;11;FOCUS;;2009...2013;1.6 8V / 2.0 16V;5 FUROS
29921;11;RANGER;4X4;1995...2000;;5 FUROS COM GAIOLA PLÁSTICA / RODA LIVRE
29922;11;EXPLORER;4X4;1995...2000;;5 FUROS 27 DENTES
29923;11;RANGER;4X4;2005...2011;;5 FUROS 27 DENTES
29924;11;COURIER;;1997...1999;1.3 ENDURA;4 FUROS Ø 35MM
29925;11;COURIER;;1997...2006;1.4 16V ZETEC ROCAN;4 FUROS Ø 35MM
29926;11;COURIER;;1999...2012;1.6 ZETEC ROCAN;4 FUROS Ø 35MM
29927;11;MONDEO;;1997...2002;2.0 16V;4 FUROS Ø 35MM
29928;11;RANGER;4X4;2001...2011;;5 FUROS 27 DENTES
29929;11;F-250;4X4;2006...2012;;8 FUROS
29930;11;COURIER;;1997...2006;1.4 16V ZETEC ROCAN;25 DENTES Ø 39MM
29931;11;COURIER;;1997...2014;1.6 ZETEC ROCAN;25 DENTES Ø 39MM
29932;11;ECOSPORT;;2003...2015;1.0 /1.6 / 2.0;25 DENTES Ø 39MM
29933;11;ESCORT;;1993...1996;1.6 / 1.8 / XR3;25 DENTES Ø 39MM
29934;11;FIESTA;;1992...2002;1.0 / 1.6;25 DENTES Ø 39MM
29935;11;FIESTA;;1996...1998;1.0 / 1.3 - ENDURA;25 DENTES Ø 39MM
29936;11;FIESTA;;1997...1999;1.4 16V ZETEC;25 DENTES Ø 39MM
29937;11;FIESTA;;2002...2004;1.0 / 1.6 - STREET;25 DENTES Ø 39MM
29938;11;FOCUS;;1998...2008;1.0 / 1.8 / 2.0;25 DENTES Ø 39MM
29939;11;FOCUS;;1998...2009;2.0 16V ZETEC;25 DENTES Ø 39MM
29940;11;FOCUS;;2000...2009;1.8 16V ZETEC;25 DENTES Ø 39MM
29941;11;KA;;1997...2000;1.3 ENDURA;25 DENTES Ø 39MM
29942;11;KA;;1997...2009;1.0 ENDURA;25 DENTES Ø 39MM
29943;11;VERONA;;1993...1996;1.6 / 1.8 / 2.0;25 DENTES Ø 39MM
29944;26;POINTER;GTI;1993...1996;;25 DENTES Ø 39MM
29945;11;FUSION;4X2;2009...2012;;5 FUROS Ø36MM
29946;11;F-4000;4X4;2009...2012;;8 FUROS
29947;11;FUSION;;2006...2012;;"COM ABS
SEM ROLAMENTO
5 FUROS
28 DENTES."
29948;11;FOCUS;;2000...2008;;"COM ABS
COM  ROLAMENTO
4 FUROS"
29949;11;TRANSIT;;2009...2015;;"SEM ABS
COM ROLAMENTO
5 FUROS"
29950;11;TRANSIT;;2009...2015;;"SEM ABS
SEM ROLAMENTO"
29951;11;FIESTA;TODOS OS MODELOS;2011...2016;;COM ROLAMENTO / SEM ABS
29952;11;FOCUS;HATCH / SEDAN;2014...2019;1.6 / 2.0;SEM ROLAMENTO / SEM ABS 27 DENTES - 5 FUROS
29953;11;F-4000;4X2;2013...;;
29954;11;F-4000;4X4;2013...;;
29955;11;F-4000;4X2;1998...2012;;
29956;11;FIESTA;NEW;2011...2019;;4 FUROS
29957;11;KA;;2014...2018;;4 FUROS
29958;11;ECOSPORT;;2013...2018;;SEM ROLAMENTO
29959;11;FIESTA;NEW;2011...2018;;SEM ROLAMENTO
29960;11;KA;;2014...2018;;SEM ROLAMENTO
29961;12;CIVIC;;2007...2016;1.8 / 2.0 / 2.4;5 FUROS
29962;12;FIT;;2004...2008;1.4 8V / 1.5 16V;4 FUROS Ø 28MM
29963;12;CIVIC;;2001...2006;1.7 16V;4 FUROS Ø 30MM
29964;12;CIVIC;;1996...2000;1.6 16V;4 FUROS Ø 28MM
29965;12;CITY;TODOS OS MODELOS;2009...2014;;4 FUROS Ø 30MM SOMENTE FREIO A TAMBOR
29966;12;FIT;TODOS OS MODELOS;2009...2014;;4 FUROS Ø 30MM SOMENTE FREIO A TAMBOR
29967;12;CIVIC;EX;1996...2000;;
29971;12;CR-V;4X2;2007...2011;;5 FUROS COM ROLAMENTO
29972;12;CR-V;4X4;2007...2011;;28 DENTES - 5 FUROS
29973;12;HR-V;TODOS OS MODELOS;2016...;;5 FUROS COM ROLAMENTO
29975;12;CIVIC;;2007...2013;1.8 16V;
29976;12;FIT;;2003...2008;;
29990;20;106;;1991...2001;1.0;21 DENTES Ø 37MM
29991;20;205;;1986...1998;1.4;21 DENTES Ø 37MM
29992;20;206;;1999...2008;1.0 16V;21 DENTES Ø 37MM
29993;20;206;;1999...2009;1.6 8V;21 DENTES Ø 37MM
29994;20;206;;2003...2009;1.4 8V;21 DENTES Ø 37MM
29995;20;207;;2008...2011;1.4 8V;21 DENTES Ø 37MM
29996;20;206;;1999...2009;1.6 8V;4 FUROS Ø 25MM
29997;20;206 SW;;2002...2009;1.6;4 FUROS Ø 25MM
30000;20;206;TODOS OS MODELOS;1999...2012;;COM ROLAMENTO / COM ABS
30001;20;206 SW;TODOS OS MODELOS;2005...2008;;COM ROLAMENTO / COM ABS
30002;21;CLIO;;2000...2014;1.0 8V / 16V;21 DENTES Ø 35MM
30003;21;SCENIC;;1996...2011;1.6 / 2.0;4 FUROS  Ø 25MM SOMENTE FREIO TAMBOR
30004;21;EXPRESS;;1993...2001;1.6 8V;4 FUROS 22DENTES Ø 34MM
30005;21;KANGOO;;1999...2006;1.6 8V;4 FUROS 22DENTES Ø 34MM
30006;21;R21;TODOS OS MODELOS;1996...2006;;4 FUROS 22DENTES Ø 34MM
30007;21;SCENIC;;1998...2011;2.0 8V;4 FUROS 22DENTES Ø 34MM
30008;21;SCENIC;;2000...2011;1.6 16V;4 FUROS 22DENTES Ø 34MM
30009;21;CAPTUR;;2017...;;"SEM ABS
SEM ROLAMENTO"
30010;21;DUSTER;;2011...;;"SEM ABS
SEM ROLAMENTO"
30011;21;OROCH;;2015...;;"SEM ABS
SEM ROLAMENTO"
30012;21;MASTER;;2013...;;SEM ROLAMENTO
30013;21;MASTER;TODOS OS MODELOS;2002...2015;;COM ROLAMENTO
30014;21;KANGOO;;2007...2017;1.6 16V;23 DENTES - 37MM
30015;21;LOGAN;;2010...2018;1.0 / 1.6;23 DENTES - 37MM
30016;21;MEGANE;;2006...2011;1.6 / 2.0 16V;23 DENTES - 37MM
30017;21;SANDERO;;2007...2018;1.6 16V;23 DENTES - 37MM
30018;21;SCENIC;;1999...2011;1.6 16V;23 DENTES - 37MM
30019;21;SCENIC;;1999...2011;2.0 8V /16V;23 DENTES - 37MM
30020;21;LOGAN;;2001...2018;1.0 16V / 1.6 8V;21 DENTES - 37MM
30021;21;SANDERO;;2009...2018;1.0 16V / 1.6 8V;21 DENTES - 37MM
30022;21;CLIO;;1998...2017;1.0 16V;
30023;21;CLIO;;1998...2017;1.6 8V / 16V;
30024;21;EXPRESS;;1993...2001;1.6;
30025;21;MEGANE;;1997...2005;1.6 / 2.0 8V / 16V;
30026;21;R19;;1992...1996;1.6 / 1.8 8V / 16V;
30027;24;COROLLA;;2002...2008;1.6 / 1.8 - 16V;4 FUROS
30028;24;COROLLA FIELDER;;2002...2008;1.8 16V;4 FUROS
30029;24;HILUX;4X4;2005...2014;;6 FUROS 30 DENTES
30030;24;COROLLA;;1997...2002;1.6 / 1.8 - 16V;4 FUROS
30031;24;COROLLA;;2002...2008;1.6 / 1.8;4 FUROS
30032;24;COROLLA FIELDER;;2002...2006;1.8;4 FUROS
30033;24;COROLLA;XLI / XEI;2009...2012;;5 FUROS
30034;24;COROLLA;TODOS OS MODELOS;2002...2008;;26 DENTES Ø 40MM
30036;24;ETIOS;;2011...2018;;
30037;24;COROLLA;;1991...2001;;26 DENTES
30038;24;HILUX;4X4;2005...2016;;
30039;24;COROLLA;;1997...2002;;
30041;24;ETIOS;;2012...2018;;4 FUROS / 26 DENTES COM ROLAMENTO - COM ABS
30042;24;COROLLA;;2009...2012;;
30061;19;FRONTIER;4X4;2008...2012;;6 FUROS Ø 29MM
30062;19;LIVINA;TODOS OS MODELOS;2009...2015;;25 DENTES
30063;19;TIIDA;TODOS OS MODELOS;2008...2013;;25 DENTES
30064;19;FRONTIER;4X2;2008...2014;2.5;6 FUROS
30065;19;SENTRA;;2007...2013;;COM ABS / COM ROLAMENTO
30066;19;KICKS;;2017...;;COM ABS / COM ROLAMENTO
30067;19;MARCH;;2012...2014;1.0 / 1.6;25 DENTES / 4 FUROS
30068;19;SENTRA;;2007...2013;2.0;
30069;19;LIVINA;;2009...2017;;
30070;19;TIIDA;;2008...2013;;
30071;13;TUCSON;4X2 / 4X4;2007...2015;2.0 / 2.7;27 DENTES Ø 45MM 5 FUROS
30073;13;TUCSON;4X2;2005...2014;2.0;5 FUROS 33 DENTES
30074;15;SPORTAGE;TODOS OS MODELOS;2005...2010;;5 FUROS 33 DENTES
30078;13;AZERA;;2012...2016;;
30079;13;IX35;;2010...2017;;
30080;13;SONATA;;2010...2016;;
30081;15;CADENZA;;2010...2016;;
30082;15;SPORTAGE;;2003...2015;;
30083;13;ELANTRA;;2010...2018;;COM ABS / COM ROLAMENTO
30084;13;I30;;2012...2016;;COM ABS / COM ROLAMENTO
30085;13;VELOSTER;;2011...2013;1.6;COM ABS / COM ROLAMENTO
30086;15;CERATO;;2009...2019;;COM ABS / COM ROLAMENTO
30087;13;HR;;2005...2018;;SEM ABS / SEM ROLAMENTO
30088;13;AZERA;;2007...2012;;SEM ABS / SEM ROLAMENTO
30089;15;SPORTAGE;4X2;2011...2016;;SEM ABS / SEM ROLAMENTO
30093;13;HR;;2005...2019;;5 FUROS
30095;15;CERATO;;2008...2012;;
30096;13;SANTA FÉ;;2011...2014;;
30097;13;VERA CRUZ;;2010...2014;;
30098;15;SORENTO;;2010...2013;;
30099;13;TUCSON;;2007...2013;;
30100;18;L200;TRITON;2007...2013;;30 DENTES
30101;18;PAJERO;DAKAR;2009...2016;;30 DENTES
30103;7;C3;;2002...2013;1.6;SOMENTE PARA SISTEMA C/ DISCO DE FREIO 4 FUROS Ø25MM
30109;7;JUMPER;;2010...2019;;
30110;10;DUCATO;;2010...2019;;
30111;20;BOXER;;2010...2019;;
30112;26;AMAROK;;2010...;;SUPORTE DO AMORTECEDOR DIANTEIRO SEM ROLAMENTO
30113;4;A3;;2012...;;
30114;26;GOLF;;2014...;;
30115;26;POLO;;2018...;;
30116;26;CROSSFOX;;2009...;;
30117;26;FOX;;2009...;;
30118;26;GOL;;2009...;;
30119;26;POLO;;2009...;;
30120;26;VOYAGE;;2009...;;
30121;26;UP!;;2015...;;
30122;26;FUSCA;(NOVO);2013...;;
30123;26;JETTA;;2005...;;
30124;26;JETTA;VARIANT;2010...2014;;
30125;26;JETTA;VARIANT       ;2007...2009;;
30126;26;SAVEIRO;CROSS ;2009...;;
30128;26;CROSSFOX;;2004...;;
30129;26;FOX;;2004...;;
30130;26;POLO;HATCH / SEDAN;2003...;;
30134;26;PASSAT;;1984...1989;;
30136;26;QUANTUM;;...;;
30139;26;FUSCA;;...;;
30140;26;KOMBI;;1975...2005;;
30141;26;GOL;;1996...;1.0 - MOTOR AT;
30142;26;GOL;;1999...;1.0 16V - MOTOR AT (INCLUSIVE TURBO);
30143;26;GOL;;2000...;1.0 16V - MOTOR AT (INCLUSIVE TURBO);
30144;26;KOMBI;;...;1.8 (DIESEL);
30145;26;PARATI;;1981...;;
30146;26;PASSAT;;1974...1999;;
30147;26;SANTANA;;1984...;;
30148;26;SAVEIRO;;1982...1997;;
30149;26;PARATI;;1981...1995;;
30150;26;PASSAT;;1979...1989;;
30151;26;SAVEIRO;;1980...1995;;
30152;26;VOYAGE;;1981...1996;;
30153;26;LOGUS;;1993...;;
30154;26;POINTER;;1993...;;
30155;26;QUANTUM;;1985...1996;;
30156;26;SANTANA;;1984...1996;;
30157;26;GOL;;1995...2002;1.0 16V;
30158;26;GOL;;1995...2002;2.0 16V;
30159;26;PARATI;;1995...2002;;
30160;26;QUANTUM;GII;1996...;;
30161;26;SANTANA;;1996...;;
30162;26;GOL;GIII;2002...;;
30163;26;PARATI;GIII;2002...;;
30164;26;SAVEIRO;GIII;2002...;;
30165;26;GOL;GII;1995...2002;;
30166;26;GOL;GII;1995...2002;2.0;
30167;26;PARATI;GII;1995...2002;;
30168;26;SANTANA;GII;1996...;;
30169;26;SAVEIRO;GII;1995...2002;;
30170;26;GOL;;1995...2002;2.0;
30171;26;QUANTUM;;1984...1996;;
30172;26;PASSAT;;1994...1997;;
30173;26;GOL;;1980...1983;1.3;
30174;26;GOL;;1982...1996;1.6;
30175;26;SAVEIRO;;1982...1996;1.6;
30176;26;FOX;;2003...2010;;
30177;26;POLO;;2001...2010;;
30178;4;A3;;1997...;;
30179;26;GOL;GV;2009...;;
30180;4;A3;;2007...2012;;
30181;26;JETTA;;2006...;;
30182;26;PASSAT;;2006...;;
30183;26;TIGUAN;;2009...;;
30184;26;UP!;(EXCETO TSI);2014...;1.0 12V;
30185;26;POLO;;2002...2015;;
30186;4;A1;;2011...;;SUPORTE DO AMORTECEDOR DIANTEIRO COM ROLAMENTO
30187;26;GOL;G6;2012...;;SUPORTE DO AMORTECEDOR DIANTEIRO COM ROLAMENTO
30188;26;POLO;;2017...;;SUPORTE DO AMORTECEDOR DIANTEIRO COM ROLAMENTO
30189;26;SAVEIRO;;2012...;;SUPORTE DO AMORTECEDOR DIANTEIRO COM ROLAMENTO
30190;26;T-CROSS;;2019...;;SUPORTE DO AMORTECEDOR DIANTEIRO COM ROLAMENTO
30191;26;UP!;;2014...;;SUPORTE DO AMORTECEDOR DIANTEIRO COM ROLAMENTO
30192;26;VIRTUS;;2018...;;SUPORTE DO AMORTECEDOR DIANTEIRO COM ROLAMENTO
30193;26;VOYAGE;;2012...;;SUPORTE DO AMORTECEDOR DIANTEIRO COM ROLAMENTO
30194;26;JETTA;;2009...;;
30195;26;PASSAT;;2009...;;
30196;26;BORA;;2001...2011;;
30197;26;GOL;G5 / G6;2009...;;
30198;26;GOLF;;2000...2001;;
30199;26;NEW BEETLE;;2000...2010;;
30200;26;SAVEIRO;;2010...;;
30201;10;PALIO;;1996...2000;1.0 8V;
30202;10;PALIO;;2001...;1.0 8V FIRE;
30203;10;SIENA;;1998...2000;1.0 8V;
30204;10;SIENA;;2001...;1.0 /1.4 - 8V FIRE;
30205;10;UNO;;2011...;1.0 /1.4 - 8V FIRE EVO;
30206;10;DOBLO;;2002...2003;1.6 16V - FIRE;
30207;10;DOBLO;;2002...2006;1.3 16V - FIRE;
30208;10;DOBLO;;2010...;1.4 8V - FIRE;
30209;10;DOBLO;;2002...2010;1.8 8V;
30210;10;PUNTO;;2013...2017;1.4 8V - FIRE EVO;
30211;10;GRAND SIENA;;2011...;1.6 / 16V ETORQ;
30212;10;IDEA;;2011...;1.6 / 1.8 16V ETORQ;
30213;10;PALIO;;2012...;1.6 / 16V ETORQ;
30214;10;PALIO WEEKEND;;2012...;1.6 / 1.8;
30215;10;SIENA;;2011...2012;1.6 / 1.8 16V ETORQ;
30216;10;STRADA;;2011...;1.6 / 1.8 16V ETORQ;
30217;10;LINEA;;2011...;1.8 16V ETORQ;
30218;10;PUNTO;;2011...;1.6 / 1.8 16V ETORQ;
30219;10;PUNTO;FIRE;2008...;1.4 8V;
30220;10;GRAND SIENA;FIRE EVO;2013...;1.4 8V;
30221;10;PALIO;FIRE EVO;2012...;1.4 8V;
30222;10;LINEA;T-JET;2008...2012;1.4 TURBO;
30223;10;PUNTO;T-JET;2008...2017;1.6 16V TURBO;
30224;10;STILO;;2003...2011;1.8 16V;SUPORTE DO MOTOR LADO CÂMBIO
30225;10;FIORINO;;2014...;1.4 8V;EVO
30226;10;GRAND SIENA;;2012...;1.4;EVO
30227;10;MOBI;;2016...;1.0 8V 4CC.;EVO
30228;10;PALIO;;2012...;1.0 8V;EVO
30229;10;PALIO;;2012...;1.4 8V;EVO
30230;10;UNO;;2010...;1.4 8V;EVO
30231;10;LINEA;;2009...2017;1.8 / 1.9;
30232;10;DOBLO;ADVENTURE;2010...;1.8 - E-TORQ;
30233;10;LINEA;;2011...2017;1.8 16V;
30234;10;PUNTO;;2011...2017;1.6 16V;
30235;10;PUNTO;;2011...2017;1.8 16V;
30236;10;PUNTO;;2008...2010;1.8 8V;
30237;10;PUNTO;;2011...2012;1.6 16V - E-TORQ;
30238;10;PUNTO;;2008...;MPI 1.4;
30239;10;PUNTO;ATTRACTIVE;2008...;1.4;
30240;10;PUNTO;ELX;2008...;1.4;
30241;10;STILO;;2005...2010;1.8 8V;
30242;10;PALIO;FASE 1;2001...2007;;
30243;10;PALIO;FASE 2;2004...2017;;
30244;10;PALIO;FASE 3;2008...2012;;
30245;10;PALIO WEEKEND;FASE 2;2004...2008;;
30246;10;PALIO WEEKEND;FASE 3;2008...2012;;
30247;10;SIENA;FASE 1;2001...2007;;
30248;10;SIENA;FASE 2;2004...2013;;
30249;10;SIENA;FASE 3;2008...2012;;
30250;10;STRADA;FASE 2;2004...2013;;
30251;10;STRADA;FASE 3;2008...2012;;
30252;10;TEMPRA;;1992...;8V / 16V;
30253;10;PALIO;;1996...2000;;
30254;10;PALIO WEEKEND;;1997...2000;;
30255;10;SIENA;;1998...2000;;
30256;10;STRADA;TODOS OS MODELOS;1996...;;
30257;10;PALIO;;1996...2000;1.6 16V;
30258;10;PALIO;YOUNG;2001...;;
30259;10;SIENA;;1999...;;
30260;10;SIENA;;2001...;1.6 16V;
30261;10;STRADA;;1999...;;
30262;10;ELBA;;1986...1996;;
30263;10;FIORINO;PICK-UP;1984...1991;;
30264;10;PREMIO;;1984...1991;;
30265;10;UNO;;1996...2001;;
30266;10;PALIO;;1996...2001;;
30267;10;PALIO WEEKEND;;1997...2001;;
30268;10;SIENA;;1998...2001;;
30269;10;STRADA;;1999...2001;;
30270;10;TEMPRA;(EXCETO SW);1992...1999;8V / 16V;
30271;10;FIORINO;1.3 FIRE;2003...;;
30272;10;UNO;MILLE;2001...;1.0 / 1.3;
30274;10;SIENA;;2003...;;
30275;10;STRADA;FIRE;2003...;;
30276;10;FIORINO;;2003...;1.3 FIRE;
30277;10;UNO;;2000...;1.3 FIRE;
30278;10;TEMPRA;(EXCETO SW);1992...1994;;
30279;10;TEMPRA;(EXCETO SW);1995...1999;;
30280;10;DOBLO;;2002...;;
30282;10;PALIO WEEKEND;;1997...;;
30285;10;FIORINO;;1984...;;
30286;10;PREMIO;;1984...1994;;
30287;10;UNO;;1984...1996;;
30288;10;PALIO;FIRE;2001...2005;;
30289;10;PALIO WEEKEND;;2001...2005;;
30290;10;SIENA;FIRE;2001...2005;;
30291;10;STRADA;;2001...2005;;
30292;10;ARGO;;2017...;1.0 / 1.3 / 1.8;
30293;10;PALIO;;2012...2016;;
30294;10;PALIO;;1996...2004;1.0 / 1.5 / 1.6;
30295;10;PALIO WEEKEND;;1996...2004;;
30296;10;SIENA;;1996...2004;;
30297;10;STRADA;;1996...2004;;
30298;10;PALIO;;2003...;FIRE;
30299;10;SIENA;;2003...;FIRE;
30300;10;STRADA;;2003...;FIRE;
30301;10;FIORINO;;2014...;1.4;
30302;10;PALIO;;2012...;1.0;
30303;10;UNO;;2011...;;
30304;10;STILO;;2002...2010;;
30305;10;GRAND SIENA;;2013...;;
30306;10;IDEA;;2006...2016;;
30307;10;LINEA;;2008...2016;;
30308;10;PUNTO;;2008...2016;;
30309;10;DOBLO;;2003...;1.8 8V;
30310;10;IDEA;;2006...2016;1.8;
30311;10;LINEA;;2008...2015;1.9;
30312;10;PALIO;;2003...2011;;
30313;10;PALIO WEEKEND;;2003...2011;;
30314;10;SIENA;;2003...2011;;
30315;10;STRADA;;2003...2011;1.8;
30316;10;IDEA;;2006...2013;1.4 / 1.8;
30317;10;FIORINO;;2014...;1.0 / 1.4;LADO DO MOTOR
30318;10;PALIO;;2011...;1.0 / 1.4;LADO DO MOTOR
30319;10;UNO;;2010...;1.0 / 1.4;LADO DO MOTOR
30320;10;GRAND SIENA;;2012...;1.4;
30321;10;UNO;SPORTING;2010...;;
30322;7;JUMPER;;2009...;;
30323;10;DUCATO;;2009...;2.3 / 2.8;
30324;20;BOXER;;2009...;;
30325;10;DUCATO;;2006...;2.8;
30326;10;500;;2012...2016;;COM ROLAMENTO
30327;10;GRAND SIENA;;2013...;1.6;
30328;10;IDEA;;2011...2016;1.6 / 1.8;
30329;10;PALIO;;2011...2016;1.6 / 1.8;
30330;10;PALIO WEEKEND;;2011...;1.6 / 1.8;
30331;10;SIENA;;2011...2017;1.6 / 1.8;
30332;10;STRADA;;2011...;1.6 / 1.8;
30333;10;PUNTO;;2011...2017;1.6 / 1.8 16V;
30334;10;GRAND SIENA;;2013...;1.6 16 V - E-TORQ;
30335;10;IDEA;;2011...;1.6 E 1.8 16V-  E-TORQ;
30336;10;PALIO;;2011...2012;1.6 16V - E-TORQ;
30337;10;PALIO;;2012...;1.6 16 V - E-TORQ;
30338;10;PALIO WEEKEND;;2011...;1.6 E 1.8 16V -  E-TORQ;
30339;10;SIENA;;2011...2012;1.6 16 V - E-TORQ;
30340;10;STRADA;;2011...;1.6 E 1.8 16V - E-TORQ;
30341;10;TORO;4X2;2016...;;
30342;10;TORO;4X4;2016...;;
30343;10;TEMPRA;TODOS OS MODELOS;1992...1999;;
30344;10;ELBA;;1984...1988;;
30345;10;PREMIO;;1984...1988;;
30346;10;UNO;;1984...1988;;
30347;10;ELBA;;1989...1996;;
30348;10;FIORINO;;1988...1993;;
30349;10;PREMIO;;1989...1994;;
30350;10;UNO;;1989...1996;;
30351;10;PUNTO;1.4;2008...2012;;
30352;10;PALIO;FIRE;2000...2007;1.3 8V / 16V;
30353;10;PALIO;FIRE;2001...2004;1.0 8V;
30354;10;PALIO;FIRE;2002...2002;1.0 16V;
30355;10;PALIO WEEKEND;FIRE;2000...2003;1.3 8V / 16V;
30356;10;PALIO WEEKEND;FIRE;2001...2003;1.0 16V;
30357;10;SIENA;FIRE;2000...2003;1.3 16V;
30358;10;SIENA;FIRE;2002...2003;1.0 8V / 16V;
30359;10;SIENA;FIRE;2003...2004;1.3 8V;
30360;10;STRADA;FIRE;2003...2006;1.3 8V;
30361;10;STRADA;FIRE;2006...2006;1.4 8V;
30362;10;PALIO;FIRE;2001...2004;1.6 16V;
30363;10;PALIO WEEKEND;ADVENTURE;2001...2004;1.6 16V;
30364;10;SIENA;ELX;2001...2004;1.6 16V;
30365;10;SIENA;FIRE;2002...2004;1.0 8V;
30366;10;STRADA;WORKING;2002...2004;;
30367;10;STRADA;WORKING ESTENDIDA;2002...2004;1.5 8V;
30368;10;GRAND SIENA;;2011...;1.6 - 16V ETORQ;
30369;10;IDEA;;2011...;1.6/1.8 - 16V ETORQ;
30370;10;PALIO;;2011...;1.6 -  16V ETORQ;
30371;10;PALIO WEEKEND;;2011...;1.6/1.8 - 16V ETORQ;
30372;10;STRADA;;2011...;1.6/1.8 - 16V ETORQ;
30373;5;MARAJÓ;;1981...1989;;
30375;5;SILVERADO;;1997...;;
30376;5;ASTRA;;1999...2011;2.0 - 16V;
30377;5;ZAFIRA;;2001...2012;2.0 - 16V;
30378;5;VECTRA;;2006...2012;;
30379;5;KADETT;;1991...1996;;
30380;5;CALIBRA;;1994...1995;;
30381;5;CELTA;;2001...;;(COM AR)
30382;5;CORSA;;1994...2002;;(COM AR)
30383;5;CORSA;;1994...2012;;(SEM AR)
30384;5;CELTA;;2000...2016;;(SEM AR)
30385;5;CORSA;;1994...2001;;
30386;5;PRISMA;;2006...2012;;
30387;5;TIGRA;;1998...;;
30388;5;MERIVA;;2002...2012;;
30389;5;MONZA;;1982...1996;;
30390;5;KADETT;;1989...1999;;
30391;5;CELTA;;2001...2016;;
30392;5;CORSA;;1994...2012;;
30393;5;KADETT;;1889...1998;;
30394;5;IPANEMA;;1989...1998;;(COM AR)
30395;5;KADETT;;1989...1998;;(COM AR)
30396;5;MONTANA;;2003...;;
30397;5;MONTANA;;2002...;;
30398;5;CORSA;;2000...2012;;
30399;5;VECTRA;;1996...2004;;
30400;5;ASTRA;CÂMBIO AUTOMÁTICO;1999...2011;8V;
30401;5;ZAFIRA;CÂMBIO AUTOMÁTICO;1999...2012;8V;
30402;5;COBALT;;2013...;;
30403;5;CRUZE;;2011...2016;;
30404;5;TRACKER;;2014...2016;;
30406;5;VECTRA;SEDAN;2006...2011;;
30408;5;ZAFIRA;;2001...2012;1.8 / 2.0;
30409;5;CELTA;;08.2008...2016;;
30410;5;CORSA;;08.2008...2012;;
30411;5;MONTANA;;08.2008...2010;;
30412;5;PRISMA;;08.2008...2012;;
30413;5;COBALT;MT;2012...;1.8;
30414;5;ONIX;MT;2012...;1.0 / 1.4;
30415;5;PRISMA;MT;2012...;1.0 / 1.4;
30416;5;SPIN;MT;2013...;;
30417;5;COBALT;CÂMBIO MANUAL;2012...;1.4;
30418;5;ONIX;CÂMBIO MANUAL;2012...;1.0 / 1.4;
30419;5;PRISMA;CÂMBIO MANUAL;2012...;1.0 / 1.4;
30420;5;SPIN;CÂMBIO MANUAL;2013...;;
30421;5;MERIVA;;2002...2013;;
30422;5;MONTANA;EXCETO NOVA;2003...;;
30423;5;COBALT;CÂMBIO AUTOMÁTICO;2012...;1.8;
30424;5;ONIX;CÂMBIO AUTOMÁTICO;2012...;1.4;
30425;5;PRISMA;CÂMBIO AUTOMÁTICO;2012...;1.0 / 1.4;
30426;5;SONIC;CÂMBIO AUTOMÁTICO;2012...2014;1.6;
30427;5;SPIN;CÂMBIO AUTOMÁTICO;2013...;1.8;
30428;5;VECTRA;;1997...2011;;PINO RETO
30429;5;VECTRA;CÂMBIO MANUAL;1997...2011;;CURVO
30430;5;VECTRA;CÂMBIO AUTOMÁTICO;1997...2011;;CURVO
30431;5;CRUZE;;2017...;1.4;
30438;5;CELTA;;2008...;;
30441;5;PRISMA;;2008...;;
30442;38;G-380;;...;;3 FUROS
30443;38;G-420;;...;;3 FUROS
30444;38;G-440;;...;;3 FUROS
30445;38;G-470;;...;;3 FUROS
30446;38;K-270;;...;;SEM AR CONDICIONADO 3 FUROS
30447;38;K-310;;...;;SEM AR CONDICIONADO 3 FUROS
30448;38;K-340;;...;;COM AR CONDICIONADO 3 FUROS
30449;38;K-380;;...;;COM AR CONDICIONADO 3 FUROS
30450;38;L-94;CÂMBIO AUTOMÁTICO;...;;3 FUROS
30451;38;P-230;;...;;3 FUROS
30452;38;P-270;4X2 / 6X2;...;;3 FUROS
30453;38;P-310;;...;;3 FUROS
30454;38;P-340;;...;;3 FUROS
30455;38;P-360;;...;;3 FUROS
30456;38;P-380;;...;;3 FUROS
30457;38;P-400;;...;;3 FUROS
30458;38;P-420;;...;;3 FUROS
30459;38;R-380;;...;;3 FUROS
30460;38;R-420;;...;;3 FUROS
30461;38;R-440;;...;;3 FUROS
30462;38;R-470;;...;;3 FUROS
30463;38;R-480;;...;;3 FUROS
30464;38;R-500;;...;;3 FUROS
30465;38;R-580;;...;;3 FUROS
30466;38;R-620;;...;;3 FUROS
30467;38;R-114;;...;;
30468;38;R-124;;...;;
30469;38;T-114;;...;;
30470;38;T-124;;...;;
30471;38;T-164;;...;;
30472;11;ECOSPORT;;2003...2012;1.0 / 1.6;
30473;11;FIESTA;;2002...2014;1.0 / 1.6;
30474;11;ECOSPORT;4X2;2003...2012;2.0;
30475;11;COURIER;;1997...;;SUPORTE DO AMORTECEDOR
30476;11;FIESTA;;1999...2002;;SUPORTE DO AMORTECEDOR
30477;11;KA;;1997...2014;;SUPORTE DO AMORTECEDOR
30478;11;ECOSPORT;4X2  - CÂMBIO MANUAL;2013...2017;1.6;
30479;11;FIESTA;;2012...2014;1.0 8V;
30480;11;FIESTA;;2012...2016;1.5;
30481;11;FIESTA;;2015...;1.0 12V;
30482;11;ECOSPORT;;2012...;1.6;
30484;11;KA;NOVO;2014...;;
30485;11;FUSION;;2012...2016;2.0 / 2.5 ;
30486;11;F-350;;1972...1985;;
30487;11;F-4000;;1975...1993;;
30488;11;CORCEL II;;1977...1986;1.6;
30489;11;DEL REY;;1981...1991;1.6;
30490;11;PAMPA;;1982...1997;1.6;
30491;11;ESCORT;;1990...1992;1.8;
30492;11;VERONA;;1990...1992;1.8;
30493;26;APOLLO;;...1994;1.8;
30494;11;ESCORT;;1984...1989;;
30495;11;ESCORT;;1990...1992;1.6;
30496;11;VERONA;;1990...1992;1.6;
30497;11;CORCEL II;;1981...1986;;
30498;11;DEL REY;;1981...1991;;
30499;11;PAMPA;;1981...1997;;
30500;11;FIESTA;;1996...;;
30501;11;ESCORT;;1981...;CHT 1.6;
30502;11;VERONA;;1981...1996;CHT 1.6;
30503;11;ECOSPORT;;2002...;;
30504;11;FIESTA;SUPERCHARGER;2002...;;
30505;11;ESCORT;;1984...1992;;
30506;11;ESCORT;;1989...1992;1.8;
30507;11;VERONA;;1989...1992;1.8;
30508;26;APOLLO;;1989...1992;1.8;
30509;11;ECOSPORT;;2002...;1.0 / 1.6;
30510;11;FOCUS;;2007...;FLEX 1.6;
30511;11;COURIER;;1996...1999;;
30512;11;FIESTA;;1996...1999;;
30513;11;FOCUS;;2000...2005;ZETEC 1.8 / 2.0 - 16V;
30514;11;ECOSPORT;;2012...;1.6 / 2.0;
30515;11;FIESTA;;2011...;1.5 / 1.6;
30516;11;KA;;2014...;;
30517;11;FOCUS;;2008...;1.8 / 2.0;
30518;11;ECOSPORT;;2003...2012;;
30519;11;FOCUS;;2013...;;
30520;11;FIESTA;;2011...;;
30521;11;FOCUS;;2009...;1.6 / 2.0;
30522;11;ECOSPORT;;2003...2014;1.6;
30523;11;FOCUS;;2003...2014;1.6;
30524;11;FOCUS;;2000...2005;1.6 / 1.8 16V;
30525;11;ECOSPORT;4X2;2003...2012;;
30526;11;FIESTA;TODOS OS MODELOS;2002...2014;1.6 ROCAN;
30527;11;FOCUS;;2005...2011;1.8 / 2.0C 16V;DURATEC - COM DIREÇÃO HIDRÁULICA
30528;12;CIVIC;;2007...;;
30529;12;FIT;;2001...2006;1.4 / 1.8;
30530;12;CITY;;2009...;;
30531;12;FIT;;2009...;;
30532;12;CR-V;;2008...;2.0;
30533;12;CR-V;;2008...2012;2.0 16V;
30534;12;CIVIC;9° GERAÇÃO;2012...2016;;COM ROLAMENTO
30535;7;C4;CÂMBIO AUTOMÁTICO / MANUAL;2009...2013;1.6 16V;
30536;20;307;CÂMBIO AUTOMÁTICO / MANUAL;2003...2012;1.6 16V;
30537;7;C4;CÂMBIO AUTOMÁTICO / MANUAL;2008...2013;2.0 16V;
30538;7;C4 PALLAS;CÂMBIO AUTOMÁTICO / MANUAL;2008...2013;2.0 16V;
30539;20;307;CÂMBIO AUTOMÁTICO / MANUAL;2002...2012;2.0;
30540;7;C3;;2002...;1.6;
30541;7;C4;;2004...;;
30542;20;307;;2003...2012;;
30543;7;C4;;2008...;;
30544;7;C4 PALLAS;;2008...;;
30545;20;307;;2003...;;
30546;7;AIRCROSS;;2012...;;
30547;7;C3;;2012...;;
30548;20;206;;1998...2010;1.0;
30549;20;207;TODOS OS MODELOS;2008...2015;;
30550;20;206;;1998...2010;1.4 8V / 16V;
30551;20;206;;1998...2010;1.6 16V;
30552;20;308;;2012...;1.6 16V;
30553;20;308;;2012...2017;2.0 16V;
30554;20;408;;2011...2017;2.0 16V;
30555;20;408;;2012...;1.6 16V;
30556;20;206;;2004...;;
30557;20;207;HATCH;2008...2014;;
30558;20;207;HOGAR;2008...2014;;
30559;20;207;PASSION;2008...2014;;
30560;21;CLIO;;1998...2016;1.0 / 1.6 - 8V E 16V;
30561;21;MEGANE;;2002...2006;1.6 16V;
30562;21;MEGANE;;1995...;;
30563;21;SCENIC;;1997...;1.6 / 2.0;
30564;21;CLIO;;1998...2016;1.0;
30565;21;KANGOO;;1997...;1.0;
30566;21;CAPTUR;;2017...;;COM ROLAMENTO
30567;21;DUSTER;;2011...;;COM ROLAMENTO
30568;21;LOGAN;;2007...;;COM ROLAMENTO
30569;21;SANDERO;;2007...;;COM ROLAMENTO
30570;21;SYMBOL;;2009...;;COM ROLAMENTO
30572;21;CAPTUR;;2017...;;SEM ROLAMENTO
30573;21;DUSTER;;2011...;;SEM ROLAMENTO
30574;21;LOGAN;;2007...;;SEM ROLAMENTO
30575;21;SANDERO;;2007...;;SEM ROLAMENTO
30577;21;CLIO;II;1998...;;COM ROLAMENTO
30578;21;KANGOO;;2000...;;COM ROLAMENTO
30579;21;CLIO;II;1998...;;SEM ROLAMENTO
30580;21;KANGOO;;2000...;;SEM ROLAMENTO
30581;21;SYMBOL;;2009...;;SEM ROLAMENTO
30582;19;SENTRA;;2007...;;
30583;21;LOGAN;;2007...;;
30584;21;MEGANE;;2007...2012;;
30585;21;SANDERO;;2007...;;
30586;21;SCENIC;;2007...2010;;
30587;21;MASTER;;...;;
30588;21;LOGAN;;2007...;1.0 / 1.6;
30589;21;SANDERO;;2007...;1.0 / 1.6;
30590;21;FLUENCE;;2011...;2.0;
30591;21;DUSTER;;2011...;;
30592;21;MEGANE;;1995...2006;;
30593;21;R19;;1994...1999;;
30594;21;SCENIC;;1997...2006;;
30595;21;DUSTER;;2015...;1.6 - 16V;
30596;21;DUSTER;;2017...;1.6 - 16V SCE;
30597;21;LOGAN;;2014...2016;1.0 16V;
30598;21;LOGAN;;2015...2016;1.6 - 8V;
30599;21;LOGAN;;2017...;1.0 12V;
30600;21;LOGAN;;2017...;1.6 - 16V;
30601;21;SANDERO;;2014...2016;1.0 16V;
30602;21;SANDERO;;2015...2016;1.6 - 8V;
30603;21;SANDERO;;2017...;1.0 12V;
30604;21;SANDERO;;2017...;1.6 - 16V;
30605;21;SANDERO;RS;2015...;2.0 - 16V;
30606;21;LOGAN;;2013...2016;1.6 8V;SUPORTE DO MOTOR LADO DIREITO
30607;21;SANDERO;;2013...2016;1.6 8V;SUPORTE DO MOTOR LADO DIREITO
30608;21;DUSTER;;2012...2016;1.6 / 16V;
30609;21;LOGAN;;2014...;1.0 16V;SUPORTE DO MOTOR LADO DIREITO
30610;21;SANDERO;;2014...;1.0 16V;SUPORTE DO MOTOR LADO DIREITO
30611;21;KWID;;2017...;;SUPORTE LIMITADOR DE TORÇÃO DO MOTOR
30612;24;ETIOS;HATCH / SEDAN;2012...;;
30613;24;HILUX;;2005...2015;;
30614;24;COROLLA;;2008...2019;;FURO 14MM
30615;24;COROLLA;;2003...2007;;FURO 15MM
30617;24;RAV4;;2009...;;SUPORTE DO AMORTECEDOR COM ROLAMENTO
30620;19;SENTRA;;2003...2013;2.0;
30621;13;CRETA;;2016...;1.6 / 2.0;
30622;13;HB20;HATCH;2012...;;
30623;13;HB20;SEDAN;2013...;;
30624;13;HB20;HATCH / SEDAN;2012...;;
30625;13;I30;;2009...;;
30626;13;SANTA FÉ;;2003...2005;;
30627;13;TUCSON;;2004...;;
30628;15;SPORTAGE;;2004...2009;;
30629;13;ELANTRA;;1994...2000;;
30630;15;SPORTAGE;;2005...;;
30631;13;HB20;;2012...;1.0 / 1.6;
30632;13;CRETA;;2016...;;SUPORTE DO AMORTECEDOR COM ROLAMENTO
30633;13;ELANTRA;;2010...2015;;SUPORTE DO AMORTECEDOR COM ROLAMENTO
30634;13;VELOSTER;;2011...2015;;SUPORTE DO AMORTECEDOR COM ROLAMENTO
30635;15;SOUL;;2008...2016;;SUPORTE DO AMORTECEDOR COM ROLAMENTO
30636;15;CERATO;;2009...2012;;SUPORTE DO AMORTECEDOR COM ROLAMENTO
30637;18;PAJERO;TR4;1999...;;
30638;18;ASX;;2010...;;COM ROLAMENTO
30639;18;LANCER;;2008...;;COM ROLAMENTO
30640;18;OUTLANDER;;2008...2014;;COM ROLAMENTO
30641;18;ASX;;2010...;;SEM ROLAMENTO
30642;18;LANCER;;2008...;;SEM ROLAMENTO
30643;18;OUTLANDER;;2008...2014;;SEM ROLAMENTO
30644;10;TORO;;2016...;;COM ROLAMENTO
30645;45;COMPASS;;2016...;;COM ROLAMENTO
30646;45;RENEGADE;;2015...;;COM ROLAMENTO
30647;10;TORO;;2016...;;SUPORTE DO AMORTECEDOR SEM ROLAMENTO
30648;45;COMPASS;;2016...;;SUPORTE DO AMORTECEDOR SEM ROLAMENTO
30649;45;RENEGADE;;2015...;;SUPORTE DO AMORTECEDOR SEM ROLAMENTO
30650;7;AIRCROSS;;2012...;1.4;
30651;7;C3;;2012...;1.4          ;
30652;7;C3 PICASSO;;2012...;1.4 ;
30653;7;C3;;2002...2012;;
30654;7;JUMPER;;2002...;;
30655;10;DUCATO;;2002...;;
30656;20;BOXER;;2002...;;
30657;7;DS3;;2010...;;
30658;7;C4 PICASSO;;2011...;;
30659;39;J3;;2012...2016;;SUPORTE DO AMORTECEDOR
30660;11;BELINA;;...1984;;SUSPENSÃO
30661;11;CORCEL II;;...1984;;SUSPENSÃO
30662;11;DEL REY;;...1984;;SUSPENSÃO
30663;11;PAMPA;;...1984;;SUSPENSÃO
30664;11;BELINA;;1984...;;SUSPENSÃO
30665;11;CORCEL II;;1984...1986;;SUSPENSÃO
30666;11;DEL REY;;1984...1991;;SUSPENSÃO
30667;11;PAMPA;;1984...1997;;SUSPENSÃO
30668;7;JUMPER;;2011...2017;;SUSPENSÃO REFORÇADA  - BITOLA 80X16 / L 1430, C/ OLHETE, PARABÓLICA, S/ BUCHA - 1ª LÂMINA
30669;7;JUMPER;SUSP REFORÇADA / PASSAGEIRO - CARGA;2011...2017;;BITOLA 80X16 / L 1430, C/ OLHETE, PARABÓLICA, S/ BUCHA1ª LÂMINA
30670;10;DUCATO;18 Q / SUSP REFORÇADA / PASSAGEIRO - CARGA;2011...2017;;BITOLA 80X16 / L 1430, C/ OLHETE, PARABÓLICA, S/ BUCHA1ª LÂMINA
30671;10;DUCATO;18Q;2011...2017;;SUSPENSÃO REFORÇADA  - BITOLA 80X16 / L 1430, C/ OLHETE, PARABÓLICA, S/ BUCHA - 1ª LÂMINA
30672;20;BOXER;;2011...2016;;SUSPENSÃO REFORÇADA  - BITOLA 80X16 / L 1430, C/ OLHETE, PARABÓLICA, S/ BUCHA - 1ª LÂMINA
30673;20;BOXER;SUSP REFORÇADA / PASSAGEIRO - CARGA;2011...2016;;BITOLA 80X16 / L 1430, C/ OLHETE, PARABÓLICA, S/ BUCHA1ª LÂMINA
30674;7;JUMPER;;2011...2017;;SUSP. REFORÇADA - PASS./CARGA - BITOLA 80X16 / L 1440 / PARABÓLICA / CHANFRO C/ PASTILHA - 2ª LÂMINA
30675;10;DUCATO;18Q;2011...2017;;SUSP. REFORÇADA - PASS./CARGA - BITOLA 80X16 / L 1440 / PARABÓLICA / CHANFRO C/ PASTILHA - 2ª LÂMINA
30676;20;BOXER;;2011...2016;;SUSP. REFORÇADA - PASS./CARGA - BITOLA 80X16 / L 1440 / PARABÓLICA / CHANFRO C/ PASTILHA - 2ª LÂMINA
30677;7;JUMPER;;2002...2017;;PASS. / CARGA  - BITOLA 80X18 / L 715X715 / C/ OLHETE, PARABÓLICA, C/ BUCHAS SILENCIOSAS - 1ª LÂMINA
30678;10;DUCATO;;1998...2017;;PASS. / CARGA  - BITOLA 80X18 / L 715X715 / C/ OLHETE, PARABÓLICA, C/ BUCHAS SILENCIOSAS - 1ª LÂMINA
30679;20;BOXER;;2002...2016;;PASS. / CARGA  - BITOLA 80X18 / L 715X715 / C/ OLHETE, PARABÓLICA, C/ BUCHAS SILENCIOSAS - 1ª LÂMINA
30680;10;147;;1977...1986;;3 LÂMINAS
30681;10;147;PICK-UP;1977...1986;;3 LÂMINAS
30682;10;OGGI;;1977...1986;;3 LÂMINAS
30683;10;SPAZIO;;1977...1986;;3 LÂMINAS
30684;10;UNO;MILLE / SPORTING / CLS / CS;1984...;;(EXCETO NOVO UNO E WAY) 3 LÂMINAS
30685;10;PREMIO;CS / S;1985...1988;;3 LÂMINAS
30686;10;ELBA;CS / S;1986...1996;;4 LÂMINAS
30687;10;FIORINO;;1987...1994;;1 LÂMINA / PARABÓLICA / C/ BUCHAS
30688;10;FIORINO;PICK-UP;1987...1994;;1 LÂMINA / PARABÓLICA / C/ BUCHAS
30689;10;FIORINO;;1994...;;(EXCETO NOVA FIORINO)
30690;10;FIORINO;PICK-UP;1994...;;(EXCETO NOVA FIORINO)
30691;10;DOBLO;CARGO;2002...;;1 LÂMINA
30692;10;DOBLO;ELX / EX;2002...;;
30693;10;DOBLO;ADVENTURE;2003...;;
30694;10;STRADA;CABINE DUPLA;2010...;;
30695;10;UNO;WAY (EXCETO NOVO);2008...;;3 LÂMINAS
30696;17;SPRINTER;310;1997...2012;;FURGÃO/VAN - BITOLA 70X11,2/L 740X753-OLHETE INVERT. Ø 46,5-OLHETE BERLIN Ø 30,5 S/BUCHA - 1ª LÂMINA
30697;17;SPRINTER;311;1997...2012;;FURGÃO/VAN - BITOLA 70X11,2/L 740X753-OLHETE INVERT. Ø 46,5-OLHETE BERLIN Ø 30,5 S/BUCHA - 1ª LÂMINA
30698;17;SPRINTER;312;1997...2012;;FURGÃO/VAN - BITOLA 70X11,2/L 740X753-OLHETE INVERT. Ø 46,5-OLHETE BERLIN Ø 30,5 S/BUCHA - 1ª LÂMINA
30699;17;SPRINTER;313;1997...2012;;FURGÃO/VAN - BITOLA 70X11,2/L 740X753-OLHETE INVERT. Ø 46,5-OLHETE BERLIN Ø 30,5 S/BUCHA - 1ª LÂMINA
30700;17;SPRINTER;310;1997...2012;;FURGÃO/VAN - BITOLA 70X17 / L 685X695 /  PARABÓLICA / CHANFRADA - C/ FURO P/ ABRAÇADEIRA - 2ª LÂMINA
30701;17;SPRINTER;311;1997...2012;;FURGÃO/VAN - BITOLA 70X17 / L 685X695 /  PARABÓLICA / CHANFRADA - C/ FURO P/ ABRAÇADEIRA - 2ª LÂMINA
30702;17;SPRINTER;312;1997...2012;;FURGÃO/VAN - BITOLA 70X17 / L 685X695 /  PARABÓLICA / CHANFRADA - C/ FURO P/ ABRAÇADEIRA - 2ª LÂMINA
30703;17;SPRINTER;313;1997...2012;;FURGÃO/VAN - BITOLA 70X17 / L 685X695 /  PARABÓLICA / CHANFRADA - C/ FURO P/ ABRAÇADEIRA - 2ª LÂMINA
30704;17;SPRINTER;310;1997...2012;;FURGÃO / VAN  - BITOLA 70X18 / L 685X695 / PARABÓLICA / LAMINADA E CHANFRADA - 3ª LÂMINA
30705;17;SPRINTER;311;1997...2012;;FURGÃO / VAN  - BITOLA 70X18 / L 685X695 / PARABÓLICA / LAMINADA E CHANFRADA - 3ª LÂMINA
30706;17;SPRINTER;312;1997...2012;;FURGÃO / VAN  - BITOLA 70X18 / L 685X695 / PARABÓLICA / LAMINADA E CHANFRADA - 3ª LÂMINA
30707;17;SPRINTER;313;1997...2012;;FURGÃO / VAN  - BITOLA 70X18 / L 685X695 / PARABÓLICA / LAMINADA E CHANFRADA - 3ª LÂMINA
30708;17;SPRINTER;310;1997...2012;;FURGÃO/VAN-BITOLA 70X18/COMP 740X753/OLHETE INVERTIDO 46,5MM/OLHETE BERLIM 30,5 S/BUCHA - 1ª LÂMINA
30709;17;SPRINTER;311;1997...2012;;FURGÃO/VAN-BITOLA 70X18/COMP 740X753/OLHETE INVERTIDO 46,5MM/OLHETE BERLIM 30,5 S/BUCHA - 1ª LÂMINA
30710;17;SPRINTER;312;1997...2012;;FURGÃO/VAN-BITOLA 70X18/COMP 740X753/OLHETE INVERTIDO 46,5MM/OLHETE BERLIM 30,5 S/BUCHA - 1ª LÂMINA
30711;17;SPRINTER;313;1997...2012;;FURGÃO/VAN-BITOLA 70X18/COMP 740X753/OLHETE INVERTIDO 46,5MM/OLHETE BERLIM 30,5 S/BUCHA - 1ª LÂMINA
30712;17;SPRINTER;310;1997...2012;;FURGÃO / VAN  - BITOLA 70X20 / COMP 685X695 / PARABÓLICA / CHANFRADAS - 2ª LÂMINA
30713;17;SPRINTER;311;1997...2012;;FURGÃO / VAN  - BITOLA 70X20 / COMP 685X695 / PARABÓLICA / CHANFRADAS - 2ª LÂMINA
30714;17;SPRINTER;312;1997...2012;;FURGÃO / VAN  - BITOLA 70X20 / COMP 685X695 / PARABÓLICA / CHANFRADAS - 2ª LÂMINA
30715;17;SPRINTER;313;1997...2012;;FURGÃO / VAN  - BITOLA 70X20 / COMP 685X695 / PARABÓLICA / CHANFRADAS - 2ª LÂMINA
30716;17;SPRINTER;310;1997...2012;;FURGÃO / VAN  - BITOLA 110X12 / L 1.296 / PARABÓLICA CHANFRADAS - 1ª LÂMINA
30717;17;SPRINTER;311;1997...2012;;FURGÃO / VAN  - BITOLA 110X12 / L 1.296 / PARABÓLICA CHANFRADAS - 1ª LÂMINA
30718;17;SPRINTER;312;1997...2012;;FURGÃO / VAN  - BITOLA 110X12 / L 1.296 / PARABÓLICA CHANFRADAS - 1ª LÂMINA
30719;17;SPRINTER;313;1997...2012;;FURGÃO / VAN  - BITOLA 110X12 / L 1.296 / PARABÓLICA CHANFRADAS - 1ª LÂMINA
30720;9;JEEP;;1986...1989;;ORIGINAL 6 LÂMINAS
30721;26;FUSCA;1200 / 1300;1956...1983;;COM EIXO E BATENTE ORIGINAL 6 LÂMINAS
30722;26;KARMANN GHIA;1200 / 1500;1956...1976;;ORIGINAL 6 LÂMINAS
30723;26;KOMBI;;1960...;;ORIGINAL COM 9 LÂMINAS
30724;26;FUSCA;1300 / 1500 / 1600;1969...1996;;REFORÇADO - 10 LÂMINAS
30725;26;KARMANN GHIA;1600;1969...1976;;REFORÇADO - 10 LÂMINAS
30726;26;SP1;;1972...1974;;REFORÇADO - 10 LÂMINAS
30727;26;SP2;;1972...1974;;REFORÇADO - 10 LÂMINAS
30728;26;FUSCA;1300 / 1500 / 1600;1969...1996;;REFORÇADO - 8 LÂMINAS
30729;26;KARMANN GHIA;1600;1969...1976;;REFORÇADO - 8 LÂMINAS
30730;26;SP1;;1972...1974;;REFORÇADO - 8 LÂMINAS
30731;26;SP2;;1972...1974;;REFORÇADO - 8 LÂMINAS
30732;10;TEMPRA;;1992...04.1994;8V;
30733;11;ROYALE;TODOS OS MODELOS;1992...1996;;
30734;11;VERSAILLES;TODOS OS MODELOS;1992...1996;;
30735;26;SANTANA;TODOS OS MODELOS;1984...2006;;
30736;10;TEMPRA;;05.1994...09.1997;8V;
30737;10;TEMPRA;;1992...09.1997;16V;
30738;10;FIORINO;FURGÃO - LONGO - EXCETO TREKKING / WORKING;1993...;;
30739;10;FIORINO;PICK-UP - LONGO - EXCETO TREKKING / WORKING;1993...;;
30740;10;FIORINO;PICK-UP - WORKING / TREKKING;1996...;;
30741;10;PALIO;;1996...1997;1.0 / 1.5 / 1.6;
30742;10;SIENA;IMPORTADO;1997...;;
30743;5;VECTRA;GSI;1994...03.1996;16V;
30744;5;KADETT;GSI / SPORT;1991...1998;;
30745;8;ESPERO;CD;1994...1997;2.0;
30746;5;ASTRA;GLS  MPFI / SW;1995...1997;2.0;
30747;10;PALIO WEEKEND;;1996...1997;;
30748;10;STRADA;TODOS OS MODELOS;1999...2001;;
30749;10;TEMPRA;;10.1997...1998;8V / 16V;
30750;26;PARATI;MODELOS ANTIGOS;10.1983...1995;;
30751;17;ATEGO 2426;6X2;...;;CAMINHÃO
30752;17;ATEGO 3026;8X2;...;;CAMINHÃO
30753;17;ATEGO 3030;8X2;...;;CAMINHÃO
30754;5;VECTRA;;04.1996...06.2005;2.0 / 2.2;
30758;26;CROSSFOX;TODOS OS MODELOS;2005...2014;;
30759;26;SPACE CROSS;TODOS OS MODELOS;2012...2014;;
30760;11;FOCUS;TODOS OS MODELOS;2001...08.2008;;
30761;4;A3;EXCETO TIPTRONIC / TURBO;1996...2006;;
30762;26;BORA;EXCETO TIPTRONIC / TURBO;2000...2011;;
30763;26;GOLF;SÉRIE 4 / 5 - EXCETO TIPTRONIC E TURBO;08.1998...2013;;
30764;26;JETTA;IV;08.1998...2006;;
30765;26;NEW BEETLE;EXCETO TIPTRONIC / TURBO;1998...2011;;
30767;11;ECOSPORT;4X2 / 4X4 (1ª GERAÇÃO)  - CÂMBIO AUTOMÁTICO / MANUAL;2003...2012;;EXCETO NEW
30768;7;C3 PICASSO;TODOS OS MODELOS;2011...;;
30769;7;AIRCROSS;TODOS OS MODELOS;2010...2017;;
30770;7;C3;TODOS OS MODELOS - EXCETO PICASSO;2003...2012;;
30776;5;JOY;HATCH;2020...;;
30777;5;JOY PLUS;SEDAN;2020...;;
30778;5;ONIX;EXCETO ACTIV;2012...2019;1.0 / 1.4;
30779;5;PRISMA;2ª  GERAÇÃO;2012...2019;;
30784;5;SPIN;TODOS OS MODELOS;2012...;;INCLUSIVE ACTIVE  - ECONOFLEX -
30785;20;208;GT - THP TURBO;2016...;1.6;
30786;26;CROSSFOX;;2015...;;
30787;26;SPACE CROSS;;2015...;;
30788;12;ACCORD;7ª GERAÇÃO;2005...2007;;
30789;5;COBALT;;2011...2020;;
30790;11;KA;EXCETO NOVO KA / KA+;07.2011...2013;;
30791;13;AZERA;TODOS OS MODELOS;2007...2010;;
30801;5;ONIX;ACTIV;2016...2019;;
30803;7;AIRCROSS;;2018...;;
30805;43;CIELO;;2010...;;
30806;24;HILUX;PICK-UP;2016...;;
30807;7;C4 LOUNGE;;2014...2019;;
30809;24;YARIS;HATCH  - CÂMBIO AUTOMÁTICO / MANUAL;2018...;;
30810;24;YARIS;SEDAN  - CÂMBIO AUTOMÁTICO / MANUAL;2018...;;
30811;11;ECOSPORT;2ª  GERAÇÃO;2012...;;4X2
30812;27;320I;;1998...2006;;PLATAFORMA (E46)
30813;27;323I;;1998...2006;;PLATAFORMA (E46)
30814;27;325I;;1998...2006;;PLATAFORMA (E46)
30815;27;328I;;1998...2006;;PLATAFORMA (E46)
30816;27;330I;;1998...2006;;PLATAFORMA (E46)
30819;5;ONIX PLUS;;2020...;;
30820;17;ACTROS 2644;;...;;
30821;17;ACTROS 2646;;...;;
30822;17;ACTROS 2648;;...;;
30823;17;ACTROS 2651;;...;;
30824;17;ACTROS 2653;;...;;
30825;17;ACTROS 2655;;...;;
30826;17;ACTROS 3355;;...;;
30827;17;ACTROS 4144;;...;;
30828;17;AXOR 2533;;...;;
30829;17;AXOR 3341;;...;;
30858;12;CITY;EXETO SPORT;2009...2014;;
30859;12;FIT;EXCETO TWIST;2009...2013;;
30860;11;KA;TODOS OS MODELOS;2007...06.2011;;
30861;12;CIVIC;TODOS OS MODELOS EX / EL / LX;1996...2000;1.6;
30862;12;CIVIC;TODOS OS MODELOS EX / LX / ELX;2001...2005;1.7;
30863;12;CIVIC;TODOS OS MODELOS;1992...1995;;
30864;12;CIVIC;8ª GERAÇÃO - EXCETO SI;2006...2011;;
30865;5;CORSA;;06.2002...2008;;
30866;5;PRISMA;TODOS OS MODELOS;2007...2009;;
30867;7;XSARA PICASSO;TODOS OS MODELOS;2001...2012;;
30868;5;CARAVAN;TODOS OS MODELOS;09.1987...1993;;
30869;5;OPALA;2 E 4 PORTAS;09.1987...1992;;
30871;11;DEL REY;;11.1989...1991;1.8;
30872;5;ASTRA;GLS / MPFI;1995...1997;2.0;
30873;11;ESCORT;GL / L / GHIA - EXCETO ZETEC / XR3 / XR3 CONVERSÍVEL;1993...1996;;
30874;11;VERONA;TODOS OS MODELOS;12.1992...1996;;
30875;26;LOGUS;TODOS OS MODELOS;1992...1997;;
30876;26;POINTER;TODOS OS MODELOS;1992...1996;;
30878;11;KA;TODOS OS MODELOS;1997...2007;1.0 / 1.3 / 1.6;
30883;21;SYMBOL;TODOS OS MODELOS;2009...2013;;
30885;11;ESCORT;GL / GLX / RS - ZETEC;09.1996...1998;1.6 / 1.8;
30886;19;FRONTIER;4X4;2002...2007;;
30887;19;FRONTIER;4X2;2002...2007;;
30888;18;PAJERO;IO - (EXCETO FULL);2000...;;
30890;19;XTERRA;TODOS OS MODELOS;2002...2008;;
30891;11;FIESTA;SEDAN - STREET;2001...2004;1.0 / 1.6;
30892;10;IDEA;EXCETO ADVENTURE;2005...;;
30893;10;LINEA;;2008...;;
30896;10;IDEA;ADVENTURE;2006...;;
30897;21;MEGANE;TODOS OS MODELOS - EXCETO SW;2006...2010;;
30898;15;BESTA;GS - 12 LUGARES;1997...2006;;
30899;15;BESTA;GS GRAND - 16 LUGARES;1997...2006;;
30900;24;HILUX;4X4;1996...2004;;
30904;5;CLASSIC;;2009...;;
30905;5;CORSA;;2009...;;
30906;5;PRISMA;TODOS OS MODELOS;2010...2012;;
30907;26;SAVEIRO;5ª E 6ª GERAÇÕES - TODOS OS MODELOS;2008...;1.6 / 1.8;
30909;10;BRAVO;TODOS OS MODELOS;2010...2017;;
30912;10;PALIO;2ª  GERAÇÃO - EXCETO SPORTING;2011...;;
30915;18;PAJERO;DAKAR;2009...;;
30916;10;PUNTO;ESSENCE;2010...;1.6 / 1.8;
30917;10;PUNTO;SPORTING;2010...;1.6 / 1.8;
30918;10;PUNTO;TRITEC SPORTING;2010...;1.6 / 1.8;
30919;10;PALIO;SPORTING;2011...;;
30920;18;ASX;TODOS OS MODELOS - EXCETO OUTDOOR;2011...;;
30921;18;OUTLANDER;TODOS OS MODELOS - EXCETO CW5W;07.2009...2013;;
30927;18;LANCER;TODOS OS MODELOS FABRICADOS NO BRASIL;07.2014...;;
30928;10;UNO;TODOS OS MODELOS;2015...;;
30929;19;SENTRA;TODOS OS MODELOS;2007...2012;;
30931;19;TIIDA;TODOS OS MODELOS;2007...2013;;
30932;19;FRONTIER;TODOS OS MODELOS;2008...2017;;
30933;26;AMAROK;TODOS OS MODELOS;2010...;;
30934;11;RANGER;TODOS OS MODELOS;2012...2018;;
30936;26;JETTA;;2006...2011;2.5;
30937;15;PICANTO;TODOS OS MODELOS;2006...2011;;
30938;19;VERSA;TODOS OS MODELOS;2011...;;
30941;12;CIVIC;9ª GERAÇÃO - EXCETO SI;2011...07.2016;1.8 / 2.0;
30942;18;OUTLANDER;TODOS OS MODELOS - EXCETO CW5W;2007...06.2009;;
30943;19;GRAND LIVINA;TODOS OS MODELOS;2009...;;
30944;24;RAV4;TODOS OS MODELOS;2006...2012;;
30945;13;IX35;4X2 - TODOS OS MODELOS;2010...2015;;
30946;15;SPORTAGE;4X2 - TODOS OS MODELOS;2011...2015;;
30947;21;FLUENCE;TODOS OS MODELOS - EXCETO TURBO;2011...;;
30948;19;LIVINA;TODOS OS MODELOS;2009...;;
30949;21;CLIO;;2012...;1.0;
30952;11;FUSION;TODOS OS MODELOS;2006...2009;;
30953;42;JOURNEY;;2011...;;
30955;26;TIGUAN;TODOS OS MODELOS;2010...2017;;
30956;13;AZERA;TODOS OS MODELOS;2013...;;
30957;21;KANGOO;EXPRESS (FURGÃO);1999...2018;1.0 / 1.6 - 8V / 16V;
30958;21;KANGOO;PASSAGEIRO;1999...2018;1.0 / 1.6 - 8V / 16V;
30959;43;QQ;TODOS OS MODELOS;2011...2015;;
30961;15;SORENTO;4X4;2004...2009;;
30963;20;308;TODOS OS MODELOS - EXCETO TURBO;2012...;;
30964;17;SPRINTER;SÉRIE 515 - TODAS;2012...;;
30965;17;SPRINTER;SÉRIE 415 - TODAS;2012...;;
30966;15;CERATO;;2009...2013;;
30967;18;PAJERO;FULL;2000...;3.8 / 3.2;
30968;21;MASTER;;03.2013...;;
30971;43;TIGGO;;2009...;;
30972;13;ELANTRA;;2011...2016;;
30973;21;CAPTUR;TODOS OS MODELOS;2017...;;
30975;18;ASX;OUTDOOR;2016...;;
30976;43;CELER;TODOS OS MODELOS;2013...2015;;
30977;12;HR-V;;2015...09.2018;;
30978;12;CITY;;2014...;;
30979;12;FIT;;2014...;;
30980;24;COROLLA;TODOS OS MODELOS;03.2014...2019;;INCLUSIVE XRS  - (OBS. 11º GERAÇÃO) -
30981;24;ETIOS;TODOS OS MODELOS;2012...;;EXCETO CROSS
30984;26;GOLF;GVI HIGHLINE;09.2013...;1.4;
30985;26;GOLF;HIGHLINE / CONFORTLINE;2013...;1.4 TSI TURBO;
30986;23;GRAND VITARA;TODOS OS MODELOS;2010...2016;;
30987;23;VITARA;1.6L;2010...2016;;
30988;23;VITARA;1.9DDIS;2010...2016;;
30989;23;VITARA;2.6L0;2010...2016;;
30991;11;FUSION;;2009...2012;;
30992;10;ARGO;TREKKING;2017...;;
30993;21;LOGAN;;2014...;;
30995;32;XC60;T5 / T6;2008...2018;;SEM AUTO SUSPENSÃO DE NIVELAMENTO
30996;13;VELOSTER;;2011...2014;;
30997;15;PICANTO;;2011...2016;;
30998;24;PRIUS;;2016...;;
31000;27;X1;E84;2009...2015;;
31001;13;SONATA;;2011...2014;2.4 24V;
31002;11;FOCUS;;2014...2018;;
31003;20;3008;;2018...;;
31004;20;5008;;2018...;;
31005;78;COOPER;R56 E R57;2006...2014;;
31006;4;A4;B8;2007...;;
31007;7;JUMPY;;2018...;;
31008;20;EXPERT;;2018...;;
31009;5;TRAILBLAZER;;2012...2020;2.8;
31010;5;TRAILBLAZER;;2012...2020;3.6;
31011;12;CIVIC;10ª G (EXCETO GSI);2017...;;
31013;14;EUROTECH;CAMINHÃO;...;;COM MOLA
31014;14;STRALIS;CAMINHÃO;...;;COM MOLA
31015;39;T6;;2015...2018;;
31016;39;T40;;2018...;;
31017;39;T5;;2016...2019;;
31018;39;T50;;2019...;;
31021;15;SOUL;;2016...;;
31022;17;ATEGO;;...;;COM MOLA
31024;32;XC60;;2018...;;
31025;4;A1;1ª GERAÇÃO;2011...2018;;
31027;26;CONSTELLATION;CAMINHÃO;...;;
31028;26;FUSCA;(BEETLE);2013...2016;;
31029;18;L200;TRITON;2017...;;
31030;11;EDGE;TODOS OS MODELOS;2007...2014;;
31031;14;STRALIS 330;;2012...;;COM MOLA
31032;14;STRALIS 360;;2012...;;COM MOLA
31033;14;STRALIS 400;;2012...;;COM MOLA
31034;14;STRALIS 440;;2012...;;COM MOLA
31035;14;STRALIS 480;;2012...;;COM MOLA
31036;14;STRALIS 560;;2012...;;COM MOLA
31037;14;TRAKKER 440;;2012...;;COM MOLA
31038;14;TRAKKER 480;;2012...;;COM MOLA
31039;43;ARRIZO 5;;2019...;;
31040;43;ARRIZO 5E;;2019...;;
31041;43;ARRIZO 6;;2019...;;
31042;26;TIGUAN;ALLSPACE;2018...;;
31043;5;CRUZE;2ª  GERAÇÃO;2017...;;
31044;24;COROLLA;ALTIS HYBRID;2020...;1.8;
31045;24;COROLLA;ALTIS PREMIUM HYBRID;2020...;1.8;
31047;13;SANTA FÉ;TODOS OS MODELOS;2007...2009;;
31051;24;COROLLA;TODOS OS MODELOS;2009...02.2014;;INCLUSIVE XRS  - (OBS.GERAÇÃO III NO BRASIL) -
31052;24;HILUX;SW4;2005...05.2014;;
31053;12;CR-V;LX / ELX / EXL;2008...2011;;
31054;5;TRACKER;TODOS OS MODELOS;2001...2011;;
31055;23;GRAND VITARA;TODOS OS MODELOS;1998...2008;;
31056;5;SUPREMA;;1993...1996;3.0 / 4.1 - 6CC;
31057;11;COURIER;;1997...2013;1.3 / 1.4 / 1.6;
31058;5;ASTRA;TODOS OS MODELOS;1998...2011;;
31059;10;PALIO;RST I / II/ III / YOUNG / WAY;1996...;1.0 / 1.3 / 1.4 / 1.5 / 1.6 / 1.8R;
31060;10;SIENA;RST I / II / III;1997...;;
31061;18;PAJERO;TODOS OS MODELOS SPORT;2006...;;
31062;24;COROLLA;TODOS OS MODELOS;2003...2008;;
31063;24;COROLLA FIELDER;TODOS OS MODELOS;2004...2006;;
31064;20;206;;1999...2010;1.0 / 1.4 / 1.6;
31065;5;VECTRA;GT / GTX;2007...2011;;
31066;20;207 SW;ESCAPADE;2008...2014;;
31068;5;VECTRA;TODOS OS MODELOS - EXCETO GT;2006...2011;;
31069;20;207;SEDAN;2008...2014;1.4 / 1.6;
31070;20;207 SW;;2008...2014;1.4 / 1.6;
31071;20;HOGGAR;TODOS OS MODELOS;2010...2014;;
31072;20;206 SW;EXCETO ESCAPADE;2005...2009;;
31073;20;207 SW;EXCETO ESCAPADE;2005...2009;;
31074;10;SIENA;SPORTING;2010...2012;;
31076;5;MERIVA;TODOS OS MODELOS;2002...2012;;
31077;5;CRUZE;1ª GERAÇÃO;2011...05.2016;;
31079;11;F-1000;INCLUSIVE ARGENTINA;05.1992...1996;;
31080;5;S10;4X4;1995...06.2006;;
31081;5;S10;4X2;1995...06.1999;;
31082;10;TEMPRA SW;;1995...1997;;
31083;10;TIPO;;1993...1997;1.6 / 2.0;
31084;11;RANGER;COM BARRA DE TORÇÃO - ARGENTINA;1996...1997;2.3;
31085;10;STRADA;TODOS OS MODELOS - EXCETO ADVENTURE III LOCKER (EXCETO 2º GERAÇÃO);1999...2020;;
31086;11;F-1000;REGULAR CABINE / XL / XLT;1997...1998;4.9I;
31087;42;DAKOTA;CABINE SIMPLES / CABINE SIMPLES E EXTENDIDA;1998...2001;2.5 / 3.9 V6 / 5.2;
31089;5;S10;4X2 / 4X4;1995...06.2006;;
31090;21;SCENIC;TODOS OS MODELOS - EXCETO GRAND SCENIC;1999...2011;;
31091;2;155;;1995...1999;;
31092;10;COUPE;;1995...1997;2.0;
31093;10;MAREA;;1998...2008;1.6 / 1.8 / 2.0 / 2.4;
31094;10;MAREA WEEKEND;;1998...2008;1.6 / 1.8 / 2.0 / 2.4;
31096;10;PALIO WEEKEND;RST I / II / III / TREKKING;1996...;;
31097;10;DOBLO;CARGO;2001...;;EXCETO ADVENTURE
31098;11;PAMPA;4X4;11.1989...1997;;
31099;11;PAMPA;4X2;11.1989...1997;;
31100;5;BLAZER;4X2;07.1999...2011;2.5 / 2.2 / 4.3 - 4CC / 6CC;
31101;5;S10;4X2;07.1999...06.2006;;
31102;18;PAJERO;SPORT - TODOS OS MODELOS;2006...;;
31103;11;F-350;N 4X2 7.3;1996...;;
31104;11;F-250;XLT / SUPER DUTY / XL - 4X2;1998...2006;;
31106;5;BLAZER;4X2;1995...06.1999;2.2 / 2.4 / 2.5 / 4.3;
31107;5;BLAZER;4X4;1995...2011;6CC DIESEL;
31108;5;BLAZER;4X4;1995...2011;6CC GASOLINA;
31109;11;PAMPA;4X2 / 4X4;11.1989...1997;;
31110;11;BELINA II;4X2;1989...1991;1.8;
31111;11;F-1000;;04.1990...04.1992;;
31112;14;DAILY 55.16;GL;2008...2012;;
31113;14;DAILY 55.17;GL;2013...;;
31114;14;DAILY 70C16;GL;2008...;;
31116;10;DUCATO;TODOS OS MODELOS - 10 FURGÃO / 15 CARGO;1998...2016;;
31117;20;BOXER;TODOS OS MODELOS;1997...2017;;
31118;14;DAILY 35.10;TODOS OS MODELOS;1999...2008;;
31119;14;DAILY 35S14;TODOS OS MODELOS;1999...2008;;
31120;14;DAILY 49.10;TODOS OS MODELOS;1999...2008;;
31121;14;DAILY 49.12;TODOS OS MODELOS;1999...2008;;
31122;14;DAILY 35.10;TODOS OS MODELOS  (EXCETO AMBULÂNCIA);1999...2008;;
31123;14;DAILY 35S14;TODOS OS MODELOS  (EXCETO AMBULÂNCIA);...;;
31124;14;DAILY 45S14;TODOS OS MODELOS  (EXCETO AMBULÂNCIA);...;;
31125;14;DAILY 49.10;TODOS OS MODELOS  (EXCETO AMBULÂNCIA);1999...2008;;
31126;14;DAILY 49.12;TODOS OS MODELOS  (EXCETO AMBULÂNCIA);1999...2008;;
31127;14;DAILY 55.16;TODOS OS MODELOS  (EXCETO AMBULÂNCIA);2008...;;
31128;14;DAILY 55.17;TODOS OS MODELOS  (EXCETO AMBULÂNCIA);2013...;;
31129;14;DAILY 70C16;TODOS OS MODELOS  (EXCETO AMBULÂNCIA);...;;
31130;21;MASTER;MINIBUS;2002...2012;;
31131;21;MASTER;FURGÃO;2002...2012;;
31132;21;MASTER;MINUBUS;2002...2012;;
31134;14;DAILY 59.12;;2002...2004;;
31135;14;DAILY 60.12;;2002...2004;;
31136;14;SCUDATO 50.12;;2001...;;
31137;14;DAILY 59.12;GL;2002...2004;;
31138;14;DAILY 60.12;GL;2002...2004;;
31139;14;SCUDATO 50.12;GL;2001...;;
31140;21;MEGANE;IMPORTADA;1996...2005;1.6 / 2.0;
31143;10;DOBLO;EXCETO ADVENTURE;2001...;;
31145;11;F-4000;REPOWERING;1998...;;
31146;7;C4;EXCETO PICASSO / LOUNGE / GRAND PICASSO / VTR;2007...2014;;
31147;20;307;TODOS OS MODELOS;2002...2012;;
31148;5;CAPTIVA;TODOS OS MODELOS;2008...2013;;
31149;10;PALIO WEEKEND;ADVENTURE II LOCKER;07.2008...;;
31150;10;STRADA;ADVENTURE III LOCKER (EXCETO 2º GERAÇÃO);2008...2020;;
31151;7;JUMPER;;2019...;;
31152;20;BOXER;;2019...;;
31154;14;VERTIS;;2010...2011;;
31155;18;L200;TRITON - COM SUSPENSÃO SDS;2013...2016;;
31158;11;F-4000;EXCETO REPOWERING;1998...;;
31159;11;F-250;MOTORES MWM / CUMMINS - 4X2;2004...;;
31161;11;RANGER;TODOS OS MODELOS;11.1997...2012;;
31162;17;SPRINTER;408 / 410 / 412 / 413 / 414;2000...2012;;
31168;42;RAM 2500;;2001...;;
31169;5;S10;;2018...;;
31170;26;6.160;DELIVERY;2017...;;
31174;5;BLAZER;4X2;1995...2011;DIESEL 2.5 / 4.3 - GAS. 2.2;
31175;5;S10;4x2;1995...2011;DIESEL 2.5 / 4.3 - GAS. 2.2;
31176;5;BLAZER;4X2 / 4X4 - TODOS;1995...2011;;
31177;5;BLAZER;4x4;1995...;DIESEL / GASOLINA;
31178;5;S10;4x4;1995...2011;;CABINE SIMPLES / DUPLA
31179;5;S10;4X2 / 4X4;1995...2011;;CABINE SIMPLES / DUPLA
31180;11;RANGER;XL / XLT;1996...1997;;
31181;25;T4;;1998...2000;;APLICADO NA TRASEIRA
31182;25;T4;;2001...;;APLICADO NA DIANTEIRA / TRASEIRA
31183;11;F-1000;XL / XLT;1997...1998;4.9i TURBO DIESEL;
31184;11;F-1000;XL / XLT;1992...1998;4.9i TURBO DIESEL;
31185;11;F-1000;4x4 - XL / XLT;...1998;TURBO DIESEL;
31186;25;T4;;2009...2014;;
31188;25;T4;;2015...;;
31190;26;SANTANA;EXCETO MODELO EXECUTIVO;1984...2006;;
31191;26;SANTANA;MODELO EXECUTIVO;1989...1991;;
31192;43;TIGGO 2;ACT;2018...2019;1.5;
31193;43;TIGGO 2;LOOK;2018...2019;1.5;
31194;11;ESCORT;HOBBY / GUARUJÁ - GL / L / GHIA  / XR3 / XR3 SEM AR / XR3 CONVERSÍVEL;1984...1996;1.6 / 1.8;
31195;11;VERONA;TODOS OS MODELOS;1989...11.1992;;
31200;11;KA;;1997...2007;1.0 / 1.3 / 1.6;
31206;10;STRADA;RST I / II / III;2001...2020;1.3 / 1.4 / 1.5 / 1.6 / 1.8;
31207;10;PALIO;R;2005...2010;1.8;
31208;10;PALIO;RST I / II;2001...2006;1.0 / 1.3 / 1.4 / 1.5 / 1.6 / 1.8;
31209;10;PALIO WEEKEND;RST I / II;2001...2010;1.0;
31210;10;SIENA;RST I / II;2001...;1.0;
31211;10;PALIO;RST III;2007...;;INCLUSIVE DUALOGIC
31212;10;PALIO;WAY;2013...;;
31213;10;PALIO WEEKEND;RST I / II / III;2001...;1.3 / 1.4 / 1.5 / 1.6 / 1.8;INCLUSIVE DUALOGIC
31214;10;SIENA;RST I / II / III;2001...;;EXCETO MOTOR 1.0
31215;5;CORSA;;06.2002...2012;;
31217;20;206;HATCH;1999...2010;1.0 / 1.4 / 1.6;
31218;5;MONTANA;FRENTE CORSA;03.2003...2009;;
31219;10;PALIO WEEKEND;ADVENTURE RST I / II / TREKKING;2001...;;
31220;10;PALIO WEEKEND;TREKKING;2008...;;
31221;5;CLASSIC;;2003...;;
31222;5;PRISMA;TODOS OS MODELOS;2007...2012;;
31223;11;FIESTA;TODOS OS MODELOS - EXCETO NEW FIESTA;2003...;;
31226;5;AGILE;TODOS OS MODELOS;2009...2014;;
31241;20;208;COM TRANSMISSÃO MECÂNICA - EXCETO GT;2013...;;
31243;24;ETIOS;TODOS OS MODELOS - CÂMBIO 5 MARCHAS (EXCETO CROSS);2012...2016;;
31244;19;MARCH;TODOS OS MODELOS;2011...2016;;
31250;21;OROCH;TODOS OS MODELOS COM TRANSMISSÃO MECÂNICA;2015...;;
31251;21;OROCH;TODOS OS MODELOS COM TRANSMISSÃO AUTOMÁTICA;2015...;;
31253;5;ONIX;ACTIV;2016...;;
31260;19;KICKS;TODOS OS MODELOS;2016...;;
31262;19;MARCH;;2017...;;
31263;24;YARIS;HATCH  - CÂMBIO AUTOMÁTICO;2018...;;
31264;24;YARIS;SEDAN  - CÂMBIO AUTOMÁTICO;2018...;;
31265;84;320;;2010...2014;;
31267;11;FUSION;4X4;2009...2012;;(COM ASSENTO DE MOLA REDONDO)
31270;26;POINTER;TODOS OS MODELOS;1994...1996;;
31271;10;MAREA;;1998...2007;2.0;
31272;10;MAREA WEEKEND;;1998...2007;2.0;
31273;10;PALIO;;1996...2000;1.0 / 1.3 / 1.5 / 1.6;
31274;10;PALIO;YOUNG;2001...04.2008;;
31275;10;SIENA;TODOS OS MODELOS;1997...2000;;
31276;10;PALIO WEEKEND;;1996...2000;;
31277;10;PALIO WEEKEND;ADVENTURE;1999...2000;1.6;
31278;10;MAREA;;1999...2008;1.6 / 1.8;
31279;10;MAREA WEEKEND;;1999...2008;1.6 / 1.8;
31280;10;MAREA;;2000...2007;2.4;
31281;10;MAREA WEEKEND;;2000...2007;2.4;
31282;10;STILO;;2002...2010;1.8;
31285;26;FOX;COM E SEM SUPORTE DA BARRA ESTABILIZADORA;2003...2009;1.0 / 1.6;
31286;26;POLO;HATCH;2002...2014;;
31287;26;POLO;SEDAN - TODOS OS MODELOS;2002...2014;;
31288;26;SPACEFOX;TODOS OS MODELOS;2006...;;
31291;12;CIVIC;TODOS OS MODELOS;2001...2002;;
31292;7;XSARA;TODOS OS MODELOS / GLX - EXCETO BREAK;07.1997...2003;1.8 16V;
31293;7;XSARA PICASSO;TODOS OS MODELOS - EXCETO GRAND PICASSO;2001...2012;;
31294;5;VECTRA;EXCETO AUTOMÁTICO;2006...2011;;
31295;5;VECTRA;AUTOMÁTICO;2006...2011;2.0 / 2.4;
31297;10;BRAVO;TRITEC SPORTING / TJET;2010...2017;1.8 / 1.4;
31301;10;BRAVO;EXCETO SPORTING / TJET;2010...2017;1.8 TRITEC;
31306;18;OUTLANDER;TODOS OS MODELOS - EXCETO CW5W;2007...2013;;
31311;39;J3;TODOS OS MODELOS;2011...;;
31312;12;CIVIC;9ª GERAÇÃO;2011...07.2016;1.8;DIÂMENTRO DO FURO DE FIXAÇÃO 14MM
31313;13;IX35;4X2;2010...2015;;
31314;15;SPORTAGE;4X2;2011...2015;;
31317;15;CERATO;TODOS OS MODELOS - 2ª GERAÇÃO;2009...2013;;
31318;11;FOCUS;2ª GERAÇÃO;09.2008...05.2013;;
31320;42;JOURNEY;;2009...;;
31321;10;500;CULT;2011...;;(EXCETO ABARTH 1.4 TURBO)  - FABRICADO NO MÉXICO -
31325;12;CIVIC;9ª GERAÇÃO - EXCETO SI;2011...07.2016;2.0;
31328;10;ARGO;TODOS OS MODELOS  - CÂMBIO AUTOMÁTICO / MANUAL;2017...;;EXCETO TREKKING
31333;10;UNO;TODOS COM BARRA ESTABILIZADORA;2017...;;
31334;10;ARGO;TREKKING  - CÂMBIO AUTOMÁTICO / MANUAL;2019...;1.3 / 1.8;
31335;17;C-CLASS;CHASSI - W204;2008...2014;;
31337;13;SONATA;Ø DO FURO DE FIXAÇÃO DE 14 MM;2010...2014;;
31338;39;J5;;2010...2016;;
31339;39;J6;;2010...2016;;
31340;15;SPORTAGE;;2016...2018;;
31342;13;TUCSON;MODELO NOVO;2017...;;
31343;39;J2;;2011...;;
31344;39;J3;TURIN VVT;2011...;;CHASSI E42013323
31348;16;FREELANDER 2;;2006...2014;;
31349;5;CAMARO;SS;2010...2012;6.2 V8;
31350;43;ARRIZO 6;;2020...;;
31351;45;COMPASS;;2021...;1.3 TURBO;
31352;45;COMMANDER;FWD;2021...;FLEX;
31355;15;CERATO;TODOS OS MODELOS;2006...2008;;
31356;12;CITY;EXCETO SPORT;2009...2014;;
31357;12;FIT;INCLUSIVE TWIST;2009...2013;;
31358;13;TUCSON;TUCSON (EXCETO NEW TUCSON);2005...2018;;
31359;11;KA;EXCETO NOVO KA / KA+;2007...2013;;
31360;13;TUCSON;TODOS OS MODELOS (EXCETO NEW TUCSON);2005...2018;;
31361;15;SPORTAGE;TODOS OS MODELOS;2005...2010;;
31363;12;CIVIC;TODOS OS MODELOS EX / LX / ELX;2003...2005;1.7;
31364;24;COROLLA;TODOS OS MODELOS;1998...2002;1.8;
31815;26;5.140;DELIVERY;...;;CHASSI 2850MM / CHASSI 4300MM
31816;26;6.80;TODOS OS MODELOS;...03.1994;;
31817;26;6.90;TODOS OS MODELOS;...03.1994;;
31818;26;7.110;7 / 8 TONELADAS;...;;ÔNIBUS
31819;26;7.110;TODOS OS MODELOS;...03.1994;;
31820;26;7.120;7 / 8 TONELADAS;...;;ÔNIBUS
31821;26;7.90;TODOS OS MODELOS;...03.1994;;
31822;26;8.100;7 / 8 TONELADAS;...;;ÔNIBUS
31823;26;8.120;7 / 8 TONELADAS;...;;ÔNIBUS
31824;26;8.140;7 / 8 TONELADAS;...;;ÔNIBUS
31825;26;8.150;7 / 8 TONELADAS;...;;ÔNIBUS
31826;26;8.150;DELIVERY;...;;CHASSI 2850MM / CHASSI 4300MM
31827;34;MA-10.0;;...;;
31828;34;MA-12.0;;...;;
31829;17;O-500;;...;;
31830;38;K-112;;...;;
31831;38;K-124;;...;;
31832;38;110;CAMINHÃO;...;;
31833;38;111;CAMINHÃO;...;;
31834;38;B-110;ÔNIBUS;...;;
31835;38;K-112;ÔNIBUS;...;;
31836;38;T-112;R / T;...;;ÔNIBUS
31837;38;F-112;ÔNIBUS;...;;
31838;38;T-112;CAMINHÃO;...;;
31839;38;B-111;ÔNIBUS;...;;
31840;32;B-10;M;...;;ÔNIBUS
31841;32;FM-10;CAMINHÃO;...;;
31842;32;FM-12;CAMINHÃO;...;;
31843;32;N-10;CAMINHÃO;...;;
31844;32;N-12;CAMINHÃO;...;;
31845;11;F-100;;...;;
31846;11;BELINA;;...;;
31847;11;F-400;;...;;
31848;11;RANGER;;...;;
31849;17;O-370;ÔNIBUS;...;;
31850;17;O-371;ÔNIBUS;...;;
31851;17;O-400;ÔNIBUS;...;;
31852;26;AMAROK;;2012...;;"1-MANCAL; 1-ABRAÇADEIRA"
31853;26;GOL;;1985...1996;;"1-MANCAL; 1-ABRAÇADEIRA; 1-ARRUELA; 1-PARAFUSO; 1-PORCA"
31854;26;PARATI;;1981...1995;;"1-MANCAL; 1-ABRAÇADEIRA; 1-ARRUELA; 1-PARAFUSO; 1-PORCA"
31855;26;SAVEIRO;;1982...1997;;"1-MANCAL; 1-ABRAÇADEIRA; 1-ARRUELA; 1-PARAFUSO; 1-PORCA"
31856;26;VOYAGE;;1981...1995;;"1-MANCAL; 1-ABRAÇADEIRA; 1-ARRUELA; 1-PARAFUSO; 1-PORCA"
31857;26;GOL;;1980...1996;;"1-MANCAL; 1-ABRAÇADEIRA; 1-ARRUELA; 1-PARAFUSO; 1-PORCA"
31858;26;FOX;;2003...;;"1-MANCAL; 1-ABRAÇADEIRA; 2-ARRUELAS; 2-PORCAS"
31859;26;GOL;G5;2011...;;"1-MANCAL; 1-ABRAÇADEIRA; 2-ARRUELAS; 2-PORCAS"
31860;26;POLO;;2002...2015;;"1-MANCAL; 1-ABRAÇADEIRA; 2-ARRUELAS; 2-PORCAS"
31861;26;GOL;G5;2008...;;"1-MANCAL; 1-ABRAÇADEIRA; 2-ARRUELAS; 2-PORCAS"
31862;26;VOYAGE;;2008...;;"1-MANCAL; 1-ABRAÇADEIRA; 2-ARRUELAS; 2-PORCAS"
31863;22;IBIZA;;1999...2002;1.6;"1-MANCAL; 1-ABRAÇADEIRA; 1-ARRUELA; 1-PARAFUSO; 1-PORCA"
31864;22;IBIZA;GLX;1997...1999;;"1-MANCAL; 1-ABRAÇADEIRA; 1-ARRUELA; 1-PARAFUSO; 1-PORCA"
31865;26;GOLF;GL / GLX / GTI;1995...1998;;"1-MANCAL; 1-ABRAÇADEIRA; 1-ARRUELA; 1-PARAFUSO; 1-PORCA"
31866;26;KOMBI;;...;;"1-MANCAL; 2-ABRAÇADEIRAS"
31867;26;PASSAT;;1974...1989;;"1-MANCAL; 1-ABRAÇADEIRA; 1-ARRUELA; 1-PARAFUSO; 1-PORCA"
31868;26;QUANTUM;;1985...1988;;"1-MANCAL; 1-ABRAÇADEIRA; 1-ARRUELA; 1-PARAFUSO; 1-PORCA"
31869;26;SANTANA;;1984...1988;;"1-MANCAL; 1-ABRAÇADEIRA; 1-ARRUELA; 1-PARAFUSO; 1-PORCA"
31870;11;ROYALE;;1991...;;"1-MANCAL; 1-ABRAÇADEIRA; 2-ARRUELAS; 2-PORCAS; 2-PARAFUSOS"
31871;11;VERSAILLES;;1991...;;"1-MANCAL; 1-ABRAÇADEIRA; 2-ARRUELAS; 2-PORCAS; 2-PARAFUSOS"
31872;26;QUANTUM;;1985...;;"1-MANCAL; 1-ABRAÇADEIRA; 2-ARRUELAS; 2-PORCAS; 2-PARAFUSOS"
31873;26;SANTANA;;1984...;;"1-MANCAL; 1-ABRAÇADEIRA; 2-ARRUELAS; 2-PORCAS; 2-PARAFUSOS"
31874;26;SAVEIRO;;2010...;;"1-MANCAL; 1-ABRAÇADEIRA; 2-ARRUELAS; 2-PORCAS"
31875;26;VOYAGE;;2010...;;"1-MANCAL; 1-ABRAÇADEIRA; 2-ARRUELAS; 2-PORCAS"
31876;26;UP!;;2014...;;"1-MANCAL; 1-ABRAÇADEIRA"
31877;17;CLASSE A;;1998...;;"1-MANCAL; 1-ABRAÇADEIRA"
31878;10;DOBLO;;2002...;;"1-MANCAL; 1-ABRAÇADEIRA; 2-ARRUELAS; 2-PORCAS; 2-PARAFUSOS"
31879;10;PALIO WEEKEND;;...;1.0 / 1.5 / 1.6;"1-MANCAL; 1-ABRAÇADEIRA; 2-ARRUELAS; 2-PORCAS; 2-PARAFUSOS"
31880;10;DOBLO;;...;;"1-MANCAL; 1-ABRAÇADEIRA; 2-ARRUELAS; 2-PORCAS"
31881;10;PALIO;;...;;"1-MANCAL; 1-ABRAÇADEIRA; 2-ARRUELAS; 2-PORCAS"
31882;10;SIENA;;...;;"1-MANCAL; 1-ABRAÇADEIRA; 2-ARRUELAS; 2-PORCAS"
31883;10;STRADA;;...;;"1-MANCAL; 1-ABRAÇADEIRA; 2-ARRUELAS; 2-PORCAS"
31884;10;DOBLO;ADVENTURE;2002...;;"1-MANCAL; 2-ABRAÇADEIRAS"
31885;10;DOBLO;CARGO;2002...;;"1-MANCAL; 2-ABRAÇADEIRAS"
31886;10;ELBA;;1991...1996;;"1-MANCAL; 2-ABRAÇADEIRAS; 2-ARRUELAS; 2-PORCAS"
31887;10;FIORINO;;1991...2013;;"1-MANCAL; 2-ABRAÇADEIRAS; 2-ARRUELAS; 2-PORCAS"
31888;10;PREMIO;;1991...1994;;"1-MANCAL; 2-ABRAÇADEIRAS; 2-ARRUELAS; 2-PORCAS"
31889;10;UNO;;1991...1996;;"1-MANCAL; 2-ABRAÇADEIRAS; 2-ARRUELAS; 2-PORCAS"
31890;10;FIORINO;;1991...1993;;"1-MANCAL; 1-ABRAÇADEIRA; 2-ARRUELAS; 2-PORCAS"
31891;10;BRAVA;;1999...2003;;"1-MANCAL; 2-ABRAÇADEIRAS"
31892;10;MAREA;;1999...2007;;"1-MANCAL; 2-ABRAÇADEIRAS"
31893;10;PALIO;;1996...2000;1.0 / 1.3 / 1.5;"1-MANCAL; 1-ABRAÇADEIRA; 2-ARRUELAS; 2-PORCAS; 2-PARAFUSOS"
31894;10;PALIO;YOUNG;2001...2002;;"1-MANCAL; 1-ABRAÇADEIRA; 2-ARRUELAS; 2-PORCAS; 2-PARAFUSOS"
31895;10;PALIO WEEKEND;;2000...2000;1.3;"COM AR CONDICIONADO 1-MANCAL; 1-ABRAÇADEIRA; 2-ARRUELAS; 2-PORCAS; 2-PARAFUSOS"
31896;10;SIENA;;1998...2000;1.0 / 1.3 / 1.5;"1-MANCAL; 1-ABRAÇADEIRA; 2-ARRUELAS; 2-PORCAS; 2-PARAFUSOS"
31897;10;PALIO;;1996...2000;1.6 16V;"1-MANCAL; 1-ABRAÇADEIRA; 2-ARRUELAS; 2-PORCAS; 2-PARAFUSOS"
31898;10;PALIO;FIRE;2001...;;"1-MANCAL; 1-ABRAÇADEIRA; 2-ARRUELAS; 2-PORCAS; 2-PARAFUSOS"
31899;10;SIENA;;1998...2000;1.6 16V;"1-MANCAL; 1-ABRAÇADEIRA; 2-ARRUELAS; 2-PORCAS; 2-PARAFUSOS"
31900;10;PUNTO;;2008...;;"1-MANCAL; 2-ABRAÇADEIRAS"
31901;10;STILO;;2003...2011;;"1-MANCAL; 2-ABRAÇADEIRAS"
31902;10;TEMPRA;;1991...1998;;"1-MANCAL; 2-ABRAÇADEIRAS; 2-ARRUELAS"
31903;10;TEMPRA;;1992...1994;;"1-MANCAL; 2-ABRAÇADEIRAS; 2-ARRUELAS"
31904;10;TEMPRA;STILE;1995...1996;;"1-MANCAL; 2-ABRAÇADEIRAS; 2-ARRUELAS"
31905;10;TEMPRA;STILE TURBO;1994...1998;;"1-MANCAL; 2-ABRAÇADEIRAS; 2-ARRUELAS"
31906;10;TEMPRA;TURBO;1994...1995;;"1-MANCAL; 2-ABRAÇADEIRAS; 2-ARRUELAS"
31907;10;UNO;;2011...;;"1-MANCAL; 1-ABRAÇADEIRA; 2-ARRUELAS; 2-PORCAS; 2-PARAFUSOS"
31911;10;ELBA;;1991...1996;;"1-MANCAL; 1-ABRAÇADEIRA; 2-ARRUELAS; 2-PORCAS"
31912;10;PREMIO;;1991...1994;;"1-MANCAL; 1-ABRAÇADEIRA; 2-ARRUELAS; 2-PORCAS"
31913;10;UNO;;1991...1996;1.6;"1-MANCAL; 1-ABRAÇADEIRA; 2-ARRUELAS; 2-PORCAS"
31914;10;UNO;MILLE;1991...2013;;"1-MANCAL; 1-ABRAÇADEIRA; 2-ARRUELAS; 2-PORCAS"
31915;10;UNO;S / CS;1991...1996;;"1-MANCAL; 1-ABRAÇADEIRA; 2-ARRUELAS; 2-PORCAS"
31916;10;ELBA;;1996...1996;;"1-MANCAL; 1-ABRAÇADEIRA; 2-ARRUELAS; 2-PORCAS"
31917;10;FIORINO;;1988...2013;;"1-MANCAL; 1-ABRAÇADEIRA; 2-ARRUELAS; 2-PORCAS"
31918;10;PREMIO;;1985...1994;;"1-MANCAL; 1-ABRAÇADEIRA; 2-ARRUELAS; 2-PORCAS"
31919;10;UNO;;1984...1996;;"1-MANCAL; 1-ABRAÇADEIRA; 2-ARRUELAS; 2-PORCAS"
31921;5;ASTRA;;1999...2011;;"1-MANCAL; 1-ABRAÇADEIRA; 2-ARRUELAS; 2-PARAFUSOS"
31922;5;CORSA;;2002...2012;;"1-MANCAL; 1-ABRAÇADEIRA; 2-ARRUELAS; 2-PARAFUSOS"
31923;5;MERIVA;;2003...2012;;"1-MANCAL; 1-ABRAÇADEIRA; 2-ARRUELAS; 2-PARAFUSOS"
31924;5;MONTANA;;2002...2010;;"1-MANCAL; 1-ABRAÇADEIRA; 2-ARRUELAS; 2-PARAFUSOS"
31925;5;VECTRA;;1997...2011;;"1-MANCAL; 1-ABRAÇADEIRA; 2-ARRUELAS; 2-PARAFUSOS"
31926;5;MONTANA;;2002...2011;;"1-MANCAL; 1-ABRAÇADEIRA; 2-ARRUELAS; 2-PARAFUSOS"
31927;5;VECTRA;;2006...;;"1-MANCAL; 1-ABRAÇADEIRA; 2-ARRUELAS; 2-PARAFUSOS"
31928;5;BLAZER;;2011...2011;;"1-MANCAL; 1-ABRAÇADEIRA; 2-PORCAS; 2-PARAFUSOS"
31929;5;BLAZER;;1996...2011;;"1-MANCAL; 1-ABRAÇADEIRA; 2-PORCAS; 2-PARAFUSOS"
31930;5;COBALT;;2012...;;"1-MANCAL; 1-ABRAÇADEIRA; 2-ARRUELAS; 2-PORCAS; 2-PARAFUSOS"
31931;5;SPIN;;2012...;;"1-MANCAL; 1-ABRAÇADEIRA; 2-ARRUELAS; 2-PORCAS; 2-PARAFUSOS"
31932;5;CORSA;;1995...1996;;"1-MANCAL; 2-ABRAÇADEIRAS; 2-ARRUELAS; 2-PORCAS"
31933;5;CORSA PICK-UP;;1995...1996;;"1-MANCAL; 2-ABRAÇADEIRAS; 2-ARRUELAS; 2-PORCAS"
31934;5;CORSA SEDAN;;1995...1996;;"1-MANCAL; 2-ABRAÇADEIRAS; 2-ARRUELAS; 2-PORCAS"
31935;5;CORSA;;1997...1998;1.6;"1-MANCAL; 2-ABRAÇADEIRAS; 2-ARRUELAS; 2-PORCAS"
31936;5;CORSA;GSI;1995...1995;;"1-MANCAL; 2-ABRAÇADEIRAS; 2-ARRUELAS; 2-PORCAS"
31937;5;CORSA PICK-UP;;1997...1998;;"1-MANCAL; 2-ABRAÇADEIRAS; 2-ARRUELAS; 2-PORCAS"
31938;5;CORSA SW;;1997...1998;;"1-MANCAL; 2-ABRAÇADEIRAS; 2-ARRUELAS; 2-PORCAS"
31939;5;CRUZE;;2012...2016;;"1-MANCAL; 1-ABRAÇADEIRA"
31940;5;AGILE;;2009...2014;;"1-MANCAL; 2-ABRAÇADEIRAS"
31941;5;MONTANA;;2011...;;"1-MANCAL; 2-ABRAÇADEIRAS"
31942;5;OMEGA;;1993...1998;;"1-MANCAL; 1-ABRAÇADEIRA; 1-ARRUELA; 1-PARAFUSO"
31943;5;SUPREMA;;1993...1998;;"1-MANCAL; 1-ABRAÇADEIRA; 1-ARRUELA; 1-PARAFUSO"
31944;5;S10;;2001...;;"1-MANCAL; 1-ABRAÇADEIRA; 2-PORCAS; 2-PARAFUSOS"
31945;5;S10;;2012...;;"1-MANCAL; 1-ABRAÇADEIRA"
31946;5;S10;;1995...2000;;"1-MANCAL; 1-ABRAÇADEIRA; 2-PORCAS; 2-PARAFUSOS"
31947;5;S10;4X4;2001...;;"1-MANCAL; 1-ABRAÇADEIRA; 2-PORCAS; 2-PARAFUSOS"
31948;5;ONIX;;2012...;;"1-MANCAL; 1-ABRAÇADEIRA; 2-ARRUELAS; 2-PORCAS; 2-PARAFUSOS"
31949;5;PRISMA;;2013...;;"1-MANCAL; 1-ABRAÇADEIRA; 2-ARRUELAS; 2-PORCAS; 2-PARAFUSOS"
31950;5;ASTRA;;1995...1996;;"1-MANCAL; 1-ABRAÇADEIRA; 1-ARRUELA; 1-PARAFUSO; 1-PORCA"
31951;5;ASTRA SW;;1995...1995;;"1-MANCAL; 1-ABRAÇADEIRA; 1-ARRUELA; 1-PARAFUSO; 1-PORCA"
31952;5;VECTRA;;1994...1996;;"1-MANCAL; 1-ABRAÇADEIRA; 1-ARRUELA; 1-PARAFUSO; 1-PORCA"
31953;5;OMEGA;;1993...1998;;"1-MANCAL; 1-ABRAÇADEIRA; 1-ARRUELA; 1-PORCA; 1-PARAFUSO"
31954;5;OMEGA;AUSTRALIANO;1999...2004;;"1-MANCAL; 1-ABRAÇADEIRA; 1-ARRUELA; 1-PORCA; 1-PARAFUSO"
31955;5;SUPREMA;;1993...1998;;"1-MANCAL; 1-ABRAÇADEIRA; 1-ARRUELA; 1-PORCA; 1-PARAFUSO"
31956;5;VECTRA;;1997...2002;;"1-MANCAL; 1-ABRAÇADEIRA; 1-ARRUELA; 1-PORCA; 1-PARAFUSO"
31957;5;ZAFIRA;;2001...2012;;"1-MANCAL; 1-ABRAÇADEIRA; 2-ARRUELAS; 2-PARAFUSOS"
31958;11;BELINA II;;1977...1984;;"1-MANCAL; 2-ABRAÇADEIRAS; 2-ARRUELAS; 2-PORCAS"
31959;11;CORCEL II;;1977...1984;;"1-MANCAL; 2-ABRAÇADEIRAS; 2-ARRUELAS; 2-PORCAS"
31960;11;DEL REY;;1981...1984;;"1-MANCAL; 2-ABRAÇADEIRAS; 2-ARRUELAS; 2-PORCAS"
31963;11;ECOSPORT;;2003...2012;;"1-MANCAL; 1-ABRAÇADEIRA; 2-ARRUELAS; 2-PARAFUSOS"
31964;11;ESCORT;;1984...1992;;"1-MANCAL; 1-ABRAÇADEIRA; 2-ARRUELAS; 2-PARAFUSOS"
31965;11;ESCORT;HOBBY;1993...1994;;"1-MANCAL; 1-ABRAÇADEIRA; 2-ARRUELAS; 2-PARAFUSOS"
31966;11;VERONA;;1990...1992;;"1-MANCAL; 1-ABRAÇADEIRA; 2-ARRUELAS; 2-PARAFUSOS"
31967;26;APOLLO;;1990...1992;;"1-MANCAL; 1-ABRAÇADEIRA; 2-ARRUELAS; 2-PARAFUSOS"
31968;11;ESCORT;;1987...1989;;"1-MANCAL; 1-ABRAÇADEIRA; 2-ARRUELAS; 2-PARAFUSOS"
31969;11;ESCORT;;1993...1996;;"1-MANCAL; 1-ABRAÇADEIRA; 2-ARRUELAS; 2-PORCAS; 2-PARAFUSOS"
31970;11;VERONA;;1993...1996;;"1-MANCAL; 1-ABRAÇADEIRA; 2-ARRUELAS; 2-PORCAS; 2-PARAFUSOS"
31971;26;LOGUS;;1992...1996;;"1-MANCAL; 1-ABRAÇADEIRA; 2-ARRUELAS; 2-PORCAS; 2-PARAFUSOS"
31972;26;POINTER;;1993...1996;;"1-MANCAL; 1-ABRAÇADEIRA; 2-ARRUELAS; 2-PORCAS; 2-PARAFUSOS"
31973;11;FIESTA;;2002...2014;;"1-MANCAL; 1-ABRAÇADEIRA; 2-ARRUELAS; 2-PARAFUSOS"
31974;11;KA;;1997...2007;;"1-MANCAL; 1-ABRAÇADEIRA; 2-ARRUELAS; 2-PORCAS"
31975;11;BELINA;;1989...;;"1-MANCAL; 2-ABRAÇADEIRAS; 2-ARRUELAS; 2-PORCAS"
31976;11;DEL REY;;1989...;;"1-MANCAL; 2-ABRAÇADEIRAS; 2-ARRUELAS; 2-PORCAS"
31977;11;PAMPA;;1989...;;"1-MANCAL; 2-ABRAÇADEIRAS; 2-ARRUELAS; 2-PORCAS"
31978;11;RANGER;;1998...2011;;"1-MANCAL; 1-ABRAÇADEIRA; 2-ARRUELAS; 2-PARAFUSOS"
31979;11;RANGER;;1998...2011;DIESEL;"1-MANCAL; 1-ABRAÇADEIRA; 2-ARRUELAS; 2-PARAFUSOS"
31980;11;COURIER;DIREÇÃO HIDRÁULICA;1997...2013;;"1-MANCAL; 1-ABRAÇADEIRA; 2-ARRUELAS; 2-PORCAS; 2-PARAFUSOS"
31981;11;FIESTA;;1996...1998;1.0 / 1.3 ENDURA;"1-MANCAL; 1-ABRAÇADEIRA; 2-ARRUELAS; 2-PORCAS; 2-PARAFUSOS"
31982;12;CITY;;2009...;;"1-MANCAL; 1-ABRAÇADEIRA"
31983;12;FIT;;2009...;;"1-MANCAL; 1-ABRAÇADEIRA"
31984;12;CIVIC;;2001...2002;;"1-MANCAL; 1-ABRAÇADEIRA"
31985;12;CIVIC;;2003...2006;;"1-MANCAL; 1-ABRAÇADEIRA"
31986;12;CIVIC;;2007...;;"1-MANCAL; 2-ABRAÇADEIRAS"
31987;12;CIVIC;;2007...2011;;"1-MANCAL; 1-ABRAÇADEIRA"
31988;12;CIVIC;;1992...1995;;"1-MANCAL; 1-ABRAÇADEIRA"
31989;12;CIVIC;;1996...1997;;"1-MANCAL; 1-ABRAÇADEIRA"
31990;12;CIVIC;;1998...2000;;"1-MANCAL; 1-ABRAÇADEIRA"
31991;12;CITY;;2015...;;"1-MANCAL; 1-ABRAÇADEIRA"
31992;12;FIT;;2015...;;"1-MANCAL; 1-ABRAÇADEIRA"
31993;20;206;;1998...2010;;"1-MANCAL; 1-ABRAÇADEIRA; 1-ARRUELA; 1-PARAFUSO"
31994;20;207;;1998...2010;;"1-MANCAL; 1-ABRAÇADEIRA; 1-ARRUELA; 1-PARAFUSO"
31995;20;206 SW;;2004...2008;;"1-MANCAL; 1-ABRAÇADEIRA"
31996;7;C4;;2007...2014;;"1-MANCAL; 1-ABRAÇADEIRA"
31997;20;307;;2002...2012;;"1-MANCAL; 1-ABRAÇADEIRA"
31998;21;CLIO;;1994...1995;;"1-MANCAL; 1-ABRAÇADEIRA"
31999;21;KANGOO;;1993...2000;;"1-MANCAL; 1-ABRAÇADEIRA"
32000;21;MEGANE;;1994...2006;;"1-MANCAL; 1-ABRAÇADEIRA"
32001;21;RT/RN;;1994...1999;;"1-MANCAL; 1-ABRAÇADEIRA"
32002;21;CLIO;;1994...1999;;"1-MANCAL; 1-ABRAÇADEIRA"
32003;21;LOGAN;;2008...;;"1-MANCAL; 1-ABRAÇADEIRA"
32004;21;SANDERO;;2007...;;"1-MANCAL; 1-ABRAÇADEIRA"
32005;21;MASTER;;2013...;;"1-MANCAL; 1-ABRAÇADEIRA"
32006;24;COROLLA;;2002...2008;;"1-MANCAL; 1-ABRAÇADEIRA"
32008;24;COROLLA;;1992...1997;;"1-MANCAL; 1-ABRAÇADEIRA"
32009;24;ETIOS;;2013...;;"1-MANCAL; 1-ABRAÇADEIRA"
32010;24;HILUX;;2005...2015;;"1-MANCAL; 1-ABRAÇADEIRA"
32011;24;HILUX;;2015...;;"1-MANCAL; 1-ABRAÇADEIRA"
32012;24;HILUX;SW4 - 4X4;1997...;;"1-MANCAL; 1-ABRAÇADEIRA"
32013;24;HILUX;SW4;1997...;;"1-MANCAL; 1-ABRAÇADEIRA"
32014;19;LIVINA;;2010...2014;;"1-MANCAL; 1-ABRAÇADEIRA"
32015;19;TIIDA;;2007...2013;;"1-MANCAL; 1-ABRAÇADEIRA"
32016;19;SENTRA;;2013...;;"1-MANCAL; 1-ABRAÇADEIRA"
32017;13;HB20;;2012...;;"1-MANCAL; 1-ABRAÇADEIRA"
32018;13;HR;;2005...;;"1-MANCAL; 1-ABRAÇADEIRA"
32019;13;I30;;2009...;;"1-MANCAL; 1-ABRAÇADEIRA"
32020;13;SANTA FÉ;;2005...;;"1-MANCAL; 1-ABRAÇADEIRA"
32021;13;TUCSON;;2005...;;"1-MANCAL; 1-ABRAÇADEIRA"
32022;15;SOUL;;2009...;;"1-MANCAL; 1-ABRAÇADEIRA"
32023;18;L200;;2003...;;"1-MANCAL; 1-ABRAÇADEIRA"
32024;18;PAJERO;FULL;2007...;;"1-MANCAL; 1-ABRAÇADEIRA"
32025;18;L200;TRITON;2007...;;"1-MANCAL; 1-ABRAÇADEIRA"
32026;7;C3;;2003...2012;;"1-MANCAL; 1-ABRAÇADEIRA"
32027;7;BERLINGO;;1998...2003;;"1-MANCAL; 1-ABRAÇADEIRA; 1-ARRUELA; 1-PARAFUSO"
32029;7;XSARA;;1998...2003;;"1-MANCAL; 1-ABRAÇADEIRA; 1-ARRUELA; 1-PARAFUSO"
32030;20;306;;1994...2001;;"1-MANCAL; 1-ABRAÇADEIRA; 1-ARRUELA; 1-PARAFUSO"
32031;20;PARTNER;;1997...;;"1-MANCAL; 1-ABRAÇADEIRA; 1-ARRUELA; 1-PARAFUSO"
32032;11;BELINA II;;08.1989...04.1991;1.8 AP;
32033;11;DEL REY;;08.1989...04.1991;1.6 / 1.8 AE;
32034;11;ESCORT;;05.1989...1992;1.8;
32035;11;ESCORT;;12.1992...1996;1.6 AP;
32036;11;ESCORT;HOBBY;08.1993...05.1996;1.0 / 1.6;
32037;11;PAMPA;4X2;08.1989...1997;1.8;
32038;11;ROYALE;CÂMBIO MANUAL;02.1992...11.1992;1.8 / 2.0;SEM ABS
32039;11;SCALA;;08.1989...04.1991;1.8 AP;
32040;11;VERONA;MODELO ANTIGO;1990...1993;1.8 AP;
32041;11;VERSAILLES;CÂMBIO MANUAL;06.1991...11.1992;1.8 / 2.0;SEM ABS
32042;26;APOLLO;;1990...1992;1.8;
32043;26;GOL;;05.1980...08.1986;1.3;
32044;26;GOL;;10.1992...;1.0 8V;
32045;26;GOL;;1982...;1.6 / 1.8;
32046;26;GOL;1.0 MI - 8V/16V / POWER 16V;1997...2012;;
32047;26;PARATI;;1982...;1.8;
32048;26;PARATI;;1982...1986;1.6;
32049;26;PARATI;;1986...;1.6;
32050;26;PARATI;;1988...1995;2.0 8V;
32051;26;PASSAT;;1975...1986;1.5 / 1.6;
32052;26;PASSAT;;1987...1988;1.6 / 1.8;
32053;26;QUANTUM;CÂMBIO MANUAL;1986...1992;1.8 / 2.0;SEM ABS
32054;26;SANTANA;CÂMBIO MANUAL;1984...1992;1.8 / 2.0;SEM ABS
32055;26;SAVEIRO;;1980...1986;1.3 / 1.6;
32056;26;SAVEIRO;;1987...1995;1.6 / 1.8 / 2.0;
32057;26;VOYAGE;;08.1981...1986;1.5;
32058;26;VOYAGE;;1987...1996;1.6 / 1.8;
32059;26;KOMBI;TODAS;1978...1997;;
32060;26;PARATI;;1997...2007;1.0 MI 16V;
32061;11;ESCORT;;1993...1996;1.8 / 2.0;
32062;11;ROYALE;CÂMBIO AUTOMÁTICO / MANUAL;12.1992...1995;1.8 / 2.0;SEM ABS
32063;11;VERONA;;10.1993...1997;1.8 / 2.0;
32064;11;VERSAILLES;CÂMBIO AUTOMÁTICO / MANUAL;12.1992...1995;1.8 / 2.0;COM / SEM ABS
32065;26;LOGUS;;1992...1996;1.6 AE;
32066;26;LOGUS;;1993...1997;1.8 / 2.0;
32067;26;POINTER;;1993...1996;1.8 / 2.0;
32068;26;QUANTUM;CÂMBIO AUTOMÁTICO / MANUAL;12.1992...1995;1.8 / 2.0;COM / SEM ABS
32069;26;SANTANA;CÂMBIO AUTOMÁTICO / MANUAL;12.1992...1995;1.8 / 2.0;COM / SEM ABS
32071;26;FOX;;2010...;1.0;
32072;26;GOL;;2007...;1.0;
32073;26;VOYAGE;;2009...;1.0;
32074;26;UP!;EXCETO TSI  - CÂMBIO MANUAL;2014...;1.0;
32075;26;CROSSFOX;;2005...2013;1.6 8V;
32076;26;FOX;;2004...2013;1.6 8V;
32077;26;GOL;;2000...2006;1.0 TURBO;SEM ABS
32078;26;GOL;;2008...2012;1.0 G5;
32079;26;GOL;;2009...2013;1.6 8V G5;
32080;26;PARATI;;2000...2006;TURBO 1.0;SEM ABS
32081;26;POLO;;2003...2013;1.6 / 2.0 8V;COM ABS
32082;26;POLO;SEDAN;2003...2013;1.6 / 2.0 8V;COM ABS
32083;26;SPACEFOX;;2006...2013;1.6 8V;
32084;10;TEMPRA;;1992...1999;2.0;COM ABS
32085;10;TEMPRA;;1992...1999;2.0 8V E 16V;SEM ABS
32086;10;TIPO;;1992...1997;2.0;SEM ABS
32087;10;TIPO;;1994...1997;2.0;COM ABS
32088;10;BRAVA;;2000...2003;1.8;SEM ABS
32089;10;MAREA;(EXCETO TURBO);1998...2004;1.8 16V;SEM ABS
32090;10;MAREA WEEKEND;(EXCETO TURBO);1998...2006;1.8;SEM ABS
32091;10;STILO;;2002...2006;1.8;
32092;10;DOBLO;;2002...2010;1.8;SEM ABS
32093;10;IDEA;;2006...2010;1.8 8V;
32094;10;PALIO;;2002...2010;1.8 8V;
32095;10;PALIO WEEKEND;;2003...2010;1.8 8V;
32096;10;SIENA;;2002...2010;1.8 8V;
32097;10;STRADA;;2002...2010;1.8 8V;
32098;10;DOBLO;ADVENTURE;2011...;1.8 16V - E-TORQ;COM / SEM ABS  - COM EIXO GKN - COM EIXO GKN
32099;10;IDEA;ADVENTURE;2011...;1.6 /1.8 16V - E-TORQ;COM / SEM ABS  - COM EIXO GKN - COM EIXO GKN
32100;10;PALIO WEEKEND;;2011...;1.8 16V - E-TORQ;COM / SEM ABS  - COM EIXO GKN - COM EIXO GKN
32101;10;STRADA;ADVENTURE;2011...;1.6 /1.8 16V - E-TORQ;
32102;10;TORO;4X2    - CÂMBIO AUTOMÁTICO;2016...;1.8;
32103;45;RENEGADE;4X2   - CÂMBIO AUTOMÁTICO;2015...;1.8;
32104;5;AGILE;;2009...2014;1.4;COM / SEM ABS
32105;5;CELTA;;2000...2012;1.0;
32106;5;CELTA;;2004...2012;1.4;
32107;5;CORSA;;1994...2012;1.0 / 1.4 / 1.6;
32108;5;CORSA PICK-UP;;1994...2012;1.6;
32109;5;PRISMA;;2007...2012;1.4;
32110;5;OMEGA;;1993...1999;2.0 / 2.2;
32111;5;SUPREMA;;1993...1999;2.0 / 2.2;
32112;5;KADETT;;1989...1998;1.8 / 2.0;
32113;5;MONZA;;1989...1997;1.8/2.0;
32114;5;ASTRA;;1999...2012;1.8 / 2.0 8V;SEM ABS
32115;5;CORSA SEDAN;;2002...2012;1.8 8V;COM / SEM ABS
32116;5;MERIVA;;2002...2012;1.4 8V;COM / SEM ABS
32117;5;MERIVA;;2002...2012;1.8 8V / 16V;COM / SEM ABS
32118;5;MONTANA;;2003...2012;1.8 8V;COM / SEM ABS
32119;5;MONTANA;;2007...2013;1.4 8V;COM / SEM ABS
32120;5;ONIX;CÂMBIO MANUAL;2013...2017;1.0;
32121;5;PRISMA;CÂMBIO MANUAL;2013...2017;1.0;
32122;5;COBALT;CÂMBIO AUTOMÁTICO;2013...2016;1.8;
32123;5;ONIX;CÂMBIO AUTOMÁTICO;2013...;1.4;
32124;5;PRISMA;CÂMBIO AUTOMÁTICO;2013...;1.4;
32125;5;COBALT;CÂMBIO MANUAL;2013...2017;1.4;
32126;5;ONIX;CÂMBIO MANUAL;2013...;1.4;
32127;5;PRISMA;CÂMBIO MANUAL;2013...;1.4;
32128;11;RANGER;4X4;1998...2003;;
32129;11;KA;CÂMBIO MANUAL;2014...;1.5;
32130;12;HR-V;CÂMBIO AUTOMÁTICO;2015...;1.8 16V;
32132;21;CAPTUR;CÂMBIO MANUAL;2017...;1.6 / 2.0;
32133;21;DUSTER;CÂMBIO MANUAL;2011...;1.6 / 2.0;
32134;21;OROCH;CÂMBIO MANUAL;2015...;1.6 / 2.0;
32135;21;KWID;;2017...;1.0;
32136;24;HILUX;SRV;2006...;TURBO DIESEL;
32137;24;HILUX;SW;2005...;3.0 TURBO DIESEL;
32138;24;HILUX;SW4;2005...;2.5 TURBO DIESEL;
32139;24;COROLLA;CÂMBIO AUTOMÁTICO;2008...2011;1.8;
32140;24;COROLLA;CÂMBIO AUTOMÁTICO;2011...2017;2.0;
32141;24;ETIOS;CÂMBIO TRANSMISSÃO AUTOMÁTICA;2016...;1.5;TRANSMISSÃU AUTOMÁTICA 4 MARCHAS
32142;24;ETIOS;CÂMBIO TRANSMISSÃO MANUAL;2012...2016;1.5;
32143;24;ETIOS;CÂMBIO TRANSMISSÃO MANUAL;2016...;1.5;TRANSMISSÃO MANUAL 6 MARCHAS
32144;13;HB20;;2012...;1.6;
32145;18;L200;TRITON;2008...;;
32146;18;L200;TRITON SPORT;2008...;;
32147;18;PAJERO;TR4;2006...;;
32148;18;ASX;CÂMBIO AUTOMÁTICO;2011...2020;2.0;
32149;18;LANCER;CÂMBIO AUTOMÁTICO;2011...2016;2.0;
32150;26;BRASILIA;;1973...1982;;
32151;26;FUSCA;;1967...1996;;
32152;4;A3;;1999...2006;1.6;COM / SEM ABS
32153;11;ROYALE;CÂMBIO AUTOMÁTICO / MANUAL;12.1992...1996;1.8 / 2.0;SEM ABS
32154;11;VERSAILLES;CÂMBIO AUTOMÁTICO / MANUAL;12.1992...1996;1.8 / 2.0;COM / SEM ABS
32155;26;GOL;;10.1994...;2.0 8V;COM / SEM ABS
32157;26;PARATI;;1996...;2.0 8V;
32158;26;PARATI;;2000...2006;1.0 TURBO;SEM ABS
32159;26;POLO CLASSIC;;1997...2002;;
32160;26;QUANTUM;CÂMBIO AUTOMÁTICO / MANUAL;12.1992...2002;1.8 / 2.0;COM / SEM ABS
32161;26;SANTANA;CÂMBIO AUTOMÁTICO / MANUAL;12.1992...2006;1.8 / 2.0;COM / SEM ABS
32162;26;SAVEIRO;;1996...;2.0;
32163;26;FOX;;2008...2012;1.0;
32164;26;GOL;G5;2008...2012;1.0;
32165;26;VOYAGE;G5;2008...2010;1.0;
32166;26;GOL;G5;2009...2013;1.6 8V;
32167;26;SAVEIRO;G5;2009...2013;1.6;
32168;26;VOYAGE;G5;2008...2015;1.6 G5;
32171;10;TORO;4X2  - CÂMBIO AUTOMÁTICO;2016...;1.8;
32172;45;RENEGADE;4X2  - CÂMBIO AUTOMÁTICO;2015...;1.8;
32173;10;147;;10.1984...1986;1050 / 1300;
32174;10;147;;1976...1984;1050 / 1300;
32175;10;ELBA;;1986...1989;1300;
32176;10;ELBA;;1986...1996;1500 / 1600;
32177;10;FIORINO;;09.1984...1987;1300 / 1500;
32178;10;FIORINO;;1980...1987;1300 / 1500;
32179;10;FIORINO;;1988...1993;1300 / 1500 / 1600;
32180;10;FIORINO;;1994...;1300 / 1500;
32181;10;FIORINO;;1994...1995;1600;
32183;10;OGGI;;1984...1985;1050 / 1300;
32184;10;PANORAMA;;1980...1986;1050 / 1300;
32185;10;PREMIO;;01.1985...1991;1300;
32186;10;PREMIO;;11.1985...1995;1500 / 1600;
32187;10;SPAZIO;;1983...1984;1050 / 1300;
32188;10;UNO;;1984...1996;1.5 / 1.5R;
32189;10;UNO;;1984...1996;1050 / 1300;
32190;10;UNO;;1985...1996;1.6 / 1.6R;
32191;10;UNO;;1991...1995;1.0;
32192;10;DOBLO;ADVENTURE;2010...2010;1.8 MPI;
32193;10;LINEA;;2010...;1.8;
32194;10;PUNTO;;2008...;1.8;
32195;10;IDEA;;2003...;1.4  8V;
32196;10;ARGO;CÂMBIO TRANSMISSÃO MANUAL;2017...;1.0;
32197;10;MOBI;CÂMBIO TRANSMISSÃO MANUAL;2016...;1.0;
32198;10;UNO;(NOVO);2010...;1.0;
32199;2;145;145 / 145 QV (EXCETO 1.8);1996...1999;;SEM ABS
32200;2;155;155 / 155 SUPER;1995...1998;;SEM ABS
32207;10;BRAVA;;1999...2002;1.6;SEM ABS
32208;10;MAREA;;2006...2009;1.6;SEM ABS
32209;10;PALIO;;1996...2000;1.0 / 1.3;SEM ABS
32210;10;PALIO;;1996...2000;1.5 / 1.6;SEM ABS
32211;10;PALIO;;2001...2014;1.0 / 1.3 - 8V E 16V FIRE;
32212;10;PALIO WEEKEND;;1996...2000;1.0;SEM ABS
32213;10;PALIO WEEKEND;;1996...2000;1.5 / 1.6;SEM ABS
32214;10;PALIO WEEKEND;;2001...2014;1.0 / 1.3 - 8V E 16V FIRE;
32215;10;SIENA;;1996...2000;1.5 / 1.6;SEM ABS
32216;10;SIENA;;1999...2000;1.0;COM CÂMBIO 6 MARCHAS
32217;10;SIENA;;2001...2014;1.0 / 1.3 - 8V E 16V FIRE;
32218;10;STRADA;;1998...2004;1.5 / 1.6;
32219;10;STRADA;;2000...2006;1.3 8V E 16V;
32220;10;TIPO;;1992...1997;1.6;
32221;10;UNO;MILLE / FIRE;1996...;;
32224;10;DOBLO;;2001...2005;1.6 16V;SEM ABS
32225;10;DOBLO;;2003...2006;1.3 16V - FIRE;SEM ABS
32227;20;BOXER;"RODA 16"" / JUNTA 110MM";1998...2008;;
32228;10;BRAVO;;2011...2016;1.8 16V - E-TORQ;
32229;10;PALIO;;2009...;1.4 FIRE;COM EIXO DELPHICOM EIXO DELPHI
32230;10;PALIO WEEKEND;;2006...2008;1.4;
32231;10;PALIO WEEKEND;;2009...;1.4;COM EIXO DELPHICOM EIXO DELPHI
32232;10;PUNTO;;2008...;1.4;
32233;5;ASTRA;;1999...2012;2.0 16V;SEM ABS
32234;5;IPANEMA;;1989...1997;1.8 / 2.0;
32235;5;MONZA;;1982...1996;1.6 / 1.8;
32236;5;MONZA;CÂMBIO AUTOMÁTICO;1982...1996;1.8;
32237;5;MONZA;CÂMBIO AUTOMÁTICO / MANUAL;1982...1996;2.0;
32238;5;VECTRA;CÂMBIO MANUAL;1994...1996;1.8 / 2.0;COM / SEM ABS
32239;5;VECTRA;CÂMBIO MANUAL;1997...2006;2.0 / 2.2;SEM ABS
32240;5;ZAFIRA;;2002...2012;2.0 8V / 16V;SEM ABS
32241;5;SPACE VAN;TRAFFIC;1991...1999;;
32242;5;TRAFIC;;1991...1999;2.2;
32243;21;TRAFIC;;1984...;2.2;
32244;5;PRISMA;CÂMBIO AUTOMÁTICO;2013...2017;1.4;
32245;11;FOCUS;CÂMBIO MANUAL;11.2009...;1.6;
32246;11;ECOSPORT;4X2;2012...;1.6;
32247;11;KA;NOVO  - CÂMBIO MANUAL;2014...;1.0;
32248;11;KA;NOVO  - CÂMBIO MANUAL;2014...;1.5;
32249;11;ECOSPORT;4X2  - CÂMBIO MANUAL;2013...2017;2.0;
32250;11;FOCUS;CÂMBIO AUTOMÁTICO / MANUAL;2000...2005;1.8;
32251;11;FOCUS;CÂMBIO AUTOMÁTICO / MANUAL;2000...2005;2.0 ZETEC;
32253;11;BELINA II;1.4 / 1.6 4X4 / 1.8 MOTOR AE;09.1977...08.1988;;
32255;11;CORCEL II;;09.1977...1986;1.4 / 1.6;
32257;11;PAMPA;;1981...1989;1.6;
32258;11;PAMPA;4X4;1983...1997;1.8;
32260;11;ESCORT;;1982...1992;1.3 / 1.6 AE;
32261;11;VERONA;MODELO ANTIGO;1990...1992;1.6 AE;
32262;11;ESCORT;;12.1992...1996;1.6 MOTOR AP;
32263;11;VERONA;MODELO ANTIGO;1990...1993;1.8 MOTOR AP (MOD ANTIGO);
32264;26;LOGUS;;1992...1996;1.6 MOTOR AE;
32265;11;BELINA II;;08.1989...04.1991;1.8 MOTOR AP;
32266;11;DEL REY;;08.1989...04.1991;1.6 / 1.8 - MOTOR AE;
32267;11;SCALA;;08.1989...04.1991;1.8 MOTOR AP;
32268;11;FIESTA;;1999...2006;1.0 (ZETEC ROCAM);
32269;11;KA;;2000...2014;1.0 (ZETEC ROCAM);
32270;11;COURIER;;1997...1999;1.3  MOTOR ENDURA;
32271;11;FIESTA;;1996...1998;1.0 / 1.3;
32272;11;KA;;1996...1999;1.0 / 1.3;
32273;11;COURIER;;1999...2006;1.6 - MOTOR ZETEC;
32274;11;ECOSPORT;;2002...2006;1.0 / 1.6;
32275;11;FIESTA;;1999...2006;1.6 (ZETEC ROCAM);
32276;11;FIESTA;;2002...2014;1.0 / 1.6 (ZETEC ROCAM);
32277;11;KA;;2000...2012;1.6 (ZETEC ROCAM);
32278;12;HR-V;CÂMBIO AUTOMÁTICO;2015...;1.8;
32279;12;WR-V;CÂMBIO AUTOMÁTICO;2017...;1.5;
32280;12;CIVIC;;1997...2000;1.6;COM / SEM ABS
32281;12;FIT;;2004...2008;1.4 / 1.5;
32282;12;CIVIC;;2006...2012;1.8;
32283;7;BERLINGO;;1997...;;
32284;7;XANTIA;;1993...1998;1.6I / 1.6I 16V / 1.8I / 1.9D / 1.9TD / 2.0I 16V;
32285;7;XSARA;;1993...;;
32286;7;ZX;;03.1991...1996;;
32287;21;SANDERO;;2008...2013;1.6;
32288;21;LOGAN;CÂMBIO MANUAL;2014...2018;1.0 / 1.6;
32289;21;SANDERO;CÂMBIO MANUAL;2014...2018;1.0 / 1.6;
32290;21;LOGAN;CÂMBIO MANUAL;2008...2012;1.0;
32291;21;SANDERO;CÂMBIO MANUAL;2008...2012;1.0;
32292;21;CLIO;;2001...2006;1.6;
32294;21;CAPTUR;CÂMBIO AUTOMÁTICO;2017...;2.0;
32295;24;COROLLA;CÂMBIO AUTOMÁTICO;...;1.8;
32296;24;ETIOS;;2012...;;
32297;24;COROLLA;CÂMBIO AUTOMÁTICO;2011...2018;2.0 16V;
32298;13;HB20;;2012...;1.0;
32299;13;I30;;2009...2012;2.0 16V;
32300;18;PAJERO;DAKAR;2009...2013;;
32301;18;PAJERO;TR4;2000...2014;;
32302;18;ASX;;2010...2016;;
32303;18;L200;OUTDOOR;2008...;;
32304;18;PAJERO;;2004...;;
32305;18;LANCER;;2013...;;
32306;38;K-124;EB-IB;...;;
32307;38;L-94;IB;...;;
32308;11;ROYALE;;1992...1996;;1 BATENTE / 1 COIFA
32309;11;VERSAILLES;;1992...1996;;1 BATENTE / 1 COIFA
32310;26;GOL;;1980...2009;1.0 / 1.6 / 1.8 / 2.0;1 BATENTE / 1 COIFA
32311;26;PARATI;;1982...2008;;1 BATENTE / 1 COIFA
32312;26;PASSAT;(NACIONAL);1974...1988;;1 BATENTE / 1 COIFA
32313;26;QUANTUM;;1985...1996;;1 BATENTE / 1 COIFA
32314;26;SANTANA;1.8 / 2.0;1984...2006;;1 BATENTE / 1 COIFA
32315;26;SAVEIRO;1.0 / 1.6 / 1.8 / 2.0;1982...2009;;1 BATENTE / 1 COIFA
32316;26;VOYAGE;;1981...1995;;1 BATENTE / 1 COIFA
32317;4;A3;1.8 / 2.0 (EXCETO TIPTRONIC);1996...;;1 BATENTE / 1 COIFA
32318;4;A4;1.6 / 2.0 / 2.4 / 2.8 (INCL AVANTI, QUATRO - EXCETO SPORT SUSP);1996...;;1 BATENTE / 1 COIFA
32319;26;GOL;(GERAÇÕES 5 E 6);2008...;;1 BATENTE / 1 COIFA
32320;26;GOL;GERAÇÕES IV E V (EXCETO TIPTRONICE TURBO);1998...2013;;1 BATENTE / 1 COIFA
32321;26;GOLF;1.6 / 2.0 GTI / GL;1994...1998;;1 BATENTE / 1 COIFA
32322;26;GOLF;SÉRIE IV (EXCETO TIPTRONIC E TURBO);1998...;;1 BATENTE / 1 COIFA
32323;26;NEW BEETLE;;1998...2011;;1 BATENTE / 1 COIFA
32324;26;SAVEIRO;5ª GERAÇÃO;2008...;;1 BATENTE / 1 COIFA
32325;26;UP!;;2014...;;1 BATENTE / 1 COIFA
32326;26;VOYAGE;(GERAÇÕES 5 E 6);2008...;;1 BATENTE / 1 COIFA
32327;26;BORA;;2000...2011;;1 BATENTE / 1 COIFA
32328;26;GOLF;2.0 GLX;1995...1998;;1 BATENTE / 1 COIFA
32329;26;PASSAT;(ALEMÃO);1994...1997;;1 BATENTE / 1 COIFA
32330;26;VARIANT;(ALEMÃO);1994...1997;;1 BATENTE / 1 COIFA
32331;26;POLO CLASSIC;;1996...1999;;1 BATENTE / 1 COIFA
32332;26;VAN;;1997...2002;;1 BATENTE / 1 COIFA
32333;26;CROSSFOX;;2005...;;1 BATENTE / 1 COIFA
32334;26;FOX;;2003...2015;;1 BATENTE / 1 COIFA
32335;26;POLO;;2002...;;1 BATENTE / 1 COIFA
32336;26;SPACEFOX;;2006...;;1 BATENTE / 1 COIFA
32337;4;A3;;2003...;;1 BATENTE / 1 COIFA
32338;26;JETTA;;2005...;;1 BATENTE / 1 COIFA
32339;26;NEW BEETLE;;2011...;;1 BATENTE / 1 COIFA
32340;26;PASSAT;;2006...;;1 BATENTE / 1 COIFA
32341;26;TIGUAN;;2008...;;1 BATENTE / 1 COIFA
32342;26;UP!;;2014...;;1 BATENTE / 1 COIFA / 1 TAMPA METÁLICA
32343;26;SAVEIRO;CROSS / TROOPER - SEM INSERTO;2010...;;1 BATENTE / 1 COIFA
32344;26;SAVEIRO;CROSS / TROOPER - COM INSERTO;2010...;;1 BATENTE COM INSERTO / 1 COIFA
32345;26;AMAROK;2 PORTAS;2010...;;1 BATENTE DO EIXO
32346;26;AMAROK;4 PORTAS;2010...;;1 BATENTE DO EIXO
32347;26;GOLF;G6;2013...2016;;1 BATENTE / 1 COIFA
32348;26;AMAROK;;2010...;;1 BATENTE / 1 COIFA
32349;26;GOLF;G7;2016...;;1 BATENTE / 1 COIFA
32351;26;NIVUS;;2020...;;1 BATENTE / 1 COIFA
32352;26;POLO;;2017...;;1 BATENTE / 1 COIFA
32353;26;T-CROSS;;2019...;;1 BATENTE / 1 COIFA
32354;26;VIRTUS;;2018...;;1 BATENTE / 1 COIFA
32355;26;GOL;(INCL FURGÃO - MODELOS ANTIGOS);1980...1994;1.0 / 1.6 / 1.8;1 BATENTE / 1 COIFA / 1 POSICIONADOR
32356;26;PARATI;1.0 / 1.6 / 1.8;1982...1994;;1 BATENTE / 1 COIFA / 1 POSICIONADOR
32357;26;VOYAGE;;1981...1995;;1 BATENTE / 1 COIFA / 1 POSICIONADOR
32358;26;GOL;(EXCETO GTI 2000 16V);1995...1997;1.6 / 1.8;1 BATENTE / 1 COIFA
32359;26;PARATI;;1995...1996;;1 BATENTE / 1 COIFA
32360;11;ROYALE;1.8;1988...1996;;1 BATENTE / 1 COIFA
32361;11;ROYALE;2.0;1996...;;1 BATENTE / 1 COIFA
32362;26;SANTANA;1.8 / 2.0;1996...2006;;1 BATENTE / 1 COIFA
32363;26;SAVEIRO;1.6 / 1.8 / 2.0;1982...1997;;1 BATENTE / 1 COIFA
32364;26;GOL;TREND SPORT / GERAÇÕES 4, 5 E 6;1998...;1.6 / 1.8 / 2.0;1 BATENTE / 1 COIFA
32365;26;PARATI;(INCLUSIVE GERAÇÃO 5);1996...;;1 BATENTE / 1 COIFA
32366;26;SAVEIRO;1.0 / 1.8 / 2.0 (INCLUSIVE GERAÇÃO 5 - EXCETO SUPER SURF);1998...2008;;1 BATENTE / 1 COIFA
32367;26;GOLF;1.6 / 2.0 GTI / GLX / GL;1995...1998;;1 BATENTE / 1 COIFA
32368;26;GOLF;SÉRIE IV E V (EXCETO TIPTRONIC E TURBO);1998...2013;;1 BATENTE / 1 COIFA
32369;17;CLASSE A;1.9 / 2.0 / 2.2;1998...;;1 BATENTE / 1 COIFA
32371;17;CLASSE A;1.3 / 1.9 / 2.0;1998...;;1 BATENTE
32372;10;ELBA;1.3 / 1.5 / 1.6;1988...1991;;1 BATENTE / 1 COIFA
32373;10;FIORINO;;1988...1991;1.3 / 1.5 / 1.6;1 BATENTE / 1 COIFA
32374;10;FIORINO;FURGÃO;1988...1991;1.3 / 1.5 / 1.6;1 BATENTE / 1 COIFA
32375;10;FIORINO;PICK-UP;1988...1991;1.0 / 1.3 / 1.5;1 BATENTE / 1 COIFA
32376;10;PREMIO;1.5 / 1.6;1985...1988;;1 BATENTE / 1 COIFA
32377;10;UNO;(EXCETO R/TURBO);1984...1991;;1 BATENTE / 1 COIFA
32378;10;ELBA;1.3 / 1.5 / 1.6;1992...1996;;1 BATENTE / 1 COIFA
32379;10;FIORINO;TREKKING / WORKING C/AR;1996...;;1 BATENTE / 1 COIFA
32380;10;UNO;(EXCETO R/TURBO);1992...1998;;1 BATENTE / 1 COIFA
32381;10;ELBA;1.0 / 1.5 / 1.6 (C/AR);1993...1996;;1 BATENTE / 1 COIFA
32382;10;PREMIO;1.5 / 1.6 / 2.0;1989...1995;;1 BATENTE / 1 COIFA
32383;10;UNO;R/TURBO;1984...1996;;1 BATENTE / 1 COIFA
32384;10;TEMPRA;1.8;1992...1998;;1 BATENTE / 1 COIFA
32385;10;PALIO;1.0 - RST III (AM'S POWERSHOCK);2007...2012;;1 BATENTE / 1 COIFA
32386;10;PALIO;RST I/ II / III (INCLUSIVE DUALOGIC / YOUNG);1996...;;1 BATENTE / 1 COIFA
32387;10;PALIO WEEKEND;1.0 / 1.3 / 1.4 / 1.5 / 1.6 - RST I / II / III;1996...;;1 BATENTE / 1 COIFA
32388;10;SIENA;RST I/II/III;1997...;;1 BATENTE / 1 COIFA
32389;2;145;1.8 / 2.0;1995...1999;;1 BATENTE / 1 COIFA
32390;2;155;2.0;1995...1999;;1 BATENTE / 1 COIFA
32391;10;TEMPRA SW;;1995...1997;;1 BATENTE / 1 COIFA
32392;10;TIPO;;1993...1997;;1 BATENTE / 1 COIFA
32393;10;BRAVA;1.6 / 1.8;1999...2003;;1 BATENTE / 1 COIFA
32394;10;MAREA;1.6 / 1.8 / 2.0 / 2.4;1998...2008;;1 BATENTE / 1 COIFA
32395;10;IDEA;;2005...;;1 BATENTE / 1 COIFA
32396;10;PALIO;1.8R;2005...;;1 BATENTE / 1 COIFA
32397;10;PALIO WEEKEND;ADVENTURE;1999...;1.6 / 1.8;1 BATENTE / 1 COIFA
32398;10;PALIO WEEKEND;ADVENTURE II LOCKER;2008...;;1 BATENTE / 1 COIFA
32399;10;PALIO WEEKEND;TREKKING 1.6;2008...;;1 BATENTE / 1 COIFA
32400;10;STRADA;(INCL TREKKING / WORKING);1998...;;1 BATENTE / 1 COIFA
32401;10;STRADA;ADVENTURE - III LOCKER / WORKING / TREKKING / CABINE DUPLA;2008...;;1 BATENTE / 1 COIFA
32402;10;DOBLO;1.6 / 1.8;2001...;;1 BATENTE / 1 COIFA
32403;10;DOBLO;ADVENTURE;2003...;1.8;1 BATENTE / 1 COIFA
32404;10;DOBLO;ELX 1.3 / 1.4 / 1.8;2001...;;1 BATENTE / 1 COIFA
32405;10;STILO;2.4 / 2.5 - 8V/ 16V / ABARTH - 20V;2002...;;1 BATENTE / 1 COIFA
32406;7;JUMPER;;1997...;;1 BATENTE
32407;10;DUCATO;1.0 / 2.8 - 10 FURGÃO / 15 CARGO;1994...2001;;1 BATENTE
32408;20;BOXER;2.0;1997...;;1 BATENTE
32409;7;JUMPER;;1997...;;1 BATENTE / 1 COIFA
32410;10;DUCATO;1.0 / 2.8 - 10 FURGÃO / 15 CARGO;1994...2001;;1 BATENTE / 1 COIFA
32411;20;BOXER;2.0;1997...;;1 BATENTE / 1 COIFA
32412;10;LINEA;;2008...2010;;1 BATENTE / 1 COIFA
32413;10;LINEA;;2011...;;1 BATENTE / 1 COIFA
32414;10;PUNTO;;2007...2010;;1 BATENTE / 1 COIFA
32420;10;STRADA;ADVENTURE;2008...;;1 BATENTE  COM INSERTO
32421;10;PALIO;;2012...;;1 BATENTE / 1 COIFA
32422;10;UNO;;2010...;;1 BATENTE / 1 COIFA
32423;45;COMPASS;;2017...;;1 BATENTE / 1 COIFA
32424;45;RENEGADE;;2015...;;1 BATENTE / 1 COIFA
32425;10;ARGO;;2017...;;1 BATENTE / 1 COIFA
32426;10;CRONOS;;2018...;;1 BATENTE / 1 COIFA
32427;10;MOBI;;2016...;;1 BATENTE / 1 COIFA
32429;10;TORO;;2016...;;1 BATENTE / 1 COIFA
32430;10;TORO;;2016...;;1 BATENTE
32431;10;TEMPRA;;1992...1998;;1 BATENTE / 1 COIFA
32432;10;STRADA;(INCL TREKKING / WORKING);1998...;;1 BATENTE
32438;10;BRAVA;1.8;1999...2003;;1 BATENTE
32439;10;MAREA;1.8;1998...2008;;1 BATENTE
32440;10;PALIO WEEKEND;1.0 / 1.3 / 1.4 / 1.5 / 1.6 / 1.8 - RST I / II / III;1996...;;1 BATENTE
32441;10;PALIO WEEKEND;ADVENTURE;1999...2000;1.6;1 BATENTE
32442;10;STILO;1.6 / 2.4 - 8V/ 16V / ABARTH - 20V;2002...;;1 BATENTE / 1 COIFA
32443;10;DOBLO;1.4 / 1. 6 / 1.8 / 2.5;2001...;;1 BATENTE
32444;10;DOBLO;ADVENTURE;2003...;1.8;1 BATENTE
32445;10;DOBLO;ELX 1.3 / 1.8 - EX 1.3 / 1.4;2001...;;1 BATENTE
32446;10;DUCATO;1.0 / 2.8 - 10 FURGÃO / 15 CARGO;1998...;;1 BATENTE
32447;20;BOXER;1.3;1997...;;1 BATENTE
32448;10;FIORINO;;1988...1993;1.3 / 1.5 / 1.6;1 BATENTE
32449;10;FIORINO;FURGÃO;1988...1993;1.3 / 1.5 / 1.6;1 BATENTE
32450;10;FIORINO;PICK-UP;1988...1993;1.3 / 1.5 / 1.6;1 BATENTE
32451;10;FIORINO;FURGÃO;1988...1993;1.5 / 1.6;1 BATENTE
32452;10;FIORINO;TREKKING / WORKING C/AR;1996...;;1 BATENTE
32453;10;TEMPRA SW;;1995...1997;;1 BATENTE
32454;10;TIPO;;1993...1997;;1 BATENTE
32455;10;IDEA;;2005...2008;;1 BATENTE / 1 COIFA
32456;10;IDEA;ADVENTURE;2006...;1.4;1 BATENTE / 1 COIFA
32457;10;IDEA;;2008...;;1 BATENTE / 1 COIFA / 1 ANEL
32458;10;LINEA;;2008...2010;;1 BATENTE / 1 COIFA / 1 ANEL
32459;10;PUNTO;;2007...2010;;1 BATENTE / 1 COIFA / 1 ANEL
32460;5;ASTRA;GLS MPFI SW;1995...1997;;1 BATENTE / 1 COIFA
32461;5;ASTRA SW;(IMPORTADO);1995...1995;;1 BATENTE / 1 COIFA
32462;5;MONZA;;1983...1996;;1 BATENTE / 1 COIFA
32463;5;IPANEMA;;1989...1998;;1 BATENTE / 1 LOCALIZADOR
32464;5;KADETT;;1989...1998;;1 BATENTE / 1 LOCALIZADOR
32465;5;OMEGA;4 CIL. / 6CIL.;1992...1998;;1 BATENTE / 1 COIFA
32466;5;SUPREMA;2.2L / 4.1L - 4 CIL. / 6CIL.;1993...1996;;1 BATENTE / 1 COIFA
32467;5;AGILE;;2009...;;1 BATENTE / 1 LOCALIZADOR COM ROLAMENTO
32468;5;CELTA;;1996...;;1 BATENTE / 1 COIFA
32469;5;CORSA;;1994...2001;;1 BATENTE / 1 COIFA
32470;5;CORSA;PICK-UP;1994...2001;;1 BATENTE / 1 COIFA
32471;5;CORSA;SEDAN - CLASSIC;1994...2001;;1 BATENTE / 1 COIFA
32472;5;CORSA SW;;1994...2001;;1 BATENTE / 1 COIFA
32473;5;PRISMA;;2007...2012;;1 BATENTE / 1 COIFA
32474;5;TIGRA;;1998...;;1 BATENTE / 1 COIFA
32475;5;VECTRA;8V / 16V GSI;1994...1996;;1 BATENTE / 1 COIFA
32476;5;ASTRA;;1998...2008;;1 BATENTE / 1 LOCALIZADOR COM ROLAMENTO
32477;5;VECTRA;;1996...2005;;1 BATENTE / 1 LOCALIZADOR COM ROLAMENTO
32478;5;VECTRA;2.0;2006...;;1 BATENTE / 1 LOCALIZADOR COM ROLAMENTO
32479;5;BLAZER;4X2 / 4X4 DIESEL;1995...;;1 BATENTE
32480;5;S10;4X2 / 4X4;1995...2011;;1 BATENTE
32481;5;CORSA;;2002...;;1 BATENTE / 1 LOCALIZADOR COM ROLAMENTO
32482;5;VECTRA;2.0 AUTOMÁTICO / 2.4;2006...;;1 BATENTE / 1 LOCALIZADOR COM ROLAMENTO
32483;5;ZAFIRA;MPFI 8V  - SFI 16V;2001...;;1 BATENTE / 1 LOCALIZADOR COM ROLAMENTO
32484;5;MERIVA;8V / 16V;2002...;;1 BATENTE / 1 LOCALIZADOR COM ROLAMENTO
32485;5;MONTANA;INCLUSIVE SPORT;2003...2015;;1 BATENTE / 1 COIFA
32486;5;COBALT;;2011...;;1 BATENTE C/ ANEL / 1 COIFA
32487;5;SONIC;;2011...;;1 BATENTE C/ ANEL / 1 COIFA
32488;5;SPIN;;2013...;;1 BATENTE C/ ANEL / 1 COIFA
32489;5;COBALT;;2011...;;1 BATENTE / 1 COIFA
32490;5;SONIC;;2011...;;1 BATENTE / 1 COIFA
32491;5;SPIN;;2013...;;1 BATENTE / 1 COIFA
32492;5;CAPTIVA;SPORT;2009...;;1 BATENTE / 1 COIFA
32493;5;ONIX;;2012...;;1 BATENTE / 1 COIFA
32494;5;PRISMA;;2012...;;1 BATENTE / 1 COIFA
32495;5;CRUZE;;2011...2016;;1 BATENTE / 1 COIFA
32496;5;MONTANA;SPORT / LS;2010...;;1 BATENTE
32497;5;S10;;2012...;;1 BATENTE
32499;5;CRUZE;;2017...;;1 BATENTE / 1 COIFA
32500;5;CRUZE;;2017...;;1 COIFA / 1 BATENTE
32503;5;OPALA;;1987...1992;;1 BATENTE
32504;5;CELTA;;1996...;;1 BATENTE / 1 LOCALIZADOR
32505;5;CORSA;;1994...2001;;1 BATENTE / 1 LOCALIZADOR
32506;5;CORSA;SEDAN - CLASSIC;1994...2001;;1 BATENTE / 1 LOCALIZADOR
32507;5;CORSA SW;;1994...2001;;1 BATENTE / 1 LOCALIZADOR
32508;5;PRISMA;;2007...2012;;1 BATENTE / 1 LOCALIZADOR
32509;5;TIGRA;;1998...;;1 BATENTE / 1 LOCALIZADOR
32510;5;CORSA;PICK-UP;1995...;;1 BATENTE
32511;5;VECTRA;;1996...2005;;1 BATENTE
32512;5;ASTRA;;1998...2008;;1 BATENTE
32513;5;MERIVA;8V / 16V;2002...;;1 BATENTE
32514;5;BLAZER;4X2 / 4X4 DIESEL;2000...2003;;1 BATENTE  COM INSERTO
32515;5;BLAZER;4X2 / 4X4 DIESEL;1996...1999;;1 BATENTE  COM INSERTO
32516;5;ZAFIRA;MPFI 8V  - SFI 16V;2001...;;1 BATENTE
32517;5;AGILE;;2009...;;1 BATENTE / 1 LOCALIZADOR
32518;5;BLAZER;4X2 / 4X4 DIESEL;2004...;;1 BATENTE  COM INSERTO
32519;5;BLAZER;4X2 / 4X4 DIESEL;2004...;;1 BATENTE  SEM INSERTO
32520;11;ESCORT;HOBBY / GUARUJÁ;1992...1996;;1 BATENTE / 1 COIFA
32521;11;ESCORT;L/ GL/ GHIA / XR3 / XR3 CONVERSÍVEL (C/ E S/ AR-CONDICIONADO);1984...1992;;1 BATENTE / 1 COIFA
32522;11;VERONA;;1990...1992;;1 BATENTE / 1 COIFA
32523;26;APOLLO;;1990...1992;;1 BATENTE / 1 COIFA
32524;11;ESCORT;GL / GLX / RS - MOTOR ZETEC;09.1996...1998;;1 BATENTE / 1 COIFA
32525;11;ESCORT;L / GL / GHIA (EXCETO MOTOR ZETEC E XR3 / XR3 CONVERSÍVEL);1993...1996;;1 BATENTE / 1 COIFA
32527;11;VERONA;;1992...1996;;1 BATENTE / 1 COIFA
32528;26;LOGUS;;1992...1997;;1 BATENTE / 1 COIFA
32529;26;POINTER;;1993...1997;;1 BATENTE / 1 COIFA
32530;11;COURIER;;1997...;;1 BATENTE / 1 COIFA
32531;11;FIESTA;(DIR MEC / HIDR);1996...2001;;1 BATENTE / 1 COIFA
32532;11;FIESTA;STREET HATCH E SEDAN (DIR MEC / HIDR);2002...2004;;1 BATENTE / 1 COIFA
32533;11;KA;(DIR MEC / HIDR);1997...2007;;1 BATENTE / 1 COIFA
32534;11;FOCUS;;2001...2008;;1 BATENTE / 1 COIFA
32535;11;ECOSPORT;4X2 MANUAL;2003...2012;;1 BATENTE / 1 COIFA
32536;11;FIESTA;(EXCETO NEW FIESTA);2003...;;1 BATENTE / 1 COIFA
32537;11;KA;;2008...2012;;1 BATENTE / 1 COIFA
32538;11;FOCUS;;2008...2013;;1 BATENTE / 1 COIFA
32539;11;FUSION;;2006...2014;;1 BATENTE / 1 COIFA
32540;11;KA;;2012...2014;;1 BATENTE / 1 COIFA
32541;11;RANGER;;1997...2012;;1 BATENTE
32542;11;FOCUS;;2008...2013;;1 BATENTE / 1 COIFA / 1 ANEL
32543;11;FUSION;;2006...;;1 BATENTE COM CANECA
32544;11;FIESTA;;2010...2013;;1 BATENTE / 1 COIFA
32545;11;ECOSPORT;4X2;2012...;;1 BATENTE / 1 COIFA
32546;11;F-250;;2004...;;1 BATENTE
32547;11;FOCUS;;2014...;;1 BATENTE / 1 COIFA
32548;11;KA;;2015...;;1 BATENTE / 1 COIFA
32549;11;FIESTA;NEW;05.2013...;;1 BATENTE / 1 COIFA
32550;11;FUSION;;2013...;;1 COIFA / 1 BATENTE
32551;11;FUSION;;2013...;;1 COIFA  / 1 BATENTE
32552;11;FUSION;;2016...;;1 BATENTE / 1 COIFA
32553;11;ESCORT;GL / GLX / RS - MOTOR ZETEC;1993...1996;;1 BATENTE / 1 COIFA
32555;11;COURIER;;1997...;;1 BATENTE
32556;11;ECOSPORT;;2003...2012;;1 BATENTE / 1 COIFA
32557;11;KA;;2008...2011;;1 BATENTE / 1 COIFA
32558;12;CIVIC;;1996...2000;;1 BATENTE
32559;12;FIT;;2001...2008;;1 BATENTE / 1 COIFA
32560;12;CIVIC;;1997...2006;;1 BATENTE / 1 COIFA
32561;12;CITY;;2009...2014;;1 BATENTE / 1 COIFA
32562;12;FIT;;2009...2014;;1 BATENTE / 1 COIFA
32563;12;CIVIC;;2006...2011;;1 BATENTE / 1 COIFA
32564;12;CIVIC;;2001...2002;;1 BATENTE
32565;12;FIT;;2001...2008;;1 BATENTE
32566;12;CR-V;;2007...2014;;1 BATENTE / 1 COIFA
32567;12;CR-V;;2007...2011;;1 BATENTE
32568;12;HR-V;;2016...;;1 BATENTE / 1 COIFA
32569;12;CIVIC;;2016...;;1 BATENTE / 1 COIFA
32570;12;CIVIC;9ª GERAÇÃO;2012...2016;;1 BATENTE / 1 COIFA
32571;12;CIVIC;10ª GERAÇÃO;2017...;;1 BATENTE / 1 COIFA
32572;12;CITY;;2015...;;1 BATENTE / 1 COIFA
32573;12;FIT;;2015...;;1 BATENTE / 1 COIFA
32574;12;WR-V;;2015...;;1 BATENTE / 1 COIFA
32575;20;206;1.0 / 1.4 / 1.6;1999...2006;;1 BATENTE / 1 COIFA
32576;20;206 SW;(EXCETO ESCAPADE);2005...2006;;1 BATENTE / 1 COIFA
32577;20;306;(EXCETO PERUA / BREAK PASSION);1992...2001;;1 BATENTE / 1 COIFA
32578;20;306;CABRIOLET / GTI 16 V;1993...2000;;1 BATENTE / 1 COIFA
32579;7;BERLINGO;;1998...2007;;1 BATENTE / 1 COIFA
32580;7;XSARA;16 V / GLX (EXCETO / BREAK);1997...;;1 BATENTE / 1 COIFA
32581;7;ZX;(EXCETO VOLCANE);1992...1997;;1 BATENTE / 1 COIFA
32582;7;C3;;2002...;;1 BATENTE / 1 COIFA
32583;7;C4;;2007...;;1 BATENTE / 1 COIFA
32584;20;307;;2002...;;1 BATENTE / 1 COIFA
32586;7;C4 LOUNGE;;2012...;;1 BATENTE / 1 COIFA
32587;20;3008;;2011...;;1 BATENTE / 1 COIFA
32588;20;308;;2012...;;1 BATENTE / 1 COIFA
32589;20;408;;2011...;;1 BATENTE / 1 COIFA
32590;20;206;1.0 / 1.4 / 1.6;03.2007...;;1 BATENTE / 1 COIFA
32591;20;207;;2008...;;1 BATENTE / 1 COIFA
32593;7;C3;;2003...;;1 BATENTE
32594;21;CLIO;RL / RN / RT/ SI;1999...2011;;1 BATENTE / 1 COIFA
32595;21;CLIO;SEDAN - RL / RN / RT/ SI;1999...;;1 BATENTE / 1 COIFA
32596;21;KANGOO;PASSEIO / FURGÃO;1999...2012;;1 BATENTE / 1 COIFA
32597;21;TWINGO;;1994...1999;;1 BATENTE / 1 COIFA
32598;21;SCENIC;;1999...;;1 COIFA / 1 FITA HELLERMAN (ABRAÇADEIRA NYLON)
32599;21;CLIO;;1999...2011;;1 BATENTE / 1 COIFA
32600;21;CLIO;SEDAN;1999...;;1 BATENTE / 1 COIFA
32601;21;LOGAN;;2008...2013;;1 BATENTE / 1 COIFA
32603;21;DUSTER;;2008...;;1 BATENTE / 1 COIFA
32604;21;LOGAN;;2008...;;1 BATENTE / 1 COIFA
32605;21;SANDERO;;2008...;;1 BATENTE / 1 COIFA
32606;21;CAPTUR;;2017...;;1 BATENTE / 1 COIFA
32607;21;DUSTER;;2012...;;1 BATENTE / 1 COIFA
32608;21;LOGAN;;2014...;;1 BATENTE / 1 COIFA
32609;21;SANDERO;;2014...;;1 BATENTE / 1 COIFA
32610;21;FLUENCE;;2012...;;1 BATENTE / 1 COIFA
32611;21;KWID;;2017...;;1 COIFA / 1 BATENTE
32612;24;COROLLA;;2003...2008;;1 BATENTE
32613;24;COROLLA FIELDER;;2004...2006;;1 BATENTE
32614;24;COROLLA;;2003...2008;;1 BATENTE / 1 COIFA
32615;24;COROLLA FIELDER;;2004...2006;;1 BATENTE / 1 COIFA
32616;24;COROLLA;;2009...2014;;1 BATENTE / 1 COIFA
32617;24;ETIOS;;2012...;;1 BATENTE / 1 COIFA
32618;42;DAKOTA;(NACIONAL);1998...2001;;1 BATENTE
32619;19;MARCH;;2011...;;1 BATENTE / 1 COIFA
32620;19;VERSA;;2011...;;1 BATENTE / 1 COIFA
32621;19;GRAND LIVINA;;2009...;;1 BATENTE / 1 COIFA
32622;19;LIVINA;;2009...;;1 BATENTE / 1 COIFA
32623;19;TIIDA;;2007...;;1 BATENTE / 1 COIFA
32624;19;SENTRA;;2007...2013;;1 BATENTE / 1 COIFA
32625;19;KICKS;;2017...;;1 COIFA / 1 BATENTE
32626;13;SANTA FÉ;;2007...2009;;1 BATENTE / 1 COIFA
32627;13;TUCSON;;2005...;;1 BATENTE / 1 COIFA
32628;15;SPORTAGE;;2005...2010;;1 BATENTE / 1 COIFA
32629;13;I30;;2009...2014;;1 BATENTE / 1 COIFA
32630;13;HB20;HB20 / HB20S;2013...;;1 BATENTE / 1 COIFA
32631;13;TUCSON;;2005...2016;;1 BATENTE / 1 COIFA
32632;13;AZERA;;2012...2017;;1 BATENTE / 1 COIFA
32633;13;SONATA;;2011...2014;;1 BATENTE / 1 COIFA
32634;15;SPORTAGE;;2010...;;1 BATENTE / 1 COIFA
32635;13;IX35;;2010...;;1 BATENTE / 1 COIFA
32636;13;CRETA;;2017...;;1 COIFA / 1 BATENTE
32637;15;BESTA;GS GRAND (16 LUGARES) / GS (12 LUGARES);1997...2006;;1 BATENTE
32638;15;SOUL;;2009...;;1 BATENTE / 1 COIFA
32639;15;CERATO;;2008...;;1 BATENTE / 1 COIFA
32640;15;PICANTO;;2006...;;1 BATENTE / 1 COIFA
32641;15;CERATO;;2008...;;1 BATENTE C/ INSERTO
32642;15;SOUL;;2009...;;1 BATENTE C/ INSERTO
32643;18;L200;;1993...2011;;1 BATENTE
32644;18;L300;;1995...1999;;1 BATENTE
32645;18;ASX;;2011...;;1 BATENTE / 1 COIFA
32646;18;LANCER;;2002...;;1 BATENTE / 1 COIFA
32647;18;OUTLANDER;;2007...;;1 BATENTE / 1 COIFA
32648;18;PAJERO;DAKAR;2009...2018;;1 BATENTE
32649;18;PAJERO;FULL;2001...;;1 BATENTE
32650;18;PAJERO;SPORT;2001...;;1 BATENTE
32651;18;PAJERO;TR4;2003...2008;;1 BATENTE
32656;7;C3;;2013...;;1 BATENTE
32657;7;AIRCROSS;;2010...;;1 BATENTE
32658;10;FIORINO;;1980...1984;1300 / 1500;
32659;10;UNO;;1991...1992;1.0;
32660;10;ARGO;DRIVE  - CÂMBIO TRANSMISSÃO AUTOMÁTICA;2017...;1.0;
32661;10;ARGO;DRIVE  - CÂMBIO TRANSMISSÃO AUTOMÁTICA;2017...;1.3;
32662;10;CRONOS;CÂMBIO TRANSMISSÃO AUTOMÁTICA;2018...;1.3;
32663;10;MOBI;CÂMBIO TRANSMISSÃO AUTOMÁTICA;2016...;1.0;
32664;10;PALIO;;1996...2000;1.0/1.3;SEM ABS
32665;10;PALIO;;2001...2014;1.0/1.3 8V/16V FIRE;
32666;10;PALIO;WEEKEND;2001...2014;1.0/1.3 8V/16V FIRE;
32667;10;SIENA;;2001...2014;1.0/1.3 1816 FIRE;COM EIXO GKN
32668;10;UNO;;05.1992...1995;1.0;
32669;10;STRADA;;2005...2010;1.4 8V;SEM ABS
32670;21;LOGAN;CÂMBIO MANUAL;2008...2013;1.0 / 1.6;COM FLANGE E ROLAMENTO
32671;21;SANDERO;CÂMBIO MANUAL;2008...2013;1.0 / 1.6;COM FLANGE E ROLAMENTO
32672;21;SYMBOL;CÂMBIO MANUAL;2008...2013;1.0 / 1.6;COM FLANGE E ROLAMENTO
32673;21;LOGAN;CÂMBIO MANUAL;2008...2013;1.0 / 1.6;
32674;21;SANDERO;CÂMBIO MANUAL;2008...2013;1.0 / 1.6;
32675;21;SYMBOL;CÂMBIO MANUAL;2008...2013;1.0 / 1.6;
32676;11;DEL REY;;1981...1988;1.6 / 1.8 - MOTOR AE;
32677;11;SCALA;;1981...1989;1.6 MOTOR AE;
32678;11;COURIER;;1997...;1.4;
32679;11;COURIER;;1997...1999;1.3  - MOTOR ENDURA;
32680;11;FIESTA;;1996...2006;1.4 / 1.8;
32681;24;COROLLA;;2002...2009;;
32682;7;C3;1.4 / 1.6 - EIXO DE 36MM TUBULAR;2003...2011;;
32683;20;206;1.0 - EIXO DE 36MM TUBULAR;1998...;;
32684;7;BERLINGO;;1998...;1.6 / 1.8;EIXO DE 36MM TUBULAR
32685;7;XSARA PICASSO;;2001...;1.6 / 1.8;EIXO DE 36MM TUBULAR
32686;20;306;;2001...;;EIXO DE 36MM TUBULAR
32687;20;307;;2001...;;EIXO DE 36MM TUBULAR
32688;10;ARGO;CÂMBIO MANUAL;2017...;1.8;
32689;10;CRONOS;CÂMBIO MANUAL;2018...;1.8;
32690;24;BANDEIRANTE;JEEP;1970...04.1994;;
32691;24;BANDEIRANTE;JEEP;1970...03.1993;;
32692;5;BONANZA;;1989...1992;;
32693;5;VERANEIO;;1981...1992;;
32694;5;VERANEIO;;1968...1980;;
32695;17;ATEGO 1728;L;2007...2010;;
32698;34;MA-7.5 T - NETUNO;TODOS OS MODELOS;1993...2005;;
32699;5;BONANZA;;1993...1997;;
32700;5;VERANEIO;;1993...1997;;
32701;38;110;L/ LK/ LS/ LT - SUSPENSÃO COM MOLA;1969...1983;;
32702;38;111;L/ LK/ LS/ LT - SUSPENSÃO COM MOLA;1969...1983;;
32703;34;MA-5.0 T SENIOR;TODOS OS MODELOS;2002...2009;;
32704;34;MA-5.0 T VOLARE;TODOS OS MODELOS;2002...2009;;
32705;11;F-4000;REPOWERING;1996...;;
32706;34;4500;TODOS OS MODELOS;1994...1997;;
32707;34;5000;TODOS OS MODELOS;1994...1998;;
32709;34;8500;;1997...2009;;CAMINHÃO
32711;34;A8700;;...;;CAMINHÃO
32712;5;S10;4X4;1995...06.1999;;
32713;17;1634;L;2001...2009;;
32714;17;2638;L / LS / LK;1996...2006;;
32716;17;2038;L;1994...;;
32717;17;2414;L;1994...;;
32718;17;2416;L;1994...;;
32719;17;2418;L;1992...1999;;
32720;17;2423;L;1999...2009;;
32721;17;2428;L;2001...2006;;
32722;5;A-20;4X2;1993...1997;;
32723;5;C-20;4X2;1993...1997;;
32724;5;D-20;4X2;1993...1997;;
32725;5;A-20;4X2;1989...1992;;
32726;5;C-20;4X2;1989...1992;;
32727;5;D-20;4X2;1989...1992;;
32728;24;BANDEIRANTE;PICK-UP;04.1994...2000;;
32729;11;PAMPA;4X4;1982...10.1989;;
32730;11;PAMPA;4X2;1982...10.1989;;
32737;17;1938;LS;2000...2006;;
32738;26;17.260;PROTEUS - COM MOTOR TRASEIRO;2001...;;
32739;24;BANDEIRANTE;JEEP;04.1994...2001;;
32740;24;BANDEIRANTE;JEEP;03.1993...2001;;
32741;24;BANDEIRANTE;PICK-UP;03.1993...2001;;
32742;17;1929;L;1977...1987;;
32744;17;OH-1621;LS;1997...2005;;
32745;17;OH-1623;LS;2000...2006;;
32746;17;OH-1625;LS;1996...1999;;
32747;17;OH-1628;LS;1998...2006;;
32748;17;OH-1630;LS;1998...2000;;
32749;17;OH-1635;LS;1995...1998;;
32750;17;OH-1636;LS;1998...2000;;
32752;17;1938;LS - ELETRÔNICA;2000...2006;;
32753;17;OF-1722;LS;2000...2013;;
32754;34;MA-6.0 T SENIOR;(A6/A8) - TODOS OS MODELOS;1998...2008;;
32756;11;CARGO 712;TODOS OS MODELOS;1996...;;
32757;11;CARGO 814;TODOS OS MODELOS;1996...;;
32759;11;CARGO 815;TODOS OS MODELOS;1996...;;
32760;11;CARGO 815E;TODOS OS MODELOS;1996...;;
32761;11;CARGO 815S;TODOS OS MODELOS;1996...;;
32762;11;CARGO 915;TODOS OS MODELOS;1996...;;
32763;26;10.160;DELIVERY;2013...2020;;
32764;26;13.160;DELIVERY;2016...2019;;
32765;26;5.140;DELIVERY;2005...2012;;CHASSI 2.850 MM / 4.300 MM
32766;26;7.100;;1994...2001;;7 E 8 TONELADAS
32767;26;8.100;;1997...2000;;7 E 8 TONELADAS
32768;26;8.120;;2000...2012;;7 E 8 TONELADAS
32769;26;8.140;;1994...2000;;7 E 8 TONELADAS
32771;26;8.150;;2000...2010;;7 E 8 TONELADAS
32772;26;8.150;DELIVERY;2006...2013;;CHASSI 2.850 MM / 4.300 MM
32776;26;10.160;L - DELIVERY;...;;
32777;26;13.160;L - DELIVERY;...;;
32787;26;8.150;DELIVERY;2005...;;CHASSI 2850MM
32790;26;9.160;L - DELIVERY;...;;
32791;17;OF-1418;LS;...;;
32794;34;MA-7.5 T SENIOR;TODOS OS MODELOS;1996...2009;;
32795;34;MA-7.5 T VOLARE;TODOS OS MODELOS;1996...2009;;
32796;34;MA-8.0 T SENIOR;TODOS OS MODELOS;2000...2009;;
32797;34;MA-8.0 T VOLARE;TODOS OS MODELOS;2000...2009;;
32798;34;MA-8.5 T SENIOR;TODOS OS MODELOS;1997...2009;;
32799;34;MA-8.5 T VOLARE;TODOS OS MODELOS;1997...2009;;
32800;25;T4;TODOS OS MODELOS;1998...2002;;
32801;34;ÔNIBUS;COM SUSPENSÃO A AR;...;;
32802;34;CAMINHÃO;SUSPENSÃO A AR HBZ;...;;
32803;11;CARGO 814;TODOS OS MODELOS;1996...2002;;
32804;11;CARGO C 814;TODOS OS MODELOS;1996...2002;;
32805;34;FURGOVAN 6000;TODOS OS MODELOS;2001...2010;;
32810;17;O-500;CBC 2632 - EIXO INTERMEDIÁRIO;...;;
32811;17;O-500;MA - EURO V;...;;
32812;11;CORCEL;;1968...1977;;
32813;11;CORCEL II;EXCETO GT / HOBBY;1978...02.1981;;
32814;11;F-1000;;1979...03.1990;;
32815;26;11.130;L;1982...1986;;
32816;26;11.140;L;1982...1986;;
32817;26;11.160;L;1982...1986;;
32818;26;13.130;L;1982...1987;;
32819;26;14.210;DISTÂNCIA ENTRE EIXO 3560MM;1980...1989;;
32820;26;14.210;DISTÂNCIA ENTRE EIXO 4340/4800/ 5207MM;1989...1991;;
32821;11;PAMPA;4X2 / 4X4;1982...10.1989;;
32822;26;6.80;L;1982...1994;;
32823;26;6.90;L;1982...1994;;
32824;26;7.110;L;1982...1993;;
32825;26;7.110;L;1982...1994;;
32826;26;7.90;L;1982...1994;;
32827;26;7.90;LS;1982...1994;;
32828;26;6.80;;1982...03.1994;;
32829;26;6.90;;1982...03.1994;;
32830;26;7.110;;1982...03.1994;;
32831;26;7.110;;1982...1993;;ÔNIBUS
32832;26;7.90;;1982...03.1994;;
32833;26;7.90;;1982...1993;;ÔNIBUS
32834;17;1924;LS;1985...1988;;
32835;17;1929;LS;1977...1987;;
32836;17;1932;LS;1985...1988;;
32837;17;1933;LS;1987...1989;;
32838;5;6000;TODOS OS MODELOS;1997...1998;;
32839;5;6150;TODOS OS MODELOS;1997...2004;;
32840;5;A-40;TODOS OS MODELOS;1985...1995;;
32841;5;C-40;TODOS OS MODELOS;1985...1995;;
32842;5;D-40;TODOS OS MODELOS;1985...1995;;
32843;5;6100;TODOS OS MODELOS;1997...1998;;
32844;11;BELINA II;4X2;03.1981...10.1989;;
32853;11;F-12000;L;1992...1998;;
32854;11;F-14000;L;1992...1998;;
32855;17;1218;L / LK;1991...1998;;
32856;17;1313;LA / LAK / LS;1975...1987;;
32857;17;1314;LA / LAK;1987...1991;;
32858;17;1316;LA / LAK / LS;1975...1986;;
32859;17;1317;LA / LAK;1986...1987;;
32860;17;1318;LK;1978...1983;;
32861;17;1414;L / LK;1989...1996;;
32862;17;1418;L/ LA/ LAK/ LK;1991...2002;;
32863;17;1420;L;2002...2005;;
32864;17;1513;L / LK;1970...1987;;
32865;17;1514;L / LK;1987...1989;;
32866;17;1516;L;1975...1986;;
32867;17;1519;L / LK / LS;1975...1987;;
32868;17;1520;L / LK / LS;1987...1991;;
32869;17;1524;LS;1985...1987;;
32870;17;1525;LS;1987...1990;;
32871;17;1622;ELETRÔNICO;2001...2005;;
32872;17;1714;L;1991...1996;;
32873;17;1718;L;1991...2009;;
32874;17;1720;L;1997...2008;;
32875;17;1721;L;1992...1998;;
32876;17;1723;L;1998...2002;;
32877;11;F-400;L;1995...;;
32878;11;F-4000;L;1975...10.1998;;
32879;34;MA-9.2;TCA-URBANO - LIBUS;2004...2009;;
32881;17;O-500;MA - EURO V;2006...;;
32882;5;BLAZER;4X2;1995...06.1999;2.5 / 2.2 / 4.3 - 4CC / 6CC;
32883;5;BLAZER;4X4;1995...06.1999;6CC;
32884;5;A-20;4X2;1983...1988;;
32885;5;C-20;4X2;1983...1988;;
32886;5;D-10;4X2;1978...1980;;
32887;5;D-20;4X2;1983...1988;;
32888;17;METROPOLIS;LS;2005...;;
32889;5;D-60;TODOS OS MODELOS;1957...1995;;
32890;5;D-70;TODOS OS MODELOS;1970...1995;;
32909;11;F-11000;L;1970...1992;;
32910;11;F-12000;L;1980...1992;;
32911;11;F-13000;L;1970...1992;;
32912;11;F-600;L;1957...1979;;
32913;11;F-700;L;1970...1979;;
32914;11;F-7000;L;1976...1992;;
32915;11;F-750;L;1971...1979;;
32916;17;OF-1113;LS;1982...1987;;
32917;17;OF-1114;LS;1987...1989;;
32918;17;OF-1313;LS;1975...1987;;
32919;17;OF-1314;LS;1987...1988;;
32920;17;OF-1316;LS;1970...2006;;
32921;17;OF-1318;LS;1989...1998;;
32922;17;OF-1513;LS;1970...2006;;
32923;17;OF-1618;LS;1992...1996;;
32924;17;OF-1620;LS;1994...1998;;
32925;17;OH-1313;LS;1975...1992;;
32926;17;OH-1315;LS;1987...1995;;
32927;17;OH-1316;LS;1975...1987;;
32928;17;OH-1318;LS;1988...1999;;
32929;17;OH-1418;LS;1995...2008;;
32930;17;OH-1419;LS;1987...2003;;
32931;17;OH-1420;LS;1987...2003;;
32932;17;OH-1421;LS;1996...2003;;
32933;17;OH-1517;LS;1976...1987;;
32934;17;OH-1518;LS;1987...2008;;
32935;17;OH-1520;LS;1989...1993;;
32936;5;A-10;TODOS OS MODELOS;1981...1988;;
32937;5;C-10;TODOS OS MODELOS;1981...1988;;
32940;17;1114;LK;1987...1989;;
32941;17;1313;L / LK;1975...1987;;
32942;17;1314;L / LK;1987...1991;;
32943;17;1316;L / LK;1975...1986;;
32944;17;1317;L / LK;1986...1987;;
32945;17;1318;L;1978...1983;;
32946;17;1319;L;1984...1986;;
32947;17;1418;K;1991...2002;;
32948;17;1728;L;2003...2006;;
32949;17;1935;L;1994...1998;;
32950;17;1941;L / LS;1994...1998;;
32951;17;2635;L / LS / LK;1994...1999;;
32952;17;ATRON 1719;L;...;;
32953;17;CAMINHO DA ESCOLA;L;...;;
32954;5;A-20;4X2;1983...1992;;
32955;5;C-20;4X2;1983...1992;;
32956;5;D-10;4X2;1978...1982;;
32957;5;D-20;4X2;1983...1992;;
32958;5;VERANEIO;;1989...1992;;
32970;34;MA-7.5 T SENIOR;(A6/A8) - COM SUSPENSÃO A AR;1996...2009;;
32971;34;MA-7.5 T VOLARE (A6/A8);COM SUSPENSÃO A AR;1996...2009;;
32972;34;MA-8.5 T SENIOR;(A6/A8) - COM SUSPENSÃO A AR;1997...2009;;
32973;34;MA-8.5 T VOLARE (A6/A8);COM SUSPENSÃO A AR;1997...2009;;
32974;34;MA-7.5 SENIOR;(A6/A8 ) SUSPENSÃO A AR - TODOS OS MODELOS;1996...2009;;
32975;34;MA-7.5 VOLARE;(A6/A8 ) SUSPENSÃO A AR - TODOS OS MODELOS;1996...2009;;
32976;34;MA-8.5 SENIOR;(A6/A8 ) SUSPENSÃO A AR - TODOS OS MODELOS;1997...2009;;
32977;34;MA-8.5 VOLARE;(A6/A8 ) SUSPENSÃO A AR - TODOS OS MODELOS;1997...2009;;
32979;34;VOLARE A5;TODOS OS MODELOS;1980...2006;;
32980;5;C-10;;1964...1980;;
32981;5;C-14;;1964...1980;;
32982;17;608;LO;1972...1987;;
32983;17;610;LO;1986...2003;;
32984;17;708;LO;1987...1989;;
32985;17;809;LO;1996...;;
32986;17;812;LO;1994...1996;;
32987;17;814;LO;1996...2002;;
32988;17;912;LO;1999...2006;;
32989;17;914;;...;;
32990;17;914;C;...;;
32991;17;914;LO;1999...2006;;
32992;17;915;LO;1992...1994;;
32993;17;OF-1721;MARCOPOLO;1992...1994;;
32994;17;OF-809;;1996...;;
32995;17;OF-812;;1994...1996;;
32996;30;7900 CB;;1970...2000;;
32997;30;7900 CD;;1970...2000;;
32998;5;C-10;TODOS OS MODELOS;1964...1980;;
32999;5;C-14;TODOS OS MODELOS;1964...1980;;
33000;5;VERANEIO;TODOS OS MODELOS;1968...1980;;
33001;11;JEEP WILLYS;;1966...1983;;
33002;24;BANDEIRANTE;PICK-UP;1970...04.1994;;
33003;24;BANDEIRANTE;PICK-UP;1970...03.1993;;
33004;17;1113;L / LS / LK;1970...1987;;
33005;17;1114;L / LS;1987...1997;;
33006;17;1116;L / LK;1975...1983;;
33007;17;1118;L / LK;1987...1989;;
33008;17;1111;LP/ LPO;1964...1970;;
33009;17;1113;LA/ LO/ LP/ LPO;1970...1995;;
33010;17;1114;LPO;1975...1987;;
33011;17;1116;LO;1984...;;
33012;17;1313;LPO;1975...1987;;
33013;17;OF-1115;LS;1987...1998;;
33014;11;F-400;;1995...;;
33015;11;F-4000;EXCETO REPOWERING;1975...1995;;
33016;11;FB-4000;EXCETO REPOWERING;1995...;;
33017;30;914;TODOS OS MODELOS;1970...2000;;
33022;34;MARRUÁ JEEP;;2005...;;
33023;11;F-14000;L;1988...1992;;
33024;11;F-16000;L;1980...1992;;
33025;11;F-19000;L;1980...1992;;
33026;11;F-21000;L;1980...1992;;
33027;11;F-22000;L;1980...1992;;
33030;26;9.150;NFB;2004...;;
33031;34;MA-9.2;TCA-EXECUTIVO;2004...2009;;
33032;34;VOLARE FLY;LIBUS;2011...2014;;
33033;34;VOLARE IKARUS;LIBUS;2011...2014;;
33036;34;A10000;;...;;CAMINHÃO
33039;34;VOLARE A8W RHD;;2005...2012;;
33040;34;VOLARE W8;;2009...2014;;
33041;34;VOLARE W9;;2009...2014;;
33043;26;5.150;L - DELIVERY;...;;
33045;26;CARRO FORTE;;...;;
33046;17;AXOR 2644;S;2005...2012;;
33047;17;OH-1518;;1990...2012;;
33048;34;MA-10.0;TODOS OS MODELOS;2000...2011;;
33049;17;915;LO / LS;2004...2010;;
33050;17;ATEGO 1315;L;2004...2010;;
33051;17;ATEGO 1418;L;2004...2010;;
33052;17;ATEGO 1718;L;2004...2010;;
33053;17;ATEGO 1725;L;2004...2010;;
33054;17;ATEGO 1729;COLETOR DE LIXO;...;;
33055;17;ATEGO 2425;L;2004...2010;;
33056;17;OF-1721;MARCOPOLO;2004...2010;;
33057;26;8.160;DELIVERY;...;;
33058;26;9.160;DELIVERY;...;;
33059;26;TRUCK;7 E 8 TONELADAS;1982...1994;;
33060;26;MICRO ONIBUS/ FURGÃO;7,3 TONELADAS;2008...2009;;
33062;34;VOLARE FLY;;2011...2014;;
33063;34;VOLARE IKARUS;;2011...2014;;
33064;11;F-12000;FIXAÇÃO A/A;1999...;;
33065;11;F-14000;FIXAÇÃO A/A;1999...;;
33066;11;F-16000;FIXAÇÃO A/A;1999...;;
33070;17;AXOR 3340;K / L;2006...2011;;
33071;17;AXOR 3340;L;2006...2011;;
33072;17;AXOR 3340;S / L;2006...2011;;
33073;17;AXOR 3344;K / L;2006...2011;;
33074;17;AXOR 3344;L;2006...2011;;
33075;17;AXOR 3344;S / L;2006...2011;;
33076;17;AXOR 4140;K / L;2006...2011;;
33077;17;AXOR 2644;S / L;2005...2011;;
33078;17;AXOR 3344;L;...;;
33079;17;AXOR 4144;L;...;;
33080;17;AXOR 2533;L;...;;
33081;17;AXOR 2540;S / L;2006...2011;;
33082;17;AXOR 2544;S / L;2006...2011;;
33083;17;AXOR 2640;L;2006...2011;;
33084;17;AXOR 2644;S / L;2006...2011;;
33085;17;AXOR 2826;L;2006...2011;;
33086;17;AXOR 3131;L;...;;
33090;17;AXOR 2828;K / L;...;;
33091;17;AXOR 2831;L;2006...2011;;
33092;14;STRALIS;L;2011...;;
33093;14;STRALIS;;2011...;;
33094;14;EUROTECH;L;1992...2012;;
33095;14;EUROTECH;;1992...2012;;
33096;14;VERTIS;9T;...;;
33097;17;AXOR 1933;L;...;;
33098;17;AXOR 2644;S / L;2005...2014;;
33099;11;CARGO 1119;L;2012...;;
33100;11;CARGO 816;L;2012...;;
33102;34;MA6000;EURO V;...;;
33103;34;MA8000;EURO V;...;;
33104;17;916;LO / LS;...;;
33105;14;TECTOR;CAM 15T;...;;
33107;14;DAILY;CITY CLASS - COM MOLA PARABÓLICA;...;;
33108;34;VOLARE V8L;4X4;...;;
33110;14;ÔNIBUS 17T;COM MOLA ELÍPTICA;...;;
33113;32;FH-400;L;2006...;;
33114;32;FH-440;L;2006...;;
33116;38;SÉRIE 4;;...;;
33117;14;TECTOR;11 TONELADAS;2019...;;
33118;17;ACCELO 1016;C;2012...2020;;
33119;17;ACCELO 1316;L;2018...2018;OM-924 LA 156CV;
33120;17;ACCELO 1316;LK;2018...2018;OM-924 LA 156CV;
33122;17;ACCELO 815;;2012...2020;;
33124;34;A7500;CAMINHÃO;...;;
33127;123;CARRETA;;...;;
33128;26;QUANTUM;TODOS OS MODELOS;1985...1990;;
33129;5;CHEVETTE;TODOS OS MODELOS;1973...1994;;
33130;5;CHEVY 500;TODOS OS MODELOS;1973...1994;;
33131;5;MARAJÓ;TODOS OS MODELOS;1980...1989;;
33132;5;ZAFIRA;2.0 16V - C/AR (AUTOMÁTICA);2001...2012;;
33133;5;ASTRA;1.8 / 2.0 - GL / GLS 8V/16V;1998...2012;;
33134;5;ASTRA;SEDAN - 1.8 / 2.0 - GL / GLS 8V/16V (INCLUSIVE SPORT);1998...2012;;
33135;5;CORSA SEDAN;GII - C/ E S/ AR  - CÂMBIO MANUAL;2002...2012;1.0 / 1.4;
33136;5;CORSA SEDAN;GII - S/ AR  - CÂMBIO MANUAL;2002...2012;1.8;
33137;5;CORSA SEDAN;GII - C/ AR  - CÂMBIO MANUAL;2002...2012;1.8;
33138;5;CORSA SEDAN;GII  - CÂMBIO MANUAL;2002...2012;1.0 / 1.4 / 1.8;
33139;5;CORSA;GII - C/ E S/ AR  - CÂMBIO MANUAL;2002...2012;1.0 / 1.4;
33140;5;CORSA;GII - S/ AR  - CÂMBIO MANUAL;2002...2012;1.8;
33141;5;CORSA;GII - C/ AR  - CÂMBIO MANUAL;2002...2012;1.8;
33142;5;CORSA;GII  - CÂMBIO MANUAL;2002...2012;1.0 / 1.4  / 1.8;
33143;5;MERIVA;COM GNV  - CÂMBIO MANUAL;2002...2012;;
33144;5;MERIVA;;2002...2012;1.8 - 8V / 16V;
33145;5;MERIVA;;2003...2012;1.8;
33146;5;COBALT;;2011...;1.4 / 1.8;
33147;5;COBALT;CÂMBIO AUTOMÁTICO;2011...;1.8;
33150;5;ONIX;1.4 - AUTOMÁTICO;2012...;;
33151;5;PRISMA;1.4 - AUTOMÁTICO;2012...;;
33152;5;ONIX;1.0 / 1.4 - MANUAL;2012...;;
33153;5;PRISMA;1.0 / 1.4 - MANUAL;2012...;;
33154;5;MONTANA;1.8 C/ E S/ AR;2004...2010;;
33155;5;S10;DIESEL 2.8;2017...;;
33156;5;VECTRA;COM GNV;1997...2005;;
33157;5;CELTA;TODOS OS MODELOS;2000...2015;;
33159;5;SILVERADO;CABINE SIMPLES - MAXION S4 - 4 CILINDROS;1997...2000;;
33160;5;CORSA;2 E 4 PORTAS - COM GNV;1994...2002;;
33161;5;VECTRA;2.4 SOHC C/AR, C/ABS (AUTOMÁTICA);2006...;;
33162;5;PRISMA;S/AR;2006...;;
33163;5;CELTA;C/ AR;2000...2015;1.0 / 1.4;
33164;5;PRISMA;C/ AR;2006...;;
33165;5;MONTANA;TODOS OS MODELOS;2003...2010;;
33166;5;CRUZE;TODOS;09.2011...;;
33167;5;CRUZE;(MANUAL);09.2011...;;
33168;5;CRUZE;CÂMBIO AUTOMÁTICO;09.2011...;;
33169;5;SPIN;LTZ / LT;2012...;;
33170;5;SPIN;LTZ;2012...;;
33171;5;SPIN;LT;2012...;;
33172;5;S10;FLEX 4X2  - (MANUAL);2012...;;
33173;5;S10;DIESEL 2.8 4X2 / 4X4 - (MANUAL E AUTOMÁTICA);2012...;;
33174;5;TRAILBLAZER;2.8 4X4 - DIESEL;2012...;;
33175;5;TRAILBLAZER;2.5 4X4 - DIESEL / 3.6 4X4 - GASOLINA;2012...;;
33176;5;CHEVETTE;C/AR OU TRANSMISSÃO AUTOMÁTICA;1973...1994;;
33177;5;CHEVY 500;C/AR OU TRANSMISSÃO AUTOMÁTICA;1973...1994;;
33178;5;MARAJÓ;C/AR OU TRANSMISSÃO AUTOMÁTICA;1980...1989;;
33179;5;OMEGA;6 CILINDROS - C/ E S/AR;1992...1998;;
33180;5;SUPREMA;6 CILINDROS - C/ E S/AR;1993...1996;;
33181;5;MONZA;S/AR;1982...1990;;
33182;5;MONZA;C/AR OU TRANSMISSÃO AUTOMÁTICA;1982...1990;;
33183;5;MONZA;TODOS OS MODELOS;1982...1990;;
33184;5;CHEVY 500;TODOS OS MODELOS;1983...1994;;
33185;5;A-40;;1984...1997;;
33186;5;C-40;;1984...1997;;
33187;5;D-40;;1984...1997;;
33188;5;CARAVAN;6 CILINDROS - S/AR;1980...1992;;
33189;5;OPALA;6 CILINDROS;1980...1992;;
33190;5;CARAVAN;TODOS OS MODELOS/ISOLADOR 9460878;1969...1992;;
33191;5;OPALA;(OBS.: MOD. 69/87 - USAR ISOLADOR 94 608 781);1969...1992;;
33192;5;ASTRA;EXCETO SW (IMPORTADO);1995...1996;;
33193;5;KADETT;TODOS OS MODELOS;1989...1998;;
33194;5;ASTRA;S/AR - (IMPORTADO);1995...1996;;
33195;5;IPANEMA;C/ E S/AR;1989...1998;;
33196;5;KADETT;S/AR;1989...1998;;
33197;5;ASTRA;C/AR - (IMPORTADO);1995...1996;;
33198;5;IPANEMA;C/AR (AUTOMÁTICA);1989...1998;;
33199;5;KADETT;C/AR (AUTOMÁTICA);1989...1998;;
33200;5;MONZA;S/AR;1991...1996;;
33201;5;MONZA;C/AR OU TRANSMISSÃO AUTOMÁTICA;1991...1996;;
33202;5;VECTRA;TODOS OS MODELOS;1993...1996;;
33203;8;ESPERO;TODOS OS MODELOS;1994...1997;;
33204;5;OMEGA;TODOS OS MODELOS;1992...1998;;
33205;5;A-10;6 CILINDROS;1964...1980;;
33206;5;BONANZA;6 CILINDROS - ÁLCOOL / GASOLINA;1985...1995;;
33207;5;C-10;6 CILINDROS;1964...1980;;
33208;5;C-14;6 CILINDROS;1964...1980;;
33209;5;VERANEIO;6 CILINDROS - ÁLCOOL / GASOLINA;1964...1980;;
33210;5;BONANZA;DIESEL (EXCETO MOTOR S4T);1985...1995;;
33211;5;D-10;DIESEL (EXCETO MOTOR S4T);1979...1992;;
33212;5;D-20;DIESEL (EXCETO MOTOR S4T);1979...1992;;
33213;5;A-10;6 CILINDROS (EXCETO BONANZA);1981...1996;;
33214;5;A-20;6 CILINDROS (EXCETO BONANZA);1981...1996;;
33215;5;C-10;6 CILINDROS (EXCETO BONANZA);1981...1996;;
33216;5;C-20;6 CILINDROS (EXCETO BONANZA);1981...1996;;
33217;5;GRAND BLAZER;4.1 / 6 CILINDROS;1998...1999;;
33218;5;SILVERADO;4.1 6 CILINDROS - GASOLINA;1997...1999;;
33219;5;CORSA;1.0 - S/AR;1994...03.1999;;
33220;5;CORSA;1.4 / 1.6 - S/AR;1994...1996;;
33221;5;CORSA;1.0 - C/AR;1994...03.1999;;
33222;5;CORSA;1.4 / 1.6 - C/AR;1994...1996;;
33223;5;D-20;DIESEL (EXCETO MOTOR S4T E BONANZA);1993...1996;;
33224;5;SILVERADO;4.2 6 CILINDROS - MOTOR MWM TURBO;1997...2001;;
33225;5;VERANEIO;DIESEL;1993...1996;;
33226;5;CORSA;2 E 4 PORTAS (EXCETO GSI);1994...2002;;
33227;5;CORSA;PICK-UP - 1.6 - S/AR;1995...2003;;
33228;5;CORSA;PICK-UP - C/AR;1995...2003;;
33229;5;CORSA;1.6 - C/ E S/AR;1997...1999;;
33230;5;CORSA;SEDAN - 1.0 / 1.6 - C/ E S/AR (INCLUSIVE 16V);1996...03.1999;;
33231;5;CORSA;SEDAN - 1.6 - 16V S/AR;1998...03.1999;;
33232;5;CORSA SW;1.6 - C/ E S/AR  (INCLUSIVE 16V);1997...03.1999;;
33233;5;CORSA SEDAN;;1996...;;
33234;5;CORSA SW;;1996...;;
33235;5;VECTRA;C/ E S/AR;1993...1996;;
33237;5;VECTRA;GL / GLS / CD - C/AR;1997...2000;;
33238;8;ESPERO;C/AR;1994...1997;;
33239;5;VECTRA;GL / GLS / CD;1997...2005;;
33240;5;CARAVAN;REFORÇADA (OBS.: USAR ISOLADOR 94 608 781);1969...1992;;
33241;5;ZAFIRA;2.0 8V - S/AR;2001...2012;;
33242;5;ZAFIRA;2.0 8V - C/AR;2001...2012;;
33243;5;ZAFIRA;2.0 16V - C/AR;2001...2012;;
33244;5;CELTA;S/ AR;2000...2015;1.0 / 1.4;
33245;5;OMEGA;COM GNV;1992...1998;;
33246;5;ASTRA;COM GNV - (IMPORTADO);1995...1996;;
33247;5;KADETT;COM GNV;1989...1998;;
33248;5;MONZA;COM GNV;1982...1996;;
33249;5;VECTRA;COM GNV;1993...1996;;
33250;8;ESPERO;COM GNV;1994...1997;;
33251;5;CORSA SEDAN;COM GNV;1996...;;
33252;5;CORSA SW;COM GNV;1996...;;
33253;5;ASTRA;HATCH / SEDAN -  2.0 GL / GLS 16V - C/AR;2002...2012;;
33254;5;ASTRA;SEDAN - 2.0 GL / GLS 16V - C/AR;2002...2012;;
33255;5;VECTRA;2.0 (MANUAL);2006...;;
33256;5;VECTRA;2.0 SOHC C/AR, C/ABS (AUTOMÁTICA);2006...;;
33257;5;ASTRA;HATCH / SEDAN - 2.0 GL / GLS 8V - C/AR (AUTOMÁTICA);2002...2012;;
33258;5;ASTRA;SEDAN - 2.0 GL / GLS 8V - C/AR (AUTOMÁTICA);2002...2012;;
33259;5;ASTRA;HATCH / SEDAN - 1.8 / 2.0 - 8V - S/AR;2002...2012;;
33260;5;ASTRA;SEDAN - 1.8 / 2.0 - 8V - S/AR;2002...2012;;
33261;5;VECTRA;GL - S/AR;2001...2005;;
33262;5;ASTRA;HATCH / SEDAN - 1.8 / 2.0 - 8V - C/AR;2002...2012;;
33263;5;ASTRA;SEDAN - 1.8 / 2.0 - 8V - C/AR;2002...2012;;
33264;5;VECTRA;GL / GLS - C/AR (MANUAL);2001...2005;;
33265;5;VECTRA;CD - C/AR (MANUAL);2001...2005;;
33266;5;VECTRA;GLS / CD - C/AR (MANUAL);2001...2005;;
33267;7;C3;CÂMBIO MANUAL;2012...;1.5;COM AR
33268;20;208;CÂMBIO MANUAL;2013...2020;1.2 / 1.5 / 1.6;COM AR
33269;7;C3;CÂMBIO AUTOMÁTICO;2013...;;
33270;20;208;CÂMBIO AUTOMÁTICO;2013...;;
33271;7;C4 LOUNGE;CÂMBIO AUTOMÁTICO;2012...;;
33273;10;147;TODOS OS MODELOS;1977...1986;;
33274;10;SPAZIO;TODOS OS MODELOS;1977...1986;;
33275;10;FIORINO;FURGÃO;1994...;;
33276;10;FIORINO;PICK-UP / TREKKING / LX / WORKING;1994...1998;;
33278;10;UNO;1.5R / 1.6R - TURBO - C/ E S/AR;1989...1996;;
33279;10;FIORINO;FURGÃO;1989...1993;;
33280;10;FIORINO;PICK-UP;1989...1993;;
33281;10;PREMIO;C/AR;1989...1995;;
33282;10;UNO;1.6 MPI;1995...1996;;
33283;10;UNO;MILLE / ELETRONIC / FURGÃO / ELX / IE / EP / S/ CS/ CSL (EXCETO FIRE);1989...2001;;
33284;10;GRAND SIENA;1.6 - S/AR;2012...;;
33285;10;GRAND SIENA;1.6 - C/AR;2012...;;
33286;10;PALIO;(EXCETO SPORTING);2011...;;
33287;10;UNO;ECONOMY - C/AR;2011...;;
33288;10;PALIO;1.6 - S/AR;2011...;;
33289;10;PALIO;1.6 - C/AR;2011...;;
33290;10;DOBLO;CARGO 1.3 / 1.8  - S/AR;2002...2006;;
33291;10;DOBLO;ADVENTURE - C/AR;2002...2006;1.8;
33292;10;DOBLO;CARGO 1.3 / 1.8 - C/AR;2002...2006;;
33293;10;DOBLO;CARGO 1.6 - C/AR;2002...2003;;
33294;10;TEMPRA;8V / 16V - C/AR;1991...1999;;
33295;10;DOBLO;EX 1.3 - S/AR;2002...2002;;
33296;10;ARGO;1.0 E 1.3;2016...;;
33297;10;ARGO;1.8 HGT;2016...;;
33298;10;ARGO;TODOS OS MODELOS;2016...;1.0 / 1.3;
33303;10;TEMPRA;8V / 16V - S/AR;1991...1999;;
33304;10;MOBI;BÁSICO;2015...;1.0;
33305;10;MOBI;FIRE;2015...;1.0;VERSÃO COMPLETA
33306;10;MOBI;WAY;2015...;1.0;C/ AR
33307;10;MOBI;WAY;2015...;;
33308;10;MOBI;FIRE;2015...;1.0;VERSÃO BÁSICA
33309;10;PALIO;WAY / SEM AR;2014...;;
33310;10;PALIO;WAY;2014...;;
33311;10;PALIO;WAY / COM AR;2014...;;
33312;10;TEMPRA;TURBO 8V / 16V;1991...1999;;
33313;10;PALIO;;1996...2000;1.0 / 1.5 / 1.6 8V / 1.3 FIRE;S /AR
33314;10;PALIO;YOUNG;2001...2002;1.0;S /AR
33315;10;SIENA;DIREÇÃO HIDRÁULICA;1998...2000;1.0 / 1.3 / 1.6 8V;S /AR
33316;10;PALIO;;1996...2000;1.0 / 1.5 / 1.6 8V / 1.3 FIRE;C/ AR
33317;10;PALIO;;1996...2000;1.6 16V;S/ AR
33318;10;PALIO;YOUNG;2001...2002;1.0;C/ AR
33319;10;SIENA;;1998...2000;1.6 16V;S/ AR
33320;10;SIENA;DIREÇÃO HIDRÁULICA;1998...2000;1.0 / 1.3 / 1.5 / 1.6 8V;C/ AR
33321;10;STRADA;;1999...2001;1.5 / 1.6 8V;S/ AR
33322;10;PALIO;1.6 16V - C/AR;1996...2000;;
33323;10;PALIO WEEKEND;ADVENTURE;1999...2000;1.6;S/AR
33324;10;SIENA;1.6 16V - C/AR;1998...2000;;
33325;10;STRADA;1.5 / 1.6 8V - C/AR E DIREÇÃO HIDRÁULICA;1999...2001;;
33326;10;STRADA;1.6 16V - S/AR;1999...2001;;
33327;10;PALIO;1.0 - 2 E 4 PORTAS / 1.3 / 1.5 - 2 PORTAS;1996...2000;1.0 / 1.3 / 1.5;
33328;10;PALIO;YOUNG - 2 E 4 PORTAS;2001...2002;;
33329;10;PALIO;1.3 / 1.5 - 4 PORTAS / 1.6 - 2 E 4 PORTAS;1996...2000;;
33330;10;TIPO;1.6 - C/ E S/ AR;1994...1997;;
33331;10;PALIO WEEKEND;1.6 16V / SPORT / STILE - C/AR;1997...2000;;
33332;10;PALIO WEEKEND;1.0 / 1.3 FIRE / 1.5 / 1.6 8V - S/AR;1997...2000;;
33333;10;SIENA;1.5 / 1.6 - 8V - S/AR E S/ DIREÇÃO HIDRÁULICA;1998...2000;;
33334;10;PALIO WEEKEND;1.0 / 1.3 FIRE / 1.5 / 1.6 8V - C/AR;1997...2000;;
33335;10;PALIO WEEKEND;1.6 16V S/AR;1997...2000;;
33336;10;SIENA;1.6 8V - C/AR - S/ DIREÇÃO HIDRÁULICA;1998...2000;;
33337;10;MAREA;;1999...2007;2.0 / 2.4;C/ E S /AR
33338;10;MAREA WEEKEND;;1999...2007;2.0 / 2.4;C/ E S /AR
33339;10;BRAVA;SX / ELX;1999...2003;1.6 16V / 1.8 16V HGT;
33340;10;MAREA;(EXCETO TURBO);1999...2007;;
33341;10;TIPO;;1994...1997;1.6 / 2.0;
33342;10;MAREA;TURBO;1999...2007;;
33343;10;MAREA WEEKEND;TURBO;1999...2007;;
33344;10;MAREA;;1999...2007;2.0 TURBO;C/ E S/ AR
33345;10;MAREA WEEKEND;;1999...2007;2.0 TURBO;C/ E S/ AR
33346;10;PALIO WEEKEND;ADVENTURE;1999...2000;1.6;C/AR
33347;10;STRADA;1.6 16V - C/AR;1999...2001;;
33348;10;SIENA;TODOS OS MODELOS;1998...2000;;
33349;10;PALIO WEEKEND;ADVENTURE - LOCKER;1997...;;
33350;10;PALIO WEEKEND;SPORT / STILE;1997...;;
33351;10;MAREA;;2000...2007;1.8;S/ AR
33352;10;MAREA WEEKEND;;2000...2007;1.8;S/ AR
33353;10;BRAVA;;2000...2003;1.8 16V HGT;C/ E S/ AR
33354;10;MAREA;;2000...2005;1.8;C/ AR
33355;10;MAREA WEEKEND;;2000...2005;1.8;C/ AR
33356;10;BRAVA;SX / ELX;1999...2003;1.6 16V;
33357;10;MAREA;;1999...2007;;C/ E S/ AR
33358;10;SIENA;1.0 - 8V E 16V FIRE - S/AR - RST II;2001...;;
33359;10;PALIO;1.0 FIRE / 1.3 / 1.4 - C/ E S/ AR GII;2001...;;
33360;10;PALIO;1.5 ÁLCOOL - C/ E S/ AR RSTII;2003...2004;;
33361;10;PALIO WEEKEND;1.0 / 1.3 / 1.4 - C/ E S/AR;2001...;;
33362;10;PALIO WEEKEND;1.5 ÁLCOOL - C/ E S/AR;2003...2004;;
33363;10;SIENA;1.0 - 8V E 16V FIRE - C/AR - RST II;2001...;;
33364;10;SIENA;1.3 / 1.4 - C/ E S/AR - RST II;2001...;;
33365;10;SIENA;1.5 ÁLCOOL - C/ E S/AR;2003...2004;;
33366;10;PALIO;1.6 16V / 1.8 - S/AR RSTII / III (EXCETO 1.8 R );2001...2005;;
33367;10;PALIO WEEKEND;1.6 16V / 1.8;2001...;;
33368;10;SIENA;1.6 / 1.8 - C/ E S/AR - RST II;2001...2005;;
33369;10;PALIO;2 E 4 PORTAS;2001...;1.0 / 1.3 / 1.4 / 1.6 16V;
33370;10;PALIO;EXCETO 1.8 R;2001...2005;1.8;
33371;10;SIENA;RST II E III;2001...;;
33372;10;DOBLO;EX 1.3 - C/AR;2002...2002;;
33373;10;DOBLO;ELX 1.6 / 1.8 - C/AR;2003...2006;;
33374;10;STRADA;1.5 - C/ E S/AR;2002...2004;;
33375;10;STRADA;1.3 / 1.4 - C/ E S/AR;2003...;;
33379;10;MAREA;HLX 2.4 (AUTOMÁTICA);2002...2007;;
33380;10;MAREA WEEKEND;HLX 2.4 (AUTOMÁTICA);2002...2007;;
33381;10;BRAVA;COM GNV;1999...2003;;
33382;10;MAREA;COM GNV;1999...2007;;
33383;10;PALIO WEEKEND;COM GNV;1997...;;
33384;10;SIENA;COM GNV;1998...2000;;
33385;10;STILO;2.4 20V;2003...2010;;
33386;10;STILO;1.8 - C/AR;2003...2005;;
33387;10;STILO;1.8 - S/AR;2003...2005;;
33388;10;STILO;1.8 / 2.4;2003...2005;;
33389;10;STILO;1.8;2006...2010;;
33390;10;STILO;1.8 / 2.4;2006...2010;;
33391;10;PALIO;RST III - 1.8;2006...;;
33392;10;SIENA;RST III - 1.8;2006...;;
33393;10;SIENA;RST III E IV - 1.8;2006...;;
33394;10;PUNTO;1.4;2007...2017;;
33395;10;LINEA;(EXCETO T-JET);2008...2016;;
33396;10;PUNTO;(EXCETO T-JET);2007...2017;;
33397;10;PUNTO;;2007...2017;1.8;
33398;10;LINEA;1.9;2008...2009;;
33399;10;PUNTO;T-JET;2009...2017;;
33400;10;LINEA;T-JET;2009...2016;;
33401;10;PALIO;2 E 4 PORTAS - COM GNV;1996...2000;;
33402;10;PALIO;YOUNG - 2 E 4 PORTAS - COM GNV;2001...2002;;
33403;10;DUCATO;1,5 TONELADAS;2000...;;
33404;10;DUCATO;1,8 TONELADAS;2000...;;
33405;10;IDEA;1.4 / 1.8;2005...2016;;
33406;10;UNO;FIRE / WAY / ECONOMY;2002...;;
33407;10;GRAND SIENA;1.4 - S/AR;2012...;;
33408;10;PALIO;1.0 / 1.4 - S/AR;2011...;;
33409;10;UNO;S/AR;2010...;;
33410;10;GRAND SIENA;1.4 - C/AR;2012...;;
33411;10;PALIO;1.0 / 1.4 - C/AR;2011...;;
33412;10;UNO;C/AR;2010...;;
33413;10;UNO;(EXCETO SPORTING);2010...;;
33414;10;UNO;ECONOMY;2011...;;S/ AR
33415;10;UNO;ECONOMY - S/AR;2011...;;
33416;11;FIESTA;MODELO ANTIGO;1996...2003;;S/ E C/ AR
33417;11;FIESTA;1.0 / 1.3 / 1.4 - MOD. ANTIGO (EXCETO SEDAN);1996...08.1999;;
33418;11;FIESTA;1.6 MOD. ANTIGO (EXCETO SEDAN);1999...2003;;
33419;11;KA;1.0 / 1.3 - C/ E S/AR;1997...07.1999;;
33420;11;KA;1.0 / 1.3;1997...06.1999;;
33421;11;ESCORT;SW;1997...2003;;
33422;11;COURIER;1.3 / 1.4;1997...1998;;
33423;11;CORCEL;2 E 4 PORTAS;1969...1977;;
33424;11;FOCUS;HATCH / SEDAN - 1.6 - C/AR;2000...2008;;
33425;11;ESCORT;COM GNV;1997...2003;;
33427;11;FIESTA;HATCH / SEDAN GI - COM GNV;1996...2007;;
33428;11;FIESTA;HATCH / SEDAN GII - COM GNV;2001...2003;;
33429;11;FIESTA;HATCH;2003...;;
33430;11;FIESTA;SEDAN;2003...;;
33431;11;ECOSPORT;4X2  - CÂMBIO MANUAL;2003...2012;;C/ E S/ AR
33432;11;ECOSPORT;COM GNV  - CÂMBIO AUTOMÁTICO / MANUAL;2003...2012;;C/ E S/ AR
33433;11;ECOSPORT;4X4 - COM E SEM AR (MECÂNICO);2004...2012;;
33434;11;FIESTA;GII 1.6 - C/ E S/ AR;2003...2014;;
33435;11;FIESTA;GII SUPER CHARGE / C/ E S/ AR;2003...2006;1.0;
33436;11;FIESTA;NEW;2016...2019;ECOBOOST;
33437;11;FIESTA;NEW  - CÂMBIO MANUAL;2013...2019;SIGMA;
33438;11;FIESTA;NEW  - CÂMBIO TRANSMISSÃO AUTOMÁTICA;2013...2019;SIGMA;
33439;11;FOCUS;HATCH / SEDAN - 1.8 / 2.0 - C/AR (AUTOMÁTICA / MANUAL);2000...2008;;
33440;11;BELINA;TODOS OS MODELOS;1969...1977;;
33441;11;CORCEL;TODOS OS MODELOS;1969...1977;;
33442;11;F-1000;DIESEL (EXCETO CABINE DUPLA);1979...1991;;
33443;11;BELINA II;1.6 - S/AR;1982...1989;;
33444;11;CORCEL II;1.6 - S/AR;1982...1989;;
33445;11;DEL REY;1.6 - S/AR;1982...1989;;
33446;11;BELINA II;1.6 - C/AR;1982...1989;;
33447;11;CORCEL II;1.6 - C/AR;1982...1989;;
33448;11;DEL REY;1.6 - C/AR;1982...1989;;
33449;11;F-4000;;1982...1992;;
33450;11;KA;1.0 - C/ E S/AR;08.1999...2007;;
33451;11;KA;1.0 / 1.6;07.1999...2007;;
33452;11;FIESTA;MODELO ANTIGO;09.1999...2003;1.0;(EXCETO SEDAN)
33453;11;COURIER;1.3;1999...;;
33454;11;COURIER;1.4 / 1.6;1999...;;
33455;11;BELINA;;1989...1991;1.8;
33456;11;BELINA II;4X4;1978...1989;1.6;
33457;11;DEL REY;TÁXI;1989...1991;;
33458;11;BELINA II;1.4;1978...1981;;
33459;11;CORCEL II;1.4;1978...1981;;
33460;11;CORCEL II;1.4 / 1.6;1978...1989;;
33461;11;DEL REY;1.6;1982...1991;;
33462;11;BELINA II;1.6;1978...1981;;
33463;11;CORCEL II;1.6;1978...1981;;
33464;11;ESCORT;1.6 / 1.8 L / GL / GHIA / GUARUJÁ / CONVERSÍVEL - S/AR;1983...1992;;
33465;11;ESCORT;HOBBY - S/AR;1993...1996;;
33466;11;VERONA;1.6 / 1.8 - S/AR;1990...1991;;
33467;11;ESCORT;XR3 CONVERSÍVEL;1985...1992;;
33468;11;ESCORT;1.6 / 1.8 L / GL / GHIA / GUARUJÁ / CONVERSÍVEL - C/AR;1983...1992;;
33469;11;ESCORT;HOBBY - C/AR;1993...1996;;
33470;11;VERONA;1.6 / 1.8 - C/AR;1990...1991;;
33471;11;ESCORT;XR3 1.6 / 1.8 - C/ E S/AR;1983...1992;;
33472;11;VERONA;1.6 / 1.8 - C/ E S/AR;1992...1992;;
33473;26;APOLLO;C/ E S/AR;1990...1992;;
33474;11;VERONA;TODOS OS MODELOS;1990...1992;;
33475;11;ESCORT;XR3 1.6;1983...1989;;
33476;11;BELINA II;1.8 - C/ E S/AR;1989...1991;;
33477;11;DEL REY;1.8 - C/AR;1989...1991;;
33478;11;PAMPA;1.6 / 1.8 - AP (VW) - C/ E S/ AR;1990...1997;;
33479;11;ESCORT;L / GL / GHIA / GUARUJÁ;1985...1992;;
33480;11;ESCORT;1.6 / 1.8 - C/ E S/AR;1993...1996;;
33481;11;VERONA;1.6 / 1.8 / 2.0 - C/ E S/AR;1993...1996;;
33482;26;LOGUS;C/ E S/AR;1993...1996;;
33483;26;POINTER;C/ E S/AR;1994...1996;;
33484;11;ESCORT;(EXCETO XR3 / RACER / HOBBY);1993...1996;;
33485;11;VERONA;TODOS OS MODELOS;1993...1996;;
33486;26;LOGUS;TODOS OS MODELOS;1993...1996;;
33487;11;ESCORT;XR3 / RACER;1993...1996;;
33488;26;POINTER;GTI;1994...1996;;
33491;11;F-250;DIESEL / CABINE SIMPLES;1999...;;
33492;12;FIT;;2009...2014;;
33493;12;CIVIC;;2012...2016;1.8;
33494;12;FIT;CVT;2014...;;
33495;12;FIT;MECÂNICO;2014...;;
33496;12;CITY;CÂMBIO AUTOMÁTICO;2015...;;
33497;17;CLASSE A;160 / 190 - S/AR;1999...2005;;
33498;17;CLASSE A;160 / 190 - C/AR;1999...2005;;
33499;20;206;RALLYE / QUIKSILVER C/AR  - CÂMBIO MANUAL;2001...2012;1.6 16V;
33500;20;206;PASSION / SOLEIL / SELECTION / CONVERSÍVEL 1.6 8V E 16V - C/AR (MANUAL);2001...2012;;
33501;20;206;SOLEIL / SELECTION 1.0 16V (SUSP ELEVADA) / 1.4 - S/AR (MANUAL);2001...2012;;
33502;20;206;SOLEIL / SELECTION 1.6 8V E 16V - S/AR (MANUAL);2001...2012;;
33503;20;206 SW;1.6 16V - S/AR (MANUAL);2004...2012;;
33505;20;408;;2010...;;
33506;20;308;CÂMBIO MANUAL;2012...;1.6 / 2.0;
33507;20;308;CÂMBIO MANUAL;2012...;1.6;
33508;21;MEGANE;C/AR;1999...2005;;
33509;21;SCENIC;C/AR;1999...;;
33510;21;MEGANE;S/AR;1999...2005;;
33511;21;SCENIC;S/AR;1999...;;
33512;21;CLIO;1.0 HATCH;2000...;;
33513;21;CLIO;HATCH;2000...;1.6;
33514;21;LOGAN;;2007...2013;1.6;
33515;21;SANDERO;;2007...2013;1.6;
33516;21;SANDERO;STEPWAY;2007...2013;1.6;
33517;21;DUSTER;;2011...2015;2.0;
33518;21;SANDERO;CÂMBIO MANUAL;2013...;1.0;C/ AR
33519;21;LOGAN;;2007...2013;1.0;
33520;21;SANDERO;STEPWAY  - CÂMBIO MANUAL;2015...;;
33521;24;COROLLA;1.6 / 1.8;2002...2008;;
33522;24;COROLLA;CÂMBIO MANUAL;2002...2008;;C/ AR
33523;24;COROLLA FIELDER;CÂMBIO MANUAL;2002...2008;;C/ AR
33524;24;COROLLA;CÂMBIO AUTOMÁTICO;2002...2008;;C/ AR
33525;24;COROLLA FIELDER;CÂMBIO AUTOMÁTICO;2002...2008;;C/ AR
33526;24;COROLLA FIELDER;MECÂNICO/AUTOMÁTICO;2002...2008;;
33527;24;COROLLA;COM GNV;2002...2008;;
33528;26;PASSAT;S/AR;1974...1989;;
33531;26;GOL;TODOS OS MODELOS;1980...1995;;
33532;26;VOYAGE;TODOS OS MODELOS;1982...1996;;
33533;26;SAVEIRO;TODOS OS MODELOS(ANTIGO);1982...1997;;
33534;26;GOL;GV 1.0 / 1.6 -  S/AR - C/ BARRA ESTABILIZADORA (MANUAL);2008...;;
33535;26;POLO;HATCH / SEDAN - 1.0 / 1.6 - S/AR (MANUAL);2003...;;
33536;26;SAVEIRO;GV 1.6 - S/AR (MANUAL) S/ DIREÇÃO HIDRÁULICA;2009...;;
33537;26;VOYAGE;GV 1.0 / 1.6 - S/AR - C/ BARRA ESTABILIZADORA (MANUAL);2008...;;
33538;26;CROSSFOX;CÂMBIO MANUAL;2005...;1.6;S/ AR
33539;26;CROSSFOX;CÂMBIO MANUAL;2005...;1.6;C/ AR
33540;26;CROSSFOX;;2005...;1.6;
33541;26;CROSSFOX;;2005...;1.6;(GNV)
33542;26;FOX;SEM AR;2004...;1.0;
33543;26;GOL;G5 E G6 - C/AR C/ BARRA DE DIREÇÃO;2008...;1.0/1.6;
33544;26;SAVEIRO;1.6 S/AR C/ DIREÇÃO HIDRÁULICA;2009...;;
33545;26;VOYAGE;1.0 / 1.6 - C/AR C/ BARRA ESTABILIZADORA;2009...;;
33546;26;UP!;TSI;2014...;;
33547;26;UP!;MECÂNICO / COM AR;2014...;;
33548;26;UP!;MECÂNICO / COM AR / 04 PORTAS;2014...;;
33549;26;POLO;CÂMBIO MANUAL;2018...;1.0 MPI;
33550;26;POLO;HIGHLINE / COMFORTLINE  - CÂMBIO AUTOMÁTICO;2018...;1.0 200 TSI;COM AR
33551;26;VIRTUS;CÂMBIO AUTOMÁTICO;2018...;1.0 200 TSI;COM AR
33552;26;VIRTUS;GTS;2018...;;
33553;26;VIRTUS;HIGHLINE;2018...;1.0 200 TSI;
33554;26;VIRTUS;CÂMBIO MANUAL;2018...;1.6 MSI;
33555;26;VIRTUS;COMFORTLINE;2018...;1.0;
33556;26;PARATI;(MODELO ANTIGO);1982...1995;;
33557;26;PASSAT;"OBS: DE 74 A 82 USAR  AMORTECEDOR ""COFAP"" CÓDIGO B.47561";1974...1989;;
33558;26;GOL;C/ AR - (MODELO ANTIGO);1982...1995;1.6 / 1.8 / 2.0;
33559;26;GOL;C/ AR - (MODELO ANTIGO);1993...1996;1.0;
33560;26;PARATI;C/ AR;1982...1995;1.6 / 1.8 / 2.0;
33561;26;PASSAT;C/AR;1974...1989;;
33562;26;SAVEIRO;C/ AR;1982...1997;1.6 / 1.8;
33563;26;VOYAGE;C/ AR;1982...1996;1.6 / 1.8;
33564;11;VERSAILLES;2 PORTAS;1991...1996;;
33565;26;SANTANA;2 PORTAS;1985...1990;;
33566;26;SANTANA;2 PORTAS;1991...2006;;
33567;26;GOL;S/AR (MODELO ANTIGO);1982...1995;1.0 / 1.6 / 1.8 / 2.0;
33568;26;PARATI;1.6 / 1.8 / 2.0 - S/AR (MODELO ANTIGO);1982...1995;;
33569;26;PASSAT;1.8 / 2.0 - S/AR;1983...1989;;
33570;26;SAVEIRO;1.6 / 1.8 - S/AR;1982...1997;;
33571;26;VOYAGE;1.6 / 1.8 - S/AR;1982...1996;;
33572;11;ROYALE;1.8 / 2.0 - S/AR;1992...1996;;
33573;11;VERSAILLES;1.8 / 2.0 - S/AR;1991...1996;;
33574;26;QUANTUM;S/AR;1985...2002;;
33575;26;SANTANA;S/AR;1985...2006;;
33576;11;ROYALE;1.8 / 2.0 - C/AR / (AUTOMÁTICA);1992...1996;;
33577;11;VERSAILLES;1.8 / 2.0 - C/AR (AUTOMÁTICA);1991...1996;;
33578;26;QUANTUM;C/AR OU (AUTOMÁTICA);1985...2002;;
33579;26;SANTANA;C/AR OU  (AUTOMÁTICA);1985...2006;;
33580;11;ROYALE;2 E 4 PORTAS;1992...1996;;
33581;11;VERSAILLES;4 PORTAS;1991...1996;;
33582;26;QUANTUM;2 E 4 PORTAS;1985...2002;;
33583;26;SANTANA;4 PORTAS;1991...2006;;
33584;26;GOL;PLUS / CLI / GLI - C/ E S/AR;1995...1997;;
33585;26;PARATI;CLI / GLI - C/ E S/AR;1995...1997;;
33586;26;GOL;2 PORTAS (EXCETO GERAÇÃO V);1995...;;
33587;26;GOL;GTI / TSI / GLS;1995...1997;16V;
33588;26;PARATI;GLS;1995...1997;;
33589;26;GOL;S/AR (EXCETO 2.0 16V E GERAÇÃO V);1998...;;
33590;26;PARATI;S/AR (EXCETO 2.0 16V);1998...;;
33591;26;GOL;C/AR (EXCETO 2.0 16V E GERAÇÃO V);1998...;;
33592;26;PARATI;C/AR (EXCETO 2.0 16V);1998...;;
33593;26;SAVEIRO;1.6 / 1.8 / 2.0 - C/ E S/AR;1998...2009;;
33594;26;GOL;4 PORTAS  (EXCETO GERAÇÃO V);1997...;;
33595;26;PARATI;CROSSOVER;1995...;;
33596;26;PARATI;GII;1995...;;
33597;26;PARATI;GIII;1995...;;
33598;26;PARATI;TRACK & FIELD;1995...;;
33599;11;ROYALE;COM GNV;1992...1996;;
33600;11;VERSAILLES;2 E 4 PORTAS - COM GNV;1991...1996;;
33601;26;QUANTUM;COM GNV;1985...2002;;
33602;26;SANTANA;2 E 4 PORTAS - COM GNV;1985...2002;;
33603;26;PARATI;GII / GIII;1996...;;(GNV)
33604;26;GOLF;S/AR;2000...2007;;
33605;26;GOLF;C/AR;2000...2007;;
33606;26;GOLF;TODOS OS MODELOS;2000...2007;;
33609;26;POLO;HATCH;2002...;;
33610;26;SAVEIRO;TODOS OS MODELOS;1998...2009;;
33611;26;POLO CLASSIC;;1997...2002;;C/ E S /AR
33612;26;GOL;RALLYE / TREND - C/AR E DIR HIDRÁULICA;2004...;;
33613;26;GOL;RALLYE / TREND - S/AR;2004...;;
33614;26;SAVEIRO;DIREÇÃO MECÂNICA;05.2009...;;S/ AR
33615;26;SAVEIRO;DIREÇÃO HIDRÁULICA;05.2009...;;C/ AR
33616;26;SAVEIRO;C/ CABINE ESTENDIDA;05.2009...;;
33617;26;SAVEIRO;START;2015...;;
33618;26;SAVEIRO;TREND;2015...;;
33619;19;KICKS;MECÂNICO;2017...;;
33620;19;KICKS;AUTOMÁTICO / CVT;2017...;;
33621;19;KICKS;;2017...;1.6;
33623;19;VERSA;CÂMBIO AUTOMÁTICO / MANUAL;2015...;;
33624;19;MARCH;CÂMBIO MANUAL;2014...;;
33625;19;MARCH;CÂMBIO AUTOMÁTICO / MANUAL;2014...;;
33626;19;MARCH;CÂMBIO AUTOMÁTICO CVT;2014...;;
33627;4;A4;(B9);2016...;;
33628;4;A5;(B9);2016...;;
33629;112;ALPHA;;1996...2000;;
33630;112;MONDEGO;;2006...2016;;
33631;113;VIALE;;1980...2016;;
33632;95;MARCOPOLO;;1980...1990;;
33633;95;PARADISO;;1980...2016;;
33634;95;VIAGGIO;;1980...2016;;
33635;26;PARATI;TODOS OS MODELOS;1984...1995;;
33636;11;BELINA;TODOS OS MODELOS;1970...1977;;
33637;11;BELINA II;TODOS OS MODELOS;1978...1991;;
33638;26;GOL;COM LIMPADOR TRASEIRO - 2 MOLAS;1980...1994;1.0 / 1.6;
33639;26;GOL;SEM LIMPADOR TRASEIRO  - 1 MOLA;1980...1994;1.0 / 1.6;
33641;5;KADETT;SEM LIMPADOR TRASEIRO;1989...1998;;
33642;5;IPANEMA;COM LIMPADOR TRASEIRO;1989...1998;;
33643;11;ESCORT;COM LIMPADOR TRASEIRO;1984...1992;;
33644;11;ESCORT;XR3;1984...1992;;
33645;26;GOL;COM LIMPADOR TRASEIRO - 2 MOLAS;1980...1994;1.8;
33646;11;ESCORT;GL / XR3 - COM LIMPADOR TRASEIRO;1993...1996;;
33647;26;GOL;2ª GERAÇÃO - TODOS OS MODELOS;1995...1999;;COM OU SEM LIMPADOR  - SEM AEROFÓLIO -
33648;26;GOL;2ª GERAÇÃO - COM SPOILLER E LIMPADOR;1995...1999;;
33649;11;FIESTA;HATCH - COM LIMPADOR TRASEIRO;1996...2001;;
33650;11;FIESTA;STREET HATCH - COM LIMPADOR TRASEIRO;2001...2003;;
33651;20;106;TODOS OS MODELOS;1992...;;COM LIMPADOR TRASEIRO
33652;11;KA;TODOS OS MODELOS;1997...2007;;
33653;11;ROYALE;TODOS OS MODELOS;1991...1997;;
33654;26;QUANTUM;TODOS OS MODELOS;1991...2002;;
33655;5;CORSA;SOMENTE 3 PORTAS;1994...2002;;
33659;12;FIT;;2003...06.2014;;
33660;10;PUNTO;TODOS OS MODELOS;2007...;;
33662;5;ASTRA;TODOS OS MODELOS;1999...;;
33663;15;SORENTO;;2009...2013;;
33664;12;FIT;;07.2014...;;
33668;11;KA;HATCH - SE;2014...2021;;
33670;10;UNO;TODOS OS MODELOS;1984...2003;;SEM LIMPADOR TRASEIRO
33671;10;UNO;TODOS OS MODELOS;1984...2003;;COM LIMPADOR TRASEIRO
33672;10;PALIO WEEKEND;1ª GERAÇÃO / RST I - 2ª GERAÇÃO;1997...2004;;COM E SEM LIMPADOR
33673;13;TUCSON;TODOS OS MODELOS;2005...;;
33674;5;CELTA;TODOS OS MODELOS;2000...;;
33675;5;CORSA;HATCH - TODOS OS MODELOS;2002...;;
33676;10;PALIO;1ª GERAÇÃO;1996...2002;;COM E SEM LIMPADOR
33677;10;PALIO;RST I - 2ª GERAÇÃO;2000...2006;;COM E SEM LIMPADOR
33678;17;FPN;"CABINE AVANÇADA - TODOS  "" CARA CHATA """;...;;
33679;7;DS4;;2012...2016;1.6;
33680;10;STILO;TODOS OS MODELOS;2002...2010;;
33681;26;BORA;;2000...2010;;
33682;26;GOLF;IV GERAÇÃO;08.1998...;;
33683;26;POLO;HATCH;2007...;;
33684;11;ECOSPORT;TODOS OS MODELOS;2003...2012;;
33685;11;KA;NEW - TODOS OS MODELOS;2008...2013;;
33686;26;GOLF;IV - TODOS OS MODELOS;08.1998...;;
33687;5;TRACKER;;2001...2010;;
33688;23;VITARA;;1995...1999;;
33689;39;J2;;2012...2017;;
33690;39;J6;;2011...2017;;
33691;38;P-340;SÉRIE 5;...;;
33692;38;P-360;SÉRIE 5;...;;
33693;38;P-420;SÉRIE 5;...;;
33694;18;ASX;;2010...2019;;
33695;10;GRAND SIENA;;2014...;;
33696;14;EUROCARGO;160E21;1998...2012;;
33697;14;EUROCARGO;160E23;1998...2012;;
33698;14;EUROCARGO;170E22;1998...2012;;
33699;14;EUROCARGO;170E24;1998...2012;;
33700;14;EUROCARGO;230E22;1998...2012;;
33701;14;EUROCARGO;230E24;1998...2012;;
33702;14;EUROCARGO;260E25;1998...2012;;
33703;14;EUROCARGO 160E21;;1998...2012;;
33704;14;EUROCARGO 160E23;;1998...2012;;
33705;14;EUROCARGO 170E22;;1998...2012;;
33706;14;EUROCARGO 170E24;;1998...2012;;
33707;14;EUROCARGO 230E22;;1998...2012;;
33708;14;EUROCARGO 230E24;;1998...2012;;
33709;14;EUROCARGO 260E25;;1998...2012;;
33710;14;EUROTECH;370;1997...2005;;
33711;14;EUROTECH;370/420/440;1997...2005;;
33712;14;EUROTECH;420;1997...2005;;
33713;14;EUROTECH;440;1997...2005;;
33714;14;EUROTRAKKER;380;1997...2005;;
33715;14;EUROTRAKKER;380/420;1997...2005;;
33716;14;EUROTRAKKER;420;1997...2005;;
33717;17;AXOR;TODOS;...;;
33718;38;T-112;BICUDO;...;;
33719;38;T-113;BICUDO;...;;
33720;38;S4;;1998...2007;;
33721;38;S5;;2008...;;
33722;38;P-250;;...;;
33723;38;P-270;;...;;
33724;38;P-310;;...;;
33725;38;P-340;;...;;
33726;38;P-360;;...;;
33727;38;P-420;;...;;
33728;38;SÉRIE 4;114;...;;
33729;38;SÉRIE 4;124;...;;
33730;38;SÉRIE 4;94;...;;
33731;32;FH-12;;...2003;;
33732;27;X1;;2011...2017;;
33733;4;A1;8X1 / 8XA;2010...2018;1.4;
33734;78;MINI COOPER;R56;2006...2013;;
33735;78;MINI COOPER;HATCH / CLUBMAN / CABRIO / COUPE (R55,R56,R57,R58,R59);2006...2015;;
33736;4;A3;HATCH SPORTBACK;2013...;;
33737;4;A3;RS3;2013...;;
33738;4;Q3;8U;2011...2018;;
33739;26;NEW BEETLE;;1998...2010;;COM SPOILER
33740;26;NEW BEETLE;9C;2000...2009;;
33741;11;CARGO 1317;;2011...;;
33742;11;CARGO 1319;;2011...;;
33743;11;CARGO 1517;;2011...;;
33744;11;CARGO 1519;;2011...;;
33745;11;CARGO 1717;;2011...;;
33746;11;CARGO 1719;;2011...;;
33747;11;CARGO 1722;;2011...;;
33748;11;CARGO 1723;;2011...;;
33749;11;CARGO 1932;;2011...;;
33750;11;CARGO 1933;;2011...;;
33751;11;CARGO 2042;EXTRA PESADO;2011...;;
33752;11;CARGO 2422;;2011...;;
33753;11;CARGO 2428;;2011...;;
33754;11;CARGO 2429;;2011...;;
33755;11;CARGO 2622;;2011...;;
33756;11;CARGO 2623;;2011...;;
33757;11;CARGO 2628;;2011...;;
33758;11;CARGO 2629;;2011...;;
33759;11;CARGO 2632;;2011...;;
33760;11;CARGO 2842;;2011...;;
33761;11;CARGO 3132;;2011...;;
33762;11;CARGO 3133;;2011...;;
33763;23;VITARA;4ALL;2017...;;
33764;27;X3;SDRIVE - F25;2011...2017;;
33765;17;CLASSE A;HATCH - TODOS OS MODELOS;2014...2018;;
33766;27;X3;TODOS;2011...2017;;
33767;23;GRAND VITARA;;2015...;;
33768;13;TUCSON;;2005...2016;;
33770;13;SANTA FÉ;;2006...2012;;
33771;26;NEW BEETLE;;1998...2010;;SEM SPOILER
33772;43;TIGGO 5X;;2019...;;
33773;7;C4 CACTUS;;2018...;;
33774;11;FOCUS;HATCH;2009...2013;;
33775;11;FOCUS;HATCH;2014...2019;;
33776;16;EVOQUE;;2012...;;
33777;16;EVOQUE;TODOS OS MODELOS;2012...;;
33778;24;PRIUS;TODOS OS MODELOS;2016...2019;;
33782;15;SORENTO;;2010...2014;;
33789;78;COOPER;;2011...2016;;
33790;4;A4;(B9);2015...;;
33791;5;CAMARO;;2009...2015;;
33792;112;APACHE;;2001...2009;;TRASEIRA
33793;112;PICCOLO;;2001...2014;;TRASEIRA
33794;112;APACHE II;;...2016;;GRADE DIANTEIRA / TAMPA TRASEIRA
33795;112;APACHE;I;...2016;;GRADE DIANTEIRA
33796;112;FOZ I;;...2016;;TAMPA DO BAGAGEIRO
33797;112;FOZ II;;...2016;;TAMPA DO BAGAGEIRO
33798;112;MILLENIUM;BRT;...;;GRADE DIANTEIRA
33799;95;ALLIADO 770;;2010...2010;;PORTINHOLA LATERAL SIMPLES AÇÃO (35 KG)
33800;95;ALLIADO 770;;2013...2016;;PORTINHOLA LATERAL SIMPLES AÇÃO (35 KG)
33801;95;IDEALE;;2010...2010;;PORTINHOLA LATERAL SIMPLES AÇÃO (35 KG)
33802;95;IDEALE;;2013...2016;;PORTINHOLA LATERAL SIMPLES AÇÃO (35 KG)
33803;95;ANDARE;850;2010...2013;;CAPÔ
33804;95;ANDARE;850;2018...2019;;CAPÔ
33805;95;PARADISO;1800;2010...2013;;CAPÔ
33806;95;PARADISO;1800;2018...2019;;CAPÔ
33807;95;THUNDER;WAY;2018...2019;;CAPÔ
33808;95;THUNDER;WAY ESCOLAR;2010...2013;;CAPÔ
33809;95;THUNDER;WAY ESCOLAR;2018...2019;;CAPÔ
33810;95;VIAGGIO;1050;2010...2013;;CAPÔ
33811;95;VIAGGIO;1050;2018...2019;;CAPÔ
33812;95;VIALE;URBANO;2010...2013;;CAPÔ
33813;95;VIALE;URBANO;2018...2019;;CAPÔ
33814;95;BOXER;OF;2012...2014;;PORTINHOLA LATERAL SIMPLES AÇÃO (130 KG)
33815;95;IDEALE;;2010...2016;;GRADE DIANTEIRA
33816;95;MP135MX;;2010...2016;;GRADE DIANTEIRA
33817;95;PARADISO;1050;2010...2016;;GRADE DIANTEIRA
33818;112;APACHE VIP;;2012...2012;;GRADE DIANTEIRA SIMPLES AÇÃO (40 KG)
33819;95;ALLIADO 770;;2010...2019;;PORTINHOLA TRASEIRA SIMPLES AÇÃO (60 KG)
33820;95;ANDARE;850;2010...2019;;PORTINHOLA TRASEIRA SIMPLES AÇÃO (60 KG)
33821;95;GRAN VIALE;;2010...2019;;PORTINHOLA TRASEIRA SIMPLES AÇÃO (60 KG)
33822;95;GRAN VIALE;ARTICULADO;2010...2019;;PORTINHOLA TRASEIRA SIMPLES AÇÃO (60 KG)
33823;95;MP60LEMX;;2010...2019;;PORTINHOLA TRASEIRA SIMPLES AÇÃO (60 KG)
33824;95;PARADISO;1200;2010...2019;;PORTINHOLA TRASEIRA SIMPLES AÇÃO (60 KG)
33825;95;PARADISO;1800;2010...2019;;PORTINHOLA TRASEIRA SIMPLES AÇÃO (60 KG)
33826;95;SENIOR MIDI;;2010...2019;;PORTINHOLA TRASEIRA SIMPLES AÇÃO (60 KG)
33827;95;TORINO;ARTICULADO;2010...2019;;PORTINHOLA TRASEIRA SIMPLES AÇÃO (60 KG)
33828;95;TORINO;G6;2010...2019;;PORTINHOLA TRASEIRA SIMPLES AÇÃO (60 KG)
33829;95;ANDARE;850;2010...2013;;PORTINHOLA / POLTRONA ESCAMOTEÁVEL SIMPLES AÇÃO (25 KG)
33830;95;AUDACE;800;2010...2013;;PORTINHOLA / POLTRONA ESCAMOTEÁVEL SIMPLES AÇÃO (25 KG)
33831;95;ANDARE;850;2010...2013;;GRADE DIANTEIRA SIMPLES AÇÃO (40 KG)
33832;95;IDEALE;;2010...2013;;SIMPLES AÇÃO (40 KG)
33833;95;MP120MX;;2009...2016;;PORTINHOLA LATERAL SIMPLES AÇÃO (60 KG)
33834;95;MP135MX;;2009...2016;;PORTINHOLA LATERAL SIMPLES AÇÃO (60 KG)
33835;95;PARADISO;1050;2009...2016;;PORTINHOLA LATERAL SIMPLES AÇÃO (60 KG)
33836;95;VOLARE;V6L;2014...;;PORTINHOLA TRASEIRA E LATERAL SIMPLES AÇÃO (35 KG)
33837;112;FOZ;;...;;TAMPA LATERAL / TAMPA TRASEIRA SIMPLES AÇÃO (42 KG)
33838;112;FOZ SUPER;;...;;TAMPA LATERAL / TAMPA TRASEIRA SIMPLES AÇÃO (42 KG)
33839;112;MONDEGO;;...;;TAMPA LATERAL / TAMPA TRASEIRA SIMPLES AÇÃO (42 KG)
33840;112;VIP;;...;;TAMPA LATERAL / TAMPA TRASEIRA SIMPLES AÇÃO (42 KG)
33841;14;EUROTECH;;...;;
33842;14;STRALIS;;2004...;;
33843;16;DISCOVERY;SPORT SE SI4;2014...2019;;
33845;32;NH-12;TAMPA DO MOTOR;...;;
33846;4;Q3;;2011...2018;;
33847;95;VOLARE;;...;;PANTOGRÁFICA
33848;112;MILLENNIUM III; TAMPA DO MOTOR;...;;BRT 75KG
33849;24;RAV4;;2019...;;
33851;95;PARADISO;ÔNIBUS;...2016;;TAMPA DO BAGAGEIRO
33852;95;TSA;ÔNIBUS;1980...1990;;TAMPA DO BAGAGEIRO
33853;95;VIAGGIO;ÔNIBUS;...2016;;TAMPA DO BAGAGEIRO
33854;112;FOZ S2500;;...2016;;TAMPA DO BAGAGEIRO
33855;112;MONDEGO;;...2016;;TAMPA DO BAGAGEIRO
33856;124;ÔNIBUS;;1980...1990;;TAMPA DO BAGAGEIRO
33857;95;PARADISO;1350;2010...2020;;PORTINHOLA LATERAL SIMPLES AÇÃO (120 KG)
33858;95;PARADISO;1550;2010...2020;;PORTINHOLA LATERAL SIMPLES AÇÃO (120 KG)
33859;95;PARADISO;1600;2010...2020;;PORTINHOLA LATERAL SIMPLES AÇÃO (120 KG)
33860;95;PARADISO;1200;2010...2013;;PORTINHOLA TRASEIRA SIMPLES AÇÃO (85 KG)
33861;95;PARADISO;1350;2010...2013;;PORTINHOLA TRASEIRA SIMPLES AÇÃO (85 KG)
33862;95;PARADISO;1550;2010...2013;;PORTINHOLA TRASEIRA SIMPLES AÇÃO (85 KG)
33863;95;PARADISO;1600;2010...2013;;PORTINHOLA TRASEIRA SIMPLES AÇÃO (85 KG)
33864;95;PARADISO;1800;2010...2013;;PORTINHOLA TRASEIRA SIMPLES AÇÃO (85 KG)
33865;95;VIALE;ARTICULADO BRT;2010...2013;;PORTINHOLA TRASEIRA SIMPLES AÇÃO (85 KG)
33866;95;VIALE;BRT;2010...2013;;PORTINHOLA TRASEIRA SIMPLES AÇÃO (85 KG)
33867;95;PARADISO;1050;2010...2011;;PORTINHOLA TRASEIRA SIMPLES AÇÃO (60 KG)
33868;95;PARADISO;1200;2010...2012;;PORTINHOLA TRASEIRA SIMPLES AÇÃO (80 KG)
33869;95;PARADISO;1350;2010...2012;;PORTINHOLA TRASEIRA SIMPLES AÇÃO (80 KG)
33870;95;PARADISO;1550;2010...2012;;PORTINHOLA TRASEIRA SIMPLES AÇÃO (80 KG)
33871;95;PARADISO;1600;2010...2012;;PORTINHOLA TRASEIRA SIMPLES AÇÃO (80 KG)
33872;95;PARADISO;1600;2012...2015;;PORTINHOLA LATERAL SIMPLES AÇÃO (140 KG)
33873;17;O-371;FIXAÇÃO 556;...;;
33874;17;O-400;FIXAÇÃO 556;...;;
33875;5;BONANZA;BANCOS PROCAR;1968...1995;;
33876;5;D-20;BANCOS PROCAR;1983...1997;;
33877;5;VERANEIO;BANCOS PROCAR;1968...1995;;
33878;11;F-1000;TODOS OS MODELOS;1979...1998;;
33879;10;PREMIO;;1985...;;
33880;10;UNO;EXCETO R / TURBO;1984...1985;;
33881;10;UNO;EXCETO R - TURBO;1984...1988;;
33882;11;ESCORT;GARUJÁ;1992...1996;1.0 / 1.6;
33883;11;ESCORT;GL / L / GHIA / XR3 / CONVERSIVEL - COM E SEM AR;1984...1992;1.6 / 1.8;
33884;11;ESCORT;HOBBY;1992...1996;1.0 / 1.6;
33885;11;VERONA;TODOS OS MODELOS;1989...10.1991;;
33886;11;ESCORT;GL / L / GHIA - CONVERSÍVEL - COM AR E SEM AR;1984...1992;1.6 / 1.8;
33887;10;UNO;ECONOMY;2009...;1.0;
33889;10;DUNA;;1989...1996;;
33890;10;PREMIO;;1989...1995;;
33892;3;TOWNER;;2008...2015;;
33893;21;KANGOO;PASSEIO / FURGÃO;1999...2012;;
33894;10;ELBA;;1986...1988;;
33895;10;PREMIO;;1986...1988;;
33896;10;UNO;EXCETO R / TURBO;1986...1988;;
33897;10;PREMIO;;1985...1988;;
33898;10;FIORINO;FURGÃO;1988...1990;;
33899;10;FIORINO;PICK-UP;1988...1990;;
33900;10;FIORINO;FURGÃO;1989...1990;;
33901;10;FIORINO;PICK-UP;1989...1990;;
33902;10;UNO;EXCETO R / TURBO  / NOVO;1989...2013;;
33905;26;GOLF;GL / GLX / GTI;1994...07.1998;;
33906;38;K-124;IB;...;;
33907;38;K-124;EB;...;;
33908;32;FH-12;;...;;
33909;32;NH-12;;...;;
33910;11;ESCORT;XR3;1993...1995;2.0;SISTEMA TEVES
33911;11;VERONA;;1993...1997;2.0;SISTEMA TEVES
33912;26;GOL;GTI 16 V;1993...1997;;SISTEMA TEVES
33913;26;LOGUS;GLS;1993...1997;2.0;SISTEMA TEVES
33914;26;POINTER;GTI;1993...1996;2.0;SISTEMA TEVES
33915;11;ESCORT;1.6 RS TURBO;1986...;;SISTEMA TEVES
33916;26;GOL;GTI / GTI 16V;1993...1997;;SISTEMA TEVES
33917;26;PARATI;;1995...;1.8 16V / 2.0;COM ABS SISTEMA TEVES
33918;26;SAVEIRO;;1995...;2.0;COM ABS SISTEMA TEVES
33919;11;GALAXIE;;1994...1996;;SISTEMA VARGA/TRW
33920;11;ROYALE;;1994...1996;;SISTEMA VARGA/TRW
33921;11;VERSAILLES;;1994...1996;;SISTEMA VARGA/TRW
33922;26;GOL;2.0;1995...1997;;SISTEMA VARGA/TRW
33923;26;GOL;GTI 16V / GTI 2.0;1994...;;SISTEMA VARGA/TRW
33924;26;PARATI;;1995...;1.8 16V / 2.0;COM ABS SISTEMA VARGA/TRW
33925;26;QUANTUM;1.8 / 2.0;1994...;;SISTEMA VARGA/TRW
33926;26;SANTANA;;1994...;1.8 / 2.0;SISTEMA VARGA/TRW
33927;26;SAVEIRO;2.0 (ABS);1995...;;SISTEMA VARGA/TRW
33928;26;GOL;;2000...;1.0 / 1.6 / 1.8;SISTEMA TEVES
33929;26;GOL;GIII 1.0 / TURBO;2000...;;SISTEMA TEVES
33930;26;PARATI;1.0 16V TURBO;2000...2009;;SISTEMA TEVES
33931;26;PARATI;1.6 / 1.8 / 2.0;1996...2009;;SISTEMA TEVES
33932;26;SAVEIRO;1.6 / 1.8 / 2.0;1995...2009;;SISTEMA TEVES
33933;11;GALAXIE;;1994...1996;;SISTEMA TEVES
33934;11;ROYALE;;1994...1996;;SISTEMA TEVES
33935;11;VERSAILLES;;1994...1996;;SISTEMA TEVES
33936;26;GOL;GTI;1994...;2.0;SISTEMA TEVES
33937;26;PARATI;1.8 16V / 2.0 (ABS);1995...;;SISTEMA TEVES
33938;26;QUANTUM;1.8 / 2.0;1994...;;SISTEMA TEVES
33939;26;SANTANA;1.8 / 2.0;1994...;;SISTEMA TEVES
33940;26;SAVEIRO;2.0 (ABA);1995...;;SISTEMA TEVES
33941;26;GOL;;1995...1997;2.0;SISTEMA TEVES
33942;26;GOL;GTI;1994...;16V / 2.0;SISTEMA TEVES
33943;26;SAVEIRO;2.0 (ABS);1995...;;SISTEMA TEVES
33944;29;CARAJAS;;...;;SISTEMA TEVES
33945;29;TOCANTINS;;...;;SISTEMA TEVES
33946;26;KOMBI;PICK-UP / FURGÃO;1982...;;SISTEMA TEVES
33947;4;A3;1.6 / 1.8 (DISCO SÓLIDO);1996...1998;;SISTEMA TEVES
33948;22;CORDOBA;1.6 SE / SXE VARIO;1997...;;SISTEMA TEVES
33949;22;CORDOBA;1.6I / 1.8I;1995...1999;;SISTEMA TEVES
33950;22;IBIZA;1.6I / 1.8I;1995...1999;;SISTEMA TEVES
33951;26;GOLF;III (MÉXICO C/ DISCO SÓLIDO);1995...1998;;SISTEMA TEVES
33952;26;POLO CLASSIC;(DISCO SÓLIDO);1996...;;SISTEMA TEVES
33953;4;A3;1.6 / 1.8;1999...2002;;SISTEMA TEVES
33954;26;BORA;;1999...;1.8 / 1.9 TD / 2.0;SISTEMA TEVES
33957;26;NEW BEETLE;1.9 TD / 2.0;1999...2010;;SISTEMA TEVES
33959;26;SPACEFOX;CONFORTLINE / PLUS /ROUTE;2007...;1.6;SISTEMA TEVES
33960;26;UP!;;2014...;1.0I 12V;SISTEMA TEVES
33961;26;VIRTUS;;2018...;1.6 MSI 16V;SISTEMA TEVES
33962;22;CORDOBA;1.4I / 1.4I 16V / 1.6I;1999...;;SISTEMA BOSCH
33963;22;CORDOBA;1.9;1997...;;SISTEMA BOSCH
33964;22;IBIZA;1.4I / 1.4I 16V / 1.6I;1999...;;SISTEMA BOSCH
33965;26;FOX;;2010...;1.6;SISTEMA BOSCH
33967;26;GOL;GV;2010...;1.6;SISTEMA BOSCH
33968;26;GOLF;GLX 2.0 / GL 1.8;1994...;;SISTEMA BOSCH
33969;26;POLO CLASSIC;(DISCO VENTILADO);1996...;;SISTEMA BOSCH
33970;26;POLO CLASSIC;1.8;1997...;;SISTEMA BOSCH
33971;26;SAVEIRO;GV 1.6;2010...;;SISTEMA BOSCH
33972;26;BORA;;1999...;2.0;SISTEMA TEVES
33973;26;GOLF;1.6 / 1.8 / 1.9 TD / 2.0 8V (BRASIL);1999...2002;;SISTEMA TEVES
33974;4;A3;1.6 / 1.8;2002...;;SISTEMA TEVES
33975;26;FOX;;2003...;1.6;SISTEMA TEVES
33976;26;GOLF;1.6 / 2.0 (BRASIL);2002...;;SISTEMA TEVES
33977;22;CORDOBA;1.4 / 1.6I / 1.8I;1993...1995;;SISTEMA K. HAYES
33978;22;IBIZA;1.6I;1993...1995;;SISTEMA K. HAYES
33979;22;IBIZA;GLX 1.8;1993...;;SISTEMA K. HAYES
33980;22;INCA;1.4 / 1.6;1995...;;SISTEMA K. HAYES
33981;26;GOLF;GL;1995...1998;1.8;SISTEMA K. HAYES
33982;26;POLO CLASSIC;1.6;1994...1995;;SISTEMA K. HAYES
33990;21;FLUENCE;;2011...;;SISTEMA GIRLING
33991;21;FLUENCE;GT;2013...;;SISTEMA GIRLING
33993;21;SCENIC;TODOS OS MODELOS;2001...;;SISTEMA GIRLING
33994;22;CORDOBA;1.8 / 2.0 GTI;1993...;;SISTEMA GIRLING
33996;26;BORA;;1998...;1.4 / 1.6 / 1.8 / 1.9TD / 2.0 / 2.3I V5;SISTEMA GIRLING
33998;26;GOLF;1.8 / 2.0;1993...;;SISTEMA GIRLING
34003;26;POLO;2.0;2002...;;SISTEMA GIRLING
34004;11;COURIER;1.3 / 1.8;1989...1995;;SISTEMA BENDIX
34005;11;ESCORT;1.3 / 1.4 / 1.6 / 1.8;1990...1996;;SISTEMA BENDIX
34006;11;VERONA;1.8 /  2.0;1994...1996;;SISTEMA BENDIX
34007;26;LOGUS;1.6 / 1.8;1993...1997;;SISTEMA BENDIX
34008;26;POINTER;1.8 / 2.0 / GLI 2.0;1994...1996;;SISTEMA BENDIX
34009;4;CABRIOLET;;1994...1996;;SISTEMA GIRLING
34010;4;COUPE;1.8 / 2.0 / 2.2 / 2.3;1980...1988;;SISTEMA GIRLING
34011;22;IBIZA;1.6I;1999...;;SISTEMA GIRLING
34012;22;IBIZA;1.8 16V / 2.0 GTI;1993...;;SISTEMA GIRLING
34013;22;INCA;1.4 / 1.6;1996...;;SISTEMA GIRLING
34014;26;GOLF;GLX / GTI 2.0;1995...1998;2.0;SISTEMA GIRLING
34015;26;PASSAT;1.8 (ALEMÃO / DISCO VENTILADO);1996...;;SISTEMA GIRLING
34016;26;PASSAT;2.0 (ALEMÃO) / VARIANT 1.8;1988...;;SISTEMA GIRLING
34017;26;POLO CLASSIC;1.8;1997...;;SISTEMA GIRLING
34018;4;A4;1.8T CONVERSÍVEL / 3.0;2003...;;SISTEMA TEVES
34019;4;A4;2.4 / 3.0 CONVERSÍVEL;2002...;;SISTEMA TEVES
34020;4;A6;1.8T/ 2.4 / QUATTRO;1997...;;SISTEMA TEVES
34021;11;GALAXIE;1.8 / 1.9 / 2.0 / 2.3 / 2.8;1995...;;SISTEMA TEVES
34022;26;PASSAT;2.0 VR5 / 2.5 TDI / 2.8 V6;2000...;;SISTEMA TEVES
34023;4;A3;2.8 20V T;1996...;;SISTEMA TEVES
34024;4;A3;QUATTRO 1.8I T;1998...;;SISTEMA TEVES
34025;4;A3;QUATTRO S3 1.8I;1999...;;SISTEMA TEVES
34026;4;TT;1.8 / ROADSTER;1998...;;SISTEMA TEVES
34027;26;NEW BEETLE;1.8T / 2.3 V5 / RSI 3.2;1998...2010;;SISTEMA TEVES
34028;26;GOL;;1984...2000;1.8;SISTEMA TEVES
34029;26;GOL;;1995...2000;1.0 / 1.6;SISTEMA TEVES
34030;26;GOL;SPECIAL;1998...;1.0;SISTEMA TEVES
34031;26;PARATI;1.8;1986...1995;;SISTEMA TEVES
34032;26;QUANTUM;1.8 / 2.0;1985...1988;;SISTEMA TEVES
34033;26;SANTANA;1.8 / 2.0;1985...1988;;SISTEMA TEVES
34034;26;SAVEIRO;1.6 / 1.8;1986...1995;;SISTEMA TEVES
34035;26;VOYAGE;1.6 / 1.8;1986...1995;;SISTEMA TEVES
34036;11;GALAXIE;;1990...1994;;SISTEMA TEVES
34037;11;ROYALE;;1990...1994;;SISTEMA TEVES
34038;11;VERSAILLES;;1990...1994;;SISTEMA TEVES
34039;26;GOL;GTI;1993...1994;;SISTEMA TEVES
34040;26;QUANTUM;2.0;1984...1994;;SISTEMA TEVES
34041;26;SANTANA;2.0;1984...1994;;SISTEMA TEVES
34042;26;PARATI;(PISTÃO DE AÇO);2009...;;SISTEMA TEVES
34043;26;SAVEIRO;(PISTÃO DE AÇO);2009...;;SISTEMA TEVES
34044;4;A3;;2003...2005;;SISTEMA -
34045;26;JETTA;;2006...;;SISTEMA -
34046;26;PASSAT;(ALEMÃO);2006...;;SISTEMA -
34047;26;JETTA;;2006...;;SISTEMA TEVES
34048;26;PASSAT;(ALEMÃO);2006...;;SISTEMA TEVES
34049;4;80;;1994...1999;;SISTEMA GIRLING
34050;4;A4;1.8 20V / 1.8 20V TURBO;1996...;;SISTEMA GIRLING
34051;22;INCA;1.4 / 1.6;1995...1996;;SISTEMA GIRLING
34052;26;PASSAT;1.8 / 2.8 GL / GT / VR6 (ALEMÃO);1988...1996;;SISTEMA GIRLING
34053;26;PASSAT VARIANT;VARIANT 1.6;1996...;;SISTEMA GIRLING
34054;4;A4;1.8T CONVERSÍVEL;2003...;;SISTEMA TEVES
34055;11;TRANSIT;FURGÃO / CHASSI-CABINE;2009...;;SISTEMA BOSCH
34056;26;AMAROK;;2010...;;SISTEMA BOSCH
34057;4;A4;2.4 30V / 2.8;1997...;;SISTEMA TEVES
34058;4;A6;2.8;1994...;;SISTEMA TEVES
34059;26;GOLF;GL;1997...;1.8 TURBO;SISTEMA TEVES
34060;26;PASSAT;2.0 16V/ 2.8 TURBO VR6;1993...1996;;SISTEMA TEVES
34061;4;A3;SPORTBACK 1.4 TFSI ;2012...;;SISTEMA GIRLING
34062;26;GOLF;1.4;2014...;;SISTEMA GIRLING
34063;26;GOLF;2.0;2014...;;SISTEMA GIRLING
34064;26;GOL;GV;2011...;1.6;SISTEMA TEVES
34065;26;PARATI;GV 1.0/1.6;2011...;;SISTEMA TEVES
34066;26;SAVEIRO;GV 1.6;2011...;;SISTEMA TEVES
34067;26;VOYAGE;;2011...;;SISTEMA TEVES
34068;26;UP!;1.0I 12V ;2014...;;SISTEMA GIRLING
34069;26;PASSAT;CC;2012...;3.6 - V6;SISTEMA GIRLING
34070;26;CROSSFOX;;2006...;1.6;SISTEMA TEVES
34072;26;AMAROK;HIGHLINE;2018...;V6-3.0TDI;
34073;26;AMAROK;HIGHLINE SÉRIE EXTREME;2018...;V6-3.0TDI;
34084;26;AMAROK;V6 HIGHLINE;2018...;3.0 TDI;
34085;26;AMAROK;V6 HIGHLINE SÉRIE EXTREME;2018...;3.0 TDI;
34086;4;A3;;2009...2012;;SISTEMA BOSCH
34087;4;A3;QUATTRO;2009...2012;;SISTEMA BOSCH
34088;4;A3;SPORTBACK;2009...2012;;SISTEMA BOSCH
34089;26;BEETLE;;2011...;;SISTEMA BOSCH
34090;26;GOLF;IV;2009...2012;;SISTEMA BOSCH
34091;26;JETTA;;2011...;2.0;SISTEMA BOSCH
34092;4;Q3;;2011...;16V TSFI 2.0;
34093;26;PASSAT;;2010...;;
34094;26;TIGUAN;;2009...;2.0 TSI 16V;
34095;4;A3;SPORTBACK;2012...;1.4 / 1.8 16V TSFI;
34096;26;GOLF;NOVO;2014...;1.4 / 2.0;
34097;26;JETTA;;2019...;1.4 250 TSI;
34098;26;JETTA;;2019...;2.0 350 GLI;
34099;26;TIGUAN;;2016...;1.4 TSI;
34100;16;RANGE ROVER;III SPORT;2007...;4.2 V8;4WD
34101;26;TOUAREG;;2005...;3.2;ARO 18''
34102;26;TOUAREG;;2005...;4.2;ARO 18''
34103;26;TOUAREG;;2005...;5.0;ARO 18''
34104;26;TOUAREG;;2005...;6.0;ARO 18''
34105;26;GOLF;GTI;2015...;2.0 TSI;
34106;26;4.150;DELIVERY;2019...;;
34107;26;6.160;DELIVERY;2018...;;
34108;26;GOL;G5;2008...;1.0;
34109;26;GOL;G5;2008...;1.6;
34110;26;GOL;G6;2013...;1.0;
34111;26;GOL;G6;2013...;1.6;
34112;26;PARATI;;2008...;1.0;
34113;26;PARATI;;2008...;1.6;
34114;26;SAVEIRO;;2008...;1.0;
34115;26;SAVEIRO;;2008...;1.6;
34116;26;VOYAGE;CONFORTLINE;2004...;1.6;
34117;26;VOYAGE;TREND;2004...;1.6;
34118;4;A3;QUATTRO;2003...;3.2 V6 24V;
34119;4;A3;SPORTBACK QUATTRO;2004...;3.2 V6 24V;
34120;26;EOS;FSI;2006...;3.2 V6;
34121;26;GOLF;R32 4MOTION;2005...2009;3.2 V6;
34122;26;PASSAT;FSI 4MOTION / VARIANT;2005...2008;3.2 V6;
34123;26;PASSAT;FSI 4MOTION / VARIANT / CC;2008...;3.6 V6;
34124;26;PASSAT;FSI 4MOTION R36 / VARIANT;2007...2008;3.6 V6;
34126;17;1634;;2002...;;SISTEMA KNORR
34127;17;1938;LS - ELETRONIC;1998...;;SISTEMA KNORR
34128;17;1938;S ELETRONIC;1999...;;SISTEMA KNORR
34129;17;1944;S;2003...;;SISTEMA KNORR
34130;17;AXOR 2540;6X2;2005...;;SISTEMA KNORR
34131;38;K-124;EB - 4 X 2 /  6 X 2 /  8 X 2;2000...;;SISTEMA KNORR
34132;38;L-94;IB /  UB;2000...;;SISTEMA KNORR
34133;17;O-404;SÉRIES;1991...;;SISTEMA KNORR
34134;17;712;L - ELETRÔNICO;1998...;;SISTEMA WABCO
34135;17;812;L;1998...;;SISTEMA WABCO
34136;17;814;L;1998...;;SISTEMA WABCO
34137;17;914;L - C - ELETRÔNICO;1998...;;SISTEMA WABCO
34138;17;914;LO - ELETRÔNICO;1998...;;SISTEMA WABCO
34139;17;915;LO;2003...;;SISTEMA WABCO
34140;17;ATEGO;SÉRIE 12 / 13 / 15 TON;1998...;;SISTEMA KNORR
34141;17;OH-1115;L;2000...;;SISTEMA KNORR
34142;17;CLASSE A;140 / 160 / 190;1997...;;SISTEMA GIRLING
34148;17;SPRINTER;310 D;1997...1999;;SISTEMA WABCO
34149;17;SPRINTER;312 D / 412;1999...;;SISTEMA WABCO
34150;17;SPRINTER;412 D / 412 CDI;2000...;;SISTEMA WABCO
34151;17;SPRINTER;413;2002...;;SISTEMA WABCO
34152;17;SPRINTER;310 D / 312 D;2000...2001;;SISTEMA BOSCH
34153;17;VITO;108 / 110 / 113 / 114;1998...;;SISTEMA BOSCH
34154;17;SPRINTER;310 D / 312 D;2000...2001;;SISTEMA TEVES
34155;17;SPRINTER;311 CDI /313 CDI;2002...;;SISTEMA TEVES
34156;17;VIANO;2.2 CDI / 2.3 / 2.8;1999...;;SISTEMA TEVES
34157;17;VITO;2.2 CDI / 2.3;1999...;;SISTEMA TEVES
34158;17;CLASSE C;180 / 200;2000...2002;;SISTEMA GIRLING
34159;17;CLASSE C;180 / 200 KOMPRESSOR;2001...2005;;SISTEMA GIRLING
34160;17;CLASSE C;220 CDI;2001...;;SISTEMA GIRLING
34161;17;CLASSE C;COUPE 230 KOMPRESSOR;2001...;;SISTEMA GIRLING
34162;17;ACCELO 915C;;2003...2006;;SISTEMA KNORR
34163;17;ACCELO 915C;;2003...;;SISTEMA KNORR
34164;17;180D;FURGÃO;1994...1996;;SISTEMA BENDIX
34165;21;MASTER;2.0 / 2.5;1988...2012;;SISTEMA BENDIX
34166;21;TRAFIC;2.1 / 2.2 / 2.4 / 2.5;1989...;;SISTEMA BENDIX
34171;17;SPRINTER;311 CDI CHASSI/ 311 CDI FURGÃO;2012...;;SISTEMA BREMBO
34172;17;SPRINTER;315 CDI;2006...2009;2.2;SISTEMA BREMBO
34173;17;SPRINTER;415 CDI 15 + 1 VAN/ 415 CDI 9 + 1 VAN/415 CDI CHASSI;2012...;;SISTEMA BREMBO
34174;17;SPRINTER;515 CDI 17 + 1 CHASSI/ 515 CDI 20 + 1 CHASSI / 515 CDI CHASSI/ 515 CDI FURGÃO;2012...;;SISTEMA BREMBO
34175;17;VITO;;2016...;1.6;SISTEMA BREMBO
34176;17;VITO;TOURER 119;2016...;2.0;SISTEMA BREMBO
34177;17;SPRINTER;311 / 415;2012...;;SISTEMA BOSCH
34178;17;ACTROS;;2011...;;SISTEMA KNORR BREMSE
34179;17;ACCELO 1016;;2012...;;SISTEMA KNORR BREMSE
34180;17;ACCELO 915C;;2007...2004;;SISTEMA KNORR BREMSE
34181;17;ACCELO 915C;;2009...2003;;SISTEMA KNORR BREMSE
34182;17;SPRINTER;515 (NOVA);2012...;;
34183;17;SPRINTER;311 / 415 / 515 (NOVA);2012...;;
34184;17;SPRINTER;314 CDI STREET;2020...;2.2;
34185;17;SPRINTER;416 CDI;2020...;2.2;
34186;17;SPRINTER;516 CDI;2020...;2.2;
34187;17;ACTROS;;2011...;;
34188;17;SPRINTER;311/415/515;2012...;;
34190;17;C-CLASS T-MODEL;C-63 AMG (S205);2017...;;
34191;17;S-550;;2014...2015;;
34192;17;S-600;;2015...2016;;
34193;17;S-63;;2015...2017;;
34194;17;S-65;;2015...2016;;
34201;17;CLASSE B 170;;2005...;;
34202;17;CLASSE B 180;CDI;2004...2012;;
34206;17;CLASSE B 180;;2005...;;
34207;17;CLASSE B 200;;03.2005...2011;;
34208;17;CLASSE B 200;;03.2005...2011;TURBO;
34209;17;CLASSE B 200;CDI;03.2005...2011;;
34210;17;CLASSE B 150;;03.2005...;;
34211;17;CLASSE B 170;;03.2005...;1.7;
34212;17;CLASSE B 180;CDI;03.2005...;;
34215;17;CLK;(209) 63 AMG;04.2006...;;
34216;17;CLK;CONVERTIBLE (A209) 63 AMG;04.2006...;;
34217;17;SLK;(R171) 55 AMG;06.2004...;;
34218;17;E-320;;2002...;;
34219;17;E-350;;2005...2009;;
34220;17;GL 450;4WD;2006...;4.7 V8;GL-GLASS
34234;17;GL 320;CDI - 4WD;2006...;3.0 V6;GL-CLASS
34235;17;GL 420;CDI - 4WD;2006...;4.0 V8;
34236;17;GL 450;4WD;2006...;4.7 V8;GL-CLASS
34237;17;GL 500;4WD;2006...;5.5 V8;GL-CLASS
34239;17;R-CLASS R 280;;2007...;3.0;
34240;17;R-CLASS R 280;4WD;2007...;3.0;
34241;17;R-CLASS R 350;;2007...;3.5;
34242;17;R-CLASS R 350;4WD;2006...;3.5;
34243;17;R-CLASS R 500;;2006...;5.0;
34244;17;R-CLASS R 500;4WD;2007...;5.5;
34245;17;R-CLASS R 63 AMG;;2006...;6.2;
34246;17;O-340;;...;;
34247;17;O-404;;...;;
34254;17;SPRINTER;310;1995...2000;;
34255;17;SPRINTER;311 - CDI;2002...;;
34256;17;SPRINTER;312;1995...2000;;
34257;17;SPRINTER;313;2002...;;
34258;17;SPRINTER;314;1995...2000;;
34259;17;SPRINTER;410;1995...2000;;
34260;17;SPRINTER;311 - CDI;...;;
34267;17;CLC 200;KOMPRESSOR;2008...;;
34268;17;CLK COUPE;200 - KOMPRESSOR;1997...2002;;
34269;17;E-200;;1996...2002;;
34270;17;E-220;;1996...2002;;
34271;17;E-230;CABRIO;1996...2002;;
34272;17;SLK;(R170) - 200;1997...2000;;
34273;17;SLK;(R171);2004...;;
34274;17;SLK 200;(R171);2004...;;
34279;17;E-230;(W210);1995...2000;;
34280;17;C-CLASS;(W203) C350;2005...;;
34281;17;C-CLASS;C350;2005...2007;3.5;
34282;10;TIPO;1.6 / 1.8 / 2.0 16V;1993...1997;;SISTEMA GIRLING
34283;10;UNO;1.6R;1993...1997;;SISTEMA GIRLING
34284;10;FIORINO;;1993...2010;;SISTEMA TEVES
34285;10;TIPO;1.6;1993...1997;;SISTEMA TEVES
34286;10;TIPO;2.0 16V;1994...1998;;SISTEMA TEVES
34287;10;TEMPRA;16V;1993...1994;;SISTEMA TEVES
34288;10;TEMPRA;8V / PRATA / OURO;1992...1994;;SISTEMA TEVES
34289;10;TEMPRA SW;;1995...;;SISTEMA TEVES
34290;10;TIPO;2.0 8V;1994...1997;;SISTEMA TEVES
34291;2;145;1.7 IE TWIN SPARK;1996...;;SISTEMA GIRLING
34292;2;155;1.7 TWIN SPARK;1992...1997;;SISTEMA GIRLING
34293;10;UNO;1.3 / 1.4 / 1.5 / 1.5R;1987...1990;;SISTEMA GIRLING
34294;10;ELBA;;1985...1995;;SISTEMA TEVES
34295;10;FIORINO;;1987...1993;0.9 / 1.0 / 1.1 / 1.3 / 1.4 / 1.5 / 1.7;SISTEMA TEVES
34296;10;PREMIO;;1985...1995;;SISTEMA TEVES
34297;10;UNO;MILLE;1985...1995;;SISTEMA TEVES
34298;10;UNO;MILLE FIRE SMART;2000...2009;;SISTEMA TEVES
34299;10;UNO;MILLE FIRE SMART;2000...;;SISTEMA TEVES
34300;10;TEMPRA;16V / 8V;1995...;;SISTEMA TEVES
34301;10;TEMPRA;TURBO;1994...1998;;SISTEMA TEVES
34302;10;UNO;TURBO;1994...1998;;SISTEMA TEVES
34303;10;147;PICK-UP / FURGÃO;1977...1986;;SISTEMA TEVES
34304;10;FIORINO;FURGÃO / PICK-UP;1983...1987;;SISTEMA TEVES
34305;10;OGGI;;1983...1985;;SISTEMA TEVES
34306;10;PANORAMA;;1980...1986;;SISTEMA TEVES
34307;10;SPAZIO;;1983...1985;;SISTEMA TEVES
34308;11;BELINA;4X4;1984...1991;;SISTEMA TEVES
34309;11;CORCEL II;;1978...1986;;SISTEMA TEVES
34310;11;DEL REY;;1981...1983;;SISTEMA TEVES
34311;11;PAMPA;4X2;1981...1991;;SISTEMA TEVES
34312;11;SCALA;;1981...1983;;SISTEMA TEVES
34313;2;164;2.0;1987...1992;;SISTEMA GIRLING
34314;2;164;3.0;1988...;;SISTEMA GIRLING
34315;2;164;3.0 V6 24V;1992...;;SISTEMA GIRLING
34316;4;A4;1.8 20V / 1.8 20V TURBO / 2.4 30V;1994...1996;;SISTEMA GIRLING
34317;4;A4;2.8 30V / V6 / AVANT / QUATTRO;1994...1996;;SISTEMA GIRLING
34318;10;TEMPRA;16V;1993...1994;;SISTEMA GIRLING
34319;10;TEMPRA;TURBO;1994...1998;;SISTEMA GIRLING
34320;10;TIPO;2.0 8V;1994...1997;;SISTEMA GIRLING
34321;10;STILO;1.8 8V;2003...;;SISTEMA BOSCH
34322;10;DOBLO;1.3 / 1.6 16V / 1.8;2001...;;SISTEMA TEVES
34323;10;DOBLO;EX 1.3 / 1.6 16V;2001...;;SISTEMA TEVES
34324;10;PALIO;1.0 8V / 16V;1998...;;SISTEMA TEVES
34325;10;PALIO;1.0 FIRE 8V / 16V;2001...;;SISTEMA TEVES
34326;10;PALIO;1.6 8V / 16V;1998...2000;;SISTEMA TEVES
34327;10;SIENA;1.3 8V / 16V;2000...;;SISTEMA TEVES
34328;10;STILO;1.8 16V / 2.4 20V;2003...;;SISTEMA BOSCH
34329;10;STILO;1.8 16V;2003...;;SISTEMA BOSCH
34330;20;307;1.6I 16V / 2.0 16V / 2.0 HDI;2002...;;SISTEMA BOSCH
34331;20;307 SW;1.6 / 2.0;2002...;;SISTEMA BOSCH
34332;14;DAILY 35.10;;1997...;;SISTEMA BOSCH
34333;14;DAILY 35.10;CHASSI CABINE;1997...;;SISTEMA BOSCH
34334;14;DAILY 35S14;;05.2006...;2.3;SISTEMA BOSCH
34335;14;DAILY 35S14;CHASSI-CABINE/ CABINE DUPLA / FURGONE / GRAN FURGONE;2007...;;SISTEMA BOSCH
34336;14;DAILY 38.13;;2005...2007;;SISTEMA BOSCH
34337;14;DAILY 40.13;;2005...2007;;SISTEMA BOSCH
34338;14;DAILY 45S14;;2008...;;SISTEMA BOSCH
34339;14;DAILY 45S14;CHASSI-CABINE / CABINE DUPLA / GRAN FURGONE;2007...;;SISTEMA BOSCH
34340;14;DAILY 49.10;;1997...;;SISTEMA BOSCH
34341;14;DAILY 49.12;;1997...;;SISTEMA BOSCH
34342;14;DAILY 49.12;CHASSI CABINE;1997...;;SISTEMA BOSCH
34343;14;DAILY 50.13;;2005...2007;;SISTEMA BOSCH
34344;14;DAILY 55C16;CHASSI-CABINE/ CABINE DUPLA;2008...;;SISTEMA BOSCH
34345;14;DAILY 55C16;GRAN FURGONE / MAXI FURGONE;2008...;;SISTEMA BOSCH
34346;14;DAILY 55C17;;2013...;;SISTEMA BOSCH
34347;7;JUMPER;SÉRIE 27/31;2001...;;SISTEMA BOSCH
34348;7;JUMPER;SÉRIE 29/33;2002...;;SISTEMA BOSCH
34349;10;DUCATO;SÉRIE 10/14;2001...;;SISTEMA BOSCH
34350;10;DUCATO;SÉRIE 11/15;2002...;;SISTEMA BOSCH
34351;7;JUMPER;;1999...;;SISTEMA GIRLING
34352;10;DUCATO;2.8 / 2.8 TURBO / 15 MAXI;2000...;;SISTEMA GIRLING
34353;20;BOXER;;1999...;;SISTEMA GIRLING
34354;7;JUMPER;;1997...;;SISTEMA GIRLING
34355;10;DUCATO;2.8 / 2.8 TURBO / 15 MAXI;2001...;;SISTEMA GIRLING
34356;20;BOXER;1.8 / 2.5 TD;1994...;;SISTEMA GIRLING
34357;10;DUCATO;2.5 - 8/10;2000...;;SISTEMA GIRLING
34358;20;BOXER;2.5 TD 1800;1994...;;SISTEMA GIRLING
34359;10;DUCATO;1.5 / 2.5 - 8/10;1997...1999;;SISTEMA GIRLING
34360;20;BOXER;1.9 / 2.5 TD;1994...;;SISTEMA GIRLING
34361;20;BOXER;1.9 / 2.5 TD 1400;1994...;;SISTEMA GIRLING
34362;10;DOBLO;CARGO 1.8;2001...2009;;SISTEMA TEVES
34363;10;DOBLO;EX 1.3 16V / ELX 1.6 16V;2001...2009;;SISTEMA TEVES
34364;10;IDEA;1.4 / 1.8;2005...2009;;SISTEMA TEVES
34365;10;PALIO;1.6 16V;2001...;;SISTEMA TEVES
34366;10;PALIO WEEKEND;ADVENTURE;1999...;1.6 / 1.8;SISTEMA TEVES
34367;10;PUNTO;1.4;2007...;;SISTEMA TEVES
34368;10;PUNTO;1.8;2007...;;SISTEMA TEVES
34369;10;SIENA;1.6 16V;1998...;;SISTEMA TEVES
34370;10;STRADA;1.3;2003...;;SISTEMA TEVES
34371;2;SPIDER;2.0 TS;1995...;;SISTEMA GIRLING
34372;2;GTV;2.0 TWIN SPARK;1995...;;SISTEMA GIRLING
34378;10;DUCATO;CARGO;2003...;;SISTEMA BOSCH
34379;2;145;2.0 IE 16V;1995...1997;;SISTEMA GIRLING
34380;2;SPIDER;2.0I 16V;1995...;;SISTEMA GIRLING
34381;10;TIPO;1.4 / 1.6 / 1.8 / 2.0 16V;1995...;;SISTEMA GIRLING
34384;10;ARGO;DRIVE;2018...;1.0;SISTEMA TEVES
34385;10;MOBI;;2016...;1.0;SISTEMA TEVES
34386;10;PALIO;ATTRACTIVE;2012...;1.0 / 1.4;SISTEMA TEVES
34387;10;UNO;;2010...;;SISTEMA TEVES
34388;10;UNO;ATTRACTIVE;2012...;1.4;SISTEMA TEVES
34389;10;UNO;VIVACE / WAY;2010...;1.0 EVO;SISTEMA TEVES
34390;10;UNO;WAY;2010...;1.4 EVO;SISTEMA TEVES
34391;10;UNO;WAY;2017...;1.3;SISTEMA TEVES
34393;10;UNO;(PISTÃO DE AÇO);2009...;;SISTEMA TEVES
34394;2;145;2.0 IE 16V;1995...1997;;SISTEMA TEVES
34395;2;155;2.0 16V SUPER TS;1995...1998;;SISTEMA TEVES
34396;2;156;1.6 / 1.8 / 2.0 / 2.5;1996...;;SISTEMA TEVES
34397;2;GTV;2.0 TWIN SPARK;1995...;;SISTEMA TEVES
34398;10;DOBLO;ADVENTURE;2005...2010;1.8;SISTEMA TEVES
34399;10;MAREA;CITY 2.0 20V;1998...;;SISTEMA TEVES
34400;10;MAREA;ELX / HLX - 2.0 20V;1998...2000;;SISTEMA TEVES
34401;10;MAREA WEEKEND;2.0 20V;1998...;;SISTEMA TEVES
34402;10;DOBLO;(PISTÃO DE AÇO);2009...;;SISTEMA TEVES
34403;10;IDEA;(PISTÃO DE AÇO);2009...;;SISTEMA TEVES
34404;10;IDEA;1.8 (PISTÃO DE AÇO);2010...;;SISTEMA TEVES
34405;10;DOBLO;ADVENTURE;2010...;1.8 / 8V (PISTÃO DE AÇO);SISTEMA TEVES
34406;10;IDEA;ADVENTURE;2010...;1.8;(PISTÃO DE AÇO) SISTEMA TEVES
34407;10;LINEA;1.4 / 1.9 (PISTÃO DE AÇO);2010...;;SISTEMA TEVES
34408;10;PALIO WEEKEND;ADVENTURE;2010...;;(PISTÃO DE AÇO) SISTEMA TEVES
34409;10;DUCATO;SÉRIE 27/31;2001...;;SISTEMA BOSCH
34410;10;PALIO;1.0 8V / 16V;1998...2009;;SISTEMA TEVES
34411;10;PALIO;1.0 FIRE 8V / 16V;2001...2009;;SISTEMA TEVES
34412;10;SIENA;1.3 8V / 16V;2000...2009;;SISTEMA TEVES
34413;10;STILO;1.8 (PISTÃO DE AÇO);2010...;;SISTEMA TEVES
34414;2;156;2.0 SPORTWAGON / 2.5 V6;2000...;;SISTEMA TEVES
34415;10;LINEA;TJET 1.4 /1.8;2009...;;SISTEMA TEVES
34416;10;PUNTO;1.8;2009...;;SISTEMA TEVES
34417;10;PUNTO;TJET 1.4;2009...;;SISTEMA TEVES
34418;10;STILO;2.4 20V ABARTH (DISCO VENTILADO);2001...;;SISTEMA BOSCH
34419;10;STILO;1.8 8V / 1.8 8V SPORTING;2007...;;SISTEMA TEVES
34420;10;STILO;1.8 DUALOGIC / 1.8 DUALOGIC ATTRACTIVE;2008...;;SISTEMA TEVES
34422;10;BRAVO;;2012...;1.4 T-JET;SISTEMA TEVES
34423;10;CRONOS;;2018...;1.8;SISTEMA TEVES
34424;10;PUNTO;;04.2010...;1.4  TJET;SISTEMA TEVES
34426;10;FIORINO;(PISTÃO DE AÇO);2010...;;SISTEMA TEVES
34427;10;PALIO;(PISTÃO DE AÇO);2009...;;SISTEMA TEVES
34428;10;SIENA;(PISTÃO DE AÇO);2009...;;SISTEMA TEVES
34431;10;BRAVO;ABSOLUTE 1.8 16V / DUALOGIC 1.8 16V  / ESSENCE 1.8 16V  / ESSENCE DUALOGIC 1.8 16V ;2011...;;SISTEMA TEVES
34432;10;DOBLO;1.4  / 1.8;07.2009...;;SISTEMA TEVES
34433;10;FIORINO;1.4 ;2014...;;SISTEMA TEVES
34434;10;GRAND SIENA;1.6 16V ;2013...;;SISTEMA TEVES
34435;6;GRAND CARAVAN;;2010...;;SISTEMA GIRLING
34436;42;JOURNEY;2.7 V6 ;2008...;;SISTEMA GIRLING
34437;10;FREEMONT;EMOTION 2.4 16V ;2011...;;SISTEMA GIRLING
34438;10;FREEMONT;PRECISION 2.4 16V ;2011...;;SISTEMA GIRLING
34439;42;JOURNEY;"2.0 CRD 16V"" ";2008...;;SISTEMA BOSCH
34440;42;JOURNEY;2.4 ;2008...;;SISTEMA BOSCH
34441;42;JOURNEY;2.7 V6 ;2008...;;SISTEMA BOSCH
34442;10;FREEMONT;EMOTION 2.4 16V ;2011...;;SISTEMA BOSCH
34443;10;FREEMONT;PRECISION 2.4 16V ;2011...;;SISTEMA BOSCH
34444;45;WRANGLER;;2007...2009;;SISTEMA BOSCH
34445;42;JOURNEY;;2012...;;SISTEMA AKEBONO
34446;10;FREEMONT;2.0  / 2.4 / 3.6;2012...;;SISTEMA AKEBONO
34447;10;MOBI;;2016...;1.6;SISTEMA TEVES
34448;10;DUCATO;CARGO CURTO/ MÉDIO 4P;2018...;2.3;
34449;10;DUCATO;CHASSI 2P;2018...;2.3;
34450;10;DUCATO;EXECUTIVO 4P;2018...;2.3;
34451;10;DUCATO;MAXICARGO 4P;2018...;2.3;
34452;10;DUCATO;MINIBUS / MINIBUS CONFORT 4P;2018...;2.3;
34453;10;DUCATO;MULTI/MAXIMULTI 4P;2018...;2.3;
34454;10;DUCATO;VIP BUS 4P;2018...;2.3;
34455;7;JUMPER;30;2006...;2.2;
34456;7;JUMPER;30;2006...;3.0 HDI;
34457;7;JUMPER;33;2006...;2.2;
34458;7;JUMPER;33;2006...;3.0 HDI;
34459;10;DUCATO;100;2006...;2.2;
34460;10;DUCATO;120;2006...;2.3 MULTIJET;
34461;10;DUCATO;160;2006...;3.0 MULTIJET;
34462;20;BOXER;30;2006...;2.2;
34463;20;BOXER;30;2006...;3.0 HDI;
34464;20;BOXER;33;2006...;2.2;
34465;20;BOXER;33;2006...;3.0 HDI;
34466;7;JUMPER;SÉRIE 27;2001...;;
34467;7;JUMPER;SÉRIE 29;2002...;;
34468;7;JUMPER;SÉRIE 31;2001...;;
34469;7;JUMPER;SÉRIE 33;2002...;;
34470;10;DUCATO;SÉRIE 10;2001...;;
34471;10;DUCATO;SÉRIE 11;2002...;;
34472;10;DUCATO;SÉRIE 14;2001...;;
34473;10;DUCATO;SÉRIE 15;2002...;;
34474;11;F-250;;1998...;;
34475;11;F-350;;1998...;;
34476;20;BOXER;2.3;2010...;;
34477;20;BOXER;HDI 2.0;04.2002...;;
34478;20;BOXER;HDI 2.2;04.2002...;;
34479;20;BOXER;SÉIRE 330;2002...;;
34480;20;BOXER;SÉRIE 290;2002...;;
34481;7;JUMPER;SÉRIE 35;2001...2004;2.8 HDI;
34482;10;DUCATO;MULTI;2010...;2.3;
34483;10;DUCATO;SÉRIE 18 JTD MAXI CARGO;2001...;2.3;
34484;10;DUCATO;SÉRIE 18 JTD MAXI CARGO;2001...;2.8;
34485;20;BOXER;;04.2002...;2.8 HDI;
34486;20;BOXER;;2010...;;
34487;20;BOXER;SÉRIE 350;2002...2004;2.2 HDI;
34488;20;BOXER;SÉRIE 350;2002...2004;2.8 HDI;
34489;7;JUMPER;SÉRIE 29;04.2002...;;
34490;7;JUMPER;SÉRIE 33;04.2002...;;
34491;7;JUMPER;SÉRIE 35;2001...;2.8 HDI;
34492;10;DUCATO;SÉRIE 10;2001...2009;;
34493;10;DUCATO;SÉRIE 11;04.2002...;;
34494;10;DUCATO;SÉRIE 15;04.2002...;;
34495;20;BOXER;;04.2002...;2.0I;
34496;20;BOXER;;04.2002...;2.2 HDI;
34497;20;BOXER;;04.2002...;2.8;
34498;20;BOXER;;2010...;2.3;
34499;20;BOXER;4X4;04.2002...;2.8 HDI;
34500;20;BOXER;SÉRIE 290;04.2002...;;
34501;20;BOXER;SÉRIE 330;04.2002...;;
34502;20;BOXER;SÉRIE 350;2002...;2.2 HDI;
34503;20;BOXER;SÉRIE 350;2005...;2.8 HDI;
34504;20;BOXER;SÉRIE 350 4X4;2002...;2.8 HDI;
34505;10;BRAVA;ELX - 1.6 16V;1999...;;
34506;10;BRAVA;HGT - 1.8 16V;1996...;;
34507;10;BRAVA;SX - 1.6 16V;1999...;;
34508;10;MAREA;1.6 16V;1999...;;
34509;10;MAREA;1.6 16V;2005...;;
34510;10;MAREA;SX - 1.8 16V;1999...;;
34511;10;MAREA WEEKEND;;1999...;;
34512;10;PALIO;;1996...1998;1.0;
34513;10;PALIO;1.5;1996...1998;;
34514;10;PALIO;1.6;1996...1998;;
34515;10;PALIO;ED - 1.0;1996...1997;;
34516;10;PALIO;EDX - 1.0;1996...1997;;
34517;10;PALIO;EL - 1.5;1996...;;
34518;10;PALIO;EL - 1.6 16V;1996...1997;;
34519;10;PALIO WEEKEND;1.5;1996...1998;;
34520;10;PALIO WEEKEND;1.6 8V;1996...1998;;
34521;10;SIENA;1.5;1997...1998;;
34522;10;SIENA;1.6;1996...1998;;
34523;2;145;1.7I 16V;1995...;;
34524;2;146;1.7I 16V;1995...;;
34525;10;BRAVA;1.8 16V GT;1995...2001;;
34526;10;BRAVO;1.8 16V GT;10.1995...10.2001;;
34527;10;MAREA WEEKEND;SX - 1.8;1999...;;
34528;5;A-20;;1993...1994;;SISTEMA BENDIX
34529;5;C-20;;1993...1994;;SISTEMA BENDIX
34530;5;D-20;;1993...1994;;SISTEMA BENDIX
34531;5;VERANEIO;;1993...1994;;SISTEMA BENDIX
34532;11;F-1000;4X4 / TURBO;1993...1994;;SISTEMA BENDIX
34533;5;BLAZER;4X2;1995...;;SISTEMA VARGA/TRW
34534;5;S10;4X2;1995...;;SISTEMA VARGA/TRW
34535;5;S10;4X4;2005...;;SISTEMA VARGA/TRW
34536;24;BANDEIRANTE;;1996...;;SISTEMA VARGA/TRW
34537;5;AGILE;1.4;2009...2009;;SISTEMA TEVES
34538;5;CELTA;1.0 / 1.4;2000...2009;;SISTEMA TEVES
34539;5;CORSA;1.0 / 1.2 / 1.3 / 1.4 / 1.5 / 1.6;1994...;;SISTEMA TEVES
34542;5;PRISMA;MAX 1.4;2007...2009;;SISTEMA TEVES
34544;5;VECTRA;CD 2.2 16V / GLS 2.0;2002...2010;;SISTEMA TEVES
34545;5;VECTRA;ELEGANCE 2.0;2006...2010;;SISTEMA TEVES
34546;5;VECTRA;ELITE 2.4;2006...2010;;SISTEMA TEVES
34547;5;VECTRA;GT 2.0 8V;2007...2010;;SISTEMA TEVES
34548;5;ZAFIRA;2.0 8V / 16V;2001...2010;;SISTEMA TEVES
34549;5;IPANEMA;2.0;1992...1996;;SISTEMA VARGA/TRW
34550;5;KADETT;2.0 / GSI;1992...1996;;SISTEMA VARGA/TRW
34551;5;MONZA;EFI 2.0;1992...1996;;SISTEMA VARGA/TRW
34552;25;T4;TDI;2001...2003;;SISTEMA VARGA/TRW
34553;5;IPANEMA;1.8 / 2.0;1990...1996;;SISTEMA VARGA/TRW
34554;5;KADETT;1.8 / 2.0 /  GSI;1989...1996;;SISTEMA VARGA/TRW
34555;5;MONZA;1.6 / 1.8;1982...1986;;SISTEMA VARGA/TRW
34556;5;MONZA;2.0;1986...1996;;SISTEMA VARGA/TRW
34557;11;BELINA;;1984...1995;;SISTEMA VARGA/TRW
34558;11;CORCEL;;1984...1995;;SISTEMA VARGA/TRW
34559;11;DEL REY;;1984...1995;;SISTEMA VARGA/TRW
34560;11;PAMPA;4X2 / 4X4;1984...1997;;SISTEMA VARGA/TRW
34561;11;SCALA;;1984...1988;;SISTEMA VARGA/TRW
34562;5;OMEGA;3.8 V6 (AUSTRALIANO);1998...;;SISTEMA GIRLING
34563;5;A-40;;1985...1996;;SISTEMA TEVES
34564;5;C-40;;1985...1996;;SISTEMA TEVES
34565;5;D-40;;1985...1996;;SISTEMA TEVES
34570;5;CARAVAN;;1979...1992;;SISTEMA TEVES
34571;5;COMODORO;;1979...1992;;SISTEMA TEVES
34572;5;DIPLOMATA;;1979...1992;;SISTEMA TEVES
34573;5;OPALA;;1979...1992;;SISTEMA TEVES
34574;5;CALIBRA;2.0I 16V 4X4 / TURBO / 2.5 V6;1995...;;SISTEMA TEVES
34575;5;VECTRA;CD 2.0 16V;1996...1998;;SISTEMA TEVES
34576;5;VECTRA;CD 2.2 16V;1998...;;SISTEMA TEVES
34577;5;VECTRA;GLS;1999...;2.2 16V;SISTEMA TEVES
34578;5;CARAVAN;;1977...1992;;SISTEMA VARGA/TRW
34579;5;COMODORO;;1977...1992;;SISTEMA VARGA/TRW
34580;5;DIPLOMATA;;1979...1983;;SISTEMA VARGA/TRW
34581;5;OPALA;;1977...1992;;SISTEMA VARGA/TRW
34582;5;BLAZER;4X4;1997...;;SISTEMA DELPHI
34583;5;S10;4X4;1997...;;SISTEMA DELPHI
34584;5;SILVERADO;HD TURBO;1999...;;SISTEMA BOSCH
34585;5;TRACKER;;1998...2013;;SISTEMA SUMITOMO
34586;23;GRAND VITARA;1.6I / 2.0I;1998...;;SISTEMA SUMITOMO
34587;23;SIDEKICK;1.6;1989...1996;;SISTEMA SUMITOMO
34588;23;SIDEKICK;1.6 16V;1993...;;SISTEMA SUMITOMO
34589;23;VITARA;1.6 JLX;1988...1995;;SISTEMA SUMITOMO
34590;5;ASTRA;2.0;1995...1998;;SISTEMA TEVES
34591;5;ASTRA SW;2.0;1995...1998;;SISTEMA TEVES
34592;5;OMEGA;GLS;1995...1998;2.2;SISTEMA TEVES
34593;5;SUPREMA;GLS;1996...1997;2.2;SISTEMA TEVES
34594;5;VECTRA;GL 2.2 / GLS 2.0 / GLS 2.2;1996...;;SISTEMA TEVES
34595;5;A-20;;1994...1997;;SISTEMA BENDIX
34596;5;BONANZA;;1994...1997;;SISTEMA BENDIX
34597;5;C-20;;1994...1997;;SISTEMA BENDIX
34598;5;D-20;;1994...1997;;SISTEMA BENDIX
34599;5;SILVERADO;;1997...1999;;SISTEMA BENDIX
34600;5;VERANEIO;;1994...;;SISTEMA BENDIX
34601;11;F-1000;;1995...1998;;SISTEMA BENDIX
34602;11;F-1000;4X4 / TURBO;1994...1998;;SISTEMA BENDIX
34603;5;CORSA;1.0 / 1.4 / 1.6;1999...2000;;SISTEMA VARGA/TRW
34604;5;CORSA;1.6;2000...2002;;SISTEMA VARGA/TRW
34607;5;IPANEMA;1.8 / 2.0;1996...1997;;SISTEMA VARGA/TRW
34608;5;KADETT;1.8 / 2.0;1996...1997;;SISTEMA VARGA/TRW
34609;26;GOL;1.0 / 1.0 SPECIAL / 1.6 / 1.8;1996...;;SISTEMA VARGA/TRW
34610;26;GOL;GIII 1.0 /  1.0 16V TURBO / 1.6;2000...;;SISTEMA VARGA/TRW
34611;26;PARATI;1.0 16V / TURBO 1.6 / 1.8 / 2.0;1996...;;SISTEMA VARGA/TRW
34612;26;SAVEIRO;1.6 / 2.0;1995...;;SISTEMA VARGA/TRW
34613;26;SAVEIRO;1.8;1986...1995;;SISTEMA VARGA/TRW
34615;5;VECTRA;CD 2.0 / GLS 2.2 / GLS 2.2 16V / GLI 2.0;1993...1996;;SISTEMA TEVES
34616;5;VECTRA;GLS;1996...;2.0;SISTEMA TEVES
34617;5;CORSA;1.0 / 1.8;2002...;;SISTEMA VARGA/TRW
34619;5;MONTANA;1.8;2003...;;SISTEMA VARGA/TRW
34620;5;AGILE;1.4 (PISTÃO DE AÇO);2009...;;SISTEMA TEVES
34621;5;CELTA;1.0 / 1.4 (PISTÃO DE AÇO);2009...;;SISTEMA TEVES
34622;5;CLASSIC;(PISTÃO DE AÇO);2009...;;SISTEMA TEVES
34623;5;PRISMA;(PISTÃO DE AÇO);2009...;;SISTEMA TEVES
34624;5;CAPTIVA;3.0;2008...;;SISTEMA -
34625;5;OMEGA;CD 3.0;1992...1995;;SISTEMA VARGA/TRW
34626;5;OMEGA;CD 4.1;1994...1998;;SISTEMA VARGA/TRW
34627;5;SUPREMA;CD / GLS 4.1;1994...1998;;SISTEMA VARGA/TRW
34628;5;SUPREMA;CD 3.0;1993...1995;;SISTEMA VARGA/TRW
34630;5;OMEGA;2.2 / CD 3.0 / CD 4.1;1994...;;SISTEMA TEVES
34631;5;SUPREMA;2.0 / 2.2 / CD 3.0 / CD / GLS / 4.1;1993...1997;;SISTEMA TEVES
34632;5;ASTRA;2.0I;1995...1998;;SISTEMA TEVES
34633;5;CALIBRA;2.0I 16V / 2.0I;1989...;;SISTEMA TEVES
34634;5;CARAVAN;;1995...1998;;SISTEMA TEVES
34635;5;OMEGA;SUPREMA 2.0 /  2.2;1992...1995;;SISTEMA TEVES
34636;5;VECTRA;CD 2.0 / GLS 2.0 / 2.2 / 2.2 16V;1993...1996;;SISTEMA TEVES
34637;8;ESPERO;1.8 / 2.0;1993...1996;;SISTEMA TEVES
34638;5;ASTRA;(PISTÃO DE AÇO);2010...;;SISTEMA TEVES
34640;5;VECTRA;2.0 8V / 2.4 16V (PISTÃO DE AÇO);2010...;;SISTEMA TEVES
34642;5;COBALT;1.4 / 1.8 (SEM ABS);2012...;;SISTEMA TEVES
34643;5;ONIX;HATCH 1.0 / 1.4 (SEM ABS);2013...;;SISTEMA TEVES
34644;5;SONIC;1.6 (SEM ABS);2013...;;SISTEMA TEVES
34645;5;SPIN;1.8 (SEM ABS);2013...2016;;SISTEMA TEVES
34646;5;CRUZE;;2010...;;SISTEMA TEVES
34647;5;S10;2.4 / 2.8;2012...;;SISTEMA IMPORTADO
34648;5;TRAILBLAZER;2.8 / 3.2;2014...;;SISTEMA IMPORTADO
34649;44;I-370;CREW CAB;2010...;;SISTEMA IMPORTADO
34650;44;I-370;EXTENDED CAB;2010...;;SISTEMA IMPORTADO
34651;5;COBALT;1.4 / 1.8 (COM ABS);2013...;;SISTEMA IMPORTADO
34652;5;SONIC;1.6 (COM ABS);2013...;;SISTEMA IMPORTADO
34653;5;SPIN;1.8 (COM ABS);2013...2016;;SISTEMA IMPORTADO
34660;5;SPIN;LS/LT/LTZ  1.8  / ADVANTAGE 1.8 / ACTIV 1.8 ;2017...;;SISTEMA IMPORTADO
34661;5;TRACKER;1.8 16V 4X2   / 2.0 16V 4X4 ;2014...;;SISTEMA IMPORTADO
34662;5;CRUZE;LT;2017...;1.4;
34663;5;CRUZE;LTZ;2017...;1.4;
34664;5;EQUINOX;LTTURBO;2018...;2.0;
34665;5;EQUINOX;PREMIER TURBO AWD;2018...;2.0;
34666;5;TRAILBLAZER;LTZ;2012...;3.6 - V6;
34667;5;TRAILBLAZER;LTZ CTDI;2012...;2.0;
34668;43;QQ;;2011...;1.1 - 16V;SISTEMA AKEBONO
34669;5;MATIZ;;2001...2003;1.0;SISTEMA AKEBONO
34670;5;SPARK;;2008...;1.0;SISTEMA AKEBONO
34671;8;MATIZ;;1998...2009;0.8;SISTEMA AKEBONO
34672;5;TRACKER;;2018...;1.4 16V;
34673;5;EQUINOX;LT;2018...;2.0 TURBO;
34674;5;EQUINOX;PREMIER;2018...;2.0 TURBO AWD;
34675;5;ONIX;HATCH  - CÂMBIO AUTOMÁTICO;2020...;1.0 TURBO;
34676;5;ONIX;HATCH  - CÂMBIO MANUAL;2020...;1.0 ASPIRADO;
34677;5;ONIX;HATCH LT  - CÂMBIO AUTOMÁTICO;2020...;1.0 TURBO;
34678;5;ONIX;HATCH LT  - CÂMBIO MANUAL;2020...;1.0 ASPIRADO;
34679;5;ONIX;HATCH LT  - CÂMBIO MANUAL;2020...;1.0 TURBO;
34680;5;ONIX;HATCH LTZ  - CÂMBIO AUTOMÁTICO;2020...;1.0 TURBO;
34681;5;ONIX;HATCH LTZ  - CÂMBIO MANUAL;2020...;1.0 TURBO;
34682;5;ONIX;HATCH PREMIER  - CÂMBIO AUTOMÁTICO;2020...;1.0 TURBO;
34684;5;ONIX;SEDAN LT  - CÂMBIO MANUAL;2020...;1.0 TURBO;
34690;5;CAMARO;SS;2010...;6.2 V8 16V;
34691;5;OMEGA;;2008...;3.6 V6;
34692;11;EXPLORER;;1995...;;SISTEMA BOSCH
34693;11;RANGER;PICK-UP;1995...2012;;SISTEMA BOSCH
34694;11;MONDEO;1.6 / 1.8 / 2.0;1993...;;SISTEMA TEVES
34695;11;MONDEO;2.5 V6 24V;1997...;;SISTEMA TEVES
34696;11;EXPLORER;;1993...1995;;SISTEMA BENDIX
34697;11;RANGER;;1993...1995;;SISTEMA BENDIX
34698;11;COURIER;1.3 / 1.4 / 1.4 16V / 1.8;1997...2009;;SISTEMA TEVES
34699;11;FIESTA;1.0 SUPERCHARGER / 1.6S;2002...;;COM ABS SISTEMA TEVES
34700;11;FIESTA;1.4 16V / 1.6 / 1.8;1996...2002;;SISTEMA TEVES
34701;11;KA;1.6;2001...;;SISTEMA TEVES
34703;11;FIESTA;;2002...;1.0;SISTEMA TEVES
34704;11;FIESTA;1.0 / 1.3;1995...2002;;SISTEMA TEVES
34705;11;KA;1.0 / 1.3;1996...2009;;SISTEMA TEVES
34706;11;FOCUS;1.4 / 1.6 / 1.8 / 1.8 TD / 2.0;1998...;;SISTEMA GIRLING
34707;11;FOCUS;HATCH 1.8 GL / 1.8 GLX / 2.0 GHIA;1999...;;SISTEMA TEVES
34708;11;FOCUS;HATCH 2.0 GLX;1999...;;SISTEMA TEVES
34710;11;F-250;XLT;1998...2002;;SISTEMA AKEBONO
34711;11;ECOSPORT;1.0 SUPERCHARGER;2003...2009;;SISTEMA TEVES
34712;11;ECOSPORT;1.4D / 1.6 / 2.0;2003...2009;;SISTEMA TEVES
34713;11;FIESTA;1.0 SUPERCHARGER;2002...;;COM ABS SISTEMA TEVES
34714;11;FIESTA;1.4 C /ABS;2002...;;SISTEMA TEVES
34715;11;F-250;XL / XLT;1998...;;SISTEMA AKEBONO
34716;11;F-350;;1998...;;SISTEMA AKEBONO
34717;11;FUSION;16V;2006...;;SISTEMA IMPORTADO
34718;11;F-4000;CAMINHÃO TURBO;1996...1998;;SISTEMA VARGA/TRW
34719;34;1600D;;1990...1994;;SISTEMA VARGA/TRW
34720;34;1800D;;1990...1994;;SISTEMA VARGA/TRW
34721;34;4500D;;1994...2010;;SISTEMA VARGA/TRW
34722;34;5000D;;1994...2010;;SISTEMA VARGA/TRW
34723;34;FURGOVAN;6000;1999...2010;;SISTEMA VARGA/TRW
34724;11;F-4000;CAMINHÃO;1985...1998;;SISTEMA VARGA/TRW
34725;95;VOLARE;A5 / A6;1998...;;SISTEMA VARGA/TRW
34726;11;MONDEO;III 1.8I 16V / 2.0I 16V / 2.0 TDI;2000...;;SISTEMA BOSCH
34727;11;MONDEO;III 1.8I SCI / 2.2 TDCI / 3.0I V6 24V;2000...;;SISTEMA BOSCH
34728;11;MONDEO;III ST 220;2000...;;SISTEMA BOSCH
34729;11;ESCORT;1.6 / 1.8 / XR3 1.8;1983...1993;;SISTEMA TEVES
34730;11;ESCORT;HOBBY 1.0;1993...1996;;SISTEMA TEVES
34731;11;VERONA;;1990...1992;;SISTEMA TEVES
34732;26;APOLLO;GLS;1990...1992;;SISTEMA TEVES
34733;26;APOLLO;L / GL;1990...1992;;SISTEMA TEVES
34734;11;ESCORT;1.6 / 1.8 / XR3 1.8 / GHIA;1983...1993;;SISTEMA TEVES
34735;11;VERONA;GLX;1990...1992;;SISTEMA TEVES
34736;11;TRANSIT;FURGÃO / CHASSI-CABINE;2009...;;SISTEMA IMPORTADO
34737;11;COURIER;(PISTÃO DE AÇO);2009...;;SISTEMA TEVES
34738;11;ESCORT;HOBBY 1.0;1993...1993;;SISTEMA TEVES
34750;11;ECOSPORT;(PISTÃO DE AÇO);2009...;;SISTEMA TEVES
34751;7;C5;III 1.6 / 1.8I / 2.0 HDI / 2.0I / 2.2 / 2.7 HDI / 3.0I;2008...;;SISTEMA TEVES
34752;11;FOCUS;;2009...;;SISTEMA TEVES
34753;21;LAGUNA;III 1.5 DCI 110, SW / 1.6I 16V, SW / 2.0I 16V TURBO / SW;2007...;;SISTEMA TEVES
34754;32;C30;1.6 / 1.8 / 2.0 / 2.4 / 2.5;2006...;;SISTEMA TEVES
34755;32;C70;CABRIO 2.0 D;2007...;;SISTEMA TEVES
34756;32;C70;CABRIO 2.4 / 2.4I 20V;2006...;;SISTEMA TEVES
34757;32;S40;II 1.6 D I / 1.8I / 2.0 D / 2.4I / 2.5I;2004...;;SISTEMA TEVES
34758;32;S40;II 2.0I;2006...;;SISTEMA TEVES
34759;32;V50;1.6 DI / 1.8I / 2.0 D;2004...;;SISTEMA TEVES
34760;32;V50;2.0I;2006...;;SISTEMA TEVES
34761;32;V50;2.4 D5;2005...;;SISTEMA TEVES
34762;32;V50;2.4I;2004...;;SISTEMA TEVES
34763;11;ECOSPORT;2.0 AUTOMÁTICO;2009...;;SISTEMA TEVES
34764;11;KA;1.0 (PISTÃO DE AÇO);2009...;;SISTEMA TEVES
34765;11;RANGER;2.5 16V / 3.2 20V ;2013...;;SISTEMA FOMOCO
34766;11;FUSION;;2013...;;SISTEMA FOMOCO
34769;11;ECOSPORT;(PISTÃO DE AÇO);2012...;;SISTEMA TEVES
34770;11;ECOSPORT;2.0 AUTOMÁTICO (PISTÃO DE AÇO);2009...;;SISTEMA TEVES
34771;11;ECOSPORT;4X4 2.0L (PISTÃO DE AÇO);2009...;;SISTEMA TEVES
34772;11;FOCUS;HATCH (PISTÃO DE AÇO);2009...;;SISTEMA TEVES
34774;32;C30;(PISTÃO DE AÇO);2009...;;SISTEMA TEVES
34775;32;C70;(PISTÃO DE AÇO);2009...;;SISTEMA TEVES
34776;32;S40;(PISTÃO DE AÇO);2009...;;SISTEMA TEVES
34777;32;V50;(PISTÃO DE AÇO);2009...;;SISTEMA TEVES
34778;11;KA;;2014...;1.0/1.5;SISTEMA LUCAS/GIRLING
34779;11;TRANSIT;;2012...;2.2;SISTEMA KNORR BREMSE
34780;11;TRANSIT;FURGÃO 3330/ FURGÃO 3550/ VAN 3550;2006...2011;2.4;SISTEMA KNORR BREMSE
34781;11;EDGE;;2008...;3.5L V6;
34782;28;CX-7;MZR DISI;10.2017...;TURBO 2.3;
34783;11;EDGE;;2011...;3.5L V6;
34784;11;EDGE;;...;3.5 V6;
34785;42;RAM 1500;;2005...2008;;
34786;11;EXPLORER;;2001...2005;4.8 V8 / 4.0 V6;
34787;11;RANGER;4X2 / 4X4;10.2007...;;
34788;11;MONDEO;;2007...;1.6 TI 16V;
34789;11;MONDEO;;2007...;2.0 16V;
34790;16;FREELANDER;;2007...;2.2;
34791;16;FREELANDER;;2007...;3.2;
34794;12;CITY;;2009...2014;;SISTEMA TEVES
34795;12;FIT;;2009...;;SISTEMA TEVES
34796;12;ACCORD;VII 2.2I TYPE-R / 3.0;2005...;;SISTEMA AKEBONO
34797;12;CR-V;II 2.0I;2002...2006;;SISTEMA AKEBONO
34798;12;ACCORD;V 2.0I LS 16V / 2.2I / 2.3I SR;1993...1996;;SISTEMA AKEBONO
34799;12;ACCORD;VII 2.2I TYPE-R / 3.0;1999...2003;;SISTEMA AKEBONO
34800;12;CIVIC;V 1.8I 16V;1997...2001;;SISTEMA AKEBONO
34801;12;ACCORD;VII 2.2I TYPE-R / 3.0 V6 24V;1999...2003;;SISTEMA AKEBONO
34802;12;CIVIC;1.6 16V EX/LX;2008...;;SISTEMA AKEBONO
34803;12;CIVIC;VI 1.4I / 1.4IS / 1.6I ES / 1.7I / 1.7I VTEC;2001...;;SISTEMA AKEBONO
34804;12;CIVIC;IV 1.3I 16V /  1.5I 16V;1995...;;SISTEMA AKEBONO
34805;12;CIVIC;IV 1.5I 16V /  LSI /  1.6I;1994...1995;;SISTEMA AKEBONO
34806;12;CIVIC;V 1.4I /  1.4I S;1995...2001;;SISTEMA AKEBONO
34807;12;FIT;LX 1.4 16V;2002...;;SISTEMA AKEBONO
34808;12;CIVIC;1.5I 16V / 1.6I 16V / 1.6I COUPE / 1.6I VTI;1995...;;SISTEMA SUMITOMO
34809;12;CIVIC;1.6I 16V VTEC COUPE /  1.6I 16V VTI;1991...1997;;SISTEMA SUMITOMO
34810;12;CR-X;1.6I 16V ESI /  VTI;1992...;;SISTEMA SUMITOMO
34811;12;FIT;1.5;2004...2014;;SISTEMA TEVES
34812;12;FIT;LX 1.4 8V / LXL 1.4 8V;2003...;;SISTEMA TEVES
34817;12;ACCORD;;2013...;;SISTEMA IMPORTADO
34818;12;HR-V;1.8 ;2015...;;SISTEMA IMPORTADO
34819;12;CIVIC;EX 2.0 16V ;2017...;;SISTEMA NISSIN
34820;12;CIVIC;EXL 2.0 16V ;2017...;;SISTEMA NISSIN
34821;12;CIVIC;SPORT 2.0 16V ;2017...;;SISTEMA NISSIN
34822;12;CIVIC;TOURING 1.5 16V ;2017...;;SISTEMA NISSIN
34823;12;CR-V;EX AUTOMATICO 5M/6M ;2007...;;SISTEMA SUMITOMO
34824;12;CR-V;EXL / LX -  SEMI-AUTOMATICO ;2008...;;SISTEMA SUMITOMO
34825;12;CR-V;EXL SCN / LX PZW -  SEMI-AUTOMATICO ;2008...;;SISTEMA SUMITOMO
34826;12;CR-V;EXSAB AUTOMATICO 6M  ;2007...;;SISTEMA SUMITOMO
34827;12;CITY;1.5 ;2015...;;SISTEMA NISSIN
34828;12;FIT;1.5 ;2015...;;SISTEMA NISSIN
34829;12;CR-V;;2005...2006;;SISTEMA AKEBONO
34830;12;CR-V;EXL / LX;2007...;3.5 EXV 624V;SISTEMA AKEBONO
34831;12;ACCORD;;2008...;;SISTEMA SUMITOMO
34832;12;ACCORD;LX;2008...;;SISTEMA SUMITOMO
34833;12;CIVIC;;2007...;1.8;SISTEMA SUMITOMO
34834;12;CIVIC;;2013...;2.0;SISTEMA SUMITOMO
34835;12;CIVIC;GX - AMERICANA;2006...;1.8;SISTEMA SUMITOMO
34836;12;CIVIC;EX  / EXL / SPORT / TOURING;2017...;2.0 - 16V;
34837;12;HR-V;;2015...;1.8;
34840;12;HR-V;1.5 16V;2020...;;
34842;12;ACCORD;EX;2008...;3.5 V6 24V;
34843;12;CITY;SEDAN EX  - CÂMBIO AUTOMÁTICO;2009...;1.5 16V;
34844;12;CITY;SEDAN EX  - CÂMBIO MECÂNICO;2009...;1.5 16V;
34845;12;CITY;SEDAN EXL  - CÂMBIO AUTOMÁTICO;2009...;1.5 16V;
34846;12;CITY;SEDAN EXL  - CÂMBIO MECÂNICO;2009...;1.5 16V;
34847;12;CIVIC;;1987...1991;1.6 16V VTEC;
34848;12;CIVIC;COUPÉ;1989...1992;1.6L 16V;
34849;12;CIVIC;VE;1992...1996;1.5 VTEC;
34850;12;CR-X;;1987...1991;1.6L 16V;
34851;12;CR-X;;1987...1991;1.6L VTEC;
34852;12;PRELUDE;;1990...1992;2.0L 16V / DOHC;
34853;12;PRELUDE;EX;1990...1992;2.0;
34854;117;CL;;1997...1999;;
34855;117;INTEGRA;;2000...2001;;
34856;117;RSX;;2002...2006;;
34857;117;TL;;1997...1998;;
34858;117;TSX;;2004...2006;;
34859;117;VIGOR;;1994...;;
34860;12;ACCORD;;2002...;;
34861;12;ACCORD;COUPÉ;1994...1999;;
34862;12;CR-V;;2003...;2.0 16V;
34863;12;PRELUDE;;1994...2001;;
34864;12;ACCORD;VIII;2003...;2.0 VTEC;
34865;14;DAILY;35C/45-50C;2008...;;SISTEMA IMPORTADO
34866;14;DAILY;59.12;2001...;;SISTEMA PERROT
34867;14;DAILY;60.12;2003...;;SISTEMA PERROT
34868;14;SCUDATO;;2001...;;SISTEMA PERROT
34869;14;DAILY;CHASSI CABINE 35.10 / 49.10;1997...;;SISTEMA PERROT
34870;14;DAILY;FURGÃO 35.10 / 49.10 / 49.12;1997...;;SISTEMA PERROT
34871;14;DAILY;VAN 35.10 / 49.10 / 49.12;1997...;;SISTEMA PERROT
34872;14;DAILY;45.10 / 49.10 TURBO;1996...;;SISTEMA PERROT
34873;14;DAILY;45.10 / 49.10 TURBO;1981...1989;;SISTEMA PERROT
34874;14;EUROCARGO;60 / 65  E12 / E14;1991...;;SISTEMA VARGA/TRW
34875;14;EUROCARGO;70 / 75 E12 / E14 / E15;1991...;;SISTEMA VARGA/TRW
34876;17;610;LO;2002...;;SISTEMA VARGA/TRW
34877;17;709;L;1988...1996;;SISTEMA VARGA/TRW
34878;17;709;LO;1988...1996;;SISTEMA VARGA/TRW
34879;17;712;L;1992...1994;;SISTEMA VARGA/TRW
34880;17;712;LO;1992...1994;;SISTEMA VARGA/TRW
34881;17;712;LO - PLUS;2002...;;SISTEMA VARGA/TRW
34882;17;812;LO;1988...1996;;SISTEMA VARGA/TRW
34883;17;812;LO;2002...;;SISTEMA VARGA/TRW
34884;17;814;LO;1996...1998;;SISTEMA VARGA/TRW
34885;17;814;LO;2002...;;SISTEMA VARGA/TRW
34886;17;912;LO;1988...1996;;SISTEMA VARGA/TRW
34887;17;914;LO;1996...1998;;SISTEMA VARGA/TRW
34888;17;ACCELO 715C;;2004...;;SISTEMA VARGA/TRW
34891;14;DAILY;35C15 - S 15 /;05.2006...;2.3;SISTEMA BREMBO
34892;14;DAILY;35S18 - S18;05.2006...;2.3;SISTEMA BREMBO
34893;14;DAILY;40C12;05.2006...;2.3;SISTEMA BREMBO
34894;14;DAILY;40C15;05.2006...;2.3;SISTEMA BREMBO
34895;14;DAILY;40C18;05.2006...;2.3;SISTEMA BREMBO
34896;14;DAILY;45C15;05.2006...;2.3;SISTEMA BREMBO
34897;14;DAILY;45C18;05.2006...;2.3;SISTEMA BREMBO
34898;14;DAILY;45S14;05.2006...;2.3;SISTEMA BREMBO
34899;14;DAILY;50C15;05.2006...;2.3;SISTEMA BREMBO
34900;14;DAILY;50C18;05.2006...;2.3;SISTEMA BREMBO
34901;14;DAILY;55C16 CHASSI -CABINE;2008...;2.3;SISTEMA BREMBO
34902;14;DAILY;55C16 GRAN FURGONE /MAXI FURGONE;2008...;;SISTEMA BREMBO
34903;14;DAILY;55C17;2013...;;SISTEMA BREMBO
34904;14;DAILY;60C15;05.2006...;2.3;SISTEMA BREMBO
34905;14;DAILY;60C18;05.2006...;2.3;SISTEMA BREMBO
34906;14;DAILY;65C15;05.2006...;2.3;SISTEMA BREMBO
34907;14;DAILY;65C18;05.2006...;2.3;SISTEMA BREMBO
34908;14;DAILY;CABINE DUPLA;2008...;2.3;SISTEMA BREMBO
34909;14;DAILY;III 29L10;05.2006...;2.3;SISTEMA BREMBO
34910;14;DAILY;III 29L12;05.2006...;2.3;SISTEMA BREMBO
34911;14;DAILY;III 29L14;05.2006...;2.3;SISTEMA BREMBO
34912;14;DAILY;S 10;05.2006...;2.3;SISTEMA BREMBO
34913;14;DAILY;S 12;05.2006...;2.3;SISTEMA BREMBO
34914;14;DAILY;S 14;05.2006...;2.3;SISTEMA BREMBO
34915;14;CITYCLASS;70C16;2004...;;SISTEMA GIRLING
34916;14;CITYCLASS;70C17;2013...;;SISTEMA GIRLING
34917;14;DAILY;70C16;2007...;;SISTEMA GIRLING
34918;14;EUROCARGO;;1991...;;SISTEMA GIRLING
34919;14;CITYCLASS;70C16;2009...;;SISTEMA BREMBO
34920;14;CITYCLASS;70C17;2013...;;SISTEMA BREMBO
34921;14;DAILY;65C15 V/P;2006...;;SISTEMA BREMBO
34922;14;DAILY;III  60C18 KK;2006...;;SISTEMA BREMBO
34923;14;DAILY;III  65C18 V /P;2006...;;SISTEMA BREMBO
34924;14;DAILY;III 60C15 DK;2006...;;SISTEMA BREMBO
34925;14;DAILY;III 60C15 K;2006...;;SISTEMA BREMBO
34926;14;DAILY;III 60C15 KK;2006...;;SISTEMA BREMBO
34927;14;DAILY;III 60C18;2006...;;SISTEMA BREMBO
34928;14;DAILY;III 60C18 DK;2006...;;SISTEMA BREMBO
34929;14;DAILY;III 60C18 K;2006...;;SISTEMA BREMBO
34930;14;DAILY;III 60C18 V /P;2006...;;SISTEMA BREMBO
34931;14;DAILY;III 65C15;2006...;;SISTEMA BREMBO
34932;14;DAILY CITY;30S13;2018...;2.3;
34933;14;DAILY 59.12;;...;2.5;
34934;20;206;1.6 16V / 2.0 S16 / CC 1.6 16V / S16;2000...;;SISTEMA BOSCH
34935;20;307;1.6 / 2.0 HDI;2000...;;SISTEMA BOSCH
34936;7;XSARA;2.0I 16V;1997...2000;;SISTEMA GIRLING
34937;7;XSARA PICASSO;1.6 /  1.8 16V /  2.0 16V;2000...;;SISTEMA GIRLING
34938;20;206;ESCAPADE 1.6 16V;2006...;;SISTEMA GIRLING
34939;20;306;1.8 16V BREAK / 2.0 16V / 2.0 / 2.0 ST / XSI;1993...;;SISTEMA GIRLING
34940;20;306;2.0 HDI;1999...;;SISTEMA GIRLING
34941;20;PARTNER;1.1 / 1.4 / 1.8 / 1.9;1996...;;SISTEMA GIRLING
34942;20;504;;1993...;;SISTEMA TEVES
34943;20;505;;1993...;;SISTEMA TEVES
34944;20;504;GR / GRD;1982...;;SISTEMA GIRLING
34945;20;505;GR / GRD;1982...;;SISTEMA GIRLING
34946;20;505;RURAL;1992...;;SISTEMA GIRLING
34947;20;306;1.4;1997...;;SISTEMA BENDIX
34948;21;KANGOO;1.0 RL / 1.0 RN / 1.7 RL / 1.6 RN;2000...;;SISTEMA BENDIX
34949;20;206;1.6 8V;2000...2001;;SISTEMA BOSCH
34950;20;206;1.0 16V;2001...;;SISTEMA BOSCH
34951;20;206;1.4;2003...;;SISTEMA BOSCH
34952;20;206;1.6 8V;2001...;;SISTEMA BOSCH
34953;20;206 SW;1.4;2005...;;SISTEMA BOSCH
34954;7;XSARA;1.4 / 1.5 D / 1.6 / 1.8 / 1.9 TD / 2.0;1997...;;SISTEMA BENDIX
34955;20;206;1.6 8V;1988...2000;;SISTEMA BENDIX
34956;20;306;1.4I;1997...;;SISTEMA BENDIX
34957;7;XSARA;1.4 / 1.5 D / 1.6 / 1.8 / 1.9 TD;1997...;;SISTEMA BOSCH
34958;20;206;1.6 8V;1988...2000;;SISTEMA BOSCH
34959;20;306;1.4I;1997...;;SISTEMA BOSCH
34960;21;KANGOO;1.2 / 1.4 / 1.6 / 1.9 D / 1.9 TD;1997...;;SISTEMA BOSCH
34961;7;C5;1.8 16V / 1.8 16V BREAK / 2.0 16V HPI / BREAK 2.0 HDI / BREAK 2.2 HDI / 3.0 V6 BREAK;2001...;;SISTEMA -
34962;7;BERLINGO;;1996...;1.1 / 1.4 / 1.6 / 1.8 / 1.9 D;SISTEMA GIRLING
34965;20;306;2.0 HDI 90;1999...;;SISTEMA GIRLING
34966;7;C5;2.0 HDI / 2.0I 16V (INCLUSIVE BREAK);2004...;;SISTEMA BOSCH
34967;7;C5;2.0 HDI / 2.0I 16V / 2.0 HPI (INCLUSIVE BREAK);2000...2004;;SISTEMA BOSCH
34968;7;C3;1.4 / 1.4 16V HDI / 1.6 16V;2002...;;SISTEMA GIRLING
34969;7;C3;1.4 16V;2003...;;SISTEMA GIRLING
34970;7;SAXO;1.6 VTR /  VTS;1996...;;SISTEMA BENDIX
34971;7;XSARA;1.8I / 1.8I 16V BREAK / 2.0 HDI / 2.0 16V;1997...2000;;SISTEMA BENDIX
34972;7;XSARA;1.9I TD BREAK;1997...1999;;SISTEMA BENDIX
34973;7;ZX;2.0I 16V / 2.0I VOLCANE;1992...1997;;SISTEMA BENDIX
34974;20;106;1.6 16V;1996...;;SISTEMA BENDIX
34975;20;106;1.6I;1991...1996;;SISTEMA BENDIX
34976;20;206;1.6 16V / 2.0 S16 / CC 1.6 16V / S16;2000...;;SISTEMA BENDIX
34977;20;206 SW;;2000...;;SISTEMA BENDIX
34978;20;306;1.8 16V;1993...;;SISTEMA BENDIX
34979;21;CLIO;1.8 16V;1990...1998;;SISTEMA BENDIX
34980;21;MEGANE;2.0 16V;1995...;;SISTEMA BENDIX
34981;7;SAXO;1.6;1996...;;SISTEMA BENDIX
34982;7;XSARA;1.8I / 1.8I 16V BREAK;1997...;;SISTEMA BENDIX
34983;7;ZX;1.6I / 1.8I / 1.9 BREAK;1993...1997;;SISTEMA BENDIX
34984;7;ZX;1.6I / 1.8I / 1.9I /  2.0I / 2.0I 16V;1991...1997;;SISTEMA BENDIX
34985;20;106;1.6I / 1.6 16V;1995...;;SISTEMA BENDIX
34986;20;306;1.1 / 1.4I /  1.6 / 1.6 CABRIO / 1.8 / 1.9;1993...;;SISTEMA BENDIX
34987;20;306;1.8 BREAK;1997...;;SISTEMA BENDIX
34988;21;MEGANE;COUPE 16V;1996...;;SISTEMA BENDIX
34989;7;ZX;1.1 / 1.4;1991...;;SISTEMA BENDIX
34990;20;405;GL;1992...;;SISTEMA BENDIX
34991;21;CLIO;;1993...;;SISTEMA BENDIX
34992;21;EXPRESS;1.2 / 1.4 / 1.6 / 1.9;1992...;;SISTEMA BENDIX
34993;7;ZX;1.6I / 1.8I / 1.6I BREAK / 1.8I BREAK;1991...1997;;SISTEMA GIRLING
34994;7;ZX;1.9 TD / 2.0I;1991...1997;;SISTEMA GIRLING
34995;7;ZX;VOLCANE 2.0;1993...;;SISTEMA GIRLING
34996;7;XSARA;1.4I (ABS) / 1.6I;1997...;;SISTEMA TEVES
34997;7;XSARA;1.8I (ABS) / 1.9 D (ABS);1997...2000;;SISTEMA TEVES
34998;20;106;1.4 (ABS);1995...;;SISTEMA TEVES
34999;20;106;1.6 16V;1996...;;SISTEMA TEVES
35000;20;306;1.1 / 1.4 / 1.6 / 1.8 / 1.8 BREAK / 1.8 CABRIO;1993...;;SISTEMA TEVES
35001;20;306;1.9 / 1.9 GTI / 1.9 TD / 1.9 TD EST;1993...;;SISTEMA TEVES
35002;7;C4;;2010...;;SISTEMA GIRLING
35003;7;DS4;;2013...;1.6 TURBO - 16V;SISTEMA GIRLING
35004;7;DS5;;2009...;;SISTEMA GIRLING
35005;20;3008;;2009...;1.6 THP - 16V;SISTEMA GIRLING
35006;20;3008;;2010...;2.0 - 16V;SISTEMA GIRLING
35007;20;308;;2010...;;SISTEMA GIRLING
35008;20;5008;;2010...;;SISTEMA GIRLING
35009;20;RCZ;;03.2010...;1.6 - 16V;SISTEMA GIRLING
35010;20;RCZ;;03.2010...;2.0 HDI;SISTEMA GIRLING
35011;20;5008;;...;1.6 TURBO 16V;
35012;20;206;CC;1999...;1.6 16V;
35013;20;206;GTI;1999...;2.0;
35014;20;206;HDI;2002...2007;2.0;
35015;20;206;RALLYE;2001...;;
35016;20;206;S16;2000...;2.0 16V;
35017;20;206;SOLEIL;2001...;1.6 16V;
35018;20;206 SW;;2007...2008;1.6 16V;
35019;21;MASTER;1.9 TD / 2.2 16V;2000...2012;;SISTEMA BENDIX
35021;21;TWINGO;;1993...;;SISTEMA BENDIX
35022;21;TWINGO;1.1 / 1.2;1993...;;SISTEMA BENDIX
35026;21;CLIO;1.0 RL / RN;1999...;;SISTEMA GIRLING
35027;21;CLIO;1.6 RL / RN / RT / SI;1996...;;SISTEMA GIRLING
35028;21;LOGAN;1.6 16V;2007...2013;;SISTEMA GIRLING
35029;21;MEGANE;1.6;1996...;;SISTEMA GIRLING
35030;21;MEGANE;1.6 / 2.0 / RN / RT / RXE;1998...;;SISTEMA GIRLING
35031;21;SANDERO;1.6 16V;2007...2008;;SISTEMA GIRLING
35032;21;LOGAN;;2007...2013;;SISTEMA GIRLING
35033;21;SANDERO;;2007...2016;;SISTEMA GIRLING
35036;21;MEGANE;CABRIO 2.0 16V / COACH 2.0 16V;1996...;;SISTEMA GIRLING
35037;21;MEGANE;SEDAN 1.6 16V;2006...;;SISTEMA GIRLING
35038;21;SCENIC;1.6 / 1.9D / 1.9 DTI / 1.9 TD;1996...;;SISTEMA GIRLING
35039;21;MASTER;2.5 DCI / 2.8 D / 2.8 DTI;2002...2012;;SISTEMA BOSCH
35040;21;LOGAN;1.0 16V;2014...;;SISTEMA TEVES
35041;21;LOGAN;1.6 8V;2014...;;SISTEMA TEVES
35042;21;SANDERO;1.0 16V;2014...;;SISTEMA TEVES
35043;21;SANDERO;1.6 16V;2014...;;SISTEMA TEVES
35044;21;SANDERO;1.6 8V;2014...;;SISTEMA TEVES
35048;21;FLUENCE;GT;2013...;;SISTEMA TEVES
35049;21;MASTER;2.3;2013...;;SISTEMA BREMBO
35050;21;KWID;;2017...;1.0 12V;
35051;21;KWID;;2019...;1.2 12V;
35052;21;MEGANE;II;10.2003...;1.4;
35053;21;MEGANE;II;11.2002...;1.5 DCI / 1.6 16V / 1.9 DCI / 2.0 16V /;
35054;21;MEGANE;II / CONVERSIVEL / COUPÉ;09.2003...;1.6 / 1.9 DCI / 2.0;
35057;32;S40;I SEDAN (VS) T4 / 2.0I T / 2.0I;1997...2003;;SISTEMA GIRLING
35058;32;S40;I SEDAN 1.6I 16V (105 HP) / 1.8I 16V / 1.9;1995...1997;;SISTEMA GIRLING
35059;32;V40;ST 1.6I 16V (105 HP) / 1.8 16V / 1.9 TD;1997...2003;;SISTEMA GIRLING
35060;32;V40;SW 1.6I 16V (105 HP) / 1.8I 16V / 1.9 TD;1995...1997;;SISTEMA GIRLING
35061;32;S40;1.6 / 1.8 / 1.9 T4 / 1.9 TD / 1.9 DI / 2.0;1995...1997;;SISTEMA GIRLING
35062;32;C70;COUPE / CABRIOLET 2.0I 20V / 2.3I 20V T-5;2000...2002;;SISTEMA TEVES
35063;32;S60;SEDAN 2.0I T / 2.3I T5 / 2.4 D5 / 2.4I T;2000...;;SISTEMA TEVES
35064;32;S80;SEDAN 2.4D / 2.4I BIFUEL / 2.4 D5 / 2.4I T;2000...;;SISTEMA TEVES
35065;32;V70;II STATION WAGON 2.4I BIFUEL / R 2.5I T AWD;2002...;;SISTEMA TEVES
35066;32;FH-12;;2011...;;SISTEMA MANDO
35067;16;RANGE ROVER;EVOQUE;2011...;2.0;SISTEMA TEVES
35068;20;508;;2011...;1.6 THP - 16V;SISTEMA TEVES
35069;32;S80;;2006...;2.4;SISTEMA TEVES
35070;32;S80;;2007...;2.0;SISTEMA TEVES
35071;32;S80;;2009...;1.6;SISTEMA TEVES
35072;32;B-12;SÉRIES;2001...;;SISTEMA MERITOR
35073;32;B-7;SÉRIES;2005...;;SISTEMA MERITOR
35074;32;B-9;SÉRIES;2005...;;SISTEMA MERITOR
35075;32;B-9;SÉRIES - ARTICULADO;2005...;;SISTEMA MERITOR
35076;32;FH-12;SÉRIES;2001...;;SISTEMA MERITOR
35077;32;FH-16;SÉRIES;2001...;;SISTEMA MERITOR
35078;32;FL 618;;2000...;;SISTEMA MERITOR
35079;32;FM-12;SÉRIES;2001...;;SISTEMA MERITOR
35080;32;FM-9;SÉRIES;2001...;;SISTEMA MERITOR
35081;32;VM;310T 4X2 43TON;2006...;;SISTEMA MERITOR
35082;32;B-12;R - 6X2  / 8X2;2010...;;SISTEMA MERITOR
35083;32;B-290;R;2012...;;SISTEMA MERITOR
35084;32;B-7;R;2010...;;SISTEMA MERITOR
35085;32;B-9;R;2010...;;SISTEMA MERITOR
35086;32;FH-12;SÉRIES;2009...2010;;SISTEMA MERITOR
35087;32;FH-13;;2012...;;SISTEMA MERITOR
35088;32;VM;;2003...;;SISTEMA WABCO
35089;32;VM;23 210 6X2 2P;2003...;;SISTEMA WABCO
35090;32;VM;TODOS OS MODELOS;2003...;;SISTEMA WABCO
35091;16;RANGE ROVER;EVOQUE;2011...;2.0;
35092;32;S60;T5;2010...;;
35093;32;S60;T6;2010...;3.0;
35094;32;V60;T5;2010...;2.0;
35095;32;V60;T6;2010...;3.0;
35096;32;S90;II - D3 / D4;2016...;2.0;
35097;32;S90;II - HYBRID;2016...;2.0;
35098;32;S90;II - T5/T6 AWD;2016...;2.0;
35099;32;V90;II - T5 / T6 AWD;2016...;2.0;
35100;32;V90;II- D4/D4;2016...;2.0;
35101;32;V90;II- HYBRID;2016...;2.0;
35102;32;XC40;;10.2017...;;
35103;32;XC60;II - D4 / D5 / T6;2017...;;
35104;32;XC60;II - T5;2017...;2.0;
35105;32;XC90;D4 / D5 / T6;2014...2020;;
35106;32;XC90;II - T8/ HYBRID;2014...2020;;
35107;32;XC90;II- T5;2014...2020;2.0;
35108;32;S60;D5;2010...;2.4;
35109;32;S60;T5;2013...;2.0;
35110;32;S60;T6;2010...;2.0;
35111;32;XC60;T5/T6;2013...;;
35112;32;B-9;SÉRIES;2005...;;
35113;32;B-9;SÉRIES - ARTICULADO;2005...;;
35114;32;XC90;;2002...;2.5 T;
35115;32;XC90;;2002...;2.9;
35116;32;XC90;;2002...;3.2;
35117;32;XC90;;2002...;3.0;
35118;32;C70;CABRIOLET;2000...2002;2.0I 20VT;
35119;32;C70;COUPE;2000...2002;;
35120;32;S60;SEDAN;2000...;;
35121;32;S80;SEDAN;1998...;;
35122;32;V70;II STATION WAGON;03.2000...;2.4L;
35123;32;V70;SW;2000...;;
35124;32;XC70;D5 XC AWD;2002...;2.5;
35125;32;XC70;XC AWD;2002...;2.5L;
35126;32;S40;T5, T5 AWD;02.2004...;;
35127;32;V40;;2012...;2.0;
35128;32;V50;STATION WAGON T5;03.2004...;;
35129;24;HILUX;;2010...;;SISTEMA TEVES
35130;43;TIGGO;;2009...;;SISTEMA SUMITOMO
35131;24;RAV4;II 2.0 TDI D4D ABS;2001...2006;;SISTEMA SUMITOMO
35132;24;RAV4;II 2.0I 16V ABS;2000...2006;;SISTEMA SUMITOMO
35133;24;COROLLA;XE / XLI / SEG;2008...;;SISTEMA BOSCH
35134;24;COROLLA;XE / XLI / SEG;2008...2013;;SISTEMA BOSCH
35135;24;COROLLA;;2003...2005;;SISTEMA TEVES
35139;24;HILUX;4X4;2005...2005;;SISTEMA VARGA/TRW
35140;24;RAV4;II (XA2) 1.8 VTI / 2.0 D4 / 2.0 VTI;2000...;;SISTEMA VARGA/TRW
35144;24;CAMRY;SW 2.2 / XLE 2.2;1992...;;SISTEMA AKEBONO
35145;24;COROLLA;1.8 / XLI / XE / SE-G (BRASIL);1999...2002;;SISTEMA AKEBONO
35146;24;4 RUNNER;3.0;1989...;;SISTEMA SUMITOMO
35147;24;HILUX;4X4;1989...2005;;SISTEMA SUMITOMO
35148;24;HILUX;4X2;2000...;;SISTEMA VARGA/TRW
35149;24;ETIOS;1.3 / 1.5;2012...;;SISTEMA IMPORTADO
35150;24;ETIOS;SEDAN / CROSS;2013...;;SISTEMA IMPORTADO
35151;24;YARIS;;2018...2018;1.3 / 1.5 - 16V;SISTEMA IMPORTADO
35152;24;HILUX;SW4;2016...;2.8 16V;SISTEMA -
35153;24;HILUX;SW4;2016...;4.0 24V;SISTEMA -
35154;24;COROLLA;1.8L GLI ;2014...;;SISTEMA IMPORTADO
35155;24;COROLLA;2.0L ALTIS ;2014...;;SISTEMA IMPORTADO
35156;24;COROLLA;2.0L XEI ;2014...;;SISTEMA IMPORTADO
35157;39;T40;JET FLEX;2018...;1.5 - 16V;SISTEMA AKEBONO
35158;39;T40;JET FLEX;2019...;1.6 -16 V;SISTEMA AKEBONO
35159;39;T5;JET FLEX;2016...;1.5 - 16V;SISTEMA AKEBONO
35160;84;530;TALENT;2015...;1.5 16V;SISTEMA AKEBONO
35161;24;COROLLA;XRS;2012...;2.0 - 16V;SISTEMA AKEBONO
35162;24;PRIUS;HYBRID;2013...;1.8;SISTEMA AKEBONO
35163;24;RAV4;;2006...;2.4 - 16V;SISTEMA AKEBONO
35164;24;COROLLA;ALTIS;2020...;2.0;
35165;24;COROLLA;GLI;2020...;2.0;
35166;24;COROLLA;HYBRID;2020...;1.8;
35167;24;COROLLA;XE;2020...;2.0;
35168;24;COROLLA;ALTIS - 2.0;2020...;;
35169;24;COROLLA;HYBRID - 1.8;2020...;;
35170;24;COROLLA;XEI - 2.0;2020...;;
35171;24;RAV4;;...;2.0 16V / 2.2 16V;
35172;24;RAV4;;2006...;2.0 16V;
35173;24;RAV4;;2006...;2.2 16V;
35174;24;RAV4;;2006...;2.4 16V;
35175;24;RAV4;;2006...;3.5 16V;
35176;24;RAV4;4X4;2006...;2.5;
35177;84;620;TALENT;2010...;1.6 16V;
35178;24;CAMRY;2.2;08.1996...11.2001;;
35179;24;CAMRY;3.0I V6;08.1996...11.2001;;
35180;24;COROLLA;;1997...2002;1.6;
35181;24;COROLLA;;1997...2002;1.8;
35182;24;COROLLA;;1997...2002;2.0;
35183;27;118I;;2008...;;SISTEMA VARGA/TRW
35184;27;320D;SÉRIE 3 - 320D;2000...2004;;SISTEMA TEVES
35185;27;320D;SÉRIE 3 - 320D / 320I;1998...2004;;SISTEMA TEVES
35186;27;323I;SÉRIE 3 - 323I / CI;1998...2004;;SISTEMA TEVES
35187;27;325I;SÉRIE 3 - 325I / CABRIO / CI / X / TOURING;2000...2004;;SISTEMA TEVES
35188;27;328I;SÉRIE 3 - 328I / 318D;1998...2004;;SISTEMA TEVES
35189;27;Z3;ROADSTER / COUPE 1.8 / 2.0I / 2.2I / 2.8I / 3.0I;1998...2003;;SISTEMA TEVES
35190;27;Z4;ROADSTER 2.2I V6 / 2.5I V6 / 3.0I V6 24V;2003...;;SISTEMA TEVES
35191;27;318IS;SÉRIE 3 - 318IS TODOS;1990...1998;;SISTEMA AKEBONO
35192;27;320I;SÉRIE 3 - 320I TODOS;1990...1998;;SISTEMA AKEBONO
35193;27;323I;SÉRIE 3 - 323I TODOS;1990...1998;;SISTEMA AKEBONO
35194;27;325I;SÉRIE 3 - 325I / 325 TD / TODOS;1990...1998;;SISTEMA AKEBONO
35195;27;M3;SÉRIE 3 - M3 3.0I / 3.2I;1992...1998;;SISTEMA AKEBONO
35196;27;320I;;2003...2007;;SISTEMA IMPORTADO
35197;27;325I;;2003...2007;;SISTEMA IMPORTADO
35198;27;316I;;1990...1998;;SISTEMA TEVES
35199;27;318I;318 TDS;1990...1998;;SISTEMA TEVES
35200;27;3208I;;1990...1998;;SISTEMA TEVES
35201;27;323I;;1990...1998;;SISTEMA TEVES
35202;27;325I;;1990...1998;;SISTEMA TEVES
35203;27;328I;;1990...1998;;SISTEMA TEVES
35204;27;518I;;1991...1997;;SISTEMA TEVES
35205;27;520I;;1991...1997;;SISTEMA TEVES
35206;27;525I;4X4;1991...1997;;SISTEMA TEVES
35207;27;525I;X 4X4;1988...1995;;SISTEMA TEVES
35208;27;530I;TOURING;1991...1997;;SISTEMA TEVES
35209;27;535I;;1988...1995;;SISTEMA TEVES
35210;27;540I;;1988...1995;;SISTEMA TEVES
35211;27;M3;M3;1992...;;SISTEMA TEVES
35222;27;525I;;2000...;;SISTEMA TEVES
35223;27;740I;;1993...;;SISTEMA TEVES
35224;27;X5;3.0 / 4.4;2000...;;SISTEMA TEVES
35225;27;540I;SÉRIE 5 - 540I;2003...;;SISTEMA TEVES
35226;27;X5;4.6;2002...2003;;SISTEMA TEVES
35227;27;X5;4.8 V8;2004...;;SISTEMA TEVES
35228;27;X3;2.0D / 2.0I / 2.5I / 3.0D / 3.0I;2003...;;SISTEMA TEVES
35229;27;X5;2.0I / 3.0D / 3.0I / 4.4I / 4.6IS / 4.8 IS V8;2000...;;SISTEMA TEVES
35230;27;525I;;1988...1990;;SISTEMA TEVES
35231;27;M ROADSTER;;1997...;;SISTEMA TEVES
35232;27;M3;M3;1994...1998;;SISTEMA TEVES
35233;27;116i;;2004...;;SISTEMA LUCAS
35234;27;118i;;2004...;;SISTEMA LUCAS
35235;27;120i;;2004...;;SISTEMA LUCAS
35236;27;316i;CABRIO / COUPÉ / TOURTING;2005...;;SISTEMA LUCAS
35237;27;318ID;CABRIO / COUPÉ / TOURTING;2005...;;SISTEMA LUCAS
35238;27;320D;320D CABRIO / COUPÉ / TOURTING;2005...;;SISTEMA LUCAS
35239;27;320i;;2003...2007;;SISTEMA LUCAS
35240;27;325i;;2003...2007;;SISTEMA LUCAS
35241;27;318;SÉRIE 3 - 318;1998...;;SISTEMA TEVES
35242;27;323 TI;SÉRIE 3 - 323 TI COMPACT;1998...;;SISTEMA TEVES
35243;27;320I;;2008...;;SISTEMA TEVES
35244;78;MINI COOPER;;2009...;;SISTEMA IMPORTADO
35245;27;335I;;2008...;;SISTEMA IMPORTADO
35246;27;SÉRIE 1;CONVERSÍVEL 220D;03.2014...;;SISTEMA TRW
35247;27;SÉRIE 2;ACTIVE TOURER 218I;11.2013...;;SISTEMA TRW
35248;27;SÉRIE 2;ACTIVE TOURER 220D;11.2013...;;SISTEMA TRW
35249;27;SÉRIE 2;ACTIVE TOURER 220D XDRIVE;11.2013...;;SISTEMA TRW
35250;27;SÉRIE 2;ACTIVE TOURER 220I;11.2013...;;SISTEMA TRW
35251;27;SÉRIE 2;ACTIVE TOURER 225I;11.2013...;;SISTEMA TRW
35252;27;SÉRIE 2;ACTIVE TOURER 225I XDRIVE;11.2013...;;SISTEMA TRW
35253;27;SÉRIE 2;COUPÉ 220D;10.2012...;;SISTEMA TRW
35254;27;SÉRIE 2;GRAN TOURER 218D;07.2014...;;SISTEMA TRW
35255;27;SÉRIE 2;GRAN TOURER 218I;07.2014...;;SISTEMA TRW
35256;27;SÉRIE 2;GRAN TOURER 220D XDRIVE;07.2014...;;SISTEMA TRW
35257;27;SÉRIE 2;GRAN TOURER 220I;07.2014...;;SISTEMA TRW
35258;27;X1;SDRIVE 18D;11.2014...;;SISTEMA TRW
35259;27;X1;SDRIVE 20I;11.2014...;;SISTEMA TRW
35260;27;X1;XDRIVE 20D;11.2014...;;SISTEMA TRW
35261;27;X1;XDRIVE 20I;11.2014...;;SISTEMA TRW
35262;27;X1;XDRIVE 25D;11.2014...;;SISTEMA TRW
35263;27;X1;XDRIVE 25I;11.2014...;;SISTEMA TRW
35264;27;X1;18I SDRIVE;2010...06.2015;;
35265;27;X1;20I SDRIVE;2011...06.2015;;
35266;27;SÉRIE 1;118I;2007...;2.0;
35267;27;SÉRIE 1;120I;2005...;2.0;
35268;27;SÉRIE 1;130I;2005...;3.0;
35269;27;SÉRIE 3;320I;2005...;2.0;
35270;27;SÉRIE 3;325I;2005...;2.5;
35271;27;SÉRIE 3;330I;2005...;3.0;
35272;27;X1;18I SDRIVE;2009...11.2014;;
35273;27;X1;20I SDRIVE;2009...11.2014;;
35274;27;525i;;...;3.0;
35275;27;530i;;...;;
35276;27;540i;;...;3.0;
35277;27;114I;SÉRIE 1;2012...;;
35278;27;116I;SÉRIE 1;2011...;;
35279;27;118I;SÉRIE 1;2011...;;
35280;27;120I;SÉRIE 1;2011...;;
35281;27;125I;SÉRIE 1;2011...;;
35282;27;316I;SÉRIE 3;02.2012...;;
35283;27;316I;TOURING SÉRIE 3;2012...;;
35284;27;318I;SÉRIE 3;12.2010...;;
35285;27;320I;SÉRIE 3;2011...;;
35286;27;325I;SÉRIE 3;10.2011...;;
35287;27;328I;SÉRIE 3;2011...;;
35288;27;SÉRIE 1;118I;...;;
35289;27;SÉRIE 5 535I;GT - 3.0;2010...;;
35290;27;SÉRIE 7;ACTIVEHYBRID;2010...;;
35291;27;X6;XDRIVE;2008...2009;5.0I;
35292;27;120I;2.0;2004...;;
35293;27;320I;2.0 16V;2005...2010;;
35294;27;220I;;10.2013...;;
35295;27;320;;03.2011...;;
35296;27;SÉRIE 1 125D;;11.2010...;;
35297;27;SÉRIE 1 125I;;11.2010...;;
35298;27;SÉRIE 2 218D;;10.2013...;;
35299;27;SÉRIE 2 220D;;10.2013...;;
35300;27;SÉRIE 2 220I;CONVERSÍVEL;03.2014...;;
35301;27;SÉRIE 2 228I;;10.2013...;;
35302;27;SÉRIE 2 235I;CONVERSÍVEL;03.2014...;;
35303;27;SÉRIE 3;XDRIVE;03.2011...;;
35304;27;SÉRIE 3 320;;03.2011...;;
35305;27;SÉRIE 330;;03.2011...;;
35306;27;X4 28I;XDRIVE;2013...;;
35307;27;X4 35I;XDRIVE;2013...;;
35308;27;330 Cd;(E46);04.1999...;;
35309;27;330 Ci;(E46);04.1999...;;
35310;27;330 iX;CABRIO (E46);02.1998...;;
35311;27;330d;CABRIO (E46);02.1998...;;
35312;27;330d X;CABRIO (E46);02.1998...;;
35313;27;330i;CABRIO (E46);02.1998...;;
35314;27;740 il;(E38);10.1994...11.2001;;
35315;27;740i;(E38);10.1994...11.2001;;
35316;27;750 il;(E38);10.1994...11.2001;;
35317;27;750i;(E38);10.1994...11.2001;;
35318;27;850 Csi;(E31);04.1990...12.1999;;
35319;27;850Ci;(E31);04.1990...12.1999;;
35320;27;850i;(E31);04.1990...12.1999;;
35321;27;M3;(E46);04.1999...;3.2i;
35322;27;M3;CSL;04.1999...;;
35323;27;M5;TOURING (E34);01.1988...11.1995;3.8;
35324;27;SÉRIE 3;BERLINA (E46);02.1998...;;
35325;27;SÉRIE 3;SEDAN (E46);02.1998...;;
35326;27;SÉRIE 3;TOURING (E46);02.1998...;;
35327;27;SÉRIE 5;BERLINA (E34);01.1988...11.1995;;
35328;118;GHIBLI;;05.1992...;2.8 24V BITURBO;
35329;118;QUATTROPORTE;;03.1994...;2.0 BITURBO;
35330;118;QUATTROPORTE;;03.1994...;2.8 BITURBO;
35331;118;QUATTROPORTE II;;03.1994...;3.2 V8 32V;
35332;6;CARAVAN;;2001...2006;;SISTEMA GIRLING
35333;6;GRAND CARAVAN;;2001...2006;;SISTEMA GIRLING
35334;6;GRAND CARAVAN;3.3L V6;2002...;;SISTEMA GIRLING
35335;6;TOWN & COUNTRY;;2001...2006;;SISTEMA GIRLING
35336;6;CARAVAN;;2001...;;SISTEMA TEVES
35337;6;GRAND CARAVAN;;2001...;;SISTEMA TEVES
35338;6;GRAND VOYAGER;;2001...;;SISTEMA TEVES
35339;6;GRAND CARAVAN;;1999...;;SISTEMA K. HAYES
35344;42;DAKOTA;;1998...2000;;SISTEMA K. HAYES
35345;6;JORNEY;;2012...;3.6;
35346;10;FREEMONT;;2013...;2.0 / 2.4 / 3.6;
35347;45;CHEROKEE;;2003...;2.7 TD;
35348;45;CHEROKEE;;2003...;4.7 V8;
35349;45;GRAND CHEROKEE;;2001...2005;2.7 CRD;
35350;45;GRAND CHEROKEE;;2001...2005;4.7I V8;
35351;6;NEON;;1995...1998;;
35352;6;NEON;2.0 16V;1995...1998;;
35353;6;PT CRUISER;1.6;2002...2008;;
35354;6;PT CRUISER;2.0;2001...2004;;
35355;6;PT CRUISER;GT - 2.4I;2000...2011;;
35356;6;STRATUS;CONVERSÍVEL;2002...;;
35357;6;STRATUS;TDS;1995...1999;;
35358;6;NEON;SRT-4;2003...2005;;
35359;6;PT CRUISER;;2000...;1.6I;
35360;6;PT CRUISER;;2000...;2.0 I 16V;
35361;6;PT CRUISER;;2000...;2.2 - CRDI;
35362;6;PT CRUISER;;2001...;;
35363;6;PT CRUISER;GT;2000...;2.4I;
35364;6;PT CRUISER;GT;2006...;;
35365;6;PT CRUISER;TURBO;2003...2004;TURBO;
35366;6;DURANGO;;2000...2002;;
35367;42;DAKOTA;;2000...2002;;
35368;6;GRAND CHEROKEE;LIMITED;2005...2010;3.0 TB;
35369;6;GRAND CHEROKEE;LIMITED;2005...2010;4.7;
35370;6;GRAND CHEROKEE;LIMITED;2005...2010;5.7;
35371;19;LIVINA;;2010...;;SISTEMA IMPORTADO
35372;19;TIIDA;;2010...;;SISTEMA IMPORTADO
35373;19;SENTRA;;2008...;;SISTEMA -
35374;19;XTERRA;;2000...2003;;SISTEMA SUMITOMO
35375;19;FRONTIER;(D22);1998...;;SISTEMA AKEBONO
35376;19;FRONTIER;2.8 TDI (BRASIL);2002...;;SISTEMA AKEBONO
35377;19;PATHFINDER;3.0;1988...1990;;SISTEMA AKEBONO
35378;19;FRONTIER;2.5;2008...;;SISTEMA TOKICO
35379;19;NAVARA ;;2005...;;SISTEMA TOKICO
35380;19;PATHFINDER;;2005...;;SISTEMA TOKICO
35381;19;XTERRA;;2005...;;SISTEMA TOKICO
35385;19;KICKS;1.6 16V ;2016...;;SISTEMA -
35386;19;FRONTIER;LE CD 4X4;2017...;2.3;
35387;86;FX 35;;2003...2006;;SISTEMA AKEBONO
35388;86;FX 45;;2007...;;SISTEMA AKEBONO
35389;86;G35;;2003...2006;;SISTEMA AKEBONO
35390;19;350Z;;2005...2006;;SISTEMA AKEBONO
35391;19;ALTIMA;;2004...2007;;SISTEMA AKEBONO
35392;19;MAXIMA;;2004...2007;;SISTEMA AKEBONO
35393;19;MURANO;;2003...;;SISTEMA AKEBONO
35394;19;QUEST;;2004...;;SISTEMA AKEBONO
35395;19;SENTRA;;2015...;2.0;SISTEMA AKEBONO
35396;19;X-TRAIL;;2007...;2.0 - 16V / 2.5 - 16V;SISTEMA AKEBONO
35397;23;GRAND VITARA;;2007...;3.6I - 16V;SISTEMA AKEBONO
35398;23;GRAND VITARA;;2009...;1.6I - 16V;SISTEMA AKEBONO
35399;23;GRAND VITARA;;2009...;1.9 DDIS;SISTEMA AKEBONO
35400;23;GRAND VITARA;;2009...;2.0I - 16V;SISTEMA AKEBONO
35401;23;GRAND VITARA;;2009...;2.4I - 16V;SISTEMA AKEBONO
35402;23;GRAND VITARA;;2009...;2.7I - V6 24V;SISTEMA AKEBONO
35403;23;GRAND VITARA;;2009...;3.2I - V6 24V;SISTEMA AKEBONO
35404;86;G20;;2002...;;SISTEMA AKEBONO
35405;86;I30;;2000...2001;;SISTEMA AKEBONO
35406;86;I35;;2002...2004;;SISTEMA AKEBONO
35407;19;350Z;;2003...2005;;SISTEMA AKEBONO
35408;19;ALTIMA;;2001...;;SISTEMA AKEBONO
35409;19;MAXIMA;;2000...2003;3.0;SISTEMA AKEBONO
35410;19;SENTRA;;2000...2006;1.8 -16V;SISTEMA AKEBONO
35411;19;SENTRA;;2002...2005;2.5 16V;SISTEMA AKEBONO
35412;19;SENTRA;;2006...2007;2.5 16V;SISTEMA AKEBONO
35413;19;SENTRA;S / SL;2007...;2.0;SISTEMA AKEBONO
35414;23;SX4;;2006...;2.0 - 16V;SISTEMA AKEBONO
35415;19;FRONTIER;SEL;2008...;;
35416;19;XTERRA;;2005...;;
35417;19;200SX;;...;;
35418;19;240SX;;...;;
35419;19;FRONTIER;2WD;2003...2004;;
35420;19;FRONTIER;4WD;2003...2004;;
35421;19;TERRANO;D-22 4X4;2003...2004;;
35422;19;XTERRA;;2003...;2.8;
35423;19;FRONTIER;SE;1998...2004;2.8;
35424;33;SVX;4WD COUPE;1992...1997;3.3 V6 24V;
35425;86;Q 45;;1997...1998;;
35426;86;QX 4;;1997...2001;;
35427;19;PATHFINDER;WD21;011.2001...;3.5 V6;
35428;19;X-TRAIL;;2001...2004;;
35429;19;X-TRAIL;;2001...2007;2.0I / 2.2DCI / 2.5I;
35430;33;FORESTER;;2008...;2.0 16V;
35431;33;FORESTER;;2008...;2.5 16V;
35432;33;IMPREZA;;2008...;2.0 16V;
35433;33;XV;;2008...;2.0 16V;
35434;33;FORESTER;;2010...;2.5L DI TURBO;
35435;33;FORESTER;;2010...;H6 3.6L;
35436;33;LEGACY;;11.2003...;3.0I;
35437;33;OUTBACK;;03.2003...;3.0I;
35438;33;IMPREZA;;2008...;2.5 16V TURBO;
35439;33;IMPREZA WRX;;2008...;2.0 TURBO;
35440;33;IMPREZA WRX;;2008...;2.0I;
35441;33;FORESTER;;2002...2011;2.0 16V;
35442;33;FORESTER;;2002...2011;2.5 16V;
35443;33;IMPREZA;4WD;2008...;1.5I 16V;
35444;33;IMPREZA;4WD;2008...;2.0D 16V;
35445;33;IMPREZA WRX;IV;12.2001...2003;TURBO STI;
35446;33;LEGACY;;08.2003...;2.0I;
35447;33;LEGACY;IV;08.2003...;2.5I;
35448;33;OUTBACK;;11.2003...;2.5L;
35449;33;BAJA;;2003...2006;;
35450;33;FORESTER;;1997...2007;2.0 16V;
35451;33;IMPREZA;;09.1998...;2.0 TURBO;
35452;33;IMPREZA;;2000...2002;;
35453;33;IMPREZA WRX;;2003...;;
35454;13;IX35;;2010...;;SISTEMA IMPORTADO
35455;13;AZERA;;2007...;;SISTEMA -
35456;13;SANTA FÉ;;2006...;;SISTEMA -
35457;13;SANTA FÉ;TODOS OS MODELOS;2001...2006;;SISTEMA AKEBONO
35458;13;SONATA;TODOS OS MODELOS;1998...2001;;SISTEMA AKEBONO
35459;13;TUCSON;2.0 V6 / 2.7;2004...;;SISTEMA AKEBONO
35460;15;SPORTAGE;2.0 16V LX / 2.7 V6 24V EX;2004...;;SISTEMA AKEBONO
35461;13;I30;;2009...;;SISTEMA AKEBONO
35462;13;SANTA FÉ;;2007...;;SISTEMA -
35463;13;HR;2.5 TCI HD 4X2 8V;2005...;;SISTEMA IMPORTADO
35464;13;COUPE;1.6I 16V / 2.0I CWT / 2.7I V6;2002...;;SISTEMA AKEBONO
35465;13;SONATA;IV 2.0I GLS / 2.7I V6;2001...2004;;SISTEMA AKEBONO
35466;13;SONATA;V 2.4I / 3.3I;2005...;;SISTEMA AKEBONO
35467;13;TUCSON;2.0 CRDI / 2.0I CWT / 2.0 V6 / 2.7;2004...;;SISTEMA AKEBONO
35468;15;SPORTAGE;2.0 CRDI / 2.0I 16V / 2.0I 16V 4WD / 2.0 16V LX / 2.7 V6 24V EX;2004...;;SISTEMA AKEBONO
35469;13;H100;2.4 / 2.5;1993...;;SISTEMA GIRLING
35470;13;ELANTRA;1.6 / 1.8 / GL / GLS / GLSI;1991...1997;;SISTEMA AKEBONO
35471;13;ELANTRA;1.6 / 2.0;1997...2003;;SISTEMA AKEBONO
35472;19;SENTRA;;2006...;;SISTEMA AKEBONO
35473;13;ELANTRA;;2012...;1.8 - 16V;SISTEMA MANDO
35474;13;ELANTRA;;2013...;2.0 - 16V;SISTEMA MANDO
35475;13;I30;;2013...;1.6 - 16V;SISTEMA MANDO
35476;13;I30;;2014...;1.8 - 16V;SISTEMA MANDO
35477;13;SANTA FÉ;4X4;2013...;3.3 - V6;SISTEMA MANDO
35478;13;VELOSTER;;2012...;1.6 - 16V;SISTEMA MANDO
35479;15;CERATO;;2013...;1.6 - 16V;SISTEMA MANDO
35480;15;SORENTO;;2011...;;SISTEMA MANDO
35481;13;HB20;;2012...;1.0;SISTEMA -
35482;13;ACCENT;;2011...;;SISTEMA AKEBONO
35483;13;ELANTRA;1.8 16V;2012...;;SISTEMA AKEBONO
35484;13;HB20;1.6;2012...;;SISTEMA AKEBONO
35485;13;HB20;HB20 S;2012...;;SISTEMA AKEBONO
35486;13;VELOSTER;1.6 16V;2012...;;SISTEMA AKEBONO
35487;13;AZERA;;2012...;3.0 - V6 24V;SISTEMA MANDO
35488;15;OPTIMA;;2011...;;SISTEMA MANDO
35489;15;SOUL;;2009...;1.6 - 16V;SISTEMA MANDO
35490;46;KORANDO;;2010...;2.0;SISTEMA MANDO
35491;13;EQUUS;;2012...;4.6 - V8;SISTEMA MANDO
35492;13;SANTA FÉ;4X4;2010...;2.4 V6;SISTEMA MANDO
35493;13;SANTA FÉ;4X4;2010...;2.7 V6;SISTEMA MANDO
35494;13;SANTA FÉ;4X4;2010...;3.5 V6;SISTEMA MANDO
35495;13;SANTA FÉ;4X4;2013...;3.3 V6;SISTEMA MANDO
35496;15;MOHAVE;4X4;2010...;3.8 V6 24V;SISTEMA MANDO
35497;15;MOHAVE;EX;2010...;3.0 - V6 24V;SISTEMA MANDO
35498;15;MOHAVE;EX;2010...;4.6 - V8  32V;SISTEMA MANDO
35499;15;SORENTO;;2010...;;SISTEMA MANDO
35500;13;VERA CRUZ;;2007...;3.8 - V6;SISTEMA HYUNDAI
35501;13;IX35;;2010...;2.0 - 16V;SISTEMA MANDO
35502;39;T6;;2014...;2.0;SISTEMA MANDO
35503;15;CADENZA;EX;2011...;3.5 V6 24V;SISTEMA MANDO
35504;15;CARENS;;2007...;2.0;SISTEMA MANDO
35505;15;SPORTAGE;;2010...;2.0 - 16V;SISTEMA MANDO
35506;13;TUCSON;GL TURBO;2017...;1.6 - 16V;SISTEMA AKEBONO
35507;13;TUCSON;GLS TURBO;2017...;1.6  16V  2017> D;SISTEMA AKEBONO
35508;13;TUCSON;LIMITED TURBO;2018...;1.6  16V;SISTEMA AKEBONO
35509;15;SPORTAGE;EX /LX;2017...;2.0;SISTEMA AKEBONO
35510;13;ACCENT;;1994...;1.3;SISTEMA AKEBONO
35511;13;ACCENT;;1994...;1.5;SISTEMA AKEBONO
35512;13;ACCENT;L / LS / GLS;1993...;;SISTEMA AKEBONO
35513;13;EXCEL;;1995...;1.5;SISTEMA AKEBONO
35514;13;EXCEL;L / LS / GLS;1993...;;SISTEMA AKEBONO
35515;13;SCOUPE;;1991...1996;1.5;SISTEMA AKEBONO
35516;39;J3;;2011...;1.4 16V;SISTEMA AKEBONO
35517;39;J3;TURIM;2011...;1.4 16V;SISTEMA AKEBONO
35518;15;OPTIMA;;2011...;2.4 16V;
35519;13;CRETA;ATTITUDE  - CÂMBIO MANUAL;2017...;1.6 16V;
35520;13;CRETA;PRESTIGE  - CÂMBIO AUTOMÁTICO;2017...;2.0 16V;
35521;13;CRETA;PULSE  - CÂMBIO AUTOMÁTICO;2017...;1.6 16V;
35522;13;CRETA;PULSE  - CÂMBIO AUTOMÁTICO;2017...;2.0 16V;
35523;13;CRETA;PULSE  - CÂMBIO MANUAL;2017...;1.6 16V;
35524;15;CERATO;;2017...;2.0 EX;
35525;15;CERATO;;2017...;2.0 SX;
35528;13;ELANTRA;;1994...2006;;
35529;13;TIBURON;;1997...;;
35530;39;J5;;2011...;1.5 16V;
35531;39;J6;;2011...;1.6 16V;
35532;15;CERATO;CÂMBIO AUTOMÁTICO;2006...2008;1.6 16V;
35533;15;CERATO;CÂMBIO AUTOMÁTICO;2006...2008;2.0 16V;
35534;15;CERATO;CÂMBIO MANUAL;2006...2008;1.6 16V;
35535;15;SPECTRA;;2004...;;
35537;13;HB20;;2020...;1.6;
35538;13;VERA CRUZ;;2007...;3.8 V6;
35539;39;T8;;2015...;2.0 TURBO;
35540;15;CARNIVAL;;06.2006...;2.7 V6;
35541;15;CARNIVAL;;2006...;3.8;
35542;13;ELANTRA;;2001...2003;1.6 / 2.0;
35543;13;MATRIX;;2002...;1.6 / 1.8;
35544;13;MATRIX;CDRI;2002...;;
35545;15;CERATO;;2004...2012;1.6 16V;
35546;15;SOUL;;2010...;;SISTEMA AKEBONO
35547;15;SPORTAGE;2.0 / 2.0 TDI / 2.2;1994...1997;;SISTEMA K. HAYES
35548;3;HI TOPIC;2.2 / 2.7 DIESEL;1993...;;SISTEMA AKEBONO
35549;15;BESTA;2.2 STD. / FURGÃO / 2.7 EST.;1993...1998;;SISTEMA AKEBONO
35550;15;BONGO;K2400;1993...1997;;SISTEMA AKEBONO
35551;15;BONGO;K2700;1997...;;SISTEMA AKEBONO
35552;15;BESTA;FURGÃO;1997...1999;;SISTEMA AKEBONO
35553;15;BESTA;GS;1997...1999;;SISTEMA AKEBONO
35554;15;BONGO;;1997...1999;;SISTEMA AKEBONO
35555;15;SPORTAGE;1.9 / 2.0 / 2.2;1999...;;SISTEMA AKEBONO
35556;15;BESTA;GS 3.0;1999...;;SISTEMA AKEBONO
35557;15;BONGO;FURGÃO;1999...;;SISTEMA AKEBONO
35558;15;CARNIVAL;2.5 V6 /  2.9 TD;2000...;;SISTEMA AKEBONO
35559;15;BESTA;GS;2004...;;SISTEMA AKEBONO
35560;15;SORENTO;2.4 / 2.5 / 3.5 V6;2003...2009;;SISTEMA AKEBONO
35561;15;SORENTO;2.4 / 2.5 / 3.5 V6;2003...2004;;SISTEMA AKEBONO
35562;15;SORENTO;2.4 / 2.5 / 3.5 V6;2004...2009;;SISTEMA AKEBONO
35563;45;CHEROKEE;;1992...1996;;SISTEMA K. HAYES
35564;45;CHEROKEE;;1994...1996;;SISTEMA K. HAYES
35565;45;CHEROKEE;4X4;1990...1993;;SISTEMA K. HAYES
35566;45;GRAND CHEROKEE;LAREDO;1992...1996;;SISTEMA K. HAYES
35567;45;WRANGLER;SPORT 4.0;1990...1995;;SISTEMA K. HAYES
35568;15;CARNIVAL;2.5 V6;1999...2001;;SISTEMA K. HAYES
35569;15;CARNIVAL;2.9 TD;1999...2001;;SISTEMA K. HAYES
35570;25;T4;TDI;2000...2001;;SISTEMA K. HAYES
35571;15;PICANTO;;2012...;1.0 ;SISTEMA MANDO
35572;15;PICANTO;;04.2004...;1.0 / 1.1;SISTEMA MANDO
35573;15;CERATO;AUTOMÁTICO;2006...2008;2.0 - 16V;
35574;15;CERATO;CÂMBIO AUTOMÁTICO / MANUAL;2006...2008;1.6 16V;
35575;15;JINBEI TOPIC;;2008...;2.0;5 FUROS
35576;15;JINBEI TOPIC;;2008...;2.2;5 FUROS
35577;15;CARENS;;05.2002...;1.6 / 1.8;
35578;15;CARENS;CDRI;05.2002...;2.0;
35579;15;CLARUS;SEDAN / SW;03.1999...;1.8 / 2.0;
35580;15;SHUMA;;04.2003...;1.8 16V;
35581;26;GOL;;2008...;1.0 / 1.6;
35582;22;IBIZA;;2006...2008;1.4 16V;
35583;26;CROSS POLO;;2006...;1.4 16V;
35584;26;POLO;;2007...;1.2;
35585;26;POLO;FSI;2003...2005;1.4;
35586;23;GRAND VITARA;1.6I / 2.0 TD / 2.0I / 2.5I V6;1998...;;SISTEMA AKEBONO
35587;23;GRAND VITARA;2.7 XL 7;2003...;;SISTEMA AKEBONO
35588;23;SIDEKICK;1.6 / 1.6 16V;1993...;;SISTEMA AKEBONO
35589;23;VITARA;1.6 / 2.0 / 2.0 TD;1990...;;SISTEMA AKEBONO
35590;23;GRAND VITARA;;2006...;1.6;
35591;23;GRAND VITARA;;2006...;1.9;
35592;23;GRAND VITARA;;2006...;2.0;
35593;23;VITARA;;2006...;;
35594;23;VITARA;;02.2015...;1.6;
35595;23;VITARA;;09.2015...;1.4;
35596;23;SWIFT;;01.2012...;1.6;
35597;23;SWIFT;;02.2011...;1.4;
35598;16;RANGE ROVER;III 3.0 TD / 4.4I;2002...2005;;SISTEMA TEVES
35599;16;DISCOVERY;III 2.7I TDV6/ 4.4I V8;2003...;;SISTEMA LUCAS
35600;16;RANGE ROVER;IV 4.2I/ 4.4I/ 3.0 TD6;2005...;;SISTEMA LUCAS
35601;16;RANGE ROVER;SPORT 2.7 TDVM/ 4.2I / 4.4I;2005...;;SISTEMA LUCAS
35602;16;FREELANDER;(LN) 1.8I 16V / 2.0 TD4 / 2.5I V6;1998...;;SISTEMA AP LOCKHEED
35603;16;DEFENDER 110;3.5 16V;1993...;;SISTEMA AP LOCKHEED
35604;16;DEFENDER 90;2.5 TDI / 110 2.5 TDI DISCO SÓLIDO;1995...;;SISTEMA AP LOCKHEED
35605;104;E-PACE;AWD;2018...;2.0;
35606;104;E-PACE;FIRST EDITION -  AWD;2018...;2.0;
35607;104;E-PACE;R-DYNAMIC S - AWD;2018...;2.0;
35608;104;E-PACE;R-DYNAMIC SE - AWD;2018...;2.0;
35609;104;F-PACE;;2017...;2.0;
35610;104;F-PACE;;2017...;3.0;
35611;104;XE;;2016...;2.0;
35612;104;XE;;2016...;3.0;
35613;104;XF;;05.2015...;2.0;
35614;16;DISCOVERY;SPORT;2015...;2.0;
35615;16;DISCOVERY;SPORT;2015...;2.2;
35616;16;RANGE ROVER;EVOQUE;12.2018...;2.0;
35617;16;RANGE ROVER;VELAR;03.2017...;2.0;
35618;32;S60;;2019...2020;;
35619;32;S90;;2017...2020;;
35620;32;V60;;2019...2020;;
35621;32;V90;;2017...2020;;
35622;32;XC60;;2018...2020;;
35623;32;XC90;;2016...2020;;
35624;16;RANGE ROVER;(L551);12.2018...;;
35625;16;RANGE ROVER;EVOQUE (L538);06.2011...;;
35626;16;DISCOVERY;III TD / III TD;10.2004...;2.7 V6 / 4.4 V8;
35627;16;DISCOVERY;IV;2010...;5.0;
35628;16;DISCOVERY;IV TD;2010...;V6 2.7 / V6 3.0;
35629;16;RANGE ROVER;III;02.2005...;4.2 /4.4;
35630;16;RANGE ROVER;SPORT;02.2005...;2.7/ 4.2/ 4.4;
35631;16;RANGE ROVER;SPORT;2006...2006;3.0 D;
35632;16;DISCOVERY;IV  - CÂMBIO TRANSMISSÃO AUTOMÁTICA;2010...;2.7;
35633;16;DISCOVERY;IV  - CÂMBIO TRANSMISSÃO AUTOMÁTICA;2010...;3.0;
35634;16;DISCOVERY;IV  - CÂMBIO TRANSMISSÃO AUTOMÁTICA;2010...;4.0;
35635;16;DISCOVERY;IV  - CÂMBIO TRANSMISSÃO AUTOMÁTICA;2010...;5.0;
35636;16;DISCOVERY;NEW  - CÂMBIO TRANSMISSÃO AUTOMÁTICA;2010...;2.7;
35637;16;RANGE ROVER;SPORT  - CÂMBIO TRANSMISSÃO AUTOMÁTICA;2006...03.2013;3.0;
35638;16;RANGE ROVER;III SC;09.2009...08.2012;5.0 V8;4X4
35639;16;RANGE ROVER;III VOGUE;07.2010...08.2012;4.4 8V;4X4
35640;16;RANGE ROVER;IV SVR SUPERCHARGED;06.2015...;5.0 V8;4X4
35641;16;RANGE ROVER;IV VOGUE;08.2012...;4.4;4X4
35642;16;RANGE ROVER;SPORT HSE;10.2013...;4.4 8V;4X4
35643;16;RANGE ROVER;SPORT SVR SUPERCHARGED;09.2014...;5.0 8V;4X4
35644;16;RANGE ROVER;III VOGUE;07.2010...08.2012;4.4 V8;4X4
35645;16;RANGE ROVER;IV VOGUE;08.2013...;4.4 V8;4X4
35646;16;RANGE ROVER;SPORT HSE;10.2013...;4.4 V8;4X4
35647;16;RANGE ROVER;SPORT SUPERCHARGED SVR;09.2014...;5.0;
35648;16;RANGE ROVER;IV;2009...;3.6 TDV8;
35649;16;RANGE ROVER;IV;2009...;5.0I V8 32V;
35650;16;RANGE ROVER;IV;2010...;4.4 TDV8;
35651;16;RANGE ROVER;IV SUPERCHARGED;2009...;5.0I V8 32V;
35652;16;RANGE ROVER;SPORT SUPERCHARGED;2009...;5.0I V8 32V;
35653;3;BESTA;;1999...;;SISTEMA K. HAYES
35654;3;BONGO;;1999...;;SISTEMA K. HAYES
35655;3;TOPIC;VAN STD / FULL;1993...;;SISTEMA K. HAYES
35656;3;TOWNER;;2009...;1.0 48 CV;
35657;87;CARGO;;2006...;;
35658;87;FAMILY;;2006...;;
35659;87;UTILITY;;2006...;;
35660;43;FACE;;2010...;1.3 - 16V;
35661;43;S-18;;2012...;1.3 - 16V;
35662;88;MINI BUS;;2012...;1.0;
35663;89;M-100;;2007...;1.0 -8V;
35664;84;FOISON;;2014...;1.3 16V;
35665;90;LINK;PICK-UP;2011...;1.3 - 16V;
35666;90;Q22;VAN;2011...;1.0;
35667;90;Q22B;PICK-UP;2011...;1.0;
35668;90;Q22D;CS PICK-UP;2011...;1.0;
35669;90;Q22E;CD PICK-UP;2011...;1.0;
35670;3;TOWNER;TODOS;1993...;;
35671;18;L200;TRITON;2007...;;SISTEMA IMPORTADO
35672;18;PAJERO;FULL;2007...;;SISTEMA AKEBONO
35673;18;AIRTREK;;2006...;;SISTEMA SUMITOMO
35674;18;SPACE RUNNER;2.0 / 2.4 GDI;2000...;;SISTEMA SUMITOMO
35675;18;PAJERO;1.8;2001...;;SISTEMA AKEBONO
35676;18;PAJERO;TR4;2002...;;SISTEMA AKEBONO
35677;18;L200;2.5 D HPE;2002...;;SISTEMA AKEBONO
35678;18;L200;2.5 D SPORT;2002...;;SISTEMA AKEBONO
35679;18;PAJERO;SPORT;2004...;;SISTEMA AKEBONO
35680;18;PAJERO;SPORT;1998...;;SISTEMA SUMITOMO
35681;18;PAJERO;2.3 / 2.4 / 2.5 / 2.8 / 3.0 / 3.5;1999...;;SISTEMA AKEBONO
35682;18;PAJERO;SPORT 2.5 / 3.0;1998...;;SISTEMA AKEBONO
35683;18;PAJERO;3.2 DI / D;2001...;;SISTEMA AKEBONO
35684;18;PAJERO;3.5 V6 GDI;2000...;;SISTEMA AKEBONO
35685;18;PAJERO;FULL;2001...;;SISTEMA AKEBONO
35686;18;L200;2.5D;1999...2002;;SISTEMA SUMITOMO
35687;18;L300;2.0 / 2.4 / 2.5;1987...1999;;SISTEMA SUMITOMO
35688;18;L400;2.4 / 2.5 TDI;1996...1998;;SISTEMA SUMITOMO
35689;18;ECLIPSE;2.0 4X4 FWD;1990...1995;;SISTEMA AKEBONO
35690;18;L200;2.5 D (EXCETO HPE E SPORT);2002...;;SISTEMA AKEBONO
35691;18;PAJERO;;1991...2000;;SISTEMA AKEBONO
35692;18;PAJERO;SPORT 3.0 V6;1998...;;SISTEMA AKEBONO
35693;18;PAJERO;2.4 / 2.5 TD;1991...2000;;SISTEMA AKEBONO
35694;18;PAJERO;2.8 TD;1994...2000;;SISTEMA AKEBONO
35695;18;PAJERO;3.0 V6;1990...2000;;SISTEMA AKEBONO
35696;18;PAJERO;3.5I V6;1994...2000;;SISTEMA AKEBONO
35697;18;ASX;;2013...;;SISTEMA AKEBONO
35698;18;OUTLANDER;;2014...;;SISTEMA AKEBONO
35699;45;COMPASS;;2011...;2.0 - 16V;SISTEMA AKEBONO
35700;18;AIRTREK;;2003...2008;;SISTEMA AKEBONO
35701;18;LANCER;;2008...;2.0 - 16V;SISTEMA AKEBONO
35702;18;LANCER;;2008...;2.0 16V;
35703;18;ECLIPSE;;...;1.5 16V;
35704;18;ECLIPSE CROSS;;2018...;1.5 16V;
35705;18;OUTLANDER;;2018...;2.2;
35706;18;OUTLANDER;CONFORT;2018...;2.0;
35707;18;OUTLANDER;GT;2018...;3.0;
35708;18;ECLIPSE;;2001...2005;2.4 16V;
35709;18;GALANT;;2001...;2.5 VR V6 24V;
35710;18;GALANT;(E50);1993...1996;1.8 GLSI;
35711;18;GALANT;(E50);1993...1996;2.0 GLSI;
35712;18;GALANT;(E50);1993...1996;2.0 GLSI 4WD;
35713;18;GALANT;(E50);1993...1996;2.0 V6 24V;
35714;18;GALANT;(E52);1993...1996;1.8;
35715;18;GALANT;(EA2A);1997...2001;2.0 GLS-GLX;
35716;18;PAJERO;;2000...;;
35717;18;PAJERO;TR4 4X4;2003...;2.0 16V;
35718;34;MT 12.0;ISBE;09.2013...;;
35719;34;MT 15.0;LE / TCE;09.2013...;;
35720;34;MT 17.0;LE;09.2013...;;
35721;14;EUROCARGO;175 E24 / E27;1998...;;
35722;14;EUROCARGO;176 E30 / E34;1998...;;
35723;14;EUROCARGO;179 E24 / E27 / E30;1998...;;
35724;14;EUROTECH;MT 180 E24 / E27 / E30 / E34 (4X2);1992...1996;;
35725;14;EUROTECH;MT 190 E24 / E27 / E30 (4X2);1997...1998;;
35726;14;ZETA 79-13;;11.1979...1983;;
35727;17;1113;;01.1983...;;
35728;17;1117;;01.1983...;;
35729;17;1313;;01.1983...;;
35730;17;1314;;01.1983...;;
35731;17;1316;;01.1970...;;
35732;17;1317;;01.1983...;;
35733;17;1413;;01.1983...;;
35734;17;1417;;01.1983...;;
35735;17;1518;;01.1970...;;
35736;17;1519;;01.1970...;;
35737;17;1617;;01.1983...;;
35738;17;1621;;01.1983...;;
35739;17;1726;E;2008...;;
35740;17;1828;ECONIC;10.2004...;;
35741;17;1829;ECONIC;10.2007...;;
35742;17;1938;LS - ELETRONIC;1998...;;
35743;17;1938;S - ELETRONIC;1999...;;
35744;17;1944;S;2003...;;
35745;17;2624;ECONIC;03.1998...;;
35746;17;2628;ECONIC;10.2000...;;
35747;17;2633;ECONIC;10.2001...;;
35748;17;ACTROS;;1996...09.2010;;
35749;17;AXOR 1933;;2005...;;
35750;17;AXOR 2540;6X2;2005...;;
35751;17;INTOURO;E;01.2005...;;
35752;17;INTOURO;M;01.2005...;;
35753;17;INTOURO;ME;01.2005...;;
35754;17;O-340;;01.1991...06.1995;;
35755;17;O-340;TOURISMO;08.1992...08.1995;;
35756;17;O-345;CONECTO 12M / 18M;11.2001...;;
35757;17;O-403;;01.2003...;;
35758;17;O-403;RHD / SHD;01.2003...;;
35759;17;O-500;TOURO;01.2001...;;
35760;17;O-500;TOURO GL;01.2001...;;
35761;17;O-500;TOURO GLE;01.2001...;;
35762;17;O-500;TOURO M;01.2001...;;
35763;17;O-500;TOURO R;01.2001...;;
35764;17;O-500;TOURO RSD;01.2001...;;
35765;17;O-500;TOURO U;01.2001...;;
35766;17;O-500;U;2006...;;
35767;17;O-500;U - ARTICULADO;2006...;;
35768;17;O-520;CITO;06.1999...;;
35769;17;O-530;CAPACITY GL;04.2007...;;
35770;17;O-530;CITARO BZ;01.2002...;;
35771;17;O-530;CITARO G;01.1998...;;
35772;17;O-530;CITARO GN3;01.1998...;;
35773;17;O-530;CITARO GNG;04.2000...;;
35774;17;O-530;CITARO LÜ;01.1998...;;
35775;17;O-530;CITARO MEU;01.1998...;;
35776;17;O-530;CITARO N;01.1998...;;
35777;17;O-530;CITARO NG;04.2000...;;
35778;17;O-530;CITARO Ü;05.2012...;;
35779;17;O-550;INTEGRO L, M;01.2006...;;
35780;17;SETRA TOP CLASS 417;;2006...2007;;
35781;119;CENTROLINER N 4411;;10.1998...;;
35782;119;CENTROLINER N 4416;;10.1998...2001;;
35783;119;CENTROLINER N 4420;;01.1999...;;
35784;119;CENTROLINER N 4421;;01.1999...;;
35785;119;CENTROLINER N 4516;;10.1998...;;
35786;119;CENTROLINER N 4522;;05.2006...;;
35787;119;CENTROLINER N 4522;;10.1998...;;
35788;119;CITYLINER N 116;;09.1990...09.1993;;
35789;119;CITYLINER N 116/3;HC;09.2004...;;
35790;119;CITYLINER N 1216;HD;09.2006...;;
35791;119;CITYLINER N 1216;HDC;09.2006...;;
35792;119;EUROLINER N 3318/3;Ü;07.1997...04.2002;;
35793;119;JETLINER N 208;;09.1990...;;
35794;119;JETLINER N 213;;09.1990...09.1992;;
35795;119;JETLINER N 214;;09.1990...;;
35796;119;JETLINER N 216;;09.1990...;;
35797;119;MEGALINER N 128/4;;01.1993...;;
35798;119;MEGASHUTTLE N 4032/4;;01.1994...;;
35799;119;SKYLINER N 122;;09.1990...09.1992;;
35800;119;SKYLINER N 122/3;;09.1990...09.1993;;
35801;119;SPACELINER N 117;;09.1990...09.1993;;
35802;119;SPORTLINER N 208;;01.1990...;;
35803;38;K-124;EB 4X2, 6X2, 8X2;2000...;;
35804;38;K-124;EB 6X2 / 8X2;2000...;;
35805;38;K-230;4X2;2008...;;
35806;38;K-270;4X2;2008...;;
35807;38;K-340;4X2;2008...;;
35808;38;K-380;4X2, 6X2;2008...;;
35809;38;K-420;4X2, 6X2;2008...;;
35810;38;L-94;IB/UB;2000...;;
35811;38;P-340;;2007...;;
35812;38;K-124;EB 6X2;2000...;;
35813;38;K-124;EB 8X2;2000...;;
35814;25;T4;(PISTÃO DE AÇO);2010...;;SISTEMA TEVES
35815;25;T4;TDI;2003...;;SISTEMA VARGA/TRW
35816;25;T4;TDI;1998...2010;;SISTEMA TEVES
35817;46;ACTYON;2.0 XDI / 4WD / 2.3 4WD;2006...;;SISTEMA MANDO
35818;46;KYRON;2.0 XDI / 4WD 2.7 XDI / 4WD;2002...;;SISTEMA MANDO
35819;46;REXTON;2.7 XDI;2004...;;SISTEMA MANDO
35820;46;REXTON;2.9 TD;2004...2005;;SISTEMA MANDO
35821;46;REXTON;3.2 24V;2004...;;SISTEMA MANDO
35822;46;KORANDO;2.0I 16V / 2.3I 16V / 2.9 D-TD / 3.2I 24V;2001...;;SISTEMA MANDO
35823;46;MUSSO;2.3I 16V / 2.9 D-TD / 3.2I 24V;2002...;;SISTEMA MANDO
35824;46;REXTON;2.9 TD;2002...2005;;SISTEMA MANDO
35825;46;REXTON;3.2 24V;2002...;;SISTEMA MANDO
35826;43;TIGGO;;2009...;;SISTEMA IMPORTADO
35828;43;CELER;;2013...;1.5 16V;
35829;43;CIELO;;2010...;1.6 - 16V;
35830;43;TIGGO;;2010...;2.0 - 16V;
35833;84;X60;;2013...;1.8 16V;
35838;43;TIGGO 2;ACT - 1.5 16V;2018...;;
35839;43;TIGGO 2;LOOK - 1.5 16V;2018...;;
35842;45;CHEROKEE;3.1 TD / 4.0 / 4.7 V8;1999...;;SISTEMA K. HAYES
35846;45;CHEROKEE;4X4;2013...;3.2 V6;
35847;45;GRAND CHEROKEE;;1999...2001;4.7 V8 / 3.1TD / 4.0;
35848;45;GRAND CHEROKEE;LAREDO;1999...2002;4.0;
35849;4;A4;AVANT TFSI;08.2015...;2.1;SISTEMA TEVES
35850;4;A4;TFSI / QUATTRO TFSI;05.2015...;2.0;SISTEMA TEVES
35851;4;A5;SPORTSBACK TSFI / SPORTSBACK TSFI;09.2016...;2.0;SISTEMA TEVES
35853;20;307;;2004...;2.0 - 16V;SISTEMA TEVES
35854;4;A4;;...;;
35855;4;A4;QUATTRO;...;;
35856;4;A6;;...;;
35857;4;A4;1.4 - TFSI;08.2015...;;
35858;4;A4;2.0 - TSFI;05.2015...;;
35859;4;A4;AVANT - 1.4;08.2015...;;
35860;4;A4;AVANT - 2.0 - TFSI;08.2015...;;
35861;4;A4;QUATTRO - 2.0 - TFSI;05.2015...;;
35862;4;A5 SPORTBACK;2.0 - TFSI;01.2017...;;
35863;4;A5 SPORTBACK;QUATTRO - 2.0 - TFSI;09.2016...;;
35864;4;Q7;QUATTRO - 3.0 - TFSI;01.2015...;;
35865;4;A4;2.0 16V - TFSI;2008...;;
35866;4;A5;2.0 16V - TFSI;2008...;;
35867;4;Q7;;2006...;3.0;
35868;4;Q7;;2006...;3.6;
35869;4;Q7;;2006...;4.2 V8;
35870;99;CAYENNE;;09.2002...2009;3.2 V6;
35871;99;CAYENNE;;2002...2007;4.5 V8;
35876;99;CAYENNE;;09.2002...;;
35882;4;A3;;1996...1998;1.6;
35883;4;A3;;1996...1998;1.8;
35885;26;GOL;G6;2008...;1.6;
35886;26;GOLF;GL;1995...;1.8;
35887;26;GOLF;GLX;1994...1998;2.0;
35888;26;GOLF;GTI;1994...1998;2.0;
35889;26;PASSAT;;1988...1996;2.0;
35890;26;POLO;;2002...;1.0 16V;
35891;26;POLO CLASSIC;;1996...;;
35892;26;SAVEIRO;SURF;2009...;1.6 - MI;
35893;26;SAVEIRO;SURF;2009...;1.8 - MI;
35894;26;SAVEIRO;TITAN;2008...;1.6 - MI;
35895;26;SAVEIRO;TROOPER;2009...;1.6 MI 8V;
35896;26;VARIANT;;1988...1996;2.0;
35897;26;VOYAGE;;2009...;1.6;
35898;26;VOYAGE;CONFORTLINE;2008...;1.6;
35899;26;VOYAGE;TREND;2008...;1.6;
35900;4;A3;SPORTBACK;2012...;1.4 16V TFSI;
35901;4;A3;SPORTBACK;2012...;1.8 16V TFSI;
35902;26;GOLF;;2014...;1.4;
35903;26;GOLF;;2014...;2.0;
35904;26;TAOS;COMFORTLINE, HIGHLINE, LAUNCHING;2021...;1.4 250 TSI;
35905;4;A4;;2004...2007;1.6;
35906;4;A4;;2005...2008;2.0 TDI 16V;
35907;22;EXEO;"16""";2009...;1.6;
35908;22;EXEO;CR 16/17'';2009...;2.0 - TDI;
35909;26;PASSAT;;1999...2000;1.8;
35910;26;PASSAT;;1999...2000;1.9 - TDI;
35911;26;PASSAT VARIANT;;1999...2000;1.8;
35912;4;A4;AVANT;12.2000...10.2004;;
35913;4;A4;BERLINA;12.2000...10.2004;;
35914;4;A6;BERLINA / AVANT - 2.0 TDI;05.2004...;;
35915;32;XC90;;10.2002...;;
35916;4;A6;QUATTRO - 2.4I;2001...;;
35917;4;A6;QUATTRO - 2.7T;2001...;;
35918;4;A6;QUATTRO - 3.0I;2001...;;
35919;4;A4;;10.1995...;1.8 20V;
35920;26;CADDY;;1995...;;S/ MOLA
35921;26;GOLF;;1993...;1.8 / 2.0;
35922;26;PASSAT;;1991...1993;2.8 VR6;
35923;26;PASSAT;;1996...;1.8;
35924;26;PASSAT;VARIANT;1990...1997;1.8;S/ MOLA
35925;26;PASSAT;VARIANT;1996...;;S/ MOLA
35926;26;PASSAT;;1991...1993;2.8 VR6;S/ MOLA
35927;26;PASSAT;;1996...;1.8;S/ MOLA
35928;26;PASSAT VARIANT;;1990...1997;1.8;S/ MOLA
35929;26;PASSAT VARIANT;;1996...;1.6;S/ MOLA
35930;4;A8;T;01.2000...12.2002;2.7;
35931;4;A8;TDI;01.2000...12.2002;2.5;
35934;10;MAREA;;1998...;2.0 20V TURBO;
35935;10;MAREA;;2000...;2.4 20V;
35936;10;MAREA;(ELX, HLX, SX);1998...;2.0 20V;
35937;10;MAREA WEEKEND;;2000...;2.4 20V;
35938;10;MAREA WEEKEND;(ELX, HLX, SX);1998...;2.0 20V;
35940;7;C4 PALLAS;EXCLUSIVE;2005...;2.0 -16 V;SISTEMA BOSCH
35941;20;307;;2004...;2.0 - 16V;SISTEMA BOSCH
35942;7;C10;VTR;2008...;2.0 - 16V;SISTEMA GIRLING
35943;7;C4;;2005...;;SISTEMA GIRLING
35944;7;C5;PALLAS;2005...;2.0 -16V;SISTEMA GIRLING
35945;7;C6;PALLAS EXCLUSIVE;2008...;2.0 -16V;SISTEMA GIRLING
35946;7;C7;PALLAS EXCLUSIVE PACK;2008...;2.0 -16V;SISTEMA GIRLING
35947;7;C8;PALLAS GLX;2008...;2.0 -16V;SISTEMA GIRLING
35948;7;C9;VTR;2005...;;SISTEMA GIRLING
35949;20;2008;;2015...;1.6;SISTEMA GIRLING
35950;20;307;;2002...;1.6 / 1.6 V /2.0;SISTEMA GIRLING
35955;20;308;;09.2007...;1.6I - 16V;SISTEMA BOSCH
35956;20;308;;09.2007...;2.0 - 16V;SISTEMA BOSCH
35957;20;308;;09.2007...;2.0I - 16V;SISTEMA BOSCH
35958;20;408;;2011...;2.0- 16V;SISTEMA BOSCH
35959;7;C2;;2002...;1.1;SISTEMA LUCAS/GIRLING
35960;7;C2;;2002...;1.4;SISTEMA LUCAS/GIRLING
35961;7;C2;;2003...;1.1;SISTEMA LUCAS/GIRLING
35962;7;C2;;2003...;1.4;SISTEMA LUCAS/GIRLING
35963;7;C4 GRAND PICASSO;CÂMBIO AUTOMÁTICO;2008...;2.0 16V;
35964;7;C4 LOUNGE;EXCLUSIVE;2013...;1.6 TURBO;
35965;7;C4 LOUNGE;TENDANCE;2013...;1.6 TURBO;
35966;7;C4 PICASSO;CÂMBIO AUTOMÁTICO;2009...;2.0 16V;
35967;7;DS4;;2013...;1.6 TURBO 16V;
35968;7;DS5;;2013...;1.6 TURBO 16V;
35971;20;408;;2011...;2.0 16V;
35972;7;JUMPY;;2007...;1.6 HDI;
35973;7;JUMPY;;2007...;2.0 HDI;
35974;7;JUMPY;;2007...;2.0 I;
35975;10;SCUDO;;2007...;1.6 D MULTIJET;
35976;10;SCUDO;;2007...;2.0 D MULTIJET;
35977;20;EXPERT;;2007...;1.6 D MULTIJET;
35978;20;EXPERT;;2007...;2.0 16V;
35979;20;EXPERT;;2007...;2.0 D MULTIJET;
35987;7;C4;;2006...2010;2.0 16V;
35988;16;FREELANDER;I6;2006...;3.2;
35989;16;FREELANDER;TD4;2006...;2.2;
35990;20;3008;;2009...;1.6 16V - THP;
35991;20;3008;;2009...;2.0 16V;
35992;20;307 CC;;10.2003...;2.0;
35993;20;308 CC;;04.2009...;2.0 - HDI;
35994;20;308 CC;;06.2009...;1.6 - HDI;
35995;20;308 CC;;06.2009...;1.6 16V;
35996;20;RCZ;;03.2010...;1.6 16V;
35997;20;RCZ;;03.2010...;2.0 - HDI;
35998;7;C5;;03.2001...2008;2.2 HDI;
35999;7;C5;;03.2001...2008;2.2 HDI BREAK;
36000;7;C5;;03.2001...2008;3.0 V6;
36001;7;C5;;03.2001...2008;3.0 V6 BREAK;
36002;7;C5;;2001...2008;2.2 HDI;
36003;7;C5;BERLINA;2000...2008;1.8 16V;
36004;7;C5;BERLINA;2000...2008;2.0 - HDI;
36005;7;C5;BREAK;2000...2008;1.8 16V;
36006;7;C5;BREAK;2000...2008;2.0 - HDI;
36007;39;J2;;2012...;1.4- 16V;
36008;39;J5;1.5 16V;2011...;;
36009;39;J6;;2011...;2.0 16V;
36010;39;J6;2.0 16V;2011...;;
36011;39;T40;;2018...;1.5 JET FLEX 16V;
36012;39;T40;;2019...;1.6 16V;
36013;39;T5;;2016...;1.5 JET FLEX 16V;
36014;39;T8;;...;2.0 TURBO 16V;
36015;89;ULC;FURGÃO / PICAPE / VAN;2007...;1.0 8V;SISTEMA IMPORTADO
36016;91;TOWNER;JR. PICKUP / JR. PICK UP BAÚ;2009...;1.0 8V;SISTEMA IMPORTADO
36017;78;COOPER;CÂMBIO AUTOMÁTICO;2009...;1.6;
36018;78;COOPER;CÂMBIO MECÂNICO;2009...;1.6;
36019;78;COOPER;S  - CÂMBIO AUTOMÁTICO;2009...;1.6;
36020;78;COOPER;S CLUBMAN  - CÂMBIO AUTOMÁTICO;2009...;1.6;
36021;115;FORTWO;COUPÊ;...;;
36023;26;GOL;;1997...2013;;
36024;26;PARATI;;1997...2012;;
36025;26;SAVEIRO;;1997...2009;;
36026;26;FUSCA;;1970...1996;1500 / 1600;
36027;26;FUSCA;;1982...1996;1300;
36028;26;KARMANN GHIA;;1970...1975;;
36029;26;SP1;;1972...1976;;
36030;26;TL;;1970...1976;;
36031;26;VARIANT;;1969...1977;;
36032;26;SP2;;1972...1976;;
36036;26;SPACEFOX;DIREÇÃO HIDRÁULICA;2006...;;
36037;26;GOL;G1;1993...1994;;
36038;26;PARATI;G1;1993...1994;;
36039;26;SAVEIRO;G1 / G2;1993...1997;;
36040;26;VOYAGE;;1993...1995;;
36055;26;GOL;G2;1995...1997;;
36056;26;PARATI;G2;1995...1997;;
36057;26;GOL;G2 / G3 / G4;1997...2013;;
36058;26;PARATI;G2 / G3 / G4;1997...2012;;
36059;26;SAVEIRO;G2 / G3 / G4;1997...2009;;
36060;26;PARATI;;1983...1992;;
36061;26;VOYAGE;;1981...1992;;
36062;26;QUANTUM;;1988...2003;;
36063;26;SANTANA;;1981...1984;;
36064;26;SANTANA;;1988...2006;;
36065;22;CORDOBA;;1993...2002;;
36066;22;CORDOBA;VARIO;1999...2002;;
36067;22;IBIZA;;1999...2002;;
36068;22;INCA;;1995...2003;;
36069;26;GOLF;(EXCETO 2.0 GTI / 2.8 / 2.9 VR6);1991...1999;;
36070;26;PASSAT;(EXCETO 1.9 TDI / 2.0 16V / 2.8 VR6);1988...1997;;
36071;26;PASSAT VARIANT;(EXCETO 1.9 TDI / 2.0 16V / 2.8 VR6);1991...1997;;
36072;26;POLO CLASSIC;;1996...2002;;
36073;26;VAN;;1998...2002;;
36074;4;A3;SPORTBACK;2006...2012;;
36075;4;A3;TODOS OS MODELOS;2006...;;
36076;26;BORA;TODOS OS MODELOS;2005...;;
36077;26;EOS;TODOS OS MODELOS;2008...;;
36078;26;GOLF;TODOS OS MODELOS;2008...;;
36079;26;GOLF VARIANT;TODOS OS MODELOS;2014...;;
36080;26;JETTA;TODOS OS MODELOS;2006...2010;;
36081;26;NEW BEETLE;TODOS OS MODELOS;2013...;;
36082;26;NIVUS;TODOS OS MODELOS;2020...;;
36083;26;POLO;NOVO MODELO;2018...;;
36084;26;T-CROSS;TODOS OS MODELOS;2019...;;
36085;26;TIGUAN;TODOS OS MODELOS;2007...;;
36086;26;VIRTUS;TODOS OS MODELOS;2018...;;
36087;26;CROSSFOX;;2005...;;SISTEMA HIDRÁULICO
36088;17;SPRINTER;;1997...2011;;
36089;17;CLASSE A;;1999...2003;;
36090;10;147;(INCLUSIVE PICK-UP);1976...1988;;
36091;10;ELBA;;1987...1999;;
36092;10;FIORINO;;1977...2013;;
36093;10;OGGI;;1977...1988;;
36094;10;PANORAMA;;1977...1988;;
36095;10;PREMIO;;1985...1996;;
36096;10;UNO;;1984...2013;;
36097;10;PALIO WEEKEND;;2001...;;
36098;10;SIENA;;2000...2012;;
36099;10;STRADA;;2000...;;
36100;10;PALIO;;1996...1999;;
36101;10;PALIO WEEKEND;;1997...1999;;
36102;10;SIENA;;1998...1999;;
36103;10;PALIO;;1999...2000;;
36104;10;PALIO;YOUNG;2001...2002;;
36105;10;PALIO WEEKEND;;1999...2000;;
36106;10;SIENA;;1999...2000;;
36107;10;BRAVO;;2011...;;
36108;10;STILO;;2001...2010;;
36109;10;PUNTO;;2007...;;
36110;10;PALIO WEEKEND;ADVENTURE - LOCKER;2009...;1.8;
36111;10;STRADA;ADVENTURE - CABINE DUPLA;2009...;1.8;
36112;7;JUMPER;1800 KG;2002...;;
36114;20;BOXER;1800 KG;2002...;;
36115;7;JUMPER;(1.000 / 1.800 KG);2002...;;INÍCIO DO CONE COM 17MM
36117;20;BOXER;(1.000 / 1.800 KG);2002...;;INÍCIO DO CONE COM 17MM
36118;10;DOBLO;ADVENTURE;2002...2017;;
36119;10;STRADA;TODOS OS MODELOS;2021...;;
36120;5;CORSA PICK-UP;;1995...2003;;
36121;5;CORSA SEDAN;CLASSIC;1994...1998;;
36122;5;CORSA SW;;1996...2002;;
36123;5;CHEVETTE;;1973...1994;;
36124;5;CHEVY 500;;1983...1995;;
36125;5;MARAJÓ;;1980...1989;;
36126;5;ASTRA;;1994...1995;;
36127;5;CALIBRA;;1993...1996;;
36128;5;VECTRA;;1993...1996;;
36129;5;CORSA;DIREÇÃO HIDRÁULICA;2002...2012;;
36130;5;MONTANA;DIREÇÃO HIDRÁULICA;2004...2011;;
36131;5;A-10;;1981...1987;;
36132;5;BONANZA;;1988...1992;;
36133;5;C-10;;1964...1987;;
36134;5;C-14;;1964...1974;;
36135;5;C-15;;1964...1974;;
36136;5;D-10;;1981...1985;;
36137;5;VERANEIO;;1968...1992;;
36138;5;A-20;;1985...1996;;
36139;5;A-40;;1993...1997;;
36140;5;C-20;;1993...1997;;
36141;5;C-40;;1993...1997;;
36142;5;D-20;;1993...1997;;
36143;5;D-40;;1993...1997;;
36144;5;SILVERADO;;1997...2001;;
36145;5;CELTA;;2001...2009;;
36146;5;CORSA;;1998...2002;;
36147;5;CORSA SEDAN;CLASSIC;2002...2009;;
36148;5;PRISMA;;2006...2009;;
36149;5;IPANEMA;;1990...1996;;
36150;8;ESPERO;;1994...1997;;
36151;8;LANOS;;1997...2002;;
36153;5;JOY;TODOS OS MODELOS;2019...;;
36154;5;JOY PLUS;TODOS OS MODELOS;2019...;;
36157;5;SONIC;TODOS OS MODELOS;2012...2016;;
36159;5;TRACKER;TODOS OS MODELOS;2013...2019;;
36160;5;CELTA;;2010...;;
36161;5;CLASSIC;;2010...;;
36162;5;PRISMA;;2010...2012;;
36163;5;AGILE;;2009...;;
36164;5;VECTRA;;1997...2011;;
36166;5;OMEGA;(INCLUSIVE SUPREMA);1993...1998;;
36167;5;CARAVAN;;1975...1992;;
36168;5;OPALA;;1975...1992;;
36171;5;CAPTIVA;;2008...2017;;FURO 12MM
36172;11;ESCORT;;1993...2003;;
36173;11;BELINA;;1970...1991;;
36174;11;BELINA II;;1970...1991;;
36175;11;CORCEL;;1968...1986;;
36176;11;CORCEL II;;1968...1986;;
36177;11;PAMPA;;1982...1997;;
36178;11;SCALA;;1987...1991;;
36182;11;ECOSPORT;4X2 / 4X4;2003...2012;;
36183;11;FIESTA;ROCAM (EXCETO NEW FIESTA);2003...2014;;
36184;11;KA;;2008...2014;;
36185;11;FOCUS;;1998...2009;;
36186;11;EXPLORER;TODOS OS MODELOS;1995...2003;;
36187;11;RANGER;4X2 / 4X4;1998...2012;;
36188;11;EXPLORER;4X2;1991...1994;;
36189;11;RANGER;4X2 / 4X4;1994...1997;;
36190;11;EXPLORER;;1991...1994;;
36191;11;F-1000;;1992...1998;;
36192;11;F-250;;1999...2012;;
36193;11;RANGER;;1992...1997;;
36194;25;T4;;2001...2016;;
36195;11;RANGER;;2013...2018;;
36196;11;ECOSPORT;;2013...;;
36197;11;FIESTA;NEW;2011...;;
36198;11;KA;NOVO MODELO;2014...;;
36199;11;FOCUS;;2009...2013;;
36200;32;C30;;2006...2016;;
36201;32;C70;CONVERSÍVEL;2006...;;
36202;32;S40;;2004...;;
36203;32;V50;;2004...;;
36204;11;FUSION;;2007...2012;;LADO DIREITO E LADO ESQUERDO
36205;12;ACCORD;;1998...;;
36206;12;CIVIC;;1991...2001;;
36207;12;CR-V;;1995...2001;;
36209;12;CIVIC;9ª GERAÇÃO;2012...2016;;
36213;21;CLIO;;2003...;;FURO DO PARAFUSO DE 12MM
36214;21;KANGOO;;2003...;;FURO DO PARAFUSO DE 12MM
36215;21;R19;;1988...1997;;FURO DO PARAFUSO DE 12MM
36216;21;SCENIC;;1997...2003;;FURO DO PARAFUSO DE 12MM
36217;21;SYMBOL;;2009...;;FURO DO PARAFUSO DE 12MM
36218;21;CLIO;;1996...2003;;FURO DO PARAFUSO DE 10MM
36219;21;EXPRESS;;1998...2000;;FURO DO PARAFUSO DE 10MM
36220;21;KANGOO;;1998...2003;;FURO DO PARAFUSO DE 10MM
36221;21;MEGANE;;1996...2006;;FURO DO PARAFUSO DE 10MM
36222;21;NEVADA;;1986...1994;;FURO DO PARAFUSO DE 10MM
36223;21;R19;(EXCETO 2.0 16V);1992...2000 ;;FURO DO PARAFUSO DE 10MM
36224;21;R21;;1986...1994;;FURO DO PARAFUSO DE 10MM
36225;21;SCENIC;(EXCETO 2.0 16V);1997...2010;;FURO DO PARAFUSO DE 10MM
36226;21;TWINGO;;1993...;;FURO DO PARAFUSO DE 10MM
36227;21;FLUENCE;1.6 16V / 2.0 16V / PRIVILEGE 2.0 16V / GT LINE 2.0 16V / GT 2.0 TURBO;2011...;;
36228;21;MASTER;;2002...2012;;
36229;21;MASTER;PINO 22MM;2002...2007;;
36230;21;MASTER;PINO 24MM;2008...2012;;
36231;21;GRAND SCENIC;;2007...2009;;
36232;21;LOGAN;;2007...2013;;
36233;21;MEGANE;;2006...;;
36234;21;MEGANE GRAND TOUR;;2007...;;
36235;21;SANDERO;;2007...2013;;
36236;21;SCENIC;;2007...;;
36238;24;HILUX;;2005...;;
36242;24;RAV4;SÉRIE II (XA2);2000...2005;;
36244;19;VERSA;TODOS OS MODELOS;2012...;;
36246;19;FRONTIER;;2008...;;
36248;13;H100;;1993...;;
36249;13;HR;;2004...;;
36250;13;PORTER;;1996...;;
36251;18;L300;;1992...;;
36252;13;ELANTRA;;2011...2015;;
36253;13;TUCSON;;2005...2015;;
36255;13;I30;;2007...2013;;
36256;13;I30;CW;2010...2013;;
36257;15;CARENS;;2007...2012;;
36258;15;MAGENTIS;;2006...2010;;
36259;15;PICANTO;;2012...;;
36260;15;SOUL;;2009...2014;;
36261;18;PAJERO;CLASSIC;2006...;;
36262;18;PAJERO;DAKAR / SPORT / NATIVA;2008...;;
36263;18;PAJERO;FULL;2001...;;
36264;18;L200;4X4   DIREÇÃO HIDRÁULICA;1986...2008;;
36265;18;L300;4X4  DIREÇÃO MECÂNICA;1980...1994;;
36266;4;A3;;1999...2006;;
36267;26;BORA;;1998...2005;;
36268;26;GOLF;;1999...;;
36269;26;GOLF;VARIANT;2014...;;
36271;26;NEW BEETLE;;1998...2010;;
36276;7;BERLINGO;;2008...;;
36277;7;C4;HATCH;2009...;;
36278;7;C4 GRAND PICASSO;;2007...2014;;
36279;7;C4 PALLAS;;2004...2012;;
36280;7;C4 VTR COUPE;;2004...2009;;
36281;7;DS4;;2011...;;
36282;7;DS5;;2011...;;
36283;20;307;DIREÇÃO HIDRÁULICA;2001...2011;;
36284;20;308;;2011...;;
36285;20;5008;;2009...2016;;
36286;20;PARTNER;;2008...;;
36287;20;RCZ;;2010...;;
36288;26;FUSCA;;1959...1983;1200 / 1300 / 1500 / 1600;
36289;26;FUSCA;;1959...1983;1200 / 1300;
36290;11;BELINA II;G2 4X2;1978...1989;;
36291;11;CORCEL;EXCETO GT / HOBBY;1968...1986;;
36292;11;CORCEL II;EXCETO GT / HOBBY;1968...1986;;
36293;11;SCALA;;1983...10.1989;;
36294;26;KOMBI;;1957...1975;1200 / 1500;
36444;11;ROYALE;;1992...1996;;
36445;11;VERSAILLES;;1992...1996;;
36446;26;SANTANA;;1984...2006;;
36450;7;XSARA;GLX - EXCETO BREAK;07.1997...2003;1.8 16V;
36451;7;ZX;EXCETO VOLCANE;1992...07.1997;1.4 / 1.6 / 1.8 / 1.9 / 2.0;
36452;20;306;EXCETO BREAK PASSION;1992...2001;1.4 / 1.6 / 1.8;
36453;20;306;GTI / CABRIOLET;1993...2000;16V;
36454;20;206;;1999...2009;;
36455;11;F-400;EXCETO REPOWERING - FIXAÇÃO A/A;1995...;;
36456;11;F-4000;EXCETO REPOWERING - FIXAÇÃO A/A;1975...1995;;
36457;11;FB-4000;EXCETO REPOWERING - FIXAÇÃO A/A;1995...;;
36459;5;A-10;;1983...1992;;
36460;5;C-10;;1981...1988;;
36461;5;D-10;4X2;1978...1988;;
36462;11;F-400;SL;1995...;;
36463;11;F-4000;SL;1975...10.1998;;
36464;5;MONZA;INCLUSIVE SR - AUTOMÁTICO;1983...1990;;
36467;5;CORSA;;1994...1998;;
36468;5;CORSA;;1998...2012;;
36469;5;PRISMA;;...2012;;
36470;5;MONTANA;;2011...;;
36472;26;GOLF;;1999...2012;;
36507;4;Q7;SÉRIE 3L;2006...2015;;
36508;4;Q7;SÉRIE 4L;2006...2015;;
36509;99;CAYENNE;SÉRIE 9PA;2002...2010;;
36510;26;TOUAREG;SÉRIE 7LA / 7L6 / 7L7;2004...2014;;
36511;26;TOUAREG;SÉRIE 7P5;2010...;;
36522;10;FIORINO;;1991...2013;;
36523;10;PREMIO;;1991...1996;;
36525;10;UNO;MILLE ECONOMY;2009...2013;;
36528;10;TEMPRA;;1992...1999;;
36531;10;UNO;MILLE;1992...2008;;
36533;10;ELBA;;1986...1991;;
36537;10;PREMIO;;1985...1991;;
36545;10;BRAVO;;2011...2017;;
36561;5;CORSA;;1994...1999;;
36566;8;NUBIRA;;1997...1999;;
36573;5;MONTANA;;2004...2005;;
36579;5;COBALT;;2011...2016;;
36580;5;ONIX;;2012...2016;;
36581;5;PRISMA;;2013...2016;;
36582;5;SPIN;;2012...2016;;
36587;11;KA;;2008...2013;;
36601;11;VERONA;;1983...1992;;
36623;7;C4;SÉRIE B7;2009...2014;;
36624;7;C4 LOUNGE;SÉRIE N2 / N3;2014...2021;;
36625;7;DS4;;2012...2016;;
36626;20;3008;;2011...2016;;
36627;20;308;;2012...2019;;
36628;20;408;;2011...2019;;
36636;21;MEGANE;;2006...2011;;
36640;24;HILUX;SW4;1995...2004;;
36648;13;I30;;2007...2012;;
36649;13;I30;CW;2007...2012;;
36650;15;SPORTAGE;;2004...2010;;
36661;18;L200;TRITON - TODOS OS MODELOS;2008...;;
36662;7;C3;;2002...2013;;
36664;4;80;;1982...1986;;
36665;26;QUANTUM;;1986...2003;;
36666;26;SANTANA;;1986...2003;;
36667;26;BORA;;2004...2011;;
36668;26;NEW BEETLE;;2000...2012;;
36669;4;A1;DIREÇÃO HIDRÁULICA;2010...;;
36670;26;CROSSFOX;DIREÇÃO HIDRÁULICA;2005...;;
36671;26;FOX;DIREÇÃO HIDRÁULICA / ELÉTRICA;2003...;;
36672;26;GOL;G5   DIREÇÃO HIDRÁULICA / ELÉTRICA;2008...;;
36673;26;POLO;DIREÇÃO HIDRÁULICA / ELÉTRICA;2002...;;
36674;26;SAVEIRO;DIREÇÃO HIDRÁULICA / ELÉTRICA;2009...;;
36675;26;VOYAGE;DIREÇÃO HIDRÁULICA / ELÉTRICA;2008...;;
36676;11;ROYALE;DIREÇÃO MECÂNICA;1991...1996;;
36677;11;VERSAILLES;DIREÇÃO MECÂNICA;1991...1996;;
36678;26;GOL;G1 / G2 / G3 / G4  DIREÇÃO MECÂNICA;1980...2013;;
36679;26;PARATI;G1 / G2 / G3 / G4  DIREÇÃO MECÂNICA;1983...2012;;
36680;26;QUANTUM;DIREÇÃO MECÂNICA;1985...2003;;
36681;26;SANTANA;DIREÇÃO MECÂNICA;1981...2006;;
36682;26;SAVEIRO;G1 / G2 / G3 / G4  DIREÇÃO MECÂNICA;1982...2009;;
36683;26;VOYAGE;DIREÇÃO MECÂNICA;1981...1995;;
36684;26;GOL;G1 / G2 / G3 / G4   DIREÇÃO HIDRÁULICA;1980...2013;;
36685;26;PARATI;G1 / G2 / G3 / G4   DIREÇÃO HIDRÁULICA;1983...2012;;
36686;26;SAVEIRO;G1 / G2 / G3 / G4   DIREÇÃO HIDRÁULICA;1982...2009;;
36687;26;VOYAGE;DIREÇÃO HIDRÁULICA;1981...1995;;
36688;26;FUSCA;;1959...1981;1200 / 1300;
36689;26;KARMANN GHIA;;1962...1968;;
36690;26;KOMBI;;1962...1975;1200 / 1500;
36691;26;KARMANN GHIA;TC;1970...1975;;
36692;26;KOMBI;1.4 REFRIGERADA A ÁGUA;2006...2013;;
36693;22;CORDOBA;DIREÇÃO HIDRÁULICA;1993...2002;;ZF / TRW
36694;22;IBIZA;DIREÇÃO HIDRÁULICA;1993...2002;;
36695;22;INCA;DIREÇÃO HIDRÁULICA / MECÂNICA;1999...2002;;ZF / TRW
36696;26;GOLF;;1993...1998;;
36697;26;PASSAT;DIREÇÃO HIDRÁULICA;1991...1993;;ZF / TRW
36698;26;PASSAT VARIANT;DIREÇÃO HIDRÁULICA;1991...1993;;ZF / TRW
36699;26;VAN;DIREÇÃO HIDRÁULICA;1998...2000;;
36719;10;ELBA;;1992...1996;;
36720;10;FIORINO;;1992...2013;;
36721;10;PREMIO;;1992...1996;;
36722;10;UNO;;1992...2008;;
36723;10;147;;1977...1984;;
36724;10;DUNA;;11.1992...2003;;
36725;10;OGGI;;1977...1984;;
36726;10;PANORAMA;;1977...1984;;
36727;10;SPAZIO;;1977...1984;;
36728;10;DUNA;;1990...1992;;
36729;10;FIORINO;;1988...1991;;
36730;10;UNO;;1985...1992;;
36731;10;DUNA;DIREÇÃO MECÂNICA;1988...1993;;
36732;10;ELBA;DIREÇÃO MECÂNICA;1986...1991;;
36733;10;FIORINO;DIREÇÃO MECÂNICA;1988...1991;;
36734;10;PREMIO;DIREÇÃO MECÂNICA;1985...1991;;
36735;10;SPAZIO;DIREÇÃO MECÂNICA;1988...1993;;
36737;10;FIORINO;DIREÇÃO MECÂNICA;1980...1985;;
36738;10;PREMIO;DIREÇÃO MECÂNICA;1980...1985;;
36739;10;UNO;DIREÇÃO MECÂNICA;1980...1985;;
36740;10;IDEA;ADVENTURE 1.4 / 1.6 / 1.8 LOCKER  DIREÇÃO HIDRÁULICA;2006...2016;1.4 / 1.6 / 1.8;
36741;10;PALIO WEEKEND;ADVENTURE - LOCKER  DIREÇÃO HIDRÁULICA;2009...;1.8;
36742;10;STRADA;ADVENTURE - CABINE DUPLA LOCKER  DIREÇÃO HIDRÁULICA;2009...;1.8;
36743;7;JUMPER;DIREÇÃO HIDRÁULICA;2002...;;
36745;20;BOXER;DIREÇÃO HIDRÁULICA;2002...;;
36748;5;CORSA PICK-UP;;1994...1999;;
36749;5;CORSA SEDAN;;1994...1999;;
36750;5;CORSA SW;;1994...1999;;
36751;5;ASTRA;DIREÇÃO HIDRÁULICA;1999...2011;;
36752;5;VECTRA;DIREÇÃO HIDRÁULICA / ELETRO-HIDRÁULICA;2006...2011;;
36753;5;VECTRA;GT   DIREÇÃO HIDRÁULICA;2007...2011;;
36754;5;ZAFIRA;DIREÇÃO HIDRÁULICA / ELÉTRICA;2001...2012;;
36755;5;AGILE;DIREÇÃO HIDRÁULICA;2009...;;
36756;5;MONTANA;DIREÇÃO HIDRÁULICA;2011...;;
36757;8;ESPERO;;1991...1999;;
36758;5;BONANZA;;1988...1997;;
36759;5;C-20;;1988...1992;;
36760;5;A-10;;1985...1987;;
36761;5;C-14;;1964...1987;;
36762;5;C-15;;1964...1987;;
36763;5;D-10;;1964...1985;;
36764;5;D-20;;1985...1987;;
36765;5;VERANEIO;;1964...1987;;
36766;8;LEGANZA;;1997...1999;;
36767;5;MONTANA;;2005...2011;;
36768;5;BLAZER;4X2 / 4X4 - EXTERNO;1995...2011;;
36769;5;CELTA;DIREÇÃO HIDRÁULICA / MECÂNICA;2001...;;
36770;5;CLASSIC;DIREÇÃO HIDRÁULICA / MECÂNICA;2002...;;
36771;5;CORSA;DIREÇÃO HIDRÁULICA / MECÂNICA;1994...2001;;
36772;5;PRISMA;DIREÇÃO HIDRÁULICA / MECÂNICA;2006...2012;;
36773;5;TIGRA;DIREÇÃO HIDRÁULICA / MECÂNICA;1997...2000;;
36774;5;CRUZE;;09.2011...2016;1.8 16V;
36775;5;CRUZE;SPORT;2012...2016;1.8 16V;
36776;5;CAPTIVA;;2010...;;
36777;11;ESCORT;(ZETEC);1997...2002;;
36778;11;EXPLORER;DIREÇÃO HIDRÁULICA;1998...2003;;
36779;11;RANGER;DIREÇÃO HIDRÁULICA;1998...2012;;
36780;11;ECOSPORT;4X4;2004...2012;;
36781;11;FIESTA;(EXCETO NEW);2002...2014;;
36782;11;ECOSPORT;4X2   DIREÇÃO HIDRÁULICA;2003...2012;;
36783;11;ECOSPORT;4X4   DIREÇÃO HIDRÁULICA;2004...2012;;
36784;12;FIT;;2008...2013;;
36795;24;COROLLA;TODOS OS MODELOS;2008...2019;;EXCETO NEW COROLLA
36799;13;HB20;;2012...2019;;(EXCETO HB20X)
36801;13;I30;;2013...2017;;
36802;13;VELOSTER;;2010...;1.6 16v;
36803;13;TUCSON;;2005...2017;;
36804;15;PICANTO;;2004...2011;;
36805;18;LANCER;;2008...2017;;
36806;18;OUTLANDER;4X2 SÉRIE II;2007...;;
36807;18;OUTLANDER;4X4 SÉRIE II;2006...;;
36808;18;PAJERO;FULL;2001...2007;;
36810;11;ROYALE;;1988...1996;;1 BATENTE / 1 COIFA / 1 COXIM COM ROLAMENTO
36811;11;VERSAILLES;;1992...1996;;1 BATENTE / 1 COIFA / 1 COXIM COM ROLAMENTO
36812;26;QUANTUM;;1985...1996;;1 BATENTE / 1 COIFA / 1 COXIM COM ROLAMENTO
36813;26;SANTANA;;1984...1996;;1 BATENTE / 1 COIFA / 1 COXIM COM ROLAMENTO
36814;26;GOL;(INCL FURGÃO - MODELOS ANTIGOS);1980...1994;1.0 / 1.6 / 1.8;1 BATENTE / 1 COIFA / 1 COXIM COM ROLAMENTO
36816;26;PASSAT;(NACIONAL);1974...1988;;1 BATENTE / 1 COIFA / 1 COXIM COM ROLAMENTO
36818;26;VOYAGE;;1981...1995;;1 BATENTE / 1 COIFA / 1 COXIM COM ROLAMENTO
36819;26;GOL;(EXCETO GTI 2000 16V);1995...2009;;1 BATENTE / 1 COIFA / 1 COXIM COM ROLAMENTO
36820;26;PARATI;(INCL 16V);1995...2001;;1 BATENTE / 1 COIFA / 1 COXIM COM ROLAMENTO
36821;26;QUANTUM;;1996...2002;;1 BATENTE / 1 COIFA / 1 COXIM COM ROLAMENTO
36822;26;SANTANA;;1996...2006;;1 BATENTE / 1 COIFA / 1 COXIM COM ROLAMENTO
36824;26;GOLF;GTI / GL;1994...1998;;1 BATENTE / 1 COIFA / 1 COXIM / 1 ROLAMENTO
36826;4;A4;1.6 / 2.0 / 2.4 / 2.8 (INCL AVANTI, QUATRO - EXCETO SPORT SUSP);1996...;;1 BATENTE / 1 COIFA / 1 COXIM / 1 ROLAMENTO
36827;26;GOL;(GERAÇÕES 5 E 6);2008...;;1 BATENTE / 1 COIFA / 1 COXIM / 1 ROLAMENTO
36828;26;GOLF;SÉRIE IV E V (EXCETO TIPTRONIC E TURBO);1998...2013;;1 BATENTE / 1 COIFA / 1 COXIM / 1 ROLAMENTO
36829;26;PARATI;GERAÇÃO 5;2008...;;1 BATENTE / 1 COIFA / 1 COXIM / 1 ROLAMENTO
36830;26;SAVEIRO;5ª GERAÇÃO;2008...;;1 BATENTE / 1 COIFA / 1 COXIM / 1 ROLAMENTO
36831;26;UP!;;2014...;;1 BATENTE / 1 COIFA / 1 COXIM / 1 ROLAMENTO
36832;26;VOYAGE;(GERAÇÕES 5 E 6);2008...;;1 BATENTE / 1 COIFA / 1 COXIM / 1 ROLAMENTO
36833;26;GOLF;GLX;1994...1998;;1 BATENTE / 1 COIFA / 1 COXIM / 1 ROLAMENTO
36834;26;PASSAT;(ALEMÃO);1994...1997;;1 BATENTE / 1 COIFA / 1 COXIM / 1 ROLAMENTO
36835;26;VARIANT;(ALEMÃO);1994...1997;;1 BATENTE / 1 COIFA / 1 COXIM / 1 ROLAMENTO
36836;26;POLO CLASSIC;;1996...1999;;1 BATENTE / 1 COIFA / 1 COXIM / 1 ROLAMENTO
36837;26;VAN;;1997...2002;;1 BATENTE / 1 COIFA / 1 COXIM / 1 ROLAMENTO
36838;26;GOL;(EXCETO GTI 2000 16V) ATÉ A GERAÇÃO 4;2001...2008;;1 BATENTE / 1 COIFA / 1 COXIM COM ROLAMENTO
36839;26;PARATI;;2001...2008;;1 BATENTE / 1 COIFA / 1 COXIM COM ROLAMENTO
36840;26;SAVEIRO;(INCL SUPERSURF / CROSSOVER / CITY / SPORTLINE);2001...2009;;1 BATENTE / 1 COIFA / 1 COXIM COM ROLAMENTO
36841;26;BORA;;2000...2011;;1 BATENTE / 1 COIFA / 1 COXIM / 1 ROLAMENTO
36842;26;NEW BEETLE;;1998...2011;;1 BATENTE / 1 COIFA / 1 COXIM / 1 ROLAMENTO
36843;26;CROSSFOX;;2005...;;1 BATENTE / 1 COIFA / 1 COXIM / 1 ROLAMENTO
36844;26;FOX;;2003...2015;;1 BATENTE / 1 COIFA / 1 COXIM / 1 ROLAMENTO
36845;26;POLO;;2002...;;1 BATENTE / 1 COIFA / 1 COXIM / 1 ROLAMENTO
36846;26;SPACEFOX;;2006...;;1 BATENTE / 1 COIFA / 1 COXIM / 1 ROLAMENTO
36850;26;AMAROK;;2010...;;1 BATENTE / 1 COIFA / 1 COXIM C/ ROLAMENTO
36851;4;A3;;2007...2012;;1 BATENTE / 1 COIFA / 1 COXIM COM ROLAMENTO
36853;26;NEW BEETLE;;2013...;;1 BATENTE / 1 COIFA / 1 COXIM COM ROLAMENTO
36854;26;PASSAT;;2006...;;1 BATENTE / 1 COIFA / 1 COXIM COM ROLAMENTO
36855;26;TIGUAN;;2009...;;1 BATENTE / 1 COIFA / 1 COXIM COM ROLAMENTO
36856;26;NIVUS;;2020...;;1 BATENTE / 1 COIFA / 1 COXIM / 1 ROLAMENTO
36857;26;POLO;;2017...;;1 BATENTE / 1 COIFA / 1 COXIM / 1 ROLAMENTO
36858;26;T-CROSS;;2019...;;1 BATENTE / 1 COIFA / 1 COXIM / 1 ROLAMENTO
36859;26;VIRTUS;;2018...;;1 BATENTE / 1 COIFA / 1 COXIM / 1 ROLAMENTO
36860;4;A3;;2012...;;1 BATENTE / 1 COIFA / 1 COXIM
36861;26;GOLF;;2014...;;1 BATENTE / 1 COIFA / 1 COXIM
36862;26;NIVUS;;2020...;;1 BATENTE / 1 COIFA / 1 COXIM
36863;26;POLO;;2017...;;1 BATENTE / 1 COIFA / 1 COXIM
36864;26;T-CROSS;;2019...;;1 BATENTE / 1 COIFA / 1 COXIM
36865;26;VIRTUS;;2018...;;1 BATENTE / 1 COIFA / 1 COXIM
36867;26;GOLF;SÉRIE IV E V (EXCETO TIPTRONIC E TURBO);1998...2013;;1 BATENTE / 1 COIFA / 1 COXIM
36868;26;CROSSFOX;;2005...;;1 BATENTE / 1 COIFA / 1 COXIM
36869;26;FOX;;2003...2015;;1 BATENTE / 1 COIFA / 1 COXIM
36870;26;POLO;;2002...;;1 BATENTE / 1 COIFA / 1 COXIM
36871;26;SPACEFOX;;2006...;;1 BATENTE / 1 COIFA / 1 COXIM
36873;10;ELBA;1.3 / 1.5 / 1.6;1986...1991;;1 BATENTE / 1 COIFA / 1 COXIM / 1 ROLAMENTO / SEDE
36874;10;FIORINO;;1988...1991;1.3 / 1.5 / 1.6;1 BATENTE / 1 COIFA / 1 COXIM / 1 ROLAMENTO / SEDE
36875;10;FIORINO;FURGÃO;1988...1991;;1 BATENTE / 1 COIFA / 1 COXIM / 1 ROLAMENTO / SEDE
36876;10;FIORINO;PICK-UP;1988...1991;;1 BATENTE / 1 COIFA / 1 COXIM / 1 ROLAMENTO / SEDE
36877;10;PREMIO;1.5 / 1.6;1985...1988;;1 BATENTE / 1 COIFA / 1 COXIM / 1 ROLAMENTO / SEDE
36878;10;UNO;(EXCETO R/TURBO);1984...1991;;1 BATENTE / 1 COIFA / 1 COXIM / 1 ROLAMENTO / SEDE
36879;10;ELBA;1.0 / 1.5 / 1.6 (C/AR);1993...1996;;1 BATENTE / 1 COIFA / 1 COXIM / 1 ROLAMENTO / SEDE
36880;10;PREMIO;1.5 / 1.6 / 2.0;1989...1995;;1 BATENTE / 1 COIFA / 1 COXIM / 1 ROLAMENTO / SEDE
36881;10;UNO;R/TURBO;1984...1996;;1 BATENTE / 1 COIFA / 1 COXIM / 1 ROLAMENTO / SEDE
36882;10;ELBA;1.3 / 1.5 / 1.6;1992...1996;;1 BATENTE / 1 COIFA / 1 COXIM / 1 ROLAMENTO / SEDE
36884;10;UNO;(EXCETO R/TURBO);1992...1998;;1 BATENTE / 1 COIFA / 1 COXIM / 1 ROLAMENTO / SEDE
36885;10;TEMPRA;;1992...1999;;1 BATENTE / 1 COIFA / 1 COXIM DIREITO
36886;10;TEMPRA;;1992...1998;;1 BATENTE / 1 COIFA / 1 COXIM ESQUERDO
36887;10;IDEA;(COM DH LADO ESQUERDO);2005...;;1 BATENTE / 1 COIFA / 1 COXIM COM ROLAMENTO DIREITO
36888;10;IDEA;ADVENTURE - (COM DH LADO ESQUERDO);2006...;;1 BATENTE / 1 COIFA / 1 COXIM COM ROLAMENTO DIREITO
36889;10;PALIO;1.0 - RST III (AM'S POWERSHOCK) (COM DH LADO ESQUERDO);2007...2012;;1 BATENTE / 1 COIFA / 1 COXIM COM ROLAMENTO DIREITO
36890;10;PALIO;RST I/ II / III (INCLUSIVE DUALOGIC / YOUNG) (COM DH LADO ESQUERDO);1996...;;1 BATENTE / 1 COIFA / 1 COXIM COM ROLAMENTO DIREITO
36891;10;PALIO WEEKEND;(COM DH LADO ESQUERDO);1996...;;1 BATENTE / 1 COIFA / 1 COXIM COM ROLAMENTO DIREITO
36892;10;SIENA;RST I/II/III  (COM DH LADO ESQUERDO);1997...;;1 BATENTE / 1 COIFA / 1 COXIM COM ROLAMENTO DIREITO
36893;10;IDEA;(COM DH LADO DIREITO);2005...;;1 BATENTE / 1 COIFA / 1 COXIM COM ROLAMENTO ESQUERDO
36894;10;IDEA;ADVENTURE - (COM DH LADO DIREITO);2006...;;1 BATENTE / 1 COIFA / 1 COXIM COM ROLAMENTO ESQUERDO
36895;10;PALIO;1.0 - RST III (AM'S POWERSHOCK) (COM DH LADO DIREITO);2007...2012;;1 BATENTE / 1 COIFA / 1 COXIM COM ROLAMENTO ESQUERDO
36896;10;PALIO;RST I/ II / III (INCLUSIVE DUALOGIC / YOUNG) (COM DH LADO DIREITO);1996...;;1 BATENTE / 1 COIFA / 1 COXIM COM ROLAMENTO ESQUERDO
36897;10;PALIO WEEKEND;(COM DH LADO DIREITO);1996...;;1 BATENTE / 1 COIFA / 1 COXIM COM ROLAMENTO ESQUERDO
36898;10;SIENA;RST I/II/III  (COM DH LADO DIREITO);1997...;;1 BATENTE / 1 COIFA / 1 COXIM COM ROLAMENTO ESQUERDO
36900;10;PALIO WEEKEND;ADVENTURE II LOCKER;2008...;;1 BATENTE / 1 COIFA / 1 COXIM COM ROLAMENTO DIREITO
36901;10;PALIO WEEKEND;ADVENTURE RST I/II TREKKING;1999...;;1 BATENTE / 1 COIFA / 1 COXIM COM ROLAMENTO DIREITO
36902;10;PALIO WEEKEND;TREKKING 1.6;2008...;;1 BATENTE / 1 COIFA / 1 COXIM COM ROLAMENTO DIREITO
36903;10;STRADA;ADVENTURE III LOCKER / WORKING / TREKKING / CABINE DUPLA;2008...;;1 BATENTE / 1 COIFA / 1 COXIM COM ROLAMENTO DIREITO
36904;10;STRADA;RST TREKKING / WORKING - CABINE SIMPLES;1998...;;1 BATENTE / 1 COIFA / 1 COXIM COM ROLAMENTO DIREITO
36906;10;PALIO WEEKEND;ADVENTURE II LOCKER;2008...;;1 BATENTE / 1 COIFA / 1 COXIM COM ROLAMENTO ESQUERDO
36907;10;PALIO WEEKEND;ADVENTURE RST I/II TREKKING;1999...;;1 BATENTE / 1 COIFA / 1 COXIM COM ROLAMENTO ESQUERDO
36908;10;PALIO WEEKEND;TREKKING 1.6;2008...;;1 BATENTE / 1 COIFA / 1 COXIM COM ROLAMENTO ESQUERDO
36909;10;STRADA;ADVENTURE III LOCKER / WORKING / TREKKING / CABINE DUPLA;2008...;;1 BATENTE / 1 COIFA / 1 COXIM COM ROLAMENTO ESQUERDO
36910;10;STRADA;RST TREKKING / WORKING - CABINE SIMPLES;1998...;;1 BATENTE / 1 COIFA / 1 COXIM COM ROLAMENTO ESQUERDO
36911;10;BRAVA;;1999...2003;;1 BATENTE / 1 COIFA / 1 COXIM
36913;10;DOBLO;ADVENTURE;2003...;1.8;1 BATENTE / 1 COIFA / 1 COXIM COM ROLAMENTO
36914;10;DOBLO;CARGO;2001...;;1 BATENTE / 1 COIFA / 1 COXIM COM ROLAMENTO
36915;10;DOBLO;EX / ELX;2001...;;1 BATENTE / 1 COIFA / 1 COXIM COM ROLAMENTO
36916;7;JUMPER;;1997...;;1 BATENTE / 1 COIFA / 1 COXIM / 1 ROLAMENTO
36917;10;DUCATO;10 FURGÃO / 15 CARGO;1998...2001;;1 BATENTE / 1 COIFA / 1 COXIM / 1 ROLAMENTO
36918;20;BOXER;;1997...;;1 BATENTE / 1 COIFA / 1 COXIM / 1 ROLAMENTO
36919;10;STILO;;2002...;;1 BATENTE / 1 COIFA / 1 COXIM / 1 ROLAMENTO
36925;10;LINEA;;2008...2010;;1 BATENTE / 1 COIFA / 1 COXIM / 1 ROLAMENTO
36926;10;LINEA;;2011...;;1 BATENTE / 1 COIFA / 1 COXIM / 1 ROLAMENTO
36927;10;PUNTO;;2007...2010;;1 BATENTE / 1 COIFA / 1 COXIM / 1 ROLAMENTO
36928;10;GRAND SIENA;;2012...;;1 BATENTE / 1 COIFA / 1 COXIM
36929;10;IDEA;;2006...;;1 BATENTE / 1 COIFA / 1 COXIM
36930;10;LINEA;;2008...;;1 BATENTE / 1 COIFA / 1 COXIM
36931;10;PUNTO;;2008...;;1 BATENTE / 1 COIFA / 1 COXIM
36932;10;TORO;;2016...;;1 BATENTE / 1 COIFA  / 1 COXIM
36933;10;CRONOS;;2018...;;1 BATENTE / 1 COIFA  / 1 COXIM
36934;10;ARGO;;2017...;;1 BATENTE / 1 COIFA / 1 COXIM COM ROLAMENTO
36935;10;CRONOS;;2018...;;1 BATENTE / 1 COIFA / 1 COXIM COM ROLAMENTO
36936;10;MOBI;;2016...;;1 BATENTE / 1 COIFA / 1 COXIM COM ROLAMENTO
36938;10;MOBI;;2016...;;1 BATENTE / 1 COIFA / 1 COXIM
36939;10;TORO;;2016...;;1 BATENTE / 1 COIFA / 1 COXIM / 1 ROLAMENTO
36940;10;ARGO;;2017...;;1 BATENTE / 1 COIFA  / 1 COXIM
36941;10;TEMPRA;;1992...1999;;1 BATENTE / 1 COIFA / 1 COXIM
36943;5;MONZA;;1983...1996;;1 BATENTE / 1 COIFA / 1 COXIM / 1 ROLAMENTO
36944;5;IPANEMA;;1989...1998;;1 BATENTE / 1 COXIM C/ ROLAMENTO / 1 LOCALIZADOR
36945;5;KADETT;;1989...1998;;1 BATENTE / 1 COXIM C/ ROLAMENTO / 1 LOCALIZADOR
36946;5;OMEGA;4 CIL. / 6CIL.;1992...1998;;1 BATENTE / 1 COIFA / 1 COXIM / 1 ROLAMENTO
36947;5;SUPREMA;2.2L / 4.1L - 4 CIL. / 6CIL.;1993...1996;;1 BATENTE / 1 COIFA / 1 COXIM / 1 ROLAMENTO
36948;5;VECTRA;8V / 16V GSI;1994...1996;;1 BATENTE / 1 COIFA / 1 COXIM / 1 ROLAMENTO
36949;5;ASTRA;;1998...2008;;1 BATENTE / 1 COXIM / 1 LOCALIZADOR COM ROLAMENTO
36950;5;VECTRA;;1996...2005;;1 BATENTE / 1 COXIM / 1 LOCALIZADOR COM ROLAMENTO
36951;5;VECTRA;2.0;2006...;;1 BATENTE / 1 COXIM / 1 LOCALIZADOR COM ROLAMENTO
36952;5;CELTA;;1996...;;1 BATENTE / 1 COIFA / 1 COXIM / 1 ASSENTO COM ROLAMENTO
36953;5;CORSA;;1994...2001;;1 BATENTE / 1 COIFA / 1 COXIM / 1 ASSENTO COM ROLAMENTO
36954;5;CORSA;PICK-UP;1995...;;1 BATENTE / 1 COIFA / 1 COXIM / 1 ASSENTO COM ROLAMENTO
36955;5;CORSA;SEDAN - CLASSIC;2003...;;1 BATENTE / 1 COIFA / 1 COXIM / 1 ASSENTO COM ROLAMENTO
36957;5;PRISMA;;2007...2012;;1 BATENTE / 1 COIFA / 1 COXIM / 1 ASSENTO COM ROLAMENTO
36958;5;TIGRA;;1998...;;1 BATENTE / 1 COIFA / 1 COXIM / 1 ASSENTO COM ROLAMENTO
36959;5;CELTA;;1996...;;1 BATENTE / 1 COIFA / 1 COXIM (SEM ASSENTO DE MOLA)
36960;5;CORSA;;1994...2001;;1 BATENTE / 1 COIFA / 1 COXIM (SEM ASSENTO DE MOLA)
36961;5;CORSA;PICK-UP;1995...;;1 BATENTE / 1 COIFA / 1 COXIM (SEM ASSENTO DE MOLA)
36962;5;CORSA;SEDAN - CLASSIC;2003...;;1 BATENTE / 1 COIFA / 1 COXIM (SEM ASSENTO DE MOLA)
36964;5;PRISMA;;2007...2012;;1 BATENTE / 1 COIFA / 1 COXIM (SEM ASSENTO DE MOLA)
36965;5;TIGRA;;1998...;;1 BATENTE / 1 COIFA / 1 COXIM (SEM ASSENTO DE MOLA)
36966;5;CORSA;;2002...;;1 BATENTE / 1 COIFA / 1 COXIM / 1 LOCALIZADOR COM ROLAMENTO
36969;5;MERIVA;8V / 16V;2002...;;1 BATENTE / 1 COIFA / 1 COXIM / 1 LOCALIZADOR COM ROLAMENTO
36970;5;MONTANA;INCLUSIVE SPORT;2003...2015;;1 BATENTE / 1 COXIM / 1 LOCALIZADOR COM ROLAMENTO
36971;5;AGILE;;2009...;;1 BATENTE / 1 COXIM / 1 LOCALIZADOR COM ROLAMENTO
36972;5;ONIX;;2012...;;1 BATENTE / 1 COIFA / 1 COXIM / 1 ROLAMENTO
36973;5;PRISMA;;2012...;;1 BATENTE / 1 COIFA / 1 COXIM / 1 ROLAMENTO
36974;5;COBALT;;2011...;;1 BATENTE / 1 COIFA / 1 COXIM / 1 ROLAMENTO
36975;5;SONIC;;2011...;;1 BATENTE / 1 COIFA / 1 COXIM / 1 ROLAMENTO
36976;5;SPIN;;2013...;;1 BATENTE / 1 COIFA / 1 COXIM / 1 ROLAMENTO
36977;5;CRUZE;;2011...2016;;1 BATENTE / 1 COIFA / 1 COXIM / 1 ROLAMENTO
36978;5;ONIX;;2012...;;1 BATENTE / 1 COIFA  / 1 COXIM
36979;5;PRISMA;;2012...;;1 BATENTE / 1 COIFA  / 1 COXIM
36980;5;COBALT;;2011...;;1 BATENTE / 1 COIFA  / 1 COXIM
36981;5;SONIC;;2011...;;1 BATENTE / 1 COIFA  / 1 COXIM
36982;5;SPIN;;2013...;;1 BATENTE / 1 COIFA  / 1 COXIM
36983;5;CRUZE;;2011...2016;;1 BATENTE / 1 COIFA  / 1 COXIM
36986;5;CAPTIVA;;2009...;;1 BATENTE / 1 COIFA / 1 COXIM COM ROLAMENTO
36987;5;CRUZE;;2017...;;1 BATENTE / 1 COIFA / 1 COXIM
36988;11;ESCORT;HOBBY / GUARUJÁ;1992...1996;;1 BATENTE / 1 COIFA / 1 COXIM / 1 ROLAMENTO
36989;11;ESCORT;L/ GL/ GHIA / XR3 / XR3 CONVERSÍVEL (C/ E S/ AR-CONDICIONADO);1984...1992;;1 BATENTE / 1 COIFA / 1 COXIM / 1 ROLAMENTO
36990;11;VERONA;;1990...1992;;1 BATENTE / 1 COIFA / 1 COXIM / 1 ROLAMENTO
36991;26;APOLLO;;1990...1992;;1 BATENTE / 1 COIFA / 1 COXIM / 1 ROLAMENTO
36992;11;ESCORT;L / GL / GHIA (EXCETO MOTOR ZETEC);1993...1996;;1 BATENTE / 1 COIFA / 1 COXIM / 1 ROLAMENTO
36993;11;VERONA;;1992...1996;;1 BATENTE / 1 COIFA / 1 COXIM / 1 ROLAMENTO
36994;26;LOGUS;;1992...1997;;1 BATENTE / 1 COIFA / 1 COXIM / 1 ROLAMENTO
36995;26;POINTER;;1993...1997;;1 BATENTE / 1 COIFA / 1 COXIM / 1 ROLAMENTO
36996;11;ESCORT;GL / GLX / RS - MOTOR ZETEC;09.1996...1998;;1 BATENTE / 1 COIFA / 1 COXIM / 1 ROLAMENTO
36997;11;ESCORT;XR3 / XR3 CONVERSÍVEL;1993...1996;;1 BATENTE / 1 COIFA / 1 COXIM / 1 ROLAMENTO
36998;11;COURIER;;1997...;;1 BATENTE / 1 COIFA / 1 COXIM / 1 ROLAMENTO
36999;11;FIESTA;(DIR MEC / HIDR);1996...2001;;1 BATENTE / 1 COIFA / 1 COXIM / 1 ROLAMENTO
37000;11;FIESTA;STREET HATCH E SEDAN (DIR MEC / HIDR);2002...2004;;1 BATENTE / 1 COIFA / 1 COXIM / 1 ROLAMENTO
37001;11;KA;(DIR MEC / HIDR);1997...2007;;1 BATENTE / 1 COIFA / 1 COXIM / 1 ROLAMENTO
37002;11;ECOSPORT;4X2 MANUAL;2003...2012;;1 BATENTE / 1 COIFA / 1 COXIM / 1 ROLAMENTO
37003;11;FIESTA;EXCETO NEW FIESTA;2003...;;1 BATENTE / 1 COIFA / 1 COXIM / 1 ROLAMENTO
37004;11;FOCUS;;2001...2008;;1 BATENTE / 1 COIFA / 1 COXIM / 1 ROLAMENTO
37005;11;FOCUS;;2008...2013;;1 BATENTE / 1 COIFA / 1 COXIM / 1 ROLAMENTO
37006;11;FOCUS;;2008...2013;;1 BATENTE / 1 COIFA / 1 COXIM / 1 ANEL
37007;11;FIESTA;;2010...2013;;1 BATENTE / 1 COIFA / 1 COXIM / 1 ROLAMENTO
37008;11;ECOSPORT;4X2;2012...;;1 BATENTE / 1 COIFA / 1 COXIM / 1 ROLAMENTO
37009;11;FIESTA;;2010...2013;;1 BATENTE / 1 COIFA  / 1 COXIM
37010;11;ECOSPORT;;2012...;;1 BATENTE / 1 COIFA / 1 COXIM / 1 ROLAMENTO
37011;11;FOCUS;;2014...;;1 BATENTE / 1 COIFA / 1 COXIM / 1 ROLAMENTO
37012;11;KA;;2015...;;1 BATENTE / 1 COIFA / 1 COXIM / 1 ROLAMENTO
37013;11;FOCUS;;2014...;;1 BATENTE / 1 COIFA  / 1 COXIM
37014;11;KA;;2008...2011;;1 BATENTE / 1 COIFA  / 1 COXIM
37015;11;KA;;2012...2014;;1 BATENTE / 1 COIFA  / 1 COXIM
37016;11;KA;;2008...2012;;1 BATENTE / 1 COIFA / 1 COXIM / 1 ROLAMENTO
37018;11;FUSION;;2012...2016;2.0 / 2.5;1 BATENTE / 1 COIFA / 1 COXIM
37019;11;FUSION;;2013...;;1 COIFA / 1 BATENTE / 1 COXIM / 1 ROLAMENTO
37021;11;ECOSPORT;4X2 MANUAL;2003...2012;;1 BATENTE / 1 COIFA / 1 COXIM
37022;11;FIESTA;(EXCETO NEW FIESTA);2003...;;1 BATENTE / 1 COIFA / 1 COXIM
37023;12;FIT;;2001...2008;;1 BATENTE / 1 COIFA / 1 COXIM / 1 ROLAMENTO
37024;12;CIVIC;;2002...2006;;1 BATENTE / 1 COIFA / 1 COXIM / 1 ROLAMENTO
37025;12;CITY;;2009...2014;;1 BATENTE / 1 COIFA / 1 COXIM / 1 ROLAMENTO
37026;12;FIT;;2009...2014;;1 BATENTE / 1 COIFA / 1 COXIM / 1 ROLAMENTO
37030;12;CIVIC;;2006...2011;;1 BATENTE / 1 COIFA / 1 COXIM / 1 ROLAMENTO
37031;12;HR-V;;2016...;;1 BATENTE / 1 COIFA / 1 COXIM / 1 ROLAMENTO
37032;12;CR-V;;2007...2014;;1 BATENTE / 1 COIFA / 1 SUPORTE COM ROLAMENTO
37033;12;CR-V;;2007...2014;;1 BATENTE / 1 COIFA / 1 COXIM COM ROLAMENTO
37034;7;BERLINGO;;1998...2007;;1 BATENTE / 1 COIFA / 1 COXIM / 1 ROLAMENTO
37035;7;XSARA;16 V / GLX (EXCETO / BREAK);1997...;;1 BATENTE / 1 COIFA / 1 COXIM / 1 ROLAMENTO
37036;7;ZX;(EXCETO VOLCANE);1992...1997;;1 BATENTE / 1 COIFA / 1 COXIM / 1 ROLAMENTO
37037;20;206;;1999...2006;;1 BATENTE / 1 COIFA / 1 COXIM / 1 ROLAMENTO
37038;20;206 SW;(EXCETO ESCAPADE);2005...2006;;1 BATENTE / 1 COIFA / 1 COXIM / 1 ROLAMENTO
37039;20;306;(EXCETO PERUA - BREAK PASSION);1992...2001;;1 BATENTE / 1 COIFA / 1 COXIM / 1 ROLAMENTO
37040;20;306;CABRIOLET / GTI 16V;1993...2000;;1 BATENTE / 1 COIFA / 1 COXIM / 1 ROLAMENTO
37041;7;C3;;2003...;;1 BATENTE / 1 COIFA / 1 COXIM / 1 ROLAMENTO
37042;20;307;;2002...;;1 BATENTE / 1 COIFA / 1 COXIM / 1 ROLAMENTO
37043;7;C4;;2007...;;1 BATENTE / 1 COIFA / 1 COXIM
37044;20;307;;2002...;;1 BATENTE / 1 COIFA / 1 COXIM
37047;20;206;;03.2007...;1.0;1 BATENTE / 1 COIFA / 1 COXIM / 1 ROLAMENTO
37048;7;C4 LOUNGE;;2012...;;1 BATENTE / 1 COIFA  / 1 COXIM
37049;20;3008;;2011...;;1 BATENTE / 1 COIFA  / 1 COXIM
37050;20;308;;2012...;;1 BATENTE / 1 COIFA  / 1 COXIM
37051;20;408;;2012...;;1 BATENTE / 1 COIFA  / 1 COXIM
37052;21;CLIO;RL / RN / RT/ SI;1999...2011;;1 BATENTE / 1 COIFA / 1 COXIM / 1 ROLAMENTO
37053;21;CLIO;SEDAN - RL / RN / RT/ SI;1999...;;1 BATENTE / 1 COIFA / 1 COXIM / 1 ROLAMENTO
37054;21;KANGOO;PASSEIO / FURGÃO;1999...2012;;1 BATENTE / 1 COIFA / 1 COXIM / 1 ROLAMENTO
37055;21;TWINGO;;1998...;;1 BATENTE / 1 COIFA / 1 COXIM / 1 ROLAMENTO
37056;21;CLIO;;...1998;;1 BATENTE / 1 COIFA / 1 COXIM / 1 ROLAMENTO
37057;21;TWINGO;;1994...1999;;1 BATENTE / 1 COIFA / 1 COXIM / 1 ROLAMENTO
37058;21;LOGAN;;2008...2013;;1 BATENTE / 1 COIFA / 1 COXIM / 1 ROLAMENTO
37059;21;SANDERO;;2008...2013;;1 BATENTE / 1 COIFA / 1 COXIM / 1 ROLAMENTO
37060;21;CAPTUR;;2017...;;1 BATENTE / 1 COIFA / 1 COXIM / 1 ROLAMENTO
37061;21;DUSTER;;2012...;;1 BATENTE / 1 COIFA / 1 COXIM / 1 ROLAMENTO
37062;21;LOGAN;;2014...;;1 BATENTE / 1 COIFA / 1 COXIM / 1 ROLAMENTO
37063;21;SANDERO;;2014...;;1 BATENTE / 1 COIFA / 1 COXIM / 1 ROLAMENTO
37064;21;FLUENCE;;2012...;;1 BATENTE / 1 COIFA / 1 COXIM / 1 ROLAMENTO
37065;21;KWID;;2017...;;1 COIFA / 1 BATENTE / 1 COXIM / 1 ROLAMENTO
37066;24;ETIOS;;2012...;;1 BATENTE / 1 COIFA / 1 COXIM / 1 ROLAMENTO
37067;24;COROLLA;;2009...2014;;1 BATENTE / 1 COIFA / 1 COXIM / 1 ROLAMENTO
37068;24;COROLLA;;2003...2008;;1 BATENTE / 1 COIFA / 1 COXIM / 1 ROLAMENTO
37069;24;COROLLA;;2015...2019;;1 COIFA / 1 BATENTE / 1 COXIM / 1 ROLAMENTO
37070;27;30I SW;;01.1995...04.1998;;1 BATENTE / 1 COIFA / 1 COXIM / 1 ROLAMENTO
37071;27;316I;;06.1992...04.1998;;1 BATENTE / 1 COIFA / 1 COXIM / 1 ROLAMENTO
37072;27;318I;;06.1992...04.1998;;1 BATENTE / 1 COIFA / 1 COXIM / 1 ROLAMENTO
37073;27;318I SW;;06.1992...04.1998;;1 BATENTE / 1 COIFA / 1 COXIM / 1 ROLAMENTO
37074;27;318IS;;06.1992...04.1998;;1 BATENTE / 1 COIFA / 1 COXIM / 1 ROLAMENTO
37075;27;318TDS;;06.1992...04.1998;;1 BATENTE / 1 COIFA / 1 COXIM / 1 ROLAMENTO
37076;27;318TI;;06.1992...04.1998;;1 BATENTE / 1 COIFA / 1 COXIM / 1 ROLAMENTO
37077;27;320I;;01.1995...04.1998;;1 BATENTE / 1 COIFA / 1 COXIM / 1 ROLAMENTO
37078;27;323;;01.1995...04.1998;;1 BATENTE / 1 COIFA / 1 COXIM / 1 ROLAMENTO
37079;27;323I;;01.1995...04.1998;;1 BATENTE / 1 COIFA / 1 COXIM / 1 ROLAMENTO
37080;27;325TD;;01.1995...04.1998;;1 BATENTE / 1 COIFA / 1 COXIM / 1 ROLAMENTO
37081;27;325TDS;;01.1995...04.1998;;1 BATENTE / 1 COIFA / 1 COXIM / 1 ROLAMENTO
37082;27;325TDS SW;;01.1995...04.1998;;1 BATENTE / 1 COIFA / 1 COXIM / 1 ROLAMENTO
37083;27;328;;01.1995...04.1998;;1 BATENTE / 1 COIFA / 1 COXIM / 1 ROLAMENTO
37084;27;328I;;01.1995...04.1998;;1 BATENTE / 1 COIFA / 1 COXIM / 1 ROLAMENTO
37085;19;MARCH;;2011...;;1 BATENTE / 1 COIFA / 1 COXIM / 1 ROLAMENTO
37086;19;VERSA;;2011...;;1 BATENTE / 1 COIFA / 1 COXIM / 1 ROLAMENTO
37087;19;KICKS;;2017...;;1 COIFA / 1 BATENTE / 1 COXIM / 1 ROLAMENTO
37088;19;GRAND LIVINA;;2009...2014;;1 BATENTE / 1 COIFA / 1 COXIM / 1 ROLAMENTO
37089;19;LIVINA;;2009...2014;;1 BATENTE / 1 COIFA / 1 COXIM / 1 ROLAMENTO
37090;19;TIIDA;;2007...2013;;1 BATENTE / 1 COIFA / 1 COXIM / 1 ROLAMENTO
37091;19;SENTRA;;2007...2013;;1 BATENTE / 1 COIFA / 1 COXIM COM ROLAMENTO
37092;13;SANTA FÉ;;2003...2005;;1 BATENTE / 1 COIFA / 1 COXIM / 1 ROLAMENTO
37093;13;TUCSON;;2005...2017;;1 BATENTE / 1 COIFA / 1 COXIM / 1 ROLAMENTO
37094;15;SPORTAGE;;2005...2010;;1 BATENTE / 1 COIFA / 1 COXIM / 1 ROLAMENTO
37095;13;I30;;2009...2012;;1 BATENTE / 1 COIFA  / 1 COXIM
37096;13;I30;;2009...2012;;1 BATENTE / 1 COIFA / 1 COXIM / 1 ROLAMENTO
37097;13;HB20;;2012...;;1 BATENTE / 1 COIFA / 1 COXIM / 1 ROLAMENTO
37098;13;HB20S;;2012...;;1 BATENTE / 1 COIFA / 1 COXIM / 1 ROLAMENTO
37099;13;HB20;;2012...;;1 BATENTE / 1 COIFA  / 1 COXIM
37100;13;HB20S;;2012...;;1 BATENTE / 1 COIFA  / 1 COXIM
37101;13;IX35;;2010...;;1 BATENTE / 1 COIFA / 1 COXIM / 1 ROLAMENTO
37102;15;SPORTAGE;;2010...;;1 BATENTE / 1 COIFA / 1 COXIM / 1 ROLAMENTO
37103;13;TUCSON;;2005...2016;;1 BATENTE / 1 COIFA  / 1 COXIM
37104;15;SPORTAGE;;2005...2010;;1 BATENTE / 1 COIFA  / 1 COXIM
37105;13;CRETA;;2017...;1.6 / 2.0;1 BATENTE / 1 COIFA / 1 COXIM
37106;13;CRETA;;2017...;;1 COIFA / 1 BATENTE / 1 COXIM / 1 ROLAMENTO
37107;15;SOUL;;2009...2014;;1 BATENTE / 1 COIFA / 1 COXIM / 1 ROLAMENTO
37108;15;PICANTO;;2006...;;1 BATENTE / 1 COIFA / 1 COXIM / 1 ROLAMENTO
37109;15;CERATO;CÂMBIO AUTOMÁTICO / MANUAL;2008...2012;1.6 16V;1 BATENTE / 1 COIFA / 1 COXIM C/ ROLAMENTO
37110;18;ASX;;2011...;;1 BATENTE / 1 COIFA / 1 COXIM / 1 ROLAMENTO
37111;18;LANCER;;2002...;;1 BATENTE / 1 COIFA / 1 COXIM / 1 ROLAMENTO
37112;18;OUTLANDER;;2007...2013;;1 BATENTE / 1 COIFA / 1 COXIM / 1 ROLAMENTO
37113;45;COMPASS;;2016...;;1 BATENTE / 1 COIFA / 1 COXIM COM ROLAMENTO
37114;45;RENEGADE;;2015...;;1 BATENTE / 1 COIFA / 1 COXIM COM ROLAMENTO
37115;45;COMPASS;;2017...;;1 BATENTE / 1 COIFA  / 1 COXIM
37116;45;RENEGADE;;2015...;;1 BATENTE / 1 COIFA  / 1 COXIM
37354;17;C-CLASS;C 350;2005...2008;3.5;
37355;17;CLK 500;CABRIO;2002...;;
37356;17;CLK 500;COUPE;2002...;;
37357;5;OMEGA;CD;1999...;3.8 V6;(AUSTRALIANO)
37358;45;GRAND CHEROKEE;LIMITED;2005...2010;3.0 TURBO;
37359;45;GRAND CHEROKEE;LIMITED;2005...2010;4.7;
37360;45;GRAND CHEROKEE;LIMITED;2005...2010;5.7;
37389;4;A3;DIREÇÃO HIDRÁULICA;1998...2006;;SISTEMA ZF
37390;26;BORA;DIREÇÃO HIDRÁULICA;1998...2005;;SISTEMA ZF
37391;26;GOLF;DIREÇÃO HIDRÁULICA;1999...2012;;SISTEMA ZF
37392;26;JETTA;DIREÇÃO HIDRÁULICA;1998...2009;;SISTEMA ZF
37393;26;NEW BEETLE;DIREÇÃO HIDRÁULICA;1998...2010;;SISTEMA ZF
37394;26;CROSSFOX;DIREÇÃO HIDRÁULICA;2005...;;SISTEMA SMI / KOYO / JTEKT  - CREMALHEIRA M16X1,5MM -
37395;26;FOX;DIREÇÃO HIDRÁULICA;2003...;;SISTEMA SMI / KOYO / JTEKT  - CREMALHEIRA M16X1,5MM -
37396;26;GOL;G5  DIREÇÃO HIDRÁULICA;2008...;;SISTEMA SMI / KOYO / JTEKT  - CREMALHEIRA M16X1,5MM -
37397;26;POLO;DIREÇÃO HIDRÁULICA;2002...;;SISTEMA SMI / KOYO / JTEKT  - CREMALHEIRA M16X1,5MM -
37398;26;SAVEIRO;G5  DIREÇÃO HIDRÁULICA;2009...;;SISTEMA SMI / KOYO / JTEKT  - CREMALHEIRA M16X1,5MM -
37399;26;SPACEFOX;DIREÇÃO HIDRÁULICA;2006...;;SISTEMA SMI / KOYO / JTEKT  - CREMALHEIRA M16X1,5MM -
37400;26;VOYAGE;DIREÇÃO HIDRÁULICA;2008...;;SISTEMA SMI / KOYO / JTEKT  - CREMALHEIRA M16X1,5MM -
37401;26;GOLF;DIREÇÃO HIDRÁULICA;1991...1999;;SISTEMA TRW
37402;22;CORDOBA;DIREÇÃO HIDRÁULICA;1993...2002;;SISTEMA ZF
37403;22;IBIZA;DIREÇÃO HIDRÁULICA;1993...2002;;SISTEMA ZF
37404;22;INCA;DIREÇÃO HIDRÁULICA;1999...2002;;SISTEMA ZF
37405;26;POLO CLASSIC;DIREÇÃO HIDRÁULICA;1996...2001;;SISTEMA ZF
37406;26;VAN;DIREÇÃO HIDRÁULICA;1999...2002;;SISTEMA ZF
37407;26;CROSSFOX;DIREÇÃO MECÂNICA;2005...;;
37408;26;FOX;DIREÇÃO MECÂNICA;2003...;;
37409;26;POLO;DIREÇÃO MECÂNICA;2002...2006;;
37410;26;SAVEIRO;G5  DIREÇÃO MECÂNICA;2009...;;
37411;26;VOYAGE;DIREÇÃO MECÂNICA;2008...;;
37412;4;A3;(INCLUSIVE SPORTBACK)  DIREÇÃO ELÉTRICA;2006...;;
37413;4;Q3;DIREÇÃO ELÉTRICA;2011...;;
37414;4;S3;QUATTRO  DIREÇÃO ELÉTRICA;2006...;;
37415;4;S3;SPORTBACK QUATTRO      DIREÇÃO ELÉTRICA;2008...;;
37416;26;BORA;DIREÇÃO ELÉTRICA;2006...;;
37417;26;EOS;DIREÇÃO ELÉTRICA;2008...;;
37418;26;JETTA;DIREÇÃO ELÉTRICA;2006...;;
37419;26;PASSAT;DIREÇÃO ELÉTRICA;2005...;;
37420;26;PASSAT;CC  DIREÇÃO ELÉTRICA;2009...;;
37421;26;PASSAT VARIANT;DIREÇÃO ELÉTRICA;2005...;;
37422;26;TIGUAN;DIREÇÃO ELÉTRICA;2007...;;
37423;26;CROSSFOX;DIREÇÃO HIDRÁULICA;2005...;;SISTEMA SMI / KOYO / JTEKT CREMALHEIRA M16X1,5
37424;26;FOX;DIREÇÃO HIDRÁULICA;2003...;;CREMALHEIRA M16X1,5
37425;26;GOL;G5  DIREÇÃO HIDRÁULICA;2008...;;SISTEMA SMI / KOYO / JTEKT CREMALHEIRA M16X1,5
37426;26;POLO;DIREÇÃO HIDRÁULICA;2002...;;SISTEMA SMI / KOYO / JTEKT CREMALHEIRA M16X1,5
37427;26;SAVEIRO;G5  DIREÇÃO HIDRÁULICA;2009...;;SISTEMA SMI / KOYO / JTEKT CREMALHEIRA M16X1,5
37428;26;SPACEFOX;DIREÇÃO HIDRÁULICA;2006...;;SISTEMA SMI / KOYO / JTEKT CREMALHEIRA M16X1,5
37429;26;VOYAGE;DIREÇÃO HIDRÁULICA;2008...;;SISTEMA SMI / KOYO / JTEKT CREMALHEIRA M16X1,5
37430;4;A3;DIREÇÃO HIDRÁULICA;2006...;;
37431;4;A3;SPORTBACK  DIREÇÃO HIDRÁULICA;2006...;;
37432;4;Q3;DIREÇÃO HIDRÁULICA;2011...;;
37433;4;S3;QUATTRO  DIREÇÃO HIDRÁULICA;2006...;;
37434;4;S3;SPORTBACK QUATTRO  DIREÇÃO HIDRÁULICA;2008...;;
37435;26;BORA;DIREÇÃO HIDRÁULICA;2006...;;
37436;26;EOS;DIREÇÃO HIDRÁULICA;2008...;;
37437;26;GOLF;DIREÇÃO HIDRÁULICA;2014...;;
37438;26;GOLF;VARIANT  DIREÇÃO HIDRÁULICA;2014...;;
37439;26;JETTA;DIREÇÃO HIDRÁULICA;2006...;;
37440;26;PASSAT;DIREÇÃO HIDRÁULICA;2005...;;
37441;26;PASSAT;CC  DIREÇÃO HIDRÁULICA;2009...;;
37442;26;PASSAT;VARIANT  DIREÇÃO HIDRÁULICA;2005...;;
37443;26;TIGUAN;DIREÇÃO HIDRÁULICA;2007...;;
37444;17;SPRINTER;DIREÇÃO HIDRÁULICA;1997...2011;;
37445;7;EVASION;DIREÇÃO HIDRÁULICA;1994...2002;;
37446;10;BRAVA;DIREÇÃO HIDRÁULICA;1999...2004;;
37447;10;COUPE;DIREÇÃO HIDRÁULICA;1993...2000;;
37448;10;MAREA;DIREÇÃO HIDRÁULICA;1998...2008;;
37449;10;MAREA WEEKEND;DIREÇÃO HIDRÁULICA;1998...2008;;
37450;20;806;DIREÇÃO HIDRÁULICA;1994...2000;;
37454;10;DOBLO;DIREÇÃO HIDRÁULICA / MECÂNICA;2001...;;
37455;10;ELBA;DIREÇÃO HIDRÁULICA;1991...1996;;
37456;10;FIORINO;DIREÇÃO HIDRÁULICA;1991...2013;;
37457;10;PREMIO;DIREÇÃO HIDRÁULICA;1991...1996;;
37458;10;UNO;MILLE (INCLUSIVE TURBO)  DIREÇÃO HIDRÁULICA;1991...2008;;
37459;10;UNO;MILLE ECONOMY  DIREÇÃO HIDRÁULICA;2009...2013;;
37460;10;IDEA;(TODOS OS MODELOS)  DIREÇÃO HIDRÁULICA;2006...2013;;SISTEMA TRW / DHB
37461;10;PALIO;DIREÇÃO HIDRÁULICA;2001...;;SISTEMA TRW / DHB
37462;10;PALIO WEEKEND;DIREÇÃO HIDRÁULICA;2001...;;SISTEMA TRW / DHB
37463;10;PALIO WEEKEND;ADVENTURE - LOCKER  DIREÇÃO HIDRÁULICA;2009...;1.8;SISTEMA TRW / DHB
37464;10;SIENA;DIREÇÃO HIDRÁULICA;2001...2012;;SISTEMA TRW / DHB
37465;10;STRADA;DIREÇÃO HIDRÁULICA;1999...;;SISTEMA TRW / DHB
37466;10;TEMPRA;DIREÇÃO HIDRÁULICA;1992...1999;;SISTEMA TRW / DHB
37467;10;DUNA;DIREÇÃO MECÂNICA;1992...1996;;
37468;10;ELBA;DIREÇÃO MECÂNICA;1991...1996;;
37469;10;FIORINO;(INCLUSIVE TREKKING)  DIREÇÃO MECÂNICA;1991...2013;;
37470;10;PREMIO;DIREÇÃO MECÂNICA;1991...1996;;
37471;10;UNO;MILLE  DIREÇÃO MECÂNICA;1992...2008;;
37472;10;UNO;MILLE ECONOMY  DIREÇÃO MECÂNICA;2009...2013;;
37473;10;147;DIREÇÃO MECÂNICA;1984...1988;;
37474;10;FIORINO;DIREÇÃO MECÂNICA;1984...1991;;
37475;10;OGGI;DIREÇÃO MECÂNICA;1984...1988;;
37476;10;PANORAMA;DIREÇÃO MECÂNICA;1984...1988;;
37477;10;UNO;DIREÇÃO MECÂNICA;1984...1991;;
37478;10;PALIO;(INCLUSIVE YOUNG)  DIREÇÃO MECÂNICA;1996...2002;;
37479;10;PALIO WEEKEND;DIREÇÃO MECÂNICA;1997...2000;;
37480;10;SIENA;DIREÇÃO MECÂNICA;1998...2000;;
37481;10;STRADA;DIREÇÃO MECÂNICA;1998...2001;;
37482;10;PALIO;DIREÇÃO MECÂNICA;2001...;;
37483;10;PALIO WEEKEND;DIREÇÃO MECÂNICA;2001...;;
37484;10;SIENA;DIREÇÃO MECÂNICA;2001...2012;;
37485;10;STRADA;DIREÇÃO MECÂNICA;1999...;;
37486;10;PALIO;(INCLUSIVE YOUNG)  DIREÇÃO HIDRÁULICA;1996...2002;;HIDRÁULICO
37487;10;PALIO WEEKEND;DIREÇÃO HIDRÁULICA;1997...2000;;HIDRÁULICO
37488;10;SIENA;DIREÇÃO HIDRÁULICA;1998...2000;;HIDRÁULICO
37489;10;DOBLO;ADVENTURE  DIREÇÃO HIDRÁULICA;2003...;;
37495;10;BRAVO;EXCETO 1.8  DIREÇÃO ELÉTRICA;2011...2017;;MECÂNISMO EUROPEU
37496;10;STILO;DIREÇÃO HIDRÁULICA;2001...2010;;
37499;10;IDEA;DIREÇÃO HIDRÁULICA;2005...2016;;SISTEMA DHB / TRW
37500;10;IDEA;ADVENTURE  DIREÇÃO HIDRÁULICA;2006...2016;;SISTEMA DHB / TRW
37501;10;PALIO;FIRE  DIREÇÃO HIDRÁULICA;2001...;;SISTEMA DHB / TRW
37502;10;PALIO WEEKEND;DIREÇÃO HIDRÁULICA;2001...;;SISTEMA DHB / TRW
37503;10;SIENA;DIREÇÃO HIDRÁULICA;2001...2012;;SISTEMA DHB / TRW
37504;10;STRADA;DIREÇÃO HIDRÁULICA;1999...;;SISTEMA DHB / TRW
37505;10;STRADA;ADVENTURE  DIREÇÃO HIDRÁULICA;2009...;;SISTEMA DHB / TRW
37506;10;TEMPRA;DIREÇÃO HIDRÁULICA;1992...1999;;SISTEMA DHB / TRW
37507;10;LINEA;DIREÇÃO HIDRÁULICA;2008...2016;;
37508;10;PUNTO;(EXCETO T-JET)  DIREÇÃO HIDRÁULICA;2007...2017;;
37509;10;DOBLO;ADVENTURE  DIREÇÃO HIDRÁULICA;2003...;1.8;
37510;10;BRAVO;DIREÇÃO ELÉTRICA;2011...2017;;SISTEMA TRW BRASIL
37511;10;PALIO;DIREÇÃO HIDRÁULICA;2010...;;SISTEMA  SMI / KOYO / JTEKT
37512;10;PUNTO;TJET  DIREÇÃO HIDRÁULICA;2010...2017;;SISTEMA  SMI / KOYO / JTEKT
37513;10;SIENA;DIREÇÃO HIDRÁULICA;2010...2016;;SISTEMA  SMI / KOYO / JTEKT
37514;10;STRADA;DIREÇÃO HIDRÁULICA;2010...;;SISTEMA  SMI / KOYO / JTEKT
37515;10;STRADA;ADVENTURE - CAB DUPLA - LOCKER  DIREÇÃO HIDRÁULICA;2010...;;SISTEMA  SMI / KOYO / JTEKT
37516;5;CORSA;NOVO  DIREÇÃO HIDRÁULICA;2002...2012;;SISTEMA DHB
37517;5;MERIVA;DIREÇÃO HIDRÁULICA;2002...2012;;
37518;5;CELTA;DIREÇÃO HIDRÁULICA;2001...;;SISTEMA DHB
37519;5;CLASSIC;DIREÇÃO HIDRÁULICA;2002...;;SISTEMA DHB
37520;5;CORSA;DIREÇÃO HIDRÁULICA;1994...2001;;SISTEMA DHB
37521;5;PRISMA;DIREÇÃO HIDRÁULICA;2006...2012;;SISTEMA DHB
37522;5;TIGRA;DIREÇÃO HIDRÁULICA;1997...2000;;SISTEMA DHB
37523;5;ASTRA;DIREÇÃO ELÉTRICA HIDRÁULICA;1999...2011;;
37524;5;VECTRA;DIREÇÃO ELÉTRICA HIDRÁULICA;2006...2011;;
37525;5;VECTRA;GT  DIREÇÃO ELÉTRICA HIDRÁULICA;2007...2011;;
37526;5;ZAFIRA;DIREÇÃO ELÉTRICA HIDRÁULICA;2001...2012;;
37527;5;CORSA;DIREÇÃO HIDRÁULICA;1994...1999;;
37528;5;TIGRA;DIREÇÃO HIDRÁULICA;1997...2000;;
37529;5;CORSA;DIREÇÃO MECÂNICA;1994...1999;;SISTEMA SAGINAW / DHB
37530;5;TIGRA;DIREÇÃO MECÂNICA;1994...2000;;SISTEMA SAGINAW / DHB
37531;5;VECTRA;DIREÇÃO HIDRÁULICA;1997...2005;;SISTEMA ZF  - COM RESPIRO -
37532;8;NUBIRA;DIREÇÃO HIDRÁULICA;1997...1999;;SISTEMA ZF  - COM RESPIRO -
37533;18;PAJERO;IO  DIREÇÃO HIDRÁULICA;1998...2002;;
37534;18;PAJERO;PININ  DIREÇÃO HIDRÁULICA;1998...;;
37535;18;PAJERO;TR4  DIREÇÃO HIDRÁULICA;2003...;;
37536;5;CHEVETTE;DIREÇÃO MECÂNICA;1973...1984;;
37537;5;CHEVY 500;DIREÇÃO MECÂNICA;1983...1995;;
37538;5;MARAJÓ;DIREÇÃO MECÂNICA;1980...1989;;
37539;5;CELTA;DIREÇÃO MECÂNICA;2001...;;
37540;5;CLASSIC;DIREÇÃO MECÂNICA;2002...;;
37541;5;CORSA;DIREÇÃO MECÂNICA;1994...2001;;
37542;5;MONTANA;DIREÇÃO MECÂNICA;2011...;;
37543;5;PRISMA;DIREÇÃO MECÂNICA;2006...2012;;
37544;5;TIGRA;DIREÇÃO MECÂNICA;1997...2000;;
37545;5;CORSA;DIREÇÃO MECÂNICA;2002...2012;;
37546;5;MERIVA;DIREÇÃO MECÂNICA;2002...2004;;
37547;5;MONTANA;DIREÇÃO MECÂNICA;2004...2005;;
37548;5;VECTRA;DIREÇÃO HIDRÁULICA;1997...2005;;SISTEMA SAGINAW / DHB
37549;5;AGILE;DIREÇÃO HIDRÁULICA;2010...2014;;ROSCA M16X1,5 -  M14X1,5
37550;5;MONTANA;DIREÇÃO HIDRÁULICA;2011...;;ROSCA M16X1,5 -  M14X1,5
37551;5;AGILE;DIREÇÃO HIDRÁULICA;2011...2014;;ROSCA M14X1,5 -  M14X1,5
37552;5;MONTANA;DIREÇÃO HIDRÁULICA;2011...;;ROSCA M14X1,5 -  M14X1,5
37553;11;COURIER;DIREÇÃO HIDRÁULICA;1999...2013;;
37554;11;FIESTA;DIREÇÃO HIDRÁULICA;1999...2007;;
37555;11;ESCORT;DIREÇÃO HIDRÁULICA / MECÂNICA;1983...1992;;SISTEMA MECÂNICO TRW / HIDRÁULICO TRINTER
37556;11;ESCORT;HOBBY  DIREÇÃO HIDRÁULICA / MECÂNICA;1993...1996;;SISTEMA MECÂNICO TRW / HIDRÁULICO TRINTER
37557;11;VERONA;DIREÇÃO HIDRÁULICA / MECÂNICA;1990...1992;;SISTEMA MECÂNICO TRW / HIDRÁULICO TRINTER
37558;26;APOLLO;DIREÇÃO HIDRÁULICA / MECÂNICA;1990...1992;;SISTEMA MECÂNICO TRW / HIDRÁULICO TRINTER
37559;11;ESCORT;DIREÇÃO HIDRÁULICA;1993...1996;;SISTEMA TRW
37560;11;ESCORT;ZETEC  DIREÇÃO HIDRÁULICA;1997...2003;;SISTEMA TRW
37561;11;VERONA;DIREÇÃO HIDRÁULICA;1993...1996;;SISTEMA TRW
37562;26;LOGUS;DIREÇÃO HIDRÁULICA;1993...1996;;SISTEMA TRW
37563;26;POINTER;DIREÇÃO HIDRÁULICA;1993...1996;;SISTEMA TRW
37564;11;ECOSPORT;4X2  DIREÇÃO HIDRÁULICA / MECÂNICA;2002...2013;;
37565;11;FIESTA;DIREÇÃO HIDRÁULICA / MECÂNICA;2002...;;
37566;11;KA;DIREÇÃO HIDRÁULICA / MECÂNICA;2008...2013;;
37567;11;FOCUS;SISTEMA HIDRÁULICO TRINTER  DIREÇÃO HIDRÁULICA;2000...2005;;SISTEMA TRINTER
37568;11;EXPLORER;DIREÇÃO HIDRÁULICA;1995...2003;;
37569;28;B2300;DIREÇÃO HIDRÁULICA;2001...2010;;
37570;28;B2500;DIREÇÃO HIDRÁULICA;1998...2001;;
37571;28;B3000;DIREÇÃO HIDRÁULICA;1998...2007;;
37572;28;B4000;DIREÇÃO HIDRÁULICA;1998...2010;;
37573;11;ESCORT;DIREÇÃO MECÂNICA;1993...1996;;
37574;11;VERONA;DIREÇÃO MECÂNICA;1993...1996;;
37575;26;LOGUS;DIREÇÃO MECÂNICA;1993...1996;;
37576;26;POINTER;DIREÇÃO MECÂNICA;1993...1996;;
37577;11;FIESTA;(INCLUSIVE PERSONNALITÉ / SUPERCHARGER)  DIREÇÃO MECÂNICA;2002...2014;;
37578;11;COURIER;DIREÇÃO HIDRÁULICA;1994...1996;;
37579;11;FIESTA;DIREÇÃO HIDRÁULICA;1994...1995;;
37580;11;KA;DIREÇÃO HIDRÁULICA;1997...2007;;
37581;5;CORSA;DIREÇÃO HIDRÁULICA;1994...1999;;SISTEMA TRINTER ARGENTINO
37582;11;COURIER;DIREÇÃO HIDRÁULICA;1997...2013;;SISTEMA TRINTER ARGENTINO
37583;11;ESCORT;DIREÇÃO HIDRÁULICA;1993...1996;;SISTEMA TRINTER ARGENTINO
37584;11;ESCORT;ZETEC  DIREÇÃO HIDRÁULICA;1997...2003;;SISTEMA TRINTER ARGENTINO
37585;11;FIESTA;DIREÇÃO HIDRÁULICA;1996...2002;;SISTEMA TRINTER ARGENTINO
37586;11;FIESTA;STREET  DIREÇÃO HIDRÁULICA;2002...2007;;SISTEMA TRINTER ARGENTINO
37587;11;VERONA;DIREÇÃO HIDRÁULICA;1993...1996;;SISTEMA TRINTER ARGENTINO
37588;11;VERONA;ZETEC  DIREÇÃO HIDRÁULICA;1997...;;SISTEMA TRINTER ARGENTINO
37589;11;BELINA;DIREÇÃO HIDRÁULICA / MECÂNICA;1970...1977;;
37590;11;BELINA II;DIREÇÃO HIDRÁULICA / MECÂNICA;1978...1989;;
37591;11;CORCEL;DIREÇÃO HIDRÁULICA / MECÂNICA;1968...1977;;
37592;11;CORCEL II;DIREÇÃO HIDRÁULICA / MECÂNICA;1978...1986;;
37593;11;DEL REY;DIREÇÃO HIDRÁULICA / MECÂNICA;1981...1991;;
37594;11;PAMPA;DIREÇÃO HIDRÁULICA / MECÂNICA;1969...2013;;
37595;11;ESCORT;DIREÇÃO MECÂNICA;1983...1992;;SISTEMA TRINTER ARGENTINO
37596;11;ESCORT;HOBBY  DIREÇÃO MECÂNICA;1993...1996;;SISTEMA TRINTER ARGENTINO
37597;11;VERONA;DIREÇÃO MECÂNICA;1983...1992;;SISTEMA TRINTER ARGENTINO
37598;26;APOLLO;DIREÇÃO MECÂNICA;1990...1992;;SISTEMA TRINTER ARGENTINO
37599;11;FOCUS;DIREÇÃO HIDRÁULICA;2010...2013;;
37600;11;ECOSPORT;DIREÇÃO ELÉTRICA;2013...;;
37601;11;FIESTA;DIREÇÃO ELÉTRICA;2011...;;
37602;11;KA;DIREÇÃO ELÉTRICA;2014...;;
37603;11;FOCUS;DIREÇÃO HIDRÁULICA;2006...2009;;
37604;11;ECOSPORT;4X4  DIREÇÃO HIDRÁULICA;2004...2012;;
37605;12;FIT;DIREÇÃO HIDRÁULICA;2003...2008;;
37606;12;CIVIC;DIREÇÃO ELÉTRICA;2006...2011;;
37607;12;CIVIC;2.0 SI  DIREÇÃO ELÉTRICA;2006...2011;;
37608;12;CIVIC;DIREÇÃO HIDRÁULICA;2006...2011;;
37609;14;DAILY;(HASTE REFORÇADA)  DIREÇÃO HIDRÁULICA;1997...2007;;
37610;20;206;DIREÇÃO HIDRÁULICA / MECÂNICA;2001...2009;;
37612;20;207;DIREÇÃO HIDRÁULICA / MECÂNICA;2008...2013;;
37613;20;HOGGAR;DIREÇÃO HIDRÁULICA / MECÂNICA;2010...;;
37614;7;BERLINGO;DIREÇÃO HIDRÁULICA / MECÂNICA;1998...2007;;
37615;7;XSARA;(INCLUSIVE BREAK)  DIREÇÃO HIDRÁULICA / MECÂNICA;1997...2004;;
37616;7;XSARA PICASSO;1.6 / 2.0  DIREÇÃO HIDRÁULICA / MECÂNICA;1999...2012;;
37617;7;ZX;DIREÇÃO HIDRÁULICA / MECÂNICA;1991...1998;;
37618;20;PARTNER;DIREÇÃO HIDRÁULICA / MECÂNICA;1999...;;
37619;7;C4;HATCH  (CHASSI ATÉ 10310)  DIREÇÃO HIDRÁULICA;2009...;;
37620;7;C4 PALLAS;(CHASSI ATÉ 10310)  DIREÇÃO HIDRÁULICA;2004...2012;;
37621;7;C4 VTR COUPE;(CHASSI ATÉ 10310)  DIREÇÃO HIDRÁULICA;2004...2009;;
37622;7;C4;HATCH  (CHASSI APÓS 10311)  DIREÇÃO HIDRÁULICA;2009...;;
37623;7;C4 PALLAS;(CHASSI APÓS 10311)  DIREÇÃO HIDRÁULICA;2004...2012;;
37624;7;C4 VTR COUPE;(CHASSI APÓS 10311)  DIREÇÃO HIDRÁULICA;2004...2009;;
37625;20;307;(CHASSI APÓS 10311)  DIREÇÃO HIDRÁULICA;2001...2011;;
37626;21;MEGANE;DIREÇÃO HIDRÁULICA;1999...2005;;
37627;21;SCENIC;DIREÇÃO HIDRÁULICA;1999...2006;;
37628;21;CLIO;DIREÇÃO HIDRÁULICA;1999...;;SISTEMA SMI / KOYO / JTEKT
37629;21;KANGOO;DIREÇÃO HIDRÁULICA;1998...;;SISTEMA SMI / KOYO / JTEKT
37630;21;SYMBOL;DIREÇÃO HIDRÁULICA;2009...;;SISTEMA SMI / KOYO / JTEKT
37631;21;CLIO;DIREÇÃO MECÂNICA;1999...;;
37632;21;KANGOO;DIREÇÃO MECÂNICA;1998...;;
37633;10;TEMPRA;DIREÇÃO HIDRÁULICA;1992...1994;;SISTEMA TRW
37634;21;CLIO;DIREÇÃO HIDRÁULICA;1999...;;SISTEMA TRW
37635;21;LOGAN;TRW  DIREÇÃO HIDRÁULICA;2007...2013;;
37636;21;SANDERO;TRW  DIREÇÃO HIDRÁULICA;2007...2013;;
37637;21;LOGAN;DIREÇÃO HIDRÁULICA;2007...2013;;
37638;21;SANDERO;DIREÇÃO HIDRÁULICA;2007...2013;;
37639;24;COROLLA;DIREÇÃO HIDRÁULICA;1992...2002;;
37640;24;RAV4;DIREÇÃO HIDRÁULICA;1994...2000;;
37641;24;COROLLA;DIREÇÃO HIDRÁULICA;2002...2008;;
37642;24;COROLLA FIELDER;DIREÇÃO HIDRÁULICA;2004...2008;;
37645;19;GRAND LIVINA;DIREÇÃO HIDRÁULICA;2009...2014;;
37646;19;LIVINA;DIREÇÃO HIDRÁULICA;2009...2014;;
37647;19;TIIDA;;2006...2013;;
37648;19;TIIDA;DIREÇÃO HIDRÁULICA;2006...2013;;
37649;19;SENTRA;DIREÇÃO HIDRÁULICA;2007...2012;;
37651;13;IX35;SÉRIE LM;2010...;;
37652;13;IX35;SÉRIE LM  DIREÇÃO HIDRÁULICA;2010...;;
37653;15;SPORTAGE;SÉRIE SL;2010...;;
37654;15;SPORTAGE;SÉRIE SL  DIREÇÃO HIDRÁULICA;2010...;;
37655;15;BESTA;DIREÇÃO MECÂNICA;2001...2005;;
37656;15;BONGO;K-2500  DIREÇÃO MECÂNICA;2001...;;
37657;15;BONGO;K-2700  DIREÇÃO MECÂNICA;2001...2012;;
37658;15;SOUL;DIREÇÃO ELÉTRICA;2009...2014;;
37659;5;TRACKER;2.0  DIREÇÃO HIDRÁULICA;1999...2009;;
37660;23;GRAND VITARA;1.6 / 2.0  DIREÇÃO HIDRÁULICA;1999...2005;;
37661;23;VITARA;1.6 / 2.0  DIREÇÃO HIDRÁULICA;1998...2004;;
37662;7;C3;DIREÇÃO ELÉTRICA;2002...2013;;
37666;10;DUCATO;;2002...2017;;1 BATENTE / 1 COIFA / 1 COXIM / 1 ROLAMENTO
37667;43;TIGGO 2;ACT;2018...;1.5;
37668;43;TIGGO 2;LOOK;2018...;1.5;
37669;43;TIGGO 3X;PLUS;2021...;1.0 TURBO;
37670;43;TIGGO 3X;PRO;2021...;1.0 TURBO;
37671;21;MASTER;;2013...;;1 BATENTE / 1 COIFA
37672;24;COROLLA;;2015...2019;;1 BATENTE / 1 COIFA
37676;5;COBALT;DIREÇÃO ELÉTRICA;2017...2019;;
37677;5;JOY;DIREÇÃO ELÉTRICA;2019...2022;;
37678;5;JOY PLUS;DIREÇÃO ELÉTRICA;2019...2022;;
37679;5;ONIX;DIREÇÃO ELÉTRICA;2017...2019;;
37680;5;PRISMA;DIREÇÃO ELÉTRICA;2017...2019;;
37681;5;SPIN;DIREÇÃO ELÉTRICA;2017...2019;;
37682;11;RANGER;;2019...;;
37687;112;FOZ;;...;;TAMPAS LATERAIS VIP SIMPLES AÇÃO (30 KG)
37688;112;MILLENIUM;BYD;...;;TAMPAS LATERAIS VIP SIMPLES AÇÃO (30 KG)
37689;125;ÔNIBUS;;...;;SIMPLES AÇÃO (25 KG)
37690;126;N5;;2012...;1.3 16V;
37691;84;320;ELITE;2009...;1.3 16V;
37692;11;ECOSPORT;3ª GERAÇÃO;2017...;;
37693;127;CAMPIONE;ÔNIBUS;...;;GRADE DIANTEIRA / PORTINHOLA SIMPLES AÇÃO (30 KG)
37694;127;MICRO ÔNIBUS;;...;;GRADE DIANTEIRA / PORTINHOLA SIMPLES AÇÃO (30 KG)
37695;127;ÔNIBUS;;...;;GRADE DIANTEIRA / PORTINHOLA SIMPLES AÇÃO (30 KG)
37696;127;SVELTO;ÔNIBUS;...;;GRADE DIANTEIRA SIMPLES AÇÃO (25 KG)
37697;127;CAMPIONE;ÔNIBUS;...;;GRADE DIANTEIRA SIMPLES AÇÃO (30 KG)
37699;127;VERSATILE;ÔNIBUS;...;;GRADE DIANTEIRA SIMPLES AÇÃO (30 KG)
37700;95;PARADISO;1200;2010...2012;;ÔNIBUS SIMPLES AÇÃO (80 KG)
37701;95;PARADISO;1350;2010...2012;;ÔNIBUS SIMPLES AÇÃO (80 KG)
37702;95;PARADISO;1550;2010...2012;;ÔNIBUS SIMPLES AÇÃO (80 KG)
37703;95;PARADISO;1600;2010...2012;;ÔNIBUS SIMPLES AÇÃO (80 KG)
37704;10;500;CABRIO;2011...;;
37705;11;FIESTA;HATCH;2016...;;4° GERAÇÃO
37708;10;500;ABARTH;2011...;TURBO;
37709;10;500;CULT;2011...;;MEXICANO
37713;10;LINEA;T-JET;2009...2012;1.4 TURBO;
37714;10;PUNTO;T-JET;2009...2016;1.4 TURBO;
37716;127;ÔNIBUS;;...;;POLTRONA LEITO
37726;5;ONIX;HATCH;2020...;1.0 TURBO;
37727;5;ONIX;SEDAN PLUS;2020...;1.0 TURBO;
37741;10;TORO;4x2 - (DIANTEIRA);2016...;;27 DENTES - 5 FUROS
37742;45;COMPASS;4X2 - (DIANTEIRA);2017...;;27 DENTES - 5 FUROS
37743;45;COMPASS;4X4 - (DIANTEIRA / TRASEIRA);2012...;;27 DENTES - 5 FUROS
37744;45;RENEGADE;4X2 - (DIANTEIRA);2015...;;27 DENTES - 5 FUROS
37746;38;G-440;;2019...;;CAMINHÃO
37747;38;P-270;;2012...;;CAMINHÃO
37748;38;SÉRIE 4;P/G/R/T - SUSPENSÃO REFORÇADA;...;;CAMINHÃO
37749;13;I30;;2007...2013;2.0;5 FUROS
37750;45;RENEGADE;4X4 - (DIANTEIRA / TRASEIRA);2015...;;DIANTEIRA / TRASEIRA 27 DENTES - 5 FUROS
37751;11;FUSION;TODOS OS MODELOS;2013...2019;;
37753;15;SOUL;;2009...2014;;PIVÔ PRENSADO
37754;5;TRACKER;LT / LTZ;10.2013...2016;1.8 FLEX;
37756;5;TRACKER;LT / LTZ  - CÂMBIO AUTOMÁTICO;2017...2020;1.4 TURBO;
37757;5;TRACKER;MIDNIGHT;2017...2020;1.4 TURBO;
37758;5;TRACKER;PREMIER;2017...2020;1.4 TURBO;
37759;5;CRUZE;;2016...;;
37760;5;CRUZE;;2016...;1.4  TURBO;
37761;45;COMPASS;SPORT;2011...2015;2.0 16V;
37765;45;COMPASS;4X4 - TRAILHAWK  - CÂMBIO AUTOMÁTICO;2017...;2.0 TURBO;TRANSMISSÃO AT9
37766;45;COMPASS;4X2  - CÂMBIO AUTOMÁTICO;2017...;2.0 TIGERSHARK;TRANSMISSÃO AT6
37767;45;COMPASS;TODOS OS MODELOS;2017...;;
37769;10;TORO;TODOS OS MODELOS  - CÂMBIO MANUAL;2019...2021;;
37774;78;COUNTRYMAN;R60;2006...2010;;
37775;15;SPORTAGE;II (JE_);09.2004...05.2010;;
37776;32;XC60;;2005...2008;;
37777;26;JETTA;;2006...2011;2.5;ø CORPO 54,7MM / ø HASTE 25 MM
37780;26;GOLF;GVI HIGHLINE;09.2013...;1.4;ø CORPO 49,5MM / ø HASTE 22 MM
37782;26;VIRTUS;;2018...;;ø CORPO 49,5MM / ø HASTE 22 MM
37784;4;A1;1ª GERAÇÃO;2011...2018;;ø CORPO 45,5 MM / ø HASTE 22 MM
37785;26;NIVUS;;2021...;;ø CORPO 49,5MM / ø HASTE 22 MM
37786;26;T-CROSS;;2020...;;ø CORPO 49,5MM / ø HASTE 22 MM
37787;26;FUSCA;(BEETLE);2013...2016;;ø CORPO 54,7MM / ø HASTE 25 MM
37788;5;TRACKER;TODOS OS MODELOS;10.2013...2020;;
37789;15;CERATO;;2014...;;
37790;12;ACCORD;TODOS OS MODELOS;2008...2012;;
37793;19;FRONTIER;;2018...;;
37802;26;JETTA;;2006...;2.5;1 BATENTE / 1 COIFA
37803;26;TOUAREG;;2002...;2.5;"ARO 17"""
37804;26;TOUAREG;;2002...;3.2;"ARO 17"""
37805;26;TOUAREG;;2002...;4.2;"ARO 17"""
37806;26;TOUAREG;;2002...;5.0;"ARO 17"""
37807;26;TOUAREG;;2006...2010;3.6;
37808;26;JETTA;;2006...;2.5;1 BATENTE / 1 COIFA / 1 COXIM COM ROLAMENTO
37809;5;S10;4X2 CABINE SIMPLES / CABINE DUPLA;06.2006...2011;;AMORTECEDOR AMARELO
37810;5;S10;4X4 CABINE SIMPLES E DUPLA;06.2006...2011;;AMORTECEDOR AMARELO
37811;5;S10;4X2 / 4X4 - CABINE DUPLA;06.2006...2011;;AMORTECEDOR AMARELO
37812;5;S10;4X2 / 4X4 - CABINE SIMPLES;06.2006...2011;;AMORTECEDOR AMARELO
37813;38;113;;...;;
37814;38;P,G e R;SÉRIE 5;...;;
37815;11;CARGO 1722;4X2;...;;
37816;11;CARGO 1723;4X2;...;;
37817;11;CARGO 1729;4X2;...;;
37818;11;CARGO 1731;4X2;...;;
37819;11;CARGO 1933;4X2;...;;
37820;11;CARGO 2422;6X2;...;;
37821;11;CARGO 2423;6X2;...;;
37822;11;CARGO 2428;6X2;...;;
37823;11;CARGO 2429;6X2;...;;
37824;11;CARGO 2431;6X2;...;;
37825;11;CARGO 3031;8X2;...;;
37832;13;HB20;;2020...;1.0;
37833;21;CAPTUR;CÂMBIO MANUAL;2017...;;
37835;21;CAPTUR;CÂMBIO AUTOMÁTICO;2017...;;
37837;14;STRALIS 490S44T;AS EUROTRONIC-ECOLINE;...;;
37838;14;STRALIS 490S44T;HI-WAY EUROTRONIC-ECOLINE;...;;
37839;14;STRALIS 490S48T;AS ECOLINE;...;;
37840;14;STRALIS 490S48T;AS EUROTRONIC-ECOLINE;...;;
37841;14;STRALIS 490S48T;HI-WAY EUROTRONIC-ECOLINE;...;;
37842;14;STRALIS 600S44T;AS EUROTRONIC-ECOLINE;...;;
37843;14;STRALIS 600S44T;AT EUROTRONIC-ECOLINE;...;;
37844;14;STRALIS 600S44T;HI-WAY EUROTRONIC-ECOLINE;...;;
37845;14;STRALIS 600S48T;AS EUROTRONIC-ECOLINE;...;;
37846;14;STRALIS 600S48T;HI-WAY EUROTRONIC-ECOLINE;...;;
37847;14;STRALIS 600S56T;AS EUROTRONIC-ECOLINE;...;;
37848;14;STRALIS 600S56T;HI-WAY EUROTRONIC-ECOLINE;...;;
37849;14;STRALIS 800S44T;(NOVO) HI-WAY EUROTRONIC-ECOLINE;...;;
37850;14;STRALIS 800S44T;AS EUROTRONIC-ECOLINE;...;;
37851;14;STRALIS 800S44T;AT EUROTRONIC-ECOLINE;...;;
37852;14;STRALIS 800S48T;AS ECOLINE;...;;
37853;14;STRALIS 800S48T;AS EUROTRONIC-ECOLINE;...;;
37854;14;STRALIS 800S48T;HI-WAY EUROTRONIC-ECOLINE;...;;
37855;14;STRALIS 800S56T;AS EUROTRONIC-ECOLINE;...;;
37856;14;STRALIS 800S56T;HI-WAY EUROTRONIC-ECOLINE;...;;
37857;14;STRALIS 200S38;;...;;
37858;14;STRALIS 200S41;NR;...;;
37859;14;STRALIS 200S42;;...;;
37860;14;STRALIS 200S44;AT ECOLINE;...;;
37861;14;STRALIS 200S44;AT EUROTRONIC-ECOLINE;...;;
37862;14;STRALIS 200S46;NR;...;;
37863;14;STRALIS 490S38T;;...;;
37864;14;STRALIS 490S41T;HR;...;;
37865;14;STRALIS 490S41T;NR;...;;
37866;14;STRALIS 490S42T;;...;;
37867;14;STRALIS 490S42T;HR;...;;
37868;14;STRALIS 490S44T;AT ECOLINE;...;;
37869;14;STRALIS 490S44T;AT EUROTRONIC-ECOLINE;...;;
37870;14;STRALIS 490S46T;HR;...;;
37871;14;STRALIS 490S46T;NR;...;;
37872;14;STRALIS 490S46T;NR EUROTRONIC;...;;
37873;14;STRALIS 570S38T;;...;;
37874;14;STRALIS 570S41T;NR;...;;
37875;14;STRALIS 570S42T;;...;;
37876;14;STRALIS 570S46T;NR;...;;
37877;14;STRALIS 570S46T;NR EUROTRONIC;...;;
37878;14;STRALIS 740S41TZ;NR;...;;
37879;14;STRALIS 740S42TZ;;...;;
37880;14;STRALIS 740S46T;NR EUROTRONIC;...;;
37881;14;STRALIS 740S46TZ;NR;...;;
37882;14;STRALIS 800S44T;AT ECOLINE;...;;
37883;14;STRALIS 800S44T;HI-WAY EUROTRONIC-ECOLINE;...;;
37884;14;STRALIS 800S48T;AT EUROTRONIC-ECOLINE;...;;
37885;24;HILUX;CD STD 4X4;2018...2021;2.8 16V;
37886;24;COROLLA;TODOS OS MODELOS - EXCETO 2.0;1992...1998;;
37887;26;TIGUAN;TODOS OS MODELOS;2010...2017;;ø CORPO 54,7MM / ø HASTE 25 MM
37889;26;FOX;;2004...;1.6L;
37890;26;POLO;;2002...2015;1.6L;
37891;10;ELBA;;1991...;;
37892;10;FIORINO;;1991...;;
37894;10;PREMIO;;1994...;;
37895;10;UNO;;1994...;;
37896;10;PALIO;;1999...;1.6L;
37897;10;STRADA;;1999...;1.6L;
37898;10;PALIO;;2000...2002;;
37899;10;SIENA;;2000...2002;;
37900;10;PALIO;;1999...;1.5L;
37901;10;STRADA;;1999...;1.5L;
37902;10;UNO;;1991...1996;;
37903;10;DUCATO;;1994...2006;;
37905;11;ECOSPORT;;2013...;1.6 / 2.0;
37907;11;ECOSPORT;;2013...;1.6 / 2.0;POSIÇÃO TRASEIRA DA BANDEJA
37909;11;ECOSPORT;;2013...;1.6;
37910;11;ECOSPORT;;2013...;2.0;
37911;11;ECOSPORT;4X4;2013...;;
37912;19;LIVINA;;2007...;;
37917;7;C3;;2011...2017;;
37918;7;C3 AIRCROSS;;2011...2017;;
37919;7;C3 PICASSO;;2009...2017;;
37920;7;C3;;2003...2013;1.4 / 1.6 / 8V / 16V;
37921;7;C3 AIRCROSS;;2009...;;
37922;7;C3 PICASSO;;2009...;;
37923;7;AIRCROSS;;2009...;;
37924;7;C3;;2009...;;
37925;20;208;;2009...;;
37926;26;CROSSFOX;;2008...;;
37927;26;FOX;;2008...;;
37928;26;POLO;HATCH / SEDAN;2008...;;
37929;26;SPACEFOX;;2008...;;
37930;26;FOX;;2015...;;
37931;26;POLO;HATCH / SEDAN;2015...;;
37932;26;SAVEIRO;G5;2015...;;
37933;26;SPACEFOX;;2015...;;
37934;26;VOYAGE;;2015...;;
37935;26;FOX;NOVO;2014...;;
37936;26;CROSSFOX;;2002...;;
37937;26;FOX;;2002...;;
37938;26;SPACEFOX;;2002...;;
37939;26;GOL;;1980...2010;;
37940;26;PARATI;;1980...2010;;
37941;26;QUANTUM;;1984...;;
37942;26;SAVEIRO;;1980...2010;;
37943;26;VOYAGE;;1980...2010;;
37944;10;PALIO;STYLE;1999...;;
37945;10;147;;1976...;;
37946;10;ELBA;;1976...;;
37947;10;FIORINO;;1976...;;
37948;10;PREMIO;;1984...;;
37949;10;UNO;;1984...;;
37950;5;CELTA;;2008...2015;;
37951;5;PRISMA;;2008...2015;;
37952;5;COBALT;;2017...;;
37953;5;SPIN;;2017...;;
37954;5;CORSA;NOVO;2000...;;
37955;5;MERIVA;;2002...;;
37956;5;COBALT;;2013...;1.4 / 1.8;
37957;5;ONIX;;2013...;1.0 / 1.4;
37958;5;PRISMA;NOVO;2013...;1.0 / 1.4;
37959;5;SPIN;REGULAR;2013...;1.8;
37960;5;COBALT;;2013...;1.8;
37961;5;ONIX;;2013...;1.4;
37962;5;PRISMA;NEW;2013...;1.4;
37963;5;SPIN;REGULAR;2013...;;
37964;5;VECTRA;SEDAN;1999...;1.8 / 2.0;
37966;5;ASTRA;HATCH / SEDAN / GSI;2000...;1.8 / 2.0;
37967;5;CRUZE;;2017...;;
37968;11;COURIER;;1999...;;
37969;11;FIESTA;;...2014;;
37970;11;ECOSPORT;(NOVO)  - CÂMBIO MANUAL;2013...;1.5 / 2.0;
37971;11;ECOSPORT;(NOVO)  - CÂMBIO MANUAL;2013...;2.0;
37974;11;ECOSPORT;4X2;2003...2012;1.0 / 1.6;
37975;11;F-250;4X4;2006...;EURO IIII;
37976;11;FIESTA;;2002...2013;1.0 / 1.6;
37978;11;ECOSPORT;4X4;2002...;2.0;
37980;11;ECOSPORT;CÂMBIO AUTOMÁTICO;2013...;2.0;
37981;7;C3;;2011...;;
37984;20;HOGGAR;;2008...;;
37986;20;HOGGAR;;2013...;;
37987;19;FRONTIER;;2003...;;
37988;19;XTERRA;;2003...;;
37989;18;PAJERO;IO - EXCETO FULL;2000...;;
37990;122;NEW CENTURY;;1990...2016;;
37995;10;PALIO;(EXCETO WEEKEND);1996...;;
37996;26;TIGUAN;;2016...2016;250 TSI;
38005;26;TAOS;;2021...;;
38006;19;KICKS;;2016...;;DIANTEIRA DA BANDEJA
38007;19;MARCH;;2012...;;DIANTEIRA DA BANDEJA
38008;19;VERSA;;2012...;;DIANTEIRA DA BANDEJA
38009;19;KICKS;;2016...;;TRASEIRA DA BANDEJA
38010;19;MARCH;;2012...;;TRASEIRA DA BANDEJA
38011;19;VERSA;;2012...;;TRASEIRA DA BANDEJA
38012;10;MAREA;;1998...2007;2.0 TURBO;
38013;10;MAREA WEEKEND;;1998...2007;2.0 TURBO;
38014;10;BRAVA;;1999...2003;1.6 / 1.8;
38015;25;T4;TODOS OS MODELOS;2001...;;
38021;10;ARGO;HGT  - CÂMBIO AUTOMÁTICO;2016...;1.8;
38022;10;ARGO;PRECISION  - CÂMBIO MANUAL;2016...;1.8;
38023;10;ARGO;PRECISION  - CÂMBIO AUTOMÁTICO;2016...;1.8;
38024;10;ARGO;HGT  - CÂMBIO MANUAL;2016...;1.8;
38030;10;DOBLO;;2004...2006;1.8 8V;25 DENTES Ø 37MM FUROS 4X98 MM
38031;10;DOBLO;ADVENTURE;2009...2011;1.8;25 DENTES Ø 37MM FUROS 4X98 MM
38032;10;DOBLO;ADVENTURE;2011...2015;1.8 ETORQ;25 DENTES Ø 37MM FUROS 4X98 MM
38033;10;IDEA;;2002...2010;1.8 8V;25 DENTES Ø 37MM FUROS 4X98 MM
38034;10;IDEA;ADVENTURE;2007...2010;1.8 8V;25 DENTES Ø 37MM FUROS 4X98 MM
38035;10;IDEA;ADVENTURE;2011...2015;1.8 16V ETORQ;25 DENTES Ø 37MM FUROS 4X98 MM
38036;10;PALIO;;2002...2003;1.8;25 DENTES Ø 37MM FUROS 4X98 MM
38037;10;STRADA;ADVENTURE;2011...2015;1.8 16V ETORQ;25 DENTES Ø 37MM FUROS 4X98 MM
38038;10;STRADA;FASE 4;2013...2020;1.8;25 DENTES Ø 37MM FUROS 4X98 MM
38039;10;DOBLO;;2002...2006;1.6 16V;22 DENTES Ø 37MM FUROS 4X98 MM
38040;10;DOBLO;;2002...2008;1.3 16V;22 DENTES Ø 37MM FUROS 4X98 MM
38041;10;DOBLO;CARGO;2011...2015;1.8 16V E-TORQ;22 DENTES Ø 37MM FUROS 4X98 MM
38042;10;FIORINO;TODOS OS MODELOS;1994...2011;;22 DENTES Ø 37MM FUROS 4X98 MM
38043;10;PALIO WEEKEND;ADVENTURE;2002...2008;1.3 / 1.6 - 16V;22 DENTES Ø 37MM FUROS 4X98 MM
38044;10;STRADA;;1999...2001;1.5 / 1.6;22 DENTES Ø 37MM FUROS 4X98 MM
38045;10;STRADA;;2007...2013;1.4;22 DENTES Ø 37MM FUROS 4X98 MM
38046;10;STRADA;FASE 4;2013...2020;1.8;22 DENTES Ø 37MM FUROS 4X98 MM
38047;10;STRADA;FASE 4;2013...2020;1.8;4 FUROS Ø 30MM
38048;10;DOBLO;ADVENTURE;2007...2009;1.8;27 DENTES Ø 37MM FUROS 4X98 MM
38049;10;DOBLO;ADVENTURE LOCKER;2010...2014;1.8 8V;27 DENTES Ø 37MM FUROS 4X98 MM
38050;10;IDEA;ADVENTURE;2011...2014;1.8 16V;27 DENTES Ø 37MM FUROS 4X98 MM
38051;10;PALIO WEEKEND;;2009...2014;1.8;27 DENTES Ø 37MM FUROS 4X98 MM
38052;10;PALIO WEEKEND;ADVENTURE;2009...2014;1.3 16V;27 DENTES Ø 37MM FUROS 4X98 MM
38053;10;PALIO WEEKEND;ADVENTURE - LOCKER;2009...2015;1.8;27 DENTES Ø 37MM FUROS 4X98 MM
38054;10;STRADA;ADVENTURE;2009...2015;1.8 8V;27 DENTES Ø 37MM FUROS 4X98 MM
38055;10;STRADA;ADVENTURE - LOCKER;2009...2015;1.8 8V;27 DENTES Ø 37MM FUROS 4X98 MM
38056;10;STRADA;FASE 4;2013...2020;1.8;27 DENTES Ø 37MM FUROS 4X98 MM
38059;20;206;;03.2007...;1.4;1 BATENTE / 1 COIFA / 1 COXIM / 1 ROLAMENTO
38060;20;206;;03.2007...;1.6;1 BATENTE / 1 COIFA / 1 COXIM / 1 ROLAMENTO
38061;20;207;;2008...;1.4;1 BATENTE / 1 COIFA / 1 COXIM / 1 ROLAMENTO
38062;20;207;;2008...;1.6;1 BATENTE / 1 COIFA / 1 COXIM / 1 ROLAMENTO
38063;20;207;;2008...;1.0;1 BATENTE / 1 COIFA / 1 COXIM / 1 ROLAMENTO
38064;20;207 SW;TODOS OS MODELOS;2005...;;
38065;24;COROLLA CROSS;TODOS OS MODELOS;2022...;;INCLUSIVE HYBRID
38068;21;CLIO;;1996...2004;;Ø FURO DO PIVÔ (10 MM)
38070;24;COROLLA;XEI;2020...;2.0;
38071;24;ETIOS;HATCH;2017...;;TODOS OS MODELOS
38072;24;ETIOS;SEDAN;2017...;;TODOS OS MODELOS
38073;32;FH;;2015...;;
38074;5;CRUZE;HATCH - SPORT 6;2017...;;
38075;15;RIO;;2020...;;
38076;4;Q3;;2019...;;
38077;24;COROLLA;;2020...;;COM BUCHAS / SEM PIVÔ
38082;21;LOGAN;1º GERAÇÃO - TODOS OS MODELOS;2007...2013;;
38086;21;SANDERO;STEPWAY - 1ª GERAÇÃO;2007...2014;;
38087;21;LOGAN;2ª GERAÇÃO;2014...2020;1.0;
38093;21;SANDERO;1º GERAÇÃO - TODOS OS MODELOS (EXCETO STEPWAY);2007...2014;;
38094;21;LOGAN;2ª GERAÇÃO (X-TRONIC)  - CÂMBIO AUTOMÁTICO CVT;2020...;1.6;
38095;21;SANDERO;2ª GERAÇÃO (X-TRONIC)  - CÂMBIO AUTOMÁTICO CVT;2020...;1.6;
38096;21;SANDERO;STEPWAY - 1ª E 2ª GERAÇÕES - TODOS OS MODELOS;2007...;;
38097;21;SANDERO;1º GERAÇÃO - TODOS OS MODELOS - EXCETO STEPWAY;2007...2014;;
38098;21;LOGAN;2ª GERAÇÃO - TODOS OS MODELOS - EXCETO MOTOR 1.6 COM CÂMBIO CVT X-TRONIC;2014...;;
38099;21;SANDERO;2ª GERAÇÃO - TODOS OS MODELOS - EXCETO MOTOR 1.6 COM CÂMBIO CVT X-TRONIC E STEPWAY 2ª GERAÇÃO;2015...;;
38100;21;SANDERO;2ª GERAÇÃO - EXCETO STEPWAY;2015...2020;1.0;
38101;21;LOGAN;2ª GERAÇÃO - EXCETO CÂMBIO CVT X-TRONIC;2014...2020;1.6;
38102;21;SANDERO;2ª GERAÇÃO - EXCETO CÂMBIO CVT X-TRONIC E STEPWAY;2015...2020;1.6;
38104;24;ETIOS;HATCH;2012...;1.3 / 1.5;
38105;24;ETIOS;SEDAN;2012...;1.3 / 1.5;
38106;5;VECTRA;CÂMBIO AUTOMÁTICO;2006...;2.0 / 2.4;1 BATENTE / 1 COIFA / 1 COXIM / 1 LOCALIZADOR COM ROLAMENTO
38107;5;ZAFIRA;CÂMBIO AUTOMÁTICO;2001...;2.0 MPFI 8V / SFI 16V;1 BATENTE / 1 COIFA / 1 COXIM / 1 LOCALIZADOR COM ROLAMENTO
38108;7;BERLINGO;TODOS OS MODELOS - PASSAGEIROS;1998...2007;;EXCETO FURGÃO
38109;20;PARTNER;TODOS OS MODELOS - VAN DE PASSAGEIROS;2010...2013;;EXCETO FURGÃO
38110;13;CRETA;;2017...2020;;
38116;45;COMPASS;4X2  - CÂMBIO AUTOMÁTICO;2017...2021;2.0;COIFA EM TERMOPLÁSTICO
38117;37;RANDON;KIT DE REPOSIÇÃO;...;;
38118;4;A1;;2014...;1.4 TFSI;
38120;38;K-340;;...;;
38121;38;K-380;;...;;
38122;38;K-420;;...;;
38123;38;K-270;;...;;
38124;38;L-94;;...;;
38125;19;MARCH;;2011...2020;1.6;
38126;19;VERSA;IMPORTADO;2021...;1.6;
38127;19;VERSA;NACIONAL;2011...;;
38128;13;SONATA;TODOS OS MODELOS;2015...2019;;
38129;13;TUCSON;(NOVA) - TODOS OS MODELOS;2016...2020;;
38130;15;SPORTAGE;TODOS OS MODELOS;2017...2020;;
38133;26;NEW BEETLE;;2013...2016;;
38134;26;TIGUAN;;08.2012...2017;;
38135;7;C3;TODOS;2009...2012;;
38136;7;C4;;2009...2013;;
38137;7;C4 GRAND PICASSO;;2008...2015;;
38138;7;C4 PALLAS;;2007...2013;;
38139;7;C4 PICASSO;;2009...2019;;
38140;5;S10;4X2 / 4X4;2012...2016;;
38141;5;TRAILBLAZER;4X2 / 4X4;2013...2016;;
38142;24;COROLLA;;2008...2019;;
38144;43;TIGGO;;2009...2015;;
38145;43;TIGGO 3X;;2021...;;
38147;10;500;;2012...2019;;
38148;84;X60;;2013...2017;;
38150;5;SILVERADO;;1997...2002;GASOLINA;
38151;10;FIORINO;MODELO NOVO;2014...;;
38152;10;IDEA;ELX;2005...2016;1.4;
38153;10;IDEA;HLX;2005...2016;1.8;
38154;11;TRANSIT;;2009...2014;;
38155;43;TIGGO 5X;;2019...;1.5 16V TURBO;
38157;11;FIESTA;NACIONAL;1996...2001;1.0 / 1.3 / 1.4 / 1.6;
38158;11;FIESTA;STREET HATCH;1996...01.2006;;TODOS
38159;11;FIESTA;STREET SEDAN;2001...2006;;
38160;17;O-500;1632 / 1725;2001...2008;;
38161;17;O-500;EURO V;...;;
38162;10;STRADA;CABINE SIMPLES;2020...;;
38163;10;STRADA;CABINE DUPLA;2020...;;
38164;26;JETTA;;2019...;250 TSI;
38165;5;ONIX;HATCH;2020...;;
38171;16;FREELANDER 2;;2006...2013;;
38172;5;ONIX;;2020...;;1 BATENTE / 1 COIFA  / 1 COXIM
38173;5;ONIX PLUS;;2020...;;1 BATENTE / 1 COIFA  / 1 COXIM
38174;5;CRUZE;HATCH;2017...;1.4;1 BATENTE / 1 COIFA / 1 COXIM / 1 ROLAMENTO
38175;5;CRUZE;SEDAN;2017...;1.4;1 BATENTE / 1 COIFA / 1 COXIM / 1 ROLAMENTO
38176;13;AZERA;TODOS OS MODELOS;2008...2011;;
38177;10;FIORINO;FURGÃO (TODOS OS MODELOS);2013...;1.4 8V EVO - FLEX;
38178;20;PARTNER;RAPID FURGÃO (TODOS OS MODELOS);2023...;1.4 8V EVO - FLEX;
38179;26;DELIVERY;EXPRESS;2017...2021;2.8L CUMMINS ISF;
38180;26;DELIVERY;EXPRESS+;2022...;3.0L F1C;
38181;26;4.150;DELIVERY;2017...2021;;
38182;26;4.160;DELIVERY;2020...;;
38183;17;C-180;;2008...2012;;CLASSE C W204
38184;17;C-200;;2008...2012;;CLASSE C W204
38185;17;C-250;;2008...2012;;CLASSE C W204
38186;17;C-300;;2008...2012;;CLASSE C W204
38187;17;C-350;;2008...2012;;CLASSE C W204
38188;17;C-63;AMG;2008...2012;;CLASSE C W204
38189;26;DELIVERY;EXPRESS;2018...;2.8;
38210;26;KOMBI;;1998...2013;1.4;
38211;26;KOMBI;;1998...2013;1.6;
38212;5;ASTRA;;1994...2011;2.0;
38213;5;ASTRA;;1999...2012;1.8;
38214;5;VECTRA;;1994...1996;1.8;
38215;5;VECTRA;;1994...2011;2.0;
38216;5;VECTRA;;1997...2006;2.2;
38217;5;VECTRA;;2006...2011;2.4;
38218;5;ZAFIRA;;2001...2012;2.0;
38219;5;COBALT;CÂMBIO MANUAL;2013...2019;1.8;
38220;5;ONIX;CÂMBIO MANUAL;2013...2019;1.0;
38221;5;PRISMA;CÂMBIO MANUAL;2013...2019;1.0;
38222;5;SPIN;CÂMBIO MANUAL;2013...2019;1.8;
38223;5;COBALT;CÂMBIO MANUAL;2013...2019;1.4;
38224;5;ONIX;CÂMBIO MANUAL;2013...2019;1.4;
38225;5;PRISMA;CÂMBIO MANUAL;2013...2019;1.4;
38226;7;C3;CÂMBIO AUTOMÁTICO;2010...2015;1.4;
38227;13;I30;CÂMBIO MANUAL;2010...2012;;
38228;15;SOUL;CÂMBIO MANUAL;2009...2015;1.6;
38229;24;COROLLA;CÂMBIO AUTOMÁTICO;2003...2008;1.8;
38231;10;DOBLO;;2011...2019;1.8 E-TORQ;
38232;10;IDEA;;2011...2016;1.6 / 1.8 E-TORQ;
38234;10;PUNTO;;2011...2017;1.6 / 1.8 E-TORQ;
38235;10;STRADA;;2012...2019;1.8 E-TORQ / 1.4;
38236;5;AGILE;;2009...2014;1.4;
38237;5;CELTA;;2013...2015;1.0;
38238;5;CORSA;CLASSIC;2010...2015;1.4;
38239;5;CORSA;CLASSIC;2013...2015;1.0;
38240;10;PULSE;;2021...;;1 BATENTE / 1 COIFA
38241;21;OROCH;;2016...;;1 BATENTE / 1 COIFA
38242;79;CAMINHÃO;;...;;
38243;38;P,R e S;;2019...;;BAGAGEIRO DA CABINE
38244;38;SÉRIE 6;;2019...;;BAGAGEIRO DA CABINE
38245;38;SÉRIE 6;;2019...;;
38246;38;SÉRIE 6;;2019...;;INFERIOR
38247;38;SÉRIE 6;;2019...;;SUPERIOR
38248;38;SÉRIE L;;2019...;;SUPERIOR
38249;38;SÉRIE P;;2019...;;SUPERIOR
38250;38;SÉRIE 4;;2008...;;GRADE INFERIOR
38251;38;SÉRIE 4;;2008...;;SUPERIOR
38252;21;OROCH;;2016...;;1 BATENTE / 1 COIFA / 1 COXIM / 1 ROLAMENTO
38255;4;A3;TODOS;2003...2020;;
38256;4;Q3;TODOS;2012...2021;;
38257;19;LEAF;;2020...;ELÉTRICO;
38259;26;CONSTELLATION;;...;;
38260;11;FIESTA;HATCH;2003...2014;;(NACIONAL)
38261;11;FIESTA;SEDAN;2003...2014;;(NACIONAL)
38268;7;C4 PICASSO;;2001...2010;;"1-MANCAL; 1-ABRAÇADEIRA; 1-ARRUELA; 1-PARAFUSO"
38269;7;C4 PICASSO;;2001...;;1 BATENTE / 1 COIFA
38270;7;C4 PICASSO;;2001...;;1 BATENTE
38271;7;C4 PALLAS;EXCLUSIVE;2005...;2.0 - 16V;SISTEMA TEVES
38272;7;C4 LOUNGE;EXCLUSIVE;2013...;2.0;SISTEMA BOSCH
38273;7;C4 LOUNGE;EXCLUSIVE TURBO;2013...;2.0;SISTEMA BOSCH
38274;7;C4 LOUNGE;ORIGINE;2013...;2.0;SISTEMA BOSCH
38275;7;C4 LOUNGE;TENDANCE;2013...;2.0;SISTEMA BOSCH
38276;7;C4 PICASSO;;2001...;;1 BATENTE / 1 COIFA / 1 COXIM / 1 ROLAMENTO
38279;10;STRADA;ADVENTURE CABINE ESTENDIDA;2002...2020;;EXCETO CABINE DUPLA
38280;10;STRADA;LOCKER CABINE ESTENDIDA;2009...2016;;EXCETO CABINE DUPLA
38283;45;COMPASS;4X2  - CÂMBIO AUTOMÁTICO;2017...2021;2.0;
38284;32;FH;TODOS;...;;
38285;32;NH;TODOS;...;;
38286;26;FOX;CÂMBIO MANUAL;2015...;1.6;33 DENTES INTERNOS/ 22 DENTES EXTERNOS
38287;26;GOL;CÂMBIO MANUAL;2016...;1.6;33 DENTES INTERNOS/ 22 DENTES EXTERNOS
38288;26;SAVEIRO;CÂMBIO MANUAL;2013...;1.6;33 DENTES INTERNOS/ 22 DENTES EXTERNOS
38289;26;VOYAGE;CÂMBIO MANUAL;2017...;1.6;33 DENTES INTERNOS/ 22 DENTES EXTERNOS
38290;45;COMPASS;4X2;2017...2021;2.0;26 DENTES INTENOS / 27 DENTES EXTERNOS
38291;5;S10;4X4;2012...2016;;
38292;5;TRAILBLAZER;4X4;2012...2016;;
38293;24;COROLLA;CÂMBIO MANUAL;2014...2016;1.8;
38294;11;COURIER;DIREÇÃO HIDRÁULICA;2000...2013;;
38295;11;FIESTA;STREET SEDAN  DIREÇÃO HIDRÁULICA;2000...2003;;
38296;11;COURIER;DIREÇÃO MECÂNICA;2000...2013;;
38297;11;FIESTA;STREET SEDAN  DIREÇÃO MECÂNICA;2000...2003;;
38298;13;HB20;HATCH  - CÂMBIO AUTOMÁTICO / MANUAL;2012...2019;;
38299;13;HB20;SEDAN  - CÂMBIO AUTOMÁTICO / MANUAL;2012...2019;;
38300;11;ECOSPORT;4X2  - CÂMBIO MANUAL;2003...2012;;EXCETO 4X4 E AUTOMÁTICO
38301;10;GRAND SIENA;;2012...;;1 BATENTE / 1 COIFA / 1 ANEL
38302;11;FOCUS;TODOS OS MODELOS;2014...;;
38303;12;CR-V;TODOS OS MODELOS;2007...2016;;
38304;12;HR-V;TODOS OS MODELOS;2016...;;
38306;24;YARIS;TODOS;2018...;;
38307;19;FRONTIER;;1998...2007;;
38309;18;L200;OUTDOOR;2003...2011;;
38310;18;L200;SAVANA;2003...2011;;
38311;18;L200;SPORT;2003...2011;;
38312;18;PAJERO;SPORT;1998...2011;;
38313;18;PAJERO;TODOS;1992...2000;;
38314;10;TORO;TODOS OS MODELOS;2016...;;
38318;5;CRUZE;TODOS OS MODELOS;2017...;;
38319;12;CIVIC;TODOS OS MODELOS  DIREÇÃO ELÉTRICA;2012...2016;;
38323;19;KICKS;TODOS;2017...;;
38324;4;A3;CÂMBIO AUTOMÁTICO;2000...2006;1.8 / 2.0;DENTES INTERNO 30 , Ø ROLAMENTO 39,30 mm
38325;26;GOLF;CÂMBIO AUTOMÁTICO;2002...2006;1.8;DENTES INTERNO 30 , Ø ROLAMENTO 39,30 mm
38342;10;PALIO;INCLUSIVE NOVO PALIO;2001...;;
38347;19;FRONTIER;TODOS OS MODELOS;1998...2007;;
38348;19;XTERRA;TODOS OS MODELOS;1998...2007;;
38349;26;JETTA;;2011...;;
38350;10;DUCATO;1800 KG;2002...2017;;
38351;10;DUCATO;(1.000 / 1.800 KG);2002...2017;;INÍCIO DO CONE COM 17MM
38352;19;VERSA;;2007...2012;;
38353;26;JETTA;;1998...2009;;
38354;7;JUMPER;DIREÇÃO HIDRÁULICA;1994...2017;2.5 / 2.8;(HASTE REFORÇADA)
38355;10;DUCATO;DIREÇÃO HIDRÁULICA;1994...2017;;(HASTE REFORÇADA)
38356;20;BOXER;DIREÇÃO HIDRÁULICA;1994...2017;;(HASTE REFORÇADA)
38357;10;DUCATO;DIREÇÃO HIDRÁULICA;2002...2017;;
38358;10;DUCATO;;2008...;;"ARO 16"" DENTES INTERNO 29 - EXTERNO 35 - FÔNICA 54, TRAVA INTERNA, COM/SEM ABS"
38387;11;ESCORT;;1993...1996;1.8 / 2.0;DENTES INTERNO 33
38388;11;ROYALE;CÂMBIO AUTOMÁTICO / MANUAL;12.1992...1995;1.8 / 2.0;DENTES INTERNO 33
38389;11;ROYALE;CÂMBIO AUTOMÁTICO / MANUAL;1996...1996;1.8 / 2.0;DENTES INTERNO 33
38390;11;VERONA;;10.1993...1997;1.8 / 2.0;DENTES INTERNO 33
38391;11;VERSAILLES;CÂMBIO AUTOMÁTICO / MANUAL;12.1992...1995;1.8 / 2.0;DENTES INTERNO 33
38392;11;VERSAILLES;CÂMBIO AUTOMÁTICO / MANUAL;1996...1996;1.8 / 2.0;DENTES INTERNO 33
38393;26;LOGUS;;1993...1997;1.8 / 2.0;DENTES INTERNO 33
38394;26;POINTER;;1993...1996;1.8 / 2.0;DENTES INTERNO 33
38395;26;QUANTUM;CÂMBIO AUTOMÁTICO / MANUAL;12.1992...1995;1.8 / 2.0;DENTES INTERNO 33
38396;26;QUANTUM;CÂMBIO AUTOMÁTICO / MANUAL;1996...2002;1.8 / 2.0;DENTES INTERNO 33
38397;26;SANTANA;CÂMBIO AUTOMÁTICO / MANUAL;12.1992...1995;1.8 / 2.0;DENTES INTERNO 33
38398;26;SANTANA;CÂMBIO AUTOMÁTICO / MANUAL;1996...2006;1.8 / 2.0;DENTES INTERNO 33
38444;5;ASTRA;CÂMBIO MANUAL;1999...2012;2.0 16V;DENTES INTERNO 25 - EXTERNO 34
38445;5;IPANEMA;CÂMBIO AUTOMÁTICO / MANUAL;1989...1997;1.8;DENTES INTERNO 25 - EXTERNO 34
38446;5;KADETT;CÂMBIO AUTOMÁTICO / MANUAL;1989...1998;1.8;DENTES INTERNO 25 - EXTERNO 34
38447;5;MONZA;CÂMBIO MANUAL;1982...1996;1.6 / 1.8;DENTES INTERNO 25 - EXTERNO 34
38448;5;VECTRA;CÂMBIO MANUAL;1994...1996;1.8 / 2.0;DENTES INTERNO 25 - EXTERNO 34
38449;5;VECTRA;CÂMBIO MANUAL;1997...2006;2.2 16V;DENTES INTERNO 25 - EXTERNO 34
38450;5;VECTRA;CÂMBIO MANUAL;2006...2010;2.4 16V;DENTES INTERNO 25 - EXTERNO 34
38451;5;ZAFIRA;CÂMBIO MANUAL;2001...2012;2.0 16V;DENTES INTERNO 25 - EXTERNO 34
38452;5;ASTRA;;1999...2012;1.8 / 2.0 8V;DENTES INTERNO 25 - EXTERNO 22
38460;5;COBALT;CÂMBIO AUTOMÁTICO;2013...2016;1.8;DENTES INTERNO 30 - EXTERNO 22
38461;5;ONIX;CÂMBIO AUTOMÁTICO;2013...;1.4;DENTES INTERNO 30 - EXTERNO 22
38462;5;PRISMA;CÂMBIO AUTOMÁTICO;2013...;1.4;DENTES INTERNO 30 - EXTERNO 22
38463;5;COBALT;CÂMBIO MANUAL;2013...2017;1.4;DENTES INTERNO 22 - EXTERNO 22
38464;5;ONIX;CÂMBIO MANUAL;2013...;1.4;DENTES INTERNO 22 - EXTERNO 22
38465;5;PRISMA;CÂMBIO MANUAL;2013...;1.4;DENTES INTERNO 22 - EXTERNO 22
38466;11;RANGER;4X4;1998...2003;;DENTES INTERNO 34 - EXTERNO 27
38467;11;RANGER;4X4;1998...2003;;DENTES INTERNO 34 - EXTERNO 26
38473;21;DUSTER;4X2  - CÂMBIO MANUAL;2011...2016;1.6;DENTES INTERNO 33 - EXTERNO 26
38476;21;DUSTER;CÂMBIO AUTOMÁTICO;2012...2019;2.0;DENTES INTERNO 33 - EXTERNO 26
38477;21;OROCH;CÂMBIO AUTOMÁTICO;2016...2019;2.0;DENTES INTERNO 33 - EXTERNO 26
38479;21;LOGAN;CÂMBIO MANUAL;2008...2012;1.0;DENTES INTERNO 28 - EXTERNO 23
38480;21;SANDERO;CÂMBIO MANUAL;2008...2012;1.0;DENTES INTERNO 28 - EXTERNO 23
38482;24;COROLLA;CÂMBIO AUTOMÁTICO;2017...2019;1.8;DENTES INTERNO 30 - EXTERNO 20
38486;13;I30;CÂMBIO MANUAL;2009...2012;2.0 16V;DENTES INTERNO 22 - EXTERNO 27
38487;18;L200;TRITON - 4X4  - CÂMBIO MANUAL;2008...2020;3.2;DENTES INTERNO 33 - EXTERNO 28
38488;18;PAJERO;DAKAR - 4X4  - CÂMBIO AUTOMÁTICO;2010...2015;3.5;DENTES INTERNO 33 - EXTERNO 28
38500;26;GOL;;05.1980...08.1986;1.3;DENTES INTERNO 30 - EXTERNO 22, TRAVA EXTERNA, SEM ABS
38501;26;PARATI;;1982...1986;1.6;DENTES INTERNO 30 - EXTERNO 22, TRAVA EXTERNA, SEM ABS
38502;26;PASSAT;;1975...1986;1.5 / 1.6;DENTES INTERNO 30 - EXTERNO 22, TRAVA EXTERNA, SEM ABS
38503;26;SAVEIRO;;1980...1986;1.3 / 1.6;DENTES INTERNO 30 - EXTERNO 22, TRAVA EXTERNA, SEM ABS
38504;26;VOYAGE;;08.1981...1986;1.5;DENTES INTERNO 30 - EXTERNO 22, TRAVA EXTERNA, SEM ABS
38556;17;CLASSE A;;1999...2005;1.6;DENTES INTERNO 28 - EXTERNO 24 - FÔNICA 48, TRAVA INTERNA, COM ABS
38598;10;TIPO;;1992...1997;1.6;DENTES INTERNO 20 - EXTERNO 22, TRAVA EXTERNA, SEM ABS
38605;10;FIORINO;;1994...;1300 / 1500;DENTES INTERNO 20 - EXTERNO 22, TRAVA EXTERNA, SEM ABS
38606;10;FIORINO;;1994...1995;1600;DENTES INTERNO 20 - EXTERNO 22, TRAVA EXTERNA, SEM ABS
38611;10;BRAVA;;2000...2003;1.8;DENTES INTERNO 25 - EXTERNO 25, TRAVA EXTERNA, SEM ABS
38612;10;MAREA;;1998...2004;1.8 16V;DENTES INTERNO 25 - EXTERNO 25, TRAVA EXTERNA, SEM ABS
38613;10;MAREA WEEKEND;(EXCETO TURBO);1998...2006;1.8;DENTES INTERNO 25 - EXTERNO 25, TRAVA EXTERNA, SEM ABS
38620;10;BRAVA;;1999...2002;1.6;DENTES INTERNO 22 - EXTERNO 25, TRAVA EXTERNA, SEM ABS
38621;10;MAREA;;2006...2009;1.6;DENTES INTERNO 22 - EXTERNO 25, TRAVA EXTERNA, SEM ABS
38634;10;TEMPRA;;1992...1999;2.0;DENTES INTERNO 25 - EXTERNO 25 - FÔNICA 44, TRAVA INTERNA, COM ABS
38635;10;TIPO;;1994...1997;2.0;DENTES INTERNO 25 - EXTERNO 25 - FÔNICA 44, TRAVA INTERNA, COM ABS
38686;5;CRUZE;CÂMBIO MANUAL;2012...2016;1.8 16V;DENTES INTERNO 23 - EXTERNO 33, TRAVA CENTRAL, SEM ABS
38694;5;CAPTIVA;SPORT;2008...2014;3.6 V6;DENTES INTERNO 36 - EXTERNO 30, TRAVA EXTERNA, SEM ABS
38695;5;CAPTIVA;CÂMBIO AUTOMÁTICO;2008...2010;2.4;DENTES INTERNO 24 - EXTERNO 30, TRAVA CENTRAL, SEM ABS
38704;11;FUSION;CÂMBIO AUTOMÁTICO;2006...2016;2.3;DENTES INTERNO 32 - EXTERNO 28, TRAVA INTERNA, COM ABS
38705;11;FUSION;CÂMBIO AUTOMÁTICO;2006...2016;2.5;DENTES INTERNO 32 - EXTERNO 28, TRAVA INTERNA, COM ABS
38737;11;ESCORT;;12.1992...1996;1.6 AP;DENTES INTERNO 30 - EXTERNO 25, TRAVA INTERNA, SEM ABS
38738;26;LOGUS;;1992...1996;1.6 AE;DENTES INTERNO 30 - EXTERNO 25, TRAVA INTERNA, SEM ABS
38743;11;EXPLORER;4X4;2000...2004;;DENTES INTERNO 34 - EXTERNO 27, TRAVA EXTERNA, SEM ABS
38744;11;RANGER;4X4;2000...2004;;DENTES INTERNO 34 - EXTERNO 27, TRAVA EXTERNA, SEM ABS
38749;12;CIVIC;;1997...2000;1.6;DENTES INTERNO 32 - EXTERNO 26 - FÔNICA 50, TRAVA INTERNA, COM/SEM ABS
38751;12;CIVIC;8ª GERAÇÃO   - CÂMBIO AUTOMÁTICO;2006...2011;;DENTES INTERNO 22 - EXTERNO 26, TRAVA CENTRAL, COM/SEM ABS
38764;20;206;;1998...2010;1.6;DENTES INTERNO 22 - EXTERNO 25 - FÔNICA 48, TRAVA CENTRAL, COM ABS
38767;21;MEGANE;CÂMBIO MANUAL;2001...2012;1.6 16V;COM EIXO GKN DENTES INTERNO 21 - EXTERNO 23 - FÔNICA 44, TRAVA CENTRAL, COM ABS
38783;21;MEGANE;;2001...;1.6 16V;DENTES INTERNO 21 - EXTERNO 23, TRAVA CENTRAL, SEM ABS
38784;21;SCENIC;;2001...;1.6 16V;DENTES INTERNO 21 - EXTERNO 23, TRAVA CENTRAL, SEM ABS
38791;24;HILUX;SW4 3.0 TURBO DIESEL;2001...2004;;DENTES INTERNO 27 - EXTERNO 30, TRAVA INTERNA, SEM ABS
38792;24;HILUX;4X4;1997...2008;2.8 -  DIESEL;COM EIXO DANA DENTES INTERNO 34 - EXTERNO 26, TRAVA INTERNA, SEM ABS
38795;24;BANDEIRANTE;;1983...1998;;DENTES INTERNO 27 - EXTERNO 30, TRAVA INTERNA, SEM ABS
38796;24;COROLLA;CÂMBIO AUTOMÁTICO;2002...2008;1.8;DENTES INTERNO 23 - EXTERNO 26 - FÔNICA 48, TRAVA CENTRAL, COM ABS
38811;19;GRAND LIVINA;;2009...2014;1.8;DENTES INTERNO 23 - EXTERNO 25, TRAVA CENTRAL, SEM ABS
38812;19;LIVINA;;...;;DENTES INTERNO 23 - EXTERNO 25, TRAVA CENTRAL, SEM ABS
38813;19;TIIDA;CÂMBIO AUTOMÁTICO;2008...2013;1.8;DENTES INTERNO 23 - EXTERNO 25, TRAVA CENTRAL, SEM ABS
38827;15;SORENTO;;2002...2009;2.4 / 2.5 / 3.5;DENTES INTERNO 25 - EXTERNO 28, TRAVA INTERNA, SEM ABS
38828;18;L200;SPORT OUTDOOR 4X4  - CÂMBIO MANUAL;2002...2011;2.5;DENTES INTERNO 25 - EXTERNO 28, TRAVA INTERNA, SEM ABS
38833;43;TIGGO;CÂMBIO MANUAL;2009...2015;2.0;DENTES INTERNO 30 - EXTERNO 26 - FÔNICA 48, TRAVA INTERNA, COM ABS
38852;7;JUMPER;;2010...2017;2.3;DENTES LADO RODA 35 - LADO CÂMBIO 41 - FÔNICA 54, COM ABS
38853;10;DUCATO;;2006...2009;2.8 8V TURBO;DENTES LADO RODA 35 - LADO CÂMBIO 41 - FÔNICA 54, COM ABS
38854;10;DUCATO;;2010...2016;2.3 16V;DENTES LADO RODA 35 - LADO CÂMBIO 41 - FÔNICA 54, COM ABS
38855;20;BOXER;;2010...2017;2.3;"ARO 16"" DENTES LADO RODA 35 - LADO CÂMBIO 41 - FÔNICA 54, COM ABS"
38857;7;BOXER;;2000...2009;2.8;"ARO 15"" DENTES LADO RODA 28 - LADO CÂMBIO 41 - FÔNICA 54, COM ABS"
38858;7;JUMPER;;2000...2009;2.8;DENTES LADO RODA 28 - LADO CÂMBIO 41 - FÔNICA 54, COM ABS
38859;10;DUCATO;;1999...2009;2.8 8V TURBO;DENTES LADO RODA 28 - LADO CÂMBIO 41 - FÔNICA 54, COM ABS
38860;20;BOXER;;2000...2009;2.8;"ARO 15"" DENTES LADO RODA 28 - LADO CÂMBIO 41 - FÔNICA 54, COM ABS"
38861;7;JUMPER;;2010...2014;2.3;DENTES LADO RODA 35 - LADO CÂMBIO 41, SEM ABS
38862;10;DUCATO;;2006...2009;2.8 8V TURBO;DENTES LADO RODA 35 - LADO CÂMBIO 41, SEM ABS
38863;10;DUCATO;;2010...2014;2.3 16V;DENTES LADO RODA 35 - LADO CÂMBIO 41, SEM ABS
38864;20;BOXER;;2010...2014;2.3;"ARO 16"" DENTES LADO RODA 35 - LADO CÂMBIO 41, SEM ABS"
38897;11;EXPLORER;4X4   - CÂMBIO MANUAL;1998...2000;DIESEL;DENTES LADO RODA 27 - LADO CÂMBIO 26+1, SEM ABS
38898;11;RANGER;4X4   - CÂMBIO MANUAL;2000...2004;2.8 DIESEL;DENTES LADO RODA 27 - LADO CÂMBIO 26+1, SEM ABS
38899;11;FUSION;CÂMBIO TRANSMISSÃO AUTOMÁTICA;2006...2009;2.3;DENTES LADO RODA 28 - LADO CÂMBIO 28 - FÔNICA 44, COM ABS
38916;21;MASTER;;2002...2004;2.8;DENTES LADO RODA 28 - LADO CÂMBIO 39 - FÔNICA 51, COM ABS
38938;24;COROLLA;CÂMBIO AUTOMÁTICO;2011...2017;2.0;DENTES LADO RODA 26 - LADO CÂMBIO 24 - FÔNICA 48, COM ABS
38939;24;COROLLA;CÂMBIO AUTOMÁTICO;2017...2019;1.8;DENTES LADO RODA 26 - LADO CÂMBIO 20 - FÔNICA 48, COM ABS
38948;13;I30;CÂMBIO MANUAL;2009...2012;2.0 16V;DENTES LADO RODA 27 - LADO CÂMBIO 27 - FÔNICA 46, COM ABS
38949;13;TUCSON;CÂMBIO MANUAL;2005...2009;2.0 16V;DENTES LADO RODA 27 - LADO CÂMBIO 27 - FÔNICA 46, COM ABS
38950;15;SPORTAGE;CÂMBIO MANUAL;2005...2009;2.0 16V;DENTES LADO RODA 27 - LADO CÂMBIO 27 - FÔNICA 46, COM ABS
38951;13;HB20;CÂMBIO MANUAL;2012...;1.0;DENTES LADO RODA 25 - LADO CÂMBIO 25 - FÔNICA 48, COM ABS
38952;13;HB20;HATCH  - CÂMBIO AUTOMÁTICO;2012...;1.6 16V;DENTES LADO RODA 25 - LADO CÂMBIO 25 - FÔNICA 48, COM ABS
38953;13;SANTA FÉ;4X4;2005...2010;2.7 V6;DENTES LADO RODA 30 - LADO CÂMBIO 27 - FÔNICA 52, COM ABS
38957;13;TUCSON;4X4    - CÂMBIO AUTOMÁTICO;2005...;2.0 4CC;DENTES LADO RODA 27 - LADO CÂMBIO 27 - FÔNICA 48, COM ABS
38958;15;SPORTAGE;CÂMBIO AUTOMÁTICO;2004...;2.0 16V;DENTES LADO RODA 27 - LADO CÂMBIO 27 - FÔNICA 48, COM ABS
38959;13;TUCSON;4X2  - CÂMBIO MANUAL;2010...2014;2.0 16V;DENTES LADO RODA 27 - LADO CÂMBIO 27 - FÔNICA 48, COM ABS
38960;15;SORENTO;;2010...2015;3.5;DENTES LADO RODA 30 - LADO CÂMBIO 28 - FÔNICA 52, COM ABS
38961;18;L200;TRITON 4X4;2008...;3.2 / 3.5;DENTES LADO RODA 30 - LADO CÂMBIO 28 - FÔNICA 47, COM ABS
38962;18;PAJERO;DAKAR 4X4;2010...;3.2 / 3.5;DENTES LADO RODA 30 - LADO CÂMBIO 28 - FÔNICA 47, COM ABS
38963;18;PAJERO;SPORT;2001...2010;2.5 / 2.8;DENTES LADO RODA 28 - LADO CÂMBIO 28, SEM ABS
38968;18;PAJERO;TR4  - CÂMBIO MANUAL;2002...2011;2.0 16V;DENTES LADO RODA 25 - LADO CÂMBIO 34 - FÔNICA 43, COM ABS
38969;18;PAJERO;TR4  - CÂMBIO MANUAL;2002...2011;2.0 16V;DENTES LADO RODA 25 - LADO CÂMBIO 25 - FÔNICA 43, COM ABS
38974;7;JUMPER;;2010...2017;2.3;"ARO 15"" / 16"" DENTES EXTERNO 41"
38975;10;DUCATO;;2006...2009;2.3 / 2.8;"ARO 15"" / 16"" DENTES EXTERNO 41"
38977;10;DUCATO;;2010...2017;2.3;"ARO 15"" / 16"" DENTES EXTERNO 41"
38978;10;DUCATO;;2010...2017;2.4;"ARO 15"" / 16"" DENTES EXTERNO 41"
38979;20;BOXER;;2010...2017;2.3;"ARO 15"" / 16"" DENTES EXTERNO 41"
38991;26;BORA;CÂMBIO AUTOMÁTICO;2006...2011;2.0;DENTES INTERNO 32, Ø ROLAMENTO 41,7 MM
38992;26;JETTA;CÂMBIO AUTOMÁTICO;2004...2016;2.5;DENTES INTERNO 32, Ø ROLAMENTO 41,7 MM
38993;26;PASSAT;CÂMBIO AUTOMÁTICO;2000...2005;2.8;DENTES INTERNO 32, Ø ROLAMENTO 41,7 MM
39041;10;BRAVO;;2011...2014;1.4 TJET;DENTES INTERNO 24, Ø ROLAMENTO 39,2 MM
39042;10;BRAVO;CÂMBIO AUTOMÁTICO / MANUAL;2011...2014;18 E-TORQ;DENTES INTERNO 24, Ø ROLAMENTO 39,2 MM
39043;10;DOBLO;CÂMBIO MANUAL;2011...2020;1.8 E-TORQ;DENTES INTERNO 24, Ø ROLAMENTO 39,2 MM
39044;10;IDEA;CÂMBIO AUTOMÁTICO / MANUAL;2011...2013;1.6 E-TORQ;DENTES INTERNO 24, Ø ROLAMENTO 39,2 MM
39045;10;IDEA;CÂMBIO AUTOMÁTICO / MANUAL;2011...2016;1.8 E-TORQ;DENTES INTERNO 24, Ø ROLAMENTO 39,2 MM
39046;10;LINEA;CÂMBIO AUTOMÁTICO / MANUAL;2011...2014;1.8 E-TORQ;DENTES INTERNO 24, Ø ROLAMENTO 39,2 MM
39047;10;LINEA;CÂMBIO MANUAL;2009...2012;1.4 T-JET;DENTES INTERNO 24, Ø ROLAMENTO 39,2 MM
39048;10;PALIO;ESSENCE  - CÂMBIO AUTOMÁTICO / MANUAL;2011...2012;1.6 E-TORQ;DENTES INTERNO 24, Ø ROLAMENTO 39,2 MM
39050;10;PALIO;WEEKEND TREKKING  - CÂMBIO MANUAL;2011...2012;1.6 E-TORQ;DENTES INTERNO 24, Ø ROLAMENTO 39,2 MM
39051;10;PUNTO;CÂMBIO AUTOMÁTICO / MANUAL;2011...2017;1.6 / 1.8 E-TORQ;DENTES INTERNO 24, Ø ROLAMENTO 39,2 MM
39052;10;PUNTO;CÂMBIO MANUAL;2009...2016;1.4 TJET;DENTES INTERNO 24, Ø ROLAMENTO 39,2 MM
39053;10;SIENA;CÂMBIO AUTOMÁTICO / MANUAL;2011...2012;1.6 E-TORQ;DENTES INTERNO 24, Ø ROLAMENTO 39,2 MM
39054;10;STRADA;ADVENTURE  - CÂMBIO AUTOMÁTICO / MANUAL;2011...2012;1.6 / 1.8 E-TORQ;DENTES INTERNO 24, Ø ROLAMENTO 39,2 MM
39055;10;STRADA;TREKKING  - CÂMBIO MANUAL;2013...2016;1.6 E-TORQ;DENTES INTERNO 24, Ø ROLAMENTO 39,2 MM
39059;7;JUMPER;;2010...;2.3;"ARO 15"" / 16"" DENTES INTERNO 29, Ø ROLAMENTO 42,3 MM"
39060;10;DUCATO;;2010...;2.3 / 2.8;"ARO 15"" / 16"" DENTES INTERNO 29, Ø ROLAMENTO 42,3 MM"
39061;20;BOXER;;2010...;2.3;"ARO 15"" / 16"" DENTES INTERNO 29, Ø ROLAMENTO 42,3 MM"
39062;7;JUMPER;;2009...;2.8;"ARO 16"" DENTES INTERNO 45, Ø ROLAMENTO 50 MM"
39063;10;DUCATO;CARGO;...2009;;"ARO 16"" DENTES INTERNO 45, Ø ROLAMENTO 50 MM"
39064;20;BOXER;;...2009;2.8;"ARO 16"" DENTES INTERNO 45, Ø ROLAMENTO 50 MM"
39069;10;ARGO;CÂMBIO MANUAL;2017...2019;1.8;DENTES INTERNO 26, Ø ROLAMENTO 43,2 MM
39070;10;BRAVO;;2011...2016;1.8 16V E-TORQ;DENTES INTERNO 26, Ø ROLAMENTO 43,2 MM
39071;10;CRONOS;CÂMBIO MANUAL;2018...2019;1.8;DENTES INTERNO 26, Ø ROLAMENTO 43,2 MM
39072;10;DOBLO;;2011...2018;1.8 16V E-TORQ;DENTES INTERNO 26, Ø ROLAMENTO 43,2 MM
39073;10;GRAND SIENA;;2013...2017;1.6 16V E-TORQ;DENTES INTERNO 26, Ø ROLAMENTO 43,2 MM
39074;10;IDEA;;2011...2016;1.6 16V E-TORQ;DENTES INTERNO 26, Ø ROLAMENTO 43,2 MM
39076;10;PALIO;WEEKEND;2011...2012;1.6 16V / 1.8 16V E-TORQ;DENTES INTERNO 26, Ø ROLAMENTO 43,2 MM
39077;10;STRADA;;2011...2017;1.6 16V / 1.8 16V E-TORQ;DENTES INTERNO 26, Ø ROLAMENTO 43,2 MM
39088;5;COBALT;CÂMBIO AUTOMÁTICO;2013...;1.8;DENTES INTERNO 30, Ø ROLAMENTO 35,45 MM
39089;5;ONIX;CÂMBIO AUTOMÁTICO;2013...;1.4;DENTES INTERNO 30, Ø ROLAMENTO 35,45 MM
39090;5;PRISMA;CÂMBIO AUTOMÁTICO;2013...;1.4;DENTES INTERNO 30, Ø ROLAMENTO 35,45 MM
39091;5;SPIN;CÂMBIO AUTOMÁTICO;2013...;1.8;DENTES INTERNO 30, Ø ROLAMENTO 35,45 MM
39092;5;SONIC;CÂMBIO AUTOMÁTICO;2012...2014;1.6;DENTES INTERNO 23, Ø ROLAMENTO 33 MM
39095;5;CRUZE;CÂMBIO AUTOMÁTICO;2012...;1.8 16V;DENTES INTERNO 31, Ø ROLAMENTO 44,1 MM
39120;11;FUSION;;2006...2009;2.3 / 2.5;DENTES INTERNO 33, Ø ROLAMENTO 44,4 MM
39122;11;RANGER;4X4  - CÂMBIO MANUAL;1998...2003;;DENTES INTERNO 34, Ø ROLAMENTO 39,7 MM
39123;11;FUSION;;2009...;2.5;DENTES INTERNO 32, Ø ROLAMENTO 42,3 MM
39128;11;ECOSPORT;4X2  - CÂMBIO AUTOMÁTICO;2003...2013;2.0;DENTES INTERNO 23, Ø ROLAMENTO 32 MM
39129;11;FIESTA;NEW  - CÂMBIO MANUAL;2012...2019;1.6;DENTES INTERNO 22, Ø ROLAMENTO 32 MM
39130;11;FIESTA;NEW  - CÂMBIO MANUAL;2012...2019;1.6;DENTES INTERNO 22, Ø ROLAMENTO 30 MM
39134;12;ACCORD;CÂMBIO AUTOMÁTICO;2003...2009;2.0 / 2.2;DENTES INTERNO 30, Ø ROLAMENTO 34,6 MM
39138;12;FIT;CÂMBIO AUTOMÁTICO / MANUAL;2004...2008;;DENTES INTERNO 28, Ø ROLAMENTO 33,1 MM
39139;12;CIVIC;EXS  - CÂMBIO AUTOMÁTICO;2008...;;DENTES INTERNO 22, Ø ROLAMENTO 38,3 MM
39140;12;FIT;CÂMBIO AUTOMÁTICO;2008...;;DENTES INTERNO 22, Ø ROLAMENTO 38,3 MM
39141;20;207;CÂMBIO MANUAL;2009...2013;1.4;DENTES INTERNO 22, Ø ROLAMENTO 38,3 MM
39142;20;207;CÂMBIO MANUAL;2009...2013;1.6;DENTES INTERNO 22, Ø ROLAMENTO 38,3 MM
39143;20;307;CÂMBIO MANUAL;2009...2013;;DENTES INTERNO 22, Ø ROLAMENTO 38,3 MM
39145;12;CIVIC;(EXCETO IMPORTADO);1993...2000;;DENTES INTERNO 30, Ø ROLAMENTO 38,1 MM
39146;12;CIVIC;CÂMBIO AUTOMÁTICO;2007...2012;1.8;DENTES INTERNO 22, Ø ROLAMENTO 32 MM
39147;12;ACCORD;;1994...1997;2.2 / 2.4;DENTES INTERNO 32, Ø ROLAMENTO 38,1 MM
39148;12;CR-V;CÂMBIO AUTOMÁTICO / MANUAL;2000...2001;2.0;DENTES INTERNO 32, Ø ROLAMENTO 38,1 MM
39162;21;CLIO;;...;;DENTES INTERNO 29, Ø ROLAMENTO 29,95 MM
39163;21;LAGUNA;;...;;DENTES INTERNO 29, Ø ROLAMENTO 29,95 MM
39164;21;MEGANE;;...;;DENTES INTERNO 29, Ø ROLAMENTO 29,95 MM
39165;21;SCENIC;;...;;DENTES INTERNO 29, Ø ROLAMENTO 29,95 MM
39166;21;MASTER;;2002...2004;2.8;DENTES INTERNO 27, Ø ROLAMENTO 34 MM
39167;21;MASTER;;2004...2012;2.5;DENTES INTERNO 27, Ø ROLAMENTO 34 MM
39172;21;LOGAN;CÂMBIO MANUAL;2014...2018;1.0 / 1.6;DENTES INTERNO 30, Ø ROLAMENTO 29,95 MM
39173;21;SANDERO;CÂMBIO MANUAL;2014...2018;1.0 / 1.6;DENTES INTERNO 30, Ø ROLAMENTO 29,95 MM
39174;21;MASTER;CÂMBIO MANUAL;2002...2004;2.8;DENTES INTERNO 25, Ø ROLAMENTO 37,1 MM
39175;21;MASTER;CÂMBIO MANUAL;2004...2012;2.5;DENTES INTERNO 25, Ø ROLAMENTO 37,1 MM
39177;24;COROLLA;(EXCETO MODELO SEG)  - CÂMBIO AUTOMÁTICO / MANUAL;1993...2002;1.6 / 1.8;DENTES INTERNO 29, Ø ROLAMENTO 34 MM
39181;24;COROLLA;;...2002;1.8;DENTES INTERNO 23, Ø ROLAMENTO 38,1 MM
39183;24;COROLLA;CÂMBIO MANUAL;2003...2008;1.8;DENTES INTERNO 23, Ø ROLAMENTO 33,9 MM
39187;19;FRONTIER;4X4  - CÂMBIO MANUAL;2002...2007;;DENTES INTERNO 27, Ø ROLAMENTO 37,1 MM
39188;19;MARCH;CÂMBIO AUTOMÁTICO;2012...2019;1.6;DENTES INTERNO 30, Ø ROLAMENTO 32 MM
39189;19;VERSA;CÂMBIO AUTOMÁTICO;2012...2019;1.6;DENTES INTERNO 30, Ø ROLAMENTO 32 MM
39190;19;MARCH;CÂMBIO AUTOMÁTICO;2012...2019;1.6;DENTES INTERNO 32, Ø ROLAMENTO 37,1 MM
39191;19;VERSA;CÂMBIO AUTOMÁTICO;2012...2019;1.6;DENTES INTERNO 32, Ø ROLAMENTO 37,1 MM
39193;13;I30;CÂMBIO MANUAL;2009...2012;2.0 16V;DENTES INTERNO 22, Ø ROLAMENTO 38,8 MM
39204;13;TUCSON;CÂMBIO AUTOMÁTICO;2002...2009;2.7;DENTES INTERNO 32, Ø ROLAMENTO 43,5 MM
39216;7;AIRCROSS;CÂMBIO AUTOMÁTICO;2010...;1.8 8V;DENTES INTERNO 22, Ø ROLAMENTO 32 MM
39217;7;AIRCROSS;CÂMBIO MANUAL;2010...;1.6 16V;DENTES INTERNO 22, Ø ROLAMENTO 32 MM
39218;7;C3;;2010...;1.4;DENTES INTERNO 22, Ø ROLAMENTO 32 MM
39221;32;FH-400;6X4;2007...2012;;CAMINHÃO COM MOLA PARABÓLICA
39222;32;FH-420;6X4;2012...2013;;CAMINHÃO COM MOLA PARABÓLICA
39223;32;FH-440;6X4;2007...2012;;CAMINHÃO COM MOLA PARABÓLICA
39224;32;FH-460;6X4;2012...2013;;CAMINHÃO COM MOLA PARABÓLICA
39225;32;FH-480;6X4;2007...2011;;CAMINHÃO COM MOLA PARABÓLICA
39226;32;FH-500;6X4;2012...2013;;CAMINHÃO COM MOLA PARABÓLICA
39227;32;FH-520;6X4;2008...2011;;CAMINHÃO COM MOLA PARABÓLICA
39228;32;FH-540;6X4;2012...2013;;CAMINHÃO COM MOLA PARABÓLICA
39229;32;FH-16;750 CV;2014...2016;;CAMINHÃO COM MOLA CONVENCIONAL
39230;32;FH-420;;2014...2020;;CAMINHÃO COM MOLA CONVENCIONAL
39231;32;FH-460;;2014...2020;;CAMINHÃO COM MOLA CONVENCIONAL
39232;32;FH-500;;2014...2020;;CAMINHÃO COM MOLA CONVENCIONAL
39233;32;FH-540;;2014...2020;;CAMINHÃO COM MOLA CONVENCIONAL
39234;32;FM-370;;2014...2016;;CAMINHÃO COM MOLA CONVENCIONAL
39235;32;FM-380;;2016...2020;;CAMINHÃO COM MOLA CONVENCIONAL
39236;32;FM-460;;2014...2019;;CAMINHÃO COM MOLA CONVENCIONAL
39238;26;GOL;G5 / G6 (RALLYE / TRACK);2010...;;
39240;15;SOUL;TODOS OS MODELOS;2009...2013;;
39241;26;JETTA VARIANT;;2006...2011;2.5;
39242;10;TORO;4X2  - CÂMBIO AUTOMÁTICO - DIREÇÃO ELÉTRICA;2022...;1.3 T4 TURBO (T270) - FLEX;
39243;10;TORO;4X2  - CÂMBIO AUTOMÁTICO / MANUAL - DIREÇÃO ELÉTRICA;2016...2021;1.8 / 2.4 - FLEX;
39244;10;TORO;4X2 / 4X4  - CÂMBIO AUTOMÁTICO / MANUAL - DIREÇÃO ELÉTRICA;2016...;2.0 JTD TURBO - DIESEL;
39245;10;STRADA;CABINE SIMPLES;2021...;1.3;
39246;10;STRADA;CABINE SIMPLES;2021...;1.4;
39247;10;STRADA;CABINE DUPLA;2021...;1.4;
39248;10;STRADA;CABINE DUPLA;2021...;1.3;
39249;10;BRAVO;ESSENCE;2011...2016;1.8;
39250;10;BRAVO;T-JET;2011...2012;1.4;
39251;10;BRAVO;T-JET;2013...2016;1.4;
39253;11;KA;COM AR;2008...2013;1.0;
39254;11;KA;COM AR;2008...2013;1.6;
39255;11;KA;GII;2008...06.2011;1.0;
39256;11;KA;GII;2008...06.2011;1.6;
39257;10;UNO;EXCETO R/ TURBO / WAY / ECONOMY;1989...2013;;
39258;10;TORO;4X2 / 4X4;2016...;;DIANTEIRA
39259;45;COMPASS;4X2;2015...;;TRASEIRA (NÃO SERVE NO 4X4)
39260;45;COMPASS;4X2 / 4X4;2015...;;DIANTEIRA
39261;45;RENEGADE;4X2;2015...;;TRASEIRA (NÃO SERVE NO 4X4)
39262;45;RENEGADE;4X2 / 4X4;2015...;;DIANTEIRA
39263;10;IDEA;TODOS OS MODELOS;2005...2010;;
39267;10;STRADA;NOVA;2020...;;1 BATENTE / 1 COIFA
39268;10;UNO;NOVO;2015...;;1 BATENTE / 1 COIFA
39271;10;PULSE;;2021...;;1 BATENTE / 1 COIFA / 1 COXIM COM ROLAMENTO
39272;10;STRADA;NOVA;2020...;;1 BATENTE / 1 COIFA / 1 COXIM COM ROLAMENTO
39273;10;UNO;NOVO;2015...;;1 BATENTE / 1 COIFA / 1 COXIM COM ROLAMENTO
39274;10;PULSE;;2021...;;1 BATENTE / 1 COIFA  / 1 COXIM
39275;11;ESCORT;HOBBY / GUARUJÁ - GL / L / GHIA  / XR3 / XR3 SEM AR / XR3 CONVERSÍVEL;1984...1996;1.0 / 1.6 / 1.8;
39276;18;ASX;;2010...;;TRASEIRA (DIR. / ESQ.)
39277;18;ECLIPSE CROSS;;2018...;1.5 TURBO;TRASEIRA (DIR. / ESQ.)
39278;18;LANCER;;2010...;;TRASEIRA DIREITA
39279;18;OUTLANDER;;2008...;;TRASEIRA DIREITA
39280;10;BRAVO;T-JET;2011...2016;1.4;
39282;10;TORO;;2017...;1.8;
39283;10;TORO;;2022...;1.3 TURBO;
39284;17;SPRINTER;314;2019...;;
39286;17;SPRINTER;516;2019...;;
39287;10;STRADA;ENDURANCE;2020...;1.4 CD;
39288;10;STRADA;ENDURANCE;2020...;1.4 CS;
39289;10;STRADA;FREEDOM;2020...;1.3 CD;
39290;10;STRADA;FREEDOM;2020...;1.3 CS;
39291;10;STRADA;VOLCANO;2020...;1.3 CD;
39295;11;BRONCO;;2021...;2.0;
39296;7;C4 CACTUS;SHINE;2019...;1.6 TURBO;
39297;7;C4 CACTUS;SHINE PACK;2019...;1.6 TURBO;
39298;7;C4 LOUNGE;;2018...;;
39299;20;2008;;2018...;;
39300;20;208;;2018...;;
39301;20;308;;2018...;;
39302;20;408;;2018...;;
39305;24;HILUX;PICK-UP (TODOS OS MODELOS);2005...2016;;
39307;21;LOGAN;;2021...;1.0;(EXCETO STEPWAY)
39308;21;SANDERO;;2021...;1.0;(EXCETO STEPWAY)
39309;21;LOGAN;;2021...;1.6;(EXCETO STEPWAY)
39310;21;SANDERO;;2021...;1.6;(EXCETO STEPWAY)
39311;21;STEPWAY;;2021...;;
39312;12;CIVIC;CÂMBIO AUTOMÁTICO;2012...2016;2.0;DENTES INTERNO 24 - EXTERNO 26
39314;24;CAMRY;CÂMBIO AUTOMÁTICO;2020...2020;3.5;LADO DIREITO / ESQUERDO
39315;24;PRIUS;;2010...2012;1.8;
39316;11;KA;SEDAN;2014...2021;;
39317;27;320I;;2002...;;PLATAFORMA E46
39318;19;LEAF;;2021...;ELÉTRICO;
39319;4;Q3;;2011...2018;2.0;
39320;21;ZOE;;2019...;ELÉTRICO;
39325;32;FH-540;POSIÇÃO VERTICAL;...;;SEM MOLA / SEM BOLSA ACOPLADA
39327;39;J6;;2011...;;
39328;39;T5;;2016...;;
39329;39;T50;;2016...;;
39330;18;ECLIPSE CROSS;;2018...;1.5 TURBO;
39331;10;PULSE;CÂMBIO AUTOMÁTICO / MANUAL;2021...;1.3;
39332;10;PULSE;CÂMBIO AUTOMÁTICO;2021...;1.0;
39333;10;PULSE;CÂMBIO MANUAL;2021...;1.3;
39334;10;PULSE;CÂMBIO AUTOMÁTICO;2021...;1.3;
39335;17;SPRINTER;SÉRIE 315 (FURGÃO);2022...;;
39337;43;FACE;TODOS OS MODELOS;2010...2015;;
39338;20;206;;1998...;1.0;
39339;10;ARGO;CÂMBIO AUTOMÁTICO / MANUAL;2017...2020;1.8;
39340;10;CRONOS;CÂMBIO AUTOMÁTICO / MANUAL;2017...2020;1.8;
39341;5;CRUZE;CÂMBIO MANUAL;2012...2016;1.8 16V;
39342;5;CRUZE;CÂMBIO AUTOMÁTICO;2012...2016;1.8;
39343;5;COBALT;CÂMBIO AUTOMÁTICO;2012...2017;1.8;
39344;5;ONIX;CÂMBIO AUTOMÁTICO;2012...2017;1.4;
39345;5;PRISMA;CÂMBIO AUTOMÁTICO;2012...2017;1.4;
39346;5;SONIC;CÂMBIO AUTOMÁTICO;2012...2014;1.8;
39347;5;SPIN;CÂMBIO AUTOMÁTICO;2012...2017;1.8;
39348;21;CAPTUR;CÂMBIO AUTOMÁTICO;2017...;1.6;
39349;45;COMPASS;4X2  - CÂMBIO AUTOMÁTICO;2017...2021;2.0;BORRACHA NITRÍLICA
39350;12;CR-V;;2020...;;(SISTEMA NISSIN)
39351;24;CAMRY;;2020...;;(SISTEMA AKEBONO)
39352;24;COROLLA CROSS;;2021...;1.8 16V;(SISTEMA AKEBONO)
39353;24;COROLLA CROSS;;2021...;2.0 16V;(SISTEMA AKEBONO)
39354;24;RAV4;;2020...;;(SISTEMA AKEBONO)
39355;13;CRETA;CÂMBIO AUTOMÁTICO;2017...2021;2.0;DENTES LADO RODA 27 - LADO CÂMBIO 27 - FÔNICA 46, COM ABS
39359;13;CRETA;CÂMBIO AUTOMÁTICO;2017...2021;2.0;DENTES INTERNO 24 - EXTERNO 26 - FÔNICA 46, COM ABS
39361;10;TORO;CÂMBIO AUTOMÁTICO;2016...;2.0 - TURBO DIESEL;
39362;12;CR-V;TODOS OS MODELOS;2012...2019;;
39363;4;A3;;1996...;1.8I 20V TURBO / 1.8 TURBO;SISTEMA GIRLING
39364;4;A3;;1999...;1.6 / 1.8;SISTEMA GIRLING
39365;4;A3;QUATTRO / QUATTRO S3;1996...;1.8 / 1.8I TURBO;SISTEMA GIRLING
39366;4;A4;AVANT;1997...;1.8 20V / 2.4 30V / 2.8 30V / V6;SISTEMA GIRLING
39367;7;C3;;04.2002...;1.4I;SISTEMA GIRLING
39368;7;C3;;04.2002...;1.6I;SISTEMA GIRLING
39369;7;C4 LOUNGE;;2013...;1.6 / 2.0;SISTEMA GIRLING
39370;7;C4 PALLAS;;2005...;;SISTEMA GIRLING
39371;7;C8;;2002...;2.0 / 2.2;SISTEMA GIRLING
39372;11;GALAXIE;;1995...;1.8 / 1.9 / 2.0 / 2.3 / 2.8;SISTEMA GIRLING
39373;20;307;;2001...;1.6 / 2.0;SISTEMA GIRLING
39374;20;308;;2007...;1.6;SISTEMA GIRLING
39375;20;405;;1992...;1.9 / 2.0;SISTEMA GIRLING
39376;20;408;;2011...;2.0 16V;SISTEMA GIRLING
39377;21;SCENIC;;1999...2000;1.6I / 2.0 16V;SISTEMA GIRLING
39378;22;CORDOBA;GTI;1993...;1.8 / 2.0;SISTEMA GIRLING
39379;22;IBIZA;GLX / GTI;1993...;1.8 / 1.8 16V / 2.0 16V;SISTEMA GIRLING
39380;26;GOLF;;1993...;1.8 / 2.0;SISTEMA GIRLING
39381;26;GOLF;(BRASIL);1999...;1.6 8V / 1.6 / 1.8 / 1.9 TDI / 2.0 8V;SISTEMA GIRLING
39382;26;GOLF;IV / GLX /  GTI;1993...;1.8I TURBO;SISTEMA GIRLING
39383;26;JETTA;;2011...;2.0;SISTEMA GIRLING
39384;26;JETTA;;2016...;1.4;SISTEMA GIRLING
39385;26;NEW BEETLE;;1999...2010;1.9 TD / 2.0;SISTEMA GIRLING
39386;26;PASSAT;GL (ALEMÃO);1988...;1.8 / 2.0 / 2.0I 16V / 2.8;SISTEMA GIRLING
39387;26;PASSAT;VARIANT;1996...;1.8 / 1.8 TURBO / 1.6 / 1.8;SISTEMA GIRLING
39388;26;POLO;;2002...;2.0;SISTEMA GIRLING
39389;26;POLO;(NOVO);2018...;1.0 12V;SISTEMA GIRLING
39390;26;SAVEIRO;CROSS CD;2015...;;SISTEMA GIRLING
39391;26;SAVEIRO;TRENDLINE;2015...;;SISTEMA GIRLING
39392;26;T-CROSS;;2019...;1.0 / 1.4;SISTEMA GIRLING
39393;26;VIRTUS;;2018...;1.0 12V;SISTEMA GIRLING
39394;7;C3;;2013...;1.5 8V;SISTEMA TEVES
39395;7;C3;;2016...;1.2 12V;SISTEMA TEVES
39396;10;GRAND SIENA;;2012...;1.4 8V - TETRAFUEL;
39397;10;GRAND SIENA;ATTRACTIVE;2012...;1.4 8V;
39398;20;208;;2013...;1.5 16V;SISTEMA TEVES
39399;20;208;ACTIVE;2020...;1.6;
39400;20;208;ACTIVE PACK;2020...;1.6;
39401;20;208;ALLURE;2020...;1.6;
39402;20;208;GRIFFE;2020...;1.6;
39403;10;ARGO;HGT / PRECISION;2018...;1.8;SISTEMA TEVES
39404;10;DOBLO;ADVENTURE;2010...;1.8 8V;(PISTÃO DE AÇO) SISTEMA TEVES
39405;10;LINEA;;2010...;1.4 / 1.9;(PISTÃO DE AÇO) SISTEMA TEVES
39406;10;LINEA;;2011...;1.8;
39408;10;PULSE;;2022...;1.0;
39409;10;STRADA;ADVENTURE LOCKER;04.2010...;;SISTEMA TEVES
39410;5;S10;ADVANTAGE 4X2 CD  - CÂMBIO MANUAL;2017...;2.5 16V;SISTEMA TEVES
39411;5;S10;LS 4X4 CD  - CÂMBIO MANUAL;2017...;2.8 16V TURBO;SISTEMA TEVES
39412;5;S10;LT / LTZ 4X2 / 4X4 CD    - CÂMBIO MANUAL;2017...;2.5 16V;SISTEMA TEVES
39413;5;S10;LT 4X2 / 4X4 CD   - CÂMBIO AUTOMÁTICO / MANUAL;2017...;2.8 16V;SISTEMA TEVES
39414;5;S10;LT 4X2 CD  - CÂMBIO AUTOMÁTICO;2017...;2.8 16V;SISTEMA TEVES
39415;5;S10;PICK-UP H. COUNTRY 4X4 CD ;2017...;2.8;SISTEMA TEVES
39416;5;TRAILBLAZER;LTZ;2017...;2.8;SISTEMA TEVES
39417;5;TRAILBLAZER;LTZ;2017...;3.6;SISTEMA TEVES
39418;11;FIESTA;;2010...;1.6 16V;SISTEMA LUCAS/GIRLING
39419;11;FIESTA;;2013...;1.5 16V;SISTEMA LUCAS/GIRLING
39420;23;SWIFT;;2011...;1.4;SISTEMA LUCAS/GIRLING
39421;23;SWIFT;;2012...;1.6;SISTEMA LUCAS/GIRLING
39422;12;CIVIC;;1998...;1.6;SISTEMA SUMITOMO
39423;12;CIVIC;EX / LX;1999...2000;1.6 16V;SISTEMA SUMITOMO
39424;12;CIVIC;EX / LX;2000...;1.7 16V;SISTEMA SUMITOMO
39425;12;CIVIC;LXB;1999...2000;1.6 16V;SISTEMA SUMITOMO
39426;12;CIVIC;LXB;2001...2006;1.7 16V;SISTEMA SUMITOMO
39433;21;CAPTUR;INTENSE;2017...;2.0 16V;
39434;21;DUSTER;;2011...;2.0 16V;SISTEMA TEVES
39435;21;DUSTER OROCH;DYNAMIQUE;2016...;2.0 16V;
39436;21;FLUENCE;;2011...;1.6 16V;SISTEMA TEVES
39437;21;FLUENCE;;2011...;2.0 16V;
39438;21;SANDERO;(NOVO) RS;2015...;2.0;
39439;18;PAJERO;FULL;2009...;3.2;
39440;24;HILUX;;2009...;2.7;
39441;24;HILUX;;2009...;3.0;
39442;24;HILUX;CD GR-S;2019...;2.8;
39443;24;HILUX;CD GR-S;2020...;4.0;
39444;24;HILUX;PICK-UP;2016...;2.8 16V;SISTEMA SUMITOMO
39445;24;HILUX;SW4;2005...;;SISTEMA SUMITOMO
39446;24;LAND CRUISER;PRADO;2003...;3.0 D-D4;SISTEMA SUMITOMO
39447;24;LAND CRUISER;PRADO;2003...;4.0;SISTEMA SUMITOMO
39448;19;MARCH;S;2012...;1.0 16V;
39449;19;MARCH;S;2012...;1.6 16V;
39450;19;MARCH;SR;2012...;1.6 16V;
39451;19;MARCH;SV;2012...;1.6 16V;
39452;19;VERSA;;2016...;1.0;
39453;19;VERSA;S;2012...;1.6 16V;
39454;19;VERSA;SL;2012...;1.6 16V;
39455;19;VERSA;SV;2012...;1.6 16V;
39456;43;FACE;;2010...;1.3 16V;
39457;43;S-18;;2012...;1.3 16V;
39458;4;A4;;2000...;;SISTEMA TEVES
39459;4;A6;;2000...;;SISTEMA TEVES
39460;4;A8;;2000...;;SISTEMA TEVES
39461;26;PASSAT;;2000...;;SISTEMA TEVES
39462;7;C5;;2008...;1.6 16V;SISTEMA TEVES
39463;7;C5;;2008...;1.8 16V;SISTEMA TEVES
39464;7;C5;;2008...;2.0 16V;SISTEMA TEVES
39465;32;B-290;R;...;;TRASEIRO (FRENTE) E EIXOS
39466;32;B-310;R;...;;4X2 RODOVIÁRIO  - TRASEIRO (FRENTE) E EIXOS -
39467;32;B-340;R;...;;TRASEIRO (FRENTE) E EIXOS
39468;32;B-360;S;...;;ARTICULADO / BI-ARTICULADO  - TRASEIRO (FRENTE) E EIXOS -
39469;32;B-7;R;...;;TRASEIRO (FRENTE) E EIXOS
39470;7;JUMPER;;2011...2017;;(PRB) OLHETES Ø48,5MM / Ø40MM COM BUCHAS SILENCIOSAS - 1 LÂMINA / SUSPENSÃO REFORÇADA
39471;10;DUCATO;18Q;2011...2017;;(PRB) OLHETES Ø48,5MM / Ø40MM COM BUCHAS SILENCIOSAS - 1 LÂMINA / SUSPENSÃO REFORÇADA
39472;20;BOXER;;2011...2016;;(PRB) OLHETES Ø48,5MM / Ø40MM COM BUCHAS SILENCIOSAS - 1 LÂMINA / SUSPENSÃO REFORÇADA
39473;18;L200;TRITON;2007...2012;;SUSPENSÃO DIANTEIRA COM MOLA HELICOIDAL
39474;5;CAMARO;SS;2010...;6.2 V8 16V;SISTEMA BREMBO
39475;33;IMPREZA;;2008...;2.5 16V TURBO STI;SISTEMA BREMBO
39476;5;MALIBU;LTZ;2010...;2.4 16V;
39477;11;COURIER;DIREÇÃO HIDRÁULICA / MECÂNICA;1997...;;
39478;11;FIESTA;DIREÇÃO HIDRÁULICA / MECÂNICA;1996...2002;;
39479;11;FIESTA;(MODELO IMPORTADO)  DIREÇÃO HIDRÁULICA / MECÂNICA;1994...1995;;
39480;11;FIESTA;(MODELO STREET)  DIREÇÃO HIDRÁULICA / MECÂNICA;2002...2007;;
39481;11;KA;DIREÇÃO HIDRÁULICA / MECÂNICA;1996...2008;;
39484;10;TORO;CÂMBIO AUTOMÁTICO;2016...;2.0 - DIESEL;
39485;10;FIORINO;DIREÇÃO HIDRÁULICA / MECÂNICA;2014...;;CUBA (M14X1,5) E PINO ESFÉRICO (M14X1,5)
39486;10;GRAND SIENA;DIREÇÃO HIDRÁULICA / MECÂNICA;2012...;;CUBA (M14X1,5) E PINO ESFÉRICO (M14X1,5)
39487;10;MOBI;;2017...;;CUBA (M14X1,5) E PINO ESFÉRICO (M14X1,5)
39488;10;PALIO;DIREÇÃO HIDRÁULICA / MECÂNICA;2011...;;CUBA (M14X1,5) E PINO ESFÉRICO (M14X1,5)
39489;10;UNO;DIREÇÃO HIDRÁULICA / MECÂNICA;2010...;;CUBA (M14X1,5) E PINO ESFÉRICO (M14X1,5)
39490;10;FIORINO;DIREÇÃO HIDRÁULICA;2014...;;SMI / KOYO / JTEKT CUBA (M16X1,5)  E PINO ESFÉRICO (M14X2)
39491;10;UNO;DIREÇÃO HIDRÁULICA;2010...;;SMI / KOYO / JTEKT CUBA (M16X1,5)  E PINO ESFÉRICO (M14X2)
39492;10;DOBLO;(EXCETO ADVENTURE)  DIREÇÃO HIDRÁULICA / MECÂNICA;2002...;;ROSCA INTERNA M14 X 1,5
39493;10;FIORINO;;2014...;;ROSCA INTERNA M14 X 1,5
39494;10;GRAND SIENA;;2012...;;ROSCA INTERNA M14 X 1,5
39495;10;MOBI;TODOS;2017...;;ROSCA INTERNA M14 X 1,5
39496;10;PALIO;;2011...;;ROSCA INTERNA M14 X 1,5
39497;10;PALIO;DIREÇÃO HIDRÁULICA / MECÂNICA;1996...;;ROSCA INTERNA M14 X 1,5
39498;10;PALIO;YOUNG  DIREÇÃO HIDRÁULICA / MECÂNICA;2001...2002;;ROSCA INTERNA M14 X 1,5
39499;10;PALIO WEEKEND;DIREÇÃO HIDRÁULICA / MECÂNICA;1997...;;ROSCA INTERNA M14 X 1,5
39500;10;SIENA;DIREÇÃO HIDRÁULICA / MECÂNICA;1998...2012;;ROSCA INTERNA M14 X 1,5
39501;10;STRADA;DIREÇÃO HIDRÁULICA / MECÂNICA;1999...;;ROSCA INTERNA M14 X 1,5
39502;10;UNO;;2010...;;ROSCA INTERNA M14 X 1,5
39503;10;FIORINO;DIREÇÃO HIDRÁULICA;2014...2016;;SMI / KOYO / JTEK ROSCA INTERNA M14 X 2
39504;10;PALIO;DIREÇÃO HIDRÁULICA;2010...2017;;SMI / KOYO / JTEK ROSCA INTERNA M14 X 2
39505;10;SIENA;DIREÇÃO HIDRÁULICA;2010...2017;;SMI / KOYO / JTEK ROSCA INTERNA M14 X 2
39506;10;STRADA;DIREÇÃO HIDRÁULICA;2010...2012;;SMI / KOYO / JTEK ROSCA INTERNA M14 X 2
39507;10;STRADA;ADVENTURE  DIREÇÃO HIDRÁULICA;2010...;1.8;SMI / KOYO / JTEK ROSCA INTERNA M14 X 2
39508;10;UNO;DIREÇÃO HIDRÁULICA;2010...2014;;SMI / KOYO / JTEK ROSCA INTERNA M14 X 2
39509;18;L200;TRITON;2007...2015;;
39510;11;ESCORT;HOBBY;1993...1996;;23 DENTES Ø 35MM
39511;11;ESCORT;XR3;1983...1992;1.6 / 1.8;23 DENTES Ø 35MM
39512;11;VERONA;TODOS OS MODELOS;1990...1992;;23 DENTES Ø 35MM
39524;11;FIESTA;NEW  - CÂMBIO AUTOMÁTICO;2012...;1.5;
39525;11;FIESTA;NEW  - CÂMBIO MANUAL;2012...;1.6;
39532;12;CIVIC;CÂMBIO AUTOMÁTICO;2012...2016;2.0;DENTES INTERNO 23 - EXTERNO 27
39533;5;SPIN;COM AR  - CÂMBIO MANUAL;2019...;1.8;
39534;5;SPIN;COM AR  - CÂMBIO AUTOMÁTICA;2019...;1.8;
39535;5;SPIN;5 LUGARES;2019...;1.8;
39536;5;SPIN;7 LUGARES;2019...;1.8;
39537;45;COMMANDER;4X2;2021...;1.3 TURBO - FLEX;
39538;45;COMMANDER;4X4;2021...;2.0 TURBO - DIESEL;
39539;26;NIVUS;;2021...;;1 BATENTE / 1 COIFA / 1 ABRAÇADEIRA NYLON
39540;26;POLO;;2017...;;1 BATENTE / 1 COIFA / 1 ABRAÇADEIRA NYLON
39541;26;T-CROSS;;2020...;;1 BATENTE / 1 COIFA / 1 ABRAÇADEIRA NYLON
39542;26;VIRTUS;;2018...;;1 BATENTE / 1 COIFA / 1 ABRAÇADEIRA NYLON
39544;5;ONIX;;2019...;;1 BATENTE / 1 COIFA
39545;7;C4 CACTUS;;2018...;;1 BATENTE
39546;20;208;GT;2013...2019;;1 BATENTE
39547;24;COROLLA;;1995...2008;;
39548;24;PRIUS;;2000...2004;;
39549;5;ONIX;;2019...;;1 BATENTE / 1 COIFA / 1 COXIM COM ROLAMENTO
39550;26;FOX;;2002...;1.0 / 1.6;"ARO 14"" SISTEMA TEVES"
39551;26;FOX;;2002...;1.0;"ARO 13"" SISTEMA BOSCH"
39552;26;POLO;;2002...;1.0 16V / 1.6;"ARO 14"" SISTEMA TEVES"
39553;26;TOUAREG;;2002...;3.2 / 4.2 / 5.0 / 6.0;"ARO 18"""
39554;17;C-180;(T202);1996...;1.8T;SISTEMA LUCAS
39555;17;C-180;CLASSIC / ELEGANCE;1993...2000;1.8I 16V;SISTEMA LUCAS
39556;17;C-200;ELEGANCE / SPORT (W200);1993...2000;2.0D;SISTEMA LUCAS
39557;17;C-200;T / TD;1999...2000;2.0;SISTEMA LUCAS
39558;17;C-250;;1993...2000;2.5D;SISTEMA LUCAS
39559;17;C-180;;2014...;;SISTEMA TEVES
39560;17;C-200;;2014...;;SISTEMA TEVES
39561;17;C-180;;2014...;;SISTEMA TRW
39562;17;C-200;;2014...;;SISTEMA TRW
39563;17;C-180;;...;;
39564;17;SL63 AMG;;2013...2016;;
39565;17;SL65 AMG;;2013...2016;;
39566;17;C-320;CLASSE C (W204);2007...;;
39567;17;C-350;CLASSE C (W204);2007...;;
39568;17;ML-280;CDI 4WD;2005...;3.0;M-CLASS
39569;17;ML-350;4WD;2005...;3.5;M-CLASS
39570;17;ML-350;4WD;2005...;3.7;M-CLASS
39571;17;ML-420;CDI - 4WD;2006...;4.0 V8;M-CLASS
39572;17;ML-500;4WD;2005...;5.0;M-CLASS
39573;17;ML-500;4WD;2007...;5.0;M-CLASS
39574;17;R280;;2007...;3.0;R-CLASS
39575;17;R280;4WD;2007...;3.0;R-CLASS
39576;17;R350;;2007...;3.5;R-CLASS
39577;17;R350;4WD;2006...;3.5;R-CLASS
39578;17;R500;4WD;2007...;5.5;R-CLASS
39579;17;R63 AMG;4WD;2006...;6.2;R-CLASS
39580;17;ML-280;CDI - 4WD;2005...;3.0;M-CLASS
39581;17;ML-230;;2001...2005;;
39582;17;ML-270;CDI;2001...2005;;
39583;17;ML-320;;2001...2003;V6;
39584;17;ML-350;;2002...2005;V6;
39585;17;ML-400;CDI;2001...2005;;
39586;17;ML-430;;1998...2005;V8;
39587;17;C-180;KOMPRESSOR;05.2000...2006;;
39588;17;C-200;;1996...2000;;
39589;17;C-200;CDI;1998...2001;;
39590;17;C-200;KOMPRESSOR;1995...2001;;
39591;17;C-200;TD - (T202);1993...2001;;
39592;17;C-280;2.8 - (W202);1996...;;
39593;17;C-180;;1993...2000;;
39594;17;C-200;;1993...2000;;
39595;17;C-220;(W202);1993...2000;;
39596;17;C-250;;1993...2000;;
39597;5;CORSA;PICK-UP;2004...;1.6;SISTEMA TEVES
39598;5;CORSA;SEDAN;1995...1999;1.0 / 1.6;SISTEMA TEVES
39599;5;MERIVA;;2002...2010;1.8 16V;"ARO 15"" SISTEMA TEVES"
39600;5;ASTRA;;1998...;;"ARO 14"" SISTEMA TEVES"
39601;5;MERIVA;;2002...2010;1.8 8V;"ARO 14"" SISTEMA TEVES"
39602;5;ZAFIRA;;2002...;2.0 8V;"ARO 14"" SISTEMA TEVES"
39603;5;ASTRA;;1998...;;"ARO 13"" SISTEMA TEVES"
39604;5;CORSA;PICK-UP;1999...2000;1.0 / 1.4 / 1.6;SISTEMA VARGA/TRW
39605;5;CORSA;SEDAN;1999...2000;1.0 / 1.4 / 1.6;SISTEMA VARGA/TRW
39606;5;MERIVA;(PISTÃO DE AÇO);2010...;;"ARO 14"" SISTEMA TEVES"
39607;5;CORSA;SEDAN;2002...;1.0 / 1.8;SISTEMA VARGA/TRW
39608;5;MERIVA;;2002...;1.8 16V;"ARO 15"" SISTEMA TEVES"
39609;5;MERIVA;(PISTÃO DE AÇO);2010...;;"ARO 15"" SISTEMA TEVES"
39610;5;ZAFIRA;(PISTÃO DE AÇO);2010...;;"ARO 15"" SISTEMA TEVES"
39611;5;ONIX PLUS;CÂMBIO AUTOMÁTICO;2020...;1.0 TURBO;
39612;5;ONIX PLUS;CÂMBIO MANUAL;2020...;1.0 ASPIRADO;
39613;5;ONIX PLUS;LT  - CÂMBIO AUTOMÁTICO;2020...;1.0 TURBO;
39614;5;ONIX PLUS;LTZ  - CÂMBIO AUTOMÁTICO;2020...;1.0 TURBO;
39615;5;ONIX PLUS;LTZ  - CÂMBIO MANUAL;2020...;1.0 TURBO;
39616;5;ONIX PLUS;PREMIER  - CÂMBIO AUTOMÁTICO;2020...;1.0 TURBO;
39617;11;FOCUS;SEDAN GLX;1999...;1.8;SISTEMA TEVES
39618;11;TRANSIT;;1991...;2.0 / 2.5DI / 2.5TD / 2.5 TDI;"ARO 15"" SISTEMA BENDIX"
39619;11;FOCUS;SEDAN (PISTÃO DE AÇO);2009...;;SISTEMA TEVES
39620;11;TRANSIT;FWD;2000...2006;;"ARO 15"" ARO 15'"
39621;11;TRANSIT;RWD;2000...2006;;"ARO 16"""
39622;17;L-710;;1996...1998;;SISTEMA VARGA/TRW
39623;17;L-710;PLUS;2002...;;SISTEMA VARGA/TRW
39624;26;TOUAREG;;2002...;2.5;"ARO 18"""
39625;26;TOUAREG;;2002...;3.2;"ARO 18"""
39626;26;TOUAREG;;2002...;4.2;"ARO 18"""
39627;26;TOUAREG;;2002...;5.0;"ARO 18"""
39628;26;TOUAREG;;2002...;3.6;"ARO 17"""
39629;26;FOX;;2003...;1.0;ARO 13''
39630;7;C4 PALLAS;EXCLUSIVE  PACK;2008...;2.0 - 16V;SISTEMA BOSCH
39631;120;AUMARK;1039;2013...;;
39632;21;MASTER;CÂMBIO MANUAL;2004...2012;2.5;DENTES LADO RODA 28 - LADO CÂMBIO 39 - FÔNICA 51, COM ABS
39634;24;COROLLA CROSS;;2021...;;
39635;38;S4;CAMINHÃO;...2007;;
39636;17;R500;4WD;2006...;5.0;R-CLASS
39637;120;MINITRUCK;3.5 11 DT;...;;
39638;13;HD78;;...;;
39639;13;HD80;;...;;
39640;5;COBALT;;2013...2020;;
39641;5;ONIX;;2013...2020;;
39642;5;PRISMA;;2013...2020;;
39643;5;SPIN;;2013...2020;;
39644;19;VERSA;ADVANCE  - CÂMBIO AUTOMÁTICO / MANUAL;2021...;1.6;
39645;19;VERSA;EXCLUSIVE  - CÂMBIO AUTOMÁTICO / MANUAL;2021...;1.6;
39646;19;VERSA;SENSE  - CÂMBIO AUTOMÁTICO / MANUAL;2021...;1.6;
39647;11;TRANSIT;;2009...08.2014;;BUCHA SUPERIOR GRANDE (57 MM)
39652;27;SÉRIE 3;SEDAN (E90);2005...2011;;
39653;4;A3;8V1;2013...;;
39654;4;A3;8VA;2009...2012;;
39655;45;WRANGLER;;2007...;3.8;
39656;43;QQ;;2018...;;
39657;5;TRACKER;;2021...;;
39658;20;PARTNER;;1998...;;
39659;43;TIGGO 8;;2020...;1.6;
39661;10;PULSE;ABARTH;2022...;TURBO 1.3 T270 - FLEX;
39662;16;EVOQUE;;2011...2020;;
39663;45;RENEGADE;4X2 FWD AT6  - CÂMBIO AUTOMÁTICO;2022...;TURBO 1.3 T270 - FLEX;
39664;45;RENEGADE;4X4 AWD AT9  - CÂMBIO AUTOMÁTICO;2022...;TURBO 1.3 T270 - FLEX;
39665;10;FASTBACK;CÂMBIO AUTOMÁTICO;2022...;TURBO 1.0 T200 / 1.3 T270 - FLEX;
39725;4;Q3;;2019...;2.0;
39726;43;TIGGO 2;;2018...2022;;
39727;43;TIGGO 3X;;2021...2022;;
39728;11;BRONCO;;2021...;;
39729;18;L200;SPORT;2003...2007;;COM BUCHAS / COM EIXO / COM PIVÔ
39730;18;PAJERO;SPORT;1998...2003;;COM BUCHAS / COM EIXO / COM PIVÔ
39731;18;L200;SPORT;2003...2007;;COM BUCHAS / COM EIXO / SEM PIVÔ
39732;18;PAJERO;SPORT;1998...2003;;COM BUCHAS / COM EIXO / SEM PIVÔ
39733;5;S10;4X4;2012...2016;;DENTES INTERNO 28 - EXTERNO 28
39734;5;TRAILBLAZER;4X4;2013...2015;;DENTES INTERNO 28 - EXTERNO 28
39735;5;S10;4X4;2017...2021;;DENTES INTERNO 28 - EXTERNO 28
39736;5;TRAILBLAZER;4X4;2017...2021;;DENTES INTERNO 28 - EXTERNO 28
39737;12;HR-V;CÂMBIO MANUAL;2016...2021;1.8;DENTES INTERNO 26 - EXTERNO 27
39743;12;HR-V;CÂMBIO MANUAL;2016...2021;1.8;
39744;12;CIVIC;CÂMBIO AUTOMÁTICO;2017...2020;2.0;
39746;26;T-CROSS;;2020...;1.0;COIFA EM TERMOPLÁSTICO
39747;26;VIRTUS;;2018...;1.0;COIFA EM TERMOPLÁSTICO
39748;5;TRACKER;CÂMBIO AUTOMÁTICO;2014...2019;1.8;
39749;12;CIVIC;CÂMBIO AUTOMÁTICO;2012...2013;1.8;
39750;12;CIVIC;CÂMBIO AUTOMÁTICO;2012...2016;2.0;
39752;17;B180;;2012...;;
39753;38;K-360;LB 4X2;2012...;;
39754;12;CR-V;;2020...;;
39755;18;L200;TRITON OUTDOOR GLS 4X4  - CÂMBIO AUTOMÁTICO;2021...;2.4;
39756;18;L200;TRITON OUTDOOR GLX 4X4  - CÂMBIO MANUAL;2021...;2.4;
39757;18;L200;TRITON SPORT GLS 4X4  - CÂMBIO AUTOMÁTICO;2021...;2.4;
39758;18;L200;TRITON SPORT HPE 4X4  - CÂMBIO AUTOMÁTICO;2021...;2.4;
39759;18;L200;TRITON SPORT HPE-S  - CÂMBIO AUTOMÁTICO;2021...;2.4;
39760;10;ARGO;CÂMBIO MANUAL;2017...;1.3;DENTES INTERNO 21 - EXTERNO 22
39761;10;CRONOS;CÂMBIO MANUAL;2018...;1.3;DENTES INTERNO 21 - EXTERNO 22
39764;12;HR-V;CÂMBIO MANUAL;2016...2021;1.8;DENTES INTERNO 27 - EXTERNO 30
39765;10;500;CÂMBIO AUTOMÁTICO / MANUAL;2010...2011;1.4;DENTES EXTERNOS - 21 / ROLAMENTO 31,94MM
39766;10;ARGO;CÂMBIO MANUAL;...;1.0 / 1.3;DENTES EXTERNOS - 21 / ROLAMENTO 31,94MM
39767;10;CRONOS;CÂMBIO MANUAL;2018...2020;1.3;DENTES EXTERNOS - 21 / ROLAMENTO 31,94MM
39768;10;DOBLO;CÂMBIO MANUAL;2010...2016;;DENTES EXTERNOS - 21 / ROLAMENTO 31,94MM
39769;10;FIORINO;CÂMBIO MANUAL;2011...2019;1.4;DENTES EXTERNOS - 21 / ROLAMENTO 31,94MM
39770;10;GRAND SIENA;CÂMBIO MANUAL;2013...2017;;DENTES EXTERNOS - 21 / ROLAMENTO 31,94MM
39771;10;MOBI;CÂMBIO MANUAL;2016...2020;1.0;DENTES EXTERNOS - 21 / ROLAMENTO 31,94MM
39772;10;PALIO;CÂMBIO MANUAL;2008...2012;1.4;DENTES EXTERNOS - 21 / ROLAMENTO 31,94MM
39773;10;PALIO;CÂMBIO MANUAL;2008...2017;1.0;DENTES EXTERNOS - 21 / ROLAMENTO 31,94MM
39774;10;SIENA;CÂMBIO MANUAL;2006...2016;1.0 / 1.4;DENTES EXTERNOS - 21 / ROLAMENTO 31,94MM
39775;10;UNO;CÂMBIO MANUAL;2011...2020;;DENTES EXTERNOS - 21 / ROLAMENTO 31,94MM
39776;5;JOY;TODOS OS MODELOS;2020...2021;;
39777;5;ONIX;1ª GERAÇÃO - TODOS OS MODELOS;2013...2019;;
39797;21;SANDERO;G1 - TODOS OS MODELOS;2007...2013;;
39799;11;FIESTA;NEW;2013...;;1 BATENTE / 1 COIFA / 1 COXIM COM ROLAMENTO
39800;27;SÉRIE 1;(F40);2018...;;BRAÇO INFERIOR
39801;27;SÉRIE 2;GRAN COUPÉ (F44);2018...;;BRAÇO INFERIOR
39802;27;SÉRIE 2;TOURER (F45 / F46);2014...;;BRAÇO INFERIOR
39803;27;X1;SDRIVE (F48);2015...;;BRAÇO INFERIOR
39804;27;X2;(F39);2017...;;BRAÇO INFERIOR
39805;78;CLUBMAN;(F54);2015...;;BRAÇO INFERIOR
39806;78;COOPER;CONVERSÍVEL (F57);2014...;;BRAÇO INFERIOR
39807;78;COOPER;HATCHBACK (F55 / F56);2014...;;BRAÇO INFERIOR
39808;78;COUNTRYMAN;(F60);2017...;;BRAÇO INFERIOR
39810;5;S10;;2013...2015;;
39814;4;A1;;2014...;;
39815;4;A3;;2013...;;
39816;4;Q2;;2016...;;
39817;4;S1;;2014...;;
39818;4;TT;;2015...;;
39819;22;ATECA;KH7;2016...;;
39820;22;LEON;III;2012...;;
39821;129;SUPERB;;03.2015...;;
39822;26;GOLF;VIII;2013...2019;;
39823;26;PASSAT;;11.2014...;;
39824;26;TAOS;;2022...;;
39825;26;T-CROSS;;2020...;;
39826;26;TIGUAN;;2016...2018;;
39827;26;TIGUAN;ALLSPACE;06.2018...;;
39828;7;JUMPER;TODOS OS MODELOS;1997...2016;;
39829;5;COBALT;TODOS OS MODELOS;2011...2020;;
39830;5;ONIX;TODOS OS MODELOS;2012...2019;;
39831;5;PRISMA;TODOS OS MODELOS;2013...2019;;
39832;10;FASTBACK;TODOS MODELOS;2022...;;
39833;10;ARGO;CÂMBIO MANUAL;2017...;1.3 - FLEX;
39834;10;CRONOS;CÂMBIO MANUAL;2018...;1.3 - FLEX;
39835;10;UNO;NOVO  - CÂMBIO MANUAL;2010...;1.4 - FLEX;
39836;38;SÉRIE G;SÉRIE 6;2019...;;
39837;38;SÉRIE L;SÉRIE 6;2019...;;
39838;38;SÉRIE P;SÉRIE 6;2019...;;
39839;38;SÉRIE R;SÉRIE 6;2019...;;
39840;38;SÉRIE S;SÉRIE 6;2019...;;
39842;10;PALIO;;1996...;;BUCHA DA BANDEJA DA SUSPENSÃO DIANTEIRA
39843;10;PALIO WEEKEND;;1997...;;BUCHA DA BANDEJA DA SUSPENSÃO DIANTEIRA
39844;10;SIENA;;1998...;;BUCHA DA BANDEJA DA SUSPENSÃO DIANTEIRA
39845;10;STRADA;;1999...;;BUCHA DA BANDEJA DA SUSPENSÃO DIANTEIRA
39846;26;GOL;EXCETO G5;1980...2014;;
39847;26;PARATI;;1984...2012;;
39848;26;POINTER;;1993...1996;1.6 / 1.8 / 2.0;
39849;26;GOL;;1996...;1.0 AT;
39850;26;GOL;(INCLUSIVE TURBO);1999...;1.0 16V AT;
39851;5;CORSA;;2008...;;
39852;24;ETIOS;;2013...;;
39853;20;208;CÂMBIO AUTOMÁTICO;2014...;1.6;DENTES LADO RODA 25 - LADO CÂMBIO 26
39854;24;PRIUS;CÂMBIO AUTOMÁTICO;2017...2022;1.8;DENTES LADO RODA 26 - LADO CÂMBIO 24
39855;43;QQ;CÂMBIO MANUAL;2011...2017;1.1;DENTES LADO RODA 22 - LADO CÂMBIO 22 - FÔNICA 40, COM ABS
39856;26;POLO;HATCH / SEDAN;2002...;1.0 / 1.6;COM AR
39857;26;POLO;HATCH / SEDAN;2002...;1.0 / 1.6;SEM AR
39858;34;14000;S;...;;
39859;21;MEGANE GRAND TOUR;;2006...2012;;
39861;24;COROLLA FIELDER;TODOS OS MODELOS;2004...2008;;26 DENTES Ø 40MM
39862;24;COROLLA FIELDER;;2004...2008;;
39863;21;MEGANE GRAND TOUR;2;2006...2013;;
39864;21;MEGANE GRAND TOUR;;2006...2010;;
39865;24;COROLLA FIELDER;CÂMBIO AUTOMÁTICO;2002...2008;1.8;DENTES INTERNO 23 - EXTERNO 26 - FÔNICA 48, TRAVA CENTRAL, COM ABS
39866;24;COROLLA FIELDER;;2004...2008;;"1-MANCAL; 1-ABRAÇADEIRA"
39867;24;COROLLA FIELDER;CÂMBIO AUTOMÁTICO;2003...2008;1.8;
39868;34;7000;NETUNO - TODOS OS MODELOS;1993...2003;;
39869;34;7500;NETUNO - TODOS OS MODELOS;1994...2005;;
39870;34;8700;S;...;;CAMINHÃO
39871;34;10000;S;...;;CAMINHÃO
39872;34;8700;TR;...;;CAMINHÃO
39873;34;14000;S - CAMINHÃO;...;;
39874;21;MEGANE GRAND TOUR;;2006...;;
39875;21;LAGUNA;1.6 / 1.8 / 2.0 / 2.2 T / TD / 3.0 V6;1993...;1.6 / 1.8 / 2.0 / 2.2 T / TD / 3.0 V6;SISTEMA GIRLING
39876;21;LAGUNA GRAND TOUR;;1995...;1.6 / 1.8 / 1.9D / 2.0 / 2.2D;SISTEMA GIRLING
39877;24;COROLLA;1.6 16V XLI / 1.8 16V XEI / SE-G (BRASIL);2002...;1.6 16V XLI / 1.8 16V XEI / SE-G (BRASIL);SISTEMA VARGA/TRW
39878;24;COROLLA FIELDER;;2005...;1.8 16V;SISTEMA VARGA/TRW
39879;24;COROLLA;1.6 16V XLI / 1.8 16V XEI / SE-G (BRASIL);2002...2013;1.6 16V XLI / 1.8 16V XEI / SE-G (BRASIL);SISTEMA VARGA/TRW
39880;24;COROLLA FIELDER;;2004...2005;;
39883;21;MEGANE GRAND TOUR;;2007...2013;;
39884;24;COROLLA FIELDER;CÂMBIO AUTOMÁTICO;2003...2008;1.8;DENTES INTERNO 23, Ø ROLAMENTO 33,9 MM
39888;17;CLASSE A;150;2004...2012;;
39889;17;CLASSE A;160;2004...2012;;
39890;17;CLASSE A;170;2004...2012;;
39891;17;CLASSE A;200;2004...2012;;
39892;17;CLASSE A;200;2004...2012;TURBO;
39893;17;CLASSE A;200 CDI;2004...2012;;
39894;17;CLASSE A;200 NOVO;2013...;;
39895;4;A3;;2007...2014;;36 DENTES, 5 FUROS
39896;26;GOLF;;2014...2019;;36 DENTES, 5 FUROS
39897;26;TIGUAN;;2017...2020;;36 DENTES, 5 FUROS
39898;26;KOMBI;;1982...2012;;5 FUROS
39899;5;COBALT;;2017...2020;;25 DENTES, 4 FUROS
39900;5;ONIX;;2017...2020;;25 DENTES, 4 FUROS
39901;5;PRISMA;;2017...2020;;25 DENTES, 4 FUROS
39902;5;SPIN;;2017...2020;;25 DENTES, 4 FUROS
39903;5;CRUZE;;2017...;;33 DENTES, 5 FUROS
39904;5;TRACKER;4X2;2014...2019;;5 FUROS
39905;12;CITY;;2015...2019;;4 FUROS
39906;12;FIT;;2015...2019;;4 FUROS
39907;12;CIVIC;;2017...2020;;5 FUROS
39908;12;ACCORD;;2003...2008;;26 DENTES, 5 FUROS
39909;12;CIVIC;;2013...2016;;26 DENTES, 5 FUROS
39910;12;CIVIC;;2017...2020;;28 DENTES, 5 FUROS
39911;27;X3;;2012...2017;;4 FUROS
39912;27;X4;;2015...2018;;4 FUROS
39913;19;KICKS;;2017...2020;;25 DENTES, 4 FUROS
39914;19;MARCH;;2012...2020;;25 DENTES, 4 FUROS
39915;19;VERSA;;2012...2020;;25 DENTES, 4 FUROS
39918;13;CRETA;;2017...2021;;27 DENTES, 5 FUROS
39919;13;IX35;;2010...2014;;27 DENTES, 5 FUROS
39920;13;SONATA;;2011...2014;;27 DENTES, 5 FUROS
39921;15;SPORTAGE;;2004...2016;;27 DENTES, 5 FUROS
39922;13;TUCSON;;2017...2021;;5 FUROS
39923;15;SPORTAGE;;2016...2021;;5 FUROS
39924;18;ASX;;2010...2012;;5 FUROS
39925;18;LANCER;;2010...2019;;5 FUROS
39926;4;Q3;;2018...;;
39927;26;PASSAT;;2015...;;
39928;26;TIGUAN;250 TSI;02.2016...06.2018;;
39929;26;TIGUAN;TSI ALLSPACE;06.2018...;;G3
39930;24;PRIUS;CÂMBIO AUTOMÁTICO;2017...2022;1.8;DENTES INTERNO 25 - EXTERNO 26
39931;10;TORO;CÂMBIO AUTOMÁTICO;2016...;1.8;COM AR
39932;10;FIORINO;TREKKING / WORKING;1996...2011;;COM AR 1 BATENTE / 1 COIFA
39933;10;GRAND SIENA;(INCLUSIVE AM'S POWERSHOCK);2012...;;1 BATENTE / 1 COIFA
39934;10;PALIO;(INCLUSIVE AM'S POWERSHOCK);2011...;;1 BATENTE / 1 COIFA
39935;10;SIENA;(INCLUSIVE AM'S POWERSHOCK);2012...;;1 BATENTE / 1 COIFA
39936;10;UNO;(INCLUSIVE AM'S POWERSHOCK);2010...;;1 BATENTE / 1 COIFA
39937;10;FIORINO;;2011...;;1 BATENTE / 1 COIFA
39938;10;FIORINO;TREKKING / WORKING;1996...2011;;COM AR 1 BATENTE / 1 COIFA / 1 COXIM / 1 ROLAMENTO / SEDE
39939;10;GRAND SIENA;(INCLUSIVE AM'S POWERSHOCK);2012...;;1 BATENTE / 1 COIFA / 1 COXIM / 1 ROLAMENTO
39940;10;PALIO;(INCLUSIVE AM'S POWERSHOCK);2011...;;1 BATENTE / 1 COIFA / 1 COXIM / 1 ROLAMENTO
39941;10;SIENA;(INCLUSIVE AM'S POWERSHOCK);2012...;;1 BATENTE / 1 COIFA / 1 COXIM / 1 ROLAMENTO
39942;10;UNO;(INCLUSIVE AM'S POWERSHOCK);2010...2014;;1 BATENTE / 1 COIFA / 1 COXIM / 1 ROLAMENTO
39943;10;FIORINO;;2011...;;1 BATENTE / 1 COIFA / 1 COXIM COM ROLAMENTO
39944;11;KA;(EXCETO NEW)  DIREÇÃO HIDRÁULICA;2000...2007;;
39946;7;C3;CÂMBIO AUTOMÁTICO;2013...2021;;
39947;7;C3;CÂMBIO MANUAL;2013...2021;;
39948;15;SOUL;GII;2014...2019;1.6;PIVÔ PARAFUSADO
39949;17;CLA 180;;2013...2013;;BRAÇO OSCILANTE
39950;17;CLA 200;;2013...2013;;BRAÇO OSCILANTE
39951;17;CLA 220;;2013...2013;;BRAÇO OSCILANTE
39952;17;CLA 250;;2013...2013;;BRAÇO OSCILANTE
39953;17;CLA 45 AMG;;2013...2013;;BRAÇO OSCILANTE
39954;17;CLASSE A;180;2012...2018;;BRAÇO OSCILANTE
39955;17;CLASSE A;200;2012...2018;;BRAÇO OSCILANTE
39956;17;CLASSE A;220;2012...2018;;BRAÇO OSCILANTE
39957;17;CLASSE A;250;2012...2018;;BRAÇO OSCILANTE
39958;17;CLASSE B;160;2011...2018;;BRAÇO OSCILANTE
39959;17;CLASSE B;180;2011...2018;;BRAÇO OSCILANTE
39960;17;CLASSE B;200;2011...2018;;BRAÇO OSCILANTE
39961;17;CLASSE B;220;2011...2018;;BRAÇO OSCILANTE
39962;17;CLASSE B;250;2011...2018;;BRAÇO OSCILANTE
39963;17;GLA 180;;2014...;;BRAÇO OSCILANTE
39964;17;GLA 200;;2013...;;BRAÇO OSCILANTE
39965;17;GLA 220;;2013...;;BRAÇO OSCILANTE
39966;17;GLA 250;;2013...;;BRAÇO OSCILANTE
39967;17;GLA 45 AMG;;2014...;;BRAÇO OSCILANTE
39968;27;120;TODOS OS MODELOS;2005...2012;;RODA M12 X 1,5 MM
39969;27;130;TODOS OS MODELOS;2006...2012;;RODA M12 X 1,5 MM
39970;27;135;TODOS OS MODELOS;2009...2012;;RODA M12 X 1,5 MM
39971;27;318;TODOS OS MODELOS;2011...2012;;RODA M12 X 1,5 MM
39972;27;320;TODOS OS MODELOS;2013...;;RODA M12 X 1,5 MM
39973;27;325;TODOS OS MODELOS;2006...2012;;RODA M12 X 1,5 MM
39974;27;328;TODOS OS MODELOS;2012...;;RODA M12 X 1,5 MM
39975;27;335;TODOS OS MODELOS;2007...2012;;RODA M12 X 1,5 MM
39976;27;M1;TODOS OS MODELOS;2011...2012;;RODA M12 X 1,5 MM
39977;27;X1;TODOS OS MODELOS;2010...;;RODA M12 X 1,5 MM
39978;27;Z4;TODOS OS MODELOS;2009...2016;;RODA M12 X 1,5 MM
39980;20;405;SRI / STI;1993...1999;1.6 MI;1 BATENTE / 1 COIFA
39982;20;206 SW;EXCETO ESCAPADE;2006...2009;;
39983;5;ONIX PLUS;;2019...;;1 BATENTE / 1 COIFA
39984;10;BRAVO;ESSENCE / ABSOLUTE;2011...2016;1.8;
39985;13;HB20;CÂMBIO MANUAL;2020...2022;1.0;DENTES LADO RODA 25 - LADO CÂMBIO 25, COM ABS 48 DENTES
39986;20;405;SRI / STI;1993...1999;1.6 MI;1 BATENTE / 1 COIFA / 1 COXIM / 1 ROLAMENTO
39987;10;UNO;DIREÇÃO MECÂNICA;1985...1992;;
39990;19;LEAF;B12P 40;2021...;ELÉTRICO;
39992;13;HB20;CÂMBIO MANUAL;2020...2022;1.6;DENTES INTERNO 25 - EXTERNO 25 -FÔNICA 48, COM ABS
39993;4;A4;;2007...2016;;
39994;4;A5;;2009...2016;;
39995;4;A6;;1995...2008;;
39997;4;A7;;2011...2016;;
39998;4;A8;;2009...2016;;
39999;4;Q5;;2009...2016;;
40000;4;A6 ALLROAD;;2000...2004;;
40002;24;COROLLA;ALTIS;2020...;2.0;G12
40003;24;COROLLA;ALTIS HYBRID;2020...;1.8;G12
40004;24;COROLLA;ALTIS PREMIUM HYBRID;2019...;1.8;G12
40005;24;COROLLA;GLI;2020...;2.0;G12
40006;24;COROLLA;XEI;2020...;2.0;G12
40007;24;COROLLA;ALTIS PREMIUM HYBRID;2020...;1.8;G12
40009;21;SANDERO;TODOS OS MODELOS (INCLUSIVE STEPWAY);2014...2019;;
40012;20;207;TODOS OS MODELOS;2008...2014;;
40013;11;FOCUS;;2008...2013;2.0;DURATEC
40050;13;AZERA;;2011...2017;;
40051;15;STONIC;;2021...;;
40052;26;JETTA VARIANT;;2008...;2.5;
40053;26;GOLF;;2014...;;1 COIFA / 1 BATENTE / 1 ABRAÇADEIRA DE NYLON
40054;26;JETTA;;2019...;;1 COIFA / 1 BATENTE / 1 ABRAÇADEIRA DE NYLON
40056;10;FREEMONT;;2011...2016;;1 COIFA / 1 BATENTE
40057;21;MASTER;;2013...;;1 BATENTE / 1 COIFA / 1 COXIM COM ROLAMENTO
40058;120;CITYTRUCK;6.5-15;2020...;3.8 - DIESEL;TB
40059;13;TUCSON;NOVA;2017...;;
40060;10;DUCATO;TODOS OS MODELOS;2018...2022;DIESEL;
40061;19;VERSA;ADVANCE  - CÂMBIO AUTOMÁTICO / MANUAL;2021...;1.6 16V;
40062;19;VERSA;EXCLUSIVE  - CÂMBIO AUTOMÁTICO / MANUAL;2021...;1.6 16V;
40063;19;VERSA;SENSE  - CÂMBIO AUTOMÁTICO / MANUAL;2021...;1.6 16V;
40064;32;B-270;F - ÔNIBUS;...;;
40065;10;PALIO;R;2005...;1.8;1 BATENTE / 1 COIFA / 1 COXIM COM ROLAMENTO DIREITO
40066;130;EVOQUE;;2011...2019;;
40067;4;Q3;;2012...2018;2.0 TDI;8UB / 8UG ALUMÍNIO
40068;4;Q3;;2013...2018;1.4 TSI;8UB / 8UG ALUMÍNIO
40069;4;Q3;;2015...2018;2.0 TFSI;8UB / 8UG ALUMÍNIO
40070;4;Q3;;2016...2018;1.4 TFSI;8UB / 8UG ALUMÍNIO
40071;4;Q3;QUATTRO;2011...2018;2.0 TDI;8UB / 8UG ALUMÍNIO
40072;4;Q3;QUATTRO;2011...2018;2.0 TFSI;8UB / 8UG
40074;24;ETIOS;;2012...;;1 BATENTE / 1 COIFA  / 1 COXIM
40075;17;C-180;CHASSI - C117;2013...2016;;
40076;17;C-200;CHASSI - C117;2013...2016;;
40077;17;CLA 180;CHASSI - C117;2013...2016;;
40078;17;CLA 200;CHASSI - C117;2013...2016;;
40079;17;CLA 250;CHASSI - C117;2013...2016;;
40080;17;CLA 45 AMG;CHASSI - C117;2013...2016;;
40081;17;CLASSE A;180 CHASSI - W176;2013...2018;;
40082;17;CLASSE A;200 CHASSI - W176;2013...2018;;
40083;17;CLASSE A;250 CHASSI - W176;2013...2018;;
40084;17;CLASSE A;45 AMG  CHASSI - W175;2013...2018;;
40085;17;CLASSE B 180;CHASSI - W246;2013...2018;;
40086;17;CLASSE B 200;CHASSI - W246;2013...2018;;
40087;17;GLA 180;CHASSI - X156;2014...2016;;
40088;17;GLA 200;CHASSI - X156;2014...2016;;
40089;17;GLA 250;CHASSI - X156;2014...2016;;
40090;17;GLA 45 AMG;CHASSI - X156;2014...2016;;
40091;7;JUMPY;;2019...;;
40092;10;SCUDO;;2022...;;
40093;20;EXPERT;;2017...;;
40094;27;X3;(F25);2011...2017;;
40095;27;X4;(F26);2013...2018;;
40097;11;EDGE;;2015...;;
40099;38;CAMINHÕES;R;2019...;;
40100;120;MINITRUCK;3.5-11 DT;...;;
40102;5;TRACKER;;2013...2020;;1 BATENTE / 1 COIFA
40103;5;TRACKER;;2013...2020;;1 BATENTE / 1 COIFA  / 1 COXIM
40104;5;TRACKER;;2013...2020;;1 BATENTE / 1 COIFA / 1 COXIM / 1 ROLAMENTO
40105;5;ONIX PLUS;;2019...;;1 BATENTE / 1 COIFA / 1 COXIM COM ROLAMENTO
40106;10;UNO;TODOS OS MODELOS;2010...2014;;
40107;27;116i;SÉRIE 1 (E82 / E87 / E88);2004...2013;;
40108;27;118i;SÉRIE 1 (E82 / E87 / E88);2004...2013;;
40109;27;120i;SÉRIE 1 (E82 / E87 / E88);2004...2013;;
40110;27;135i;SÉRIE 1 (E82 / E87 / E88);2004...2013;;
40111;27;320i;SÉRIE 3 (E90);2006...2012;;
40112;27;325i;SÉRIE 3 (E90);2006...2012;;
40113;27;328i;SÉRIE 3 (E90);2006...2012;;
40114;27;330i;SÉRIE 3 (E90);2006...2012;;
40115;27;335i;SÉRIE 3(E90);2006...2012;;
40116;13;CRETA;;2017...2021;2.0;COIFA EM TERMOPLÁSTICO
40117;26;POLO;;2018...;1.0;COIFA EM TERMOPLÁSTICO
40118;12;CIVIC;;2001...2006;1.7 16V;
40119;21;DUSTER;CÂMBIO MANUAL;2011...2019;1.6;COM ABS
40121;27;SÉRIE 3;CABRIO (EXCETO M3);2005...2013;;E90, E91, E92, E93
40122;27;SÉRIE 3;COUPE;2005...2013;;E90, E91, E92, E93
40123;27;SÉRIE 3;SEDAN;2005...2013;;E90, E91, E92, E93
40124;27;SÉRIE 3;STATION WAGON;2005...2013;;E90, E91, E92, E93
40125;17;C-CLASS;COUPE;2000...2006;;W203 / S203 / CL203 MOLA A GÁS - CAPÔ
40126;17;C-CLASS;SEDAN;2000...2006;;W203 / S203 / CL203 MOLA A GÁS - CAPÔ
40127;17;C-CLASS;STATION WAGON;2000...2006;;W203 / S203 / CL203 MOLA A GÁS - CAPÔ
40128;5;ONIX;HATCH;2020...;;MOLA A GÁS - TAMPA TRASEIRA
40129;38;P,G,R e T;SÉRIE 5;...;;CAPÔ / GRADE FRONTAL SUPERIOR
40130;25;TROLLER;;2015...;;
40131;26;29.520;METEOR CAMINHÃO;...;;
40132;43;FACE;;2012...;;
40133;43;TIGGO 7;;...;;
40134;43;TIGGO;;2009...2016;;MOLA GÁS - TAMPA TRASEIRA
40135;18;OUTLANDER;;2015...2021;2.0 L HPE;
40136;18;OUTLANDER;;2015...2021;2.2 HPE-S - DIESEL;
40137;18;OUTLANDER;;2015...2021;3.0 L V6 HPE-S;
40138;33;XV;;2013...;;
40139;42;JOURNEY;;2008...2018;;1 BATENTE / 1 COIFA  / 1 COXIM
40140;10;FREEMONT;;2011...2016;;1 BATENTE / 1 COIFA  / 1 COXIM
40146;10;UNO;COM E SEM BARRA ESTABILIZADORA / SPORTING / VIVACE / WAY;2010...2016;;EXCETO POWERSHOCK  - FUROS ALINHADOS -
40147;10;UNO;SEM BARRA ESTABILIZADORA;2010...;;POWERSHOCK  - FUROS DESALINHADOS -
40148;26;GOLF;NOVO;2014...;1.4;
40149;26;AMAROK;HIGHLINE CD;2010...;2.0 16V;
40150;5;S10;;2012...2016;2.4;
40151;11;FUSION;NOVO;2013...;;
40152;24;ETIOS;;2013...;1.3 16V;
40153;24;COROLLA;NOVO GLI;2014...;1.8L;
40154;19;FRONTIER;;2008...;2.5;
40155;19;KICKS;;2016...;1.6 16V;
40157;16;RANGE ROVER;III VOGUE 4X4;07.2010...08.2012;4.4 V8;
40158;4;A1;SPORTBACK;2018...;;
40159;26;NIVUS;;2021...;1.0;SISTEMA TEVES
40160;26;POLO;;2018...;1.0;SISTEMA TEVES
40161;26;T-CROSS;;2019...;1.0;SISTEMA TEVES
40162;26;T-CROSS;;2019...;1.4;SISTEMA TEVES
40163;26;VIRTUS;;2018...;1.0;SISTEMA TEVES
40164;26;VIRTUS;;2018...;1.0 12V;SISTEMA TEVES
40165;17;SPRINTER;315;2023...;2.0;
40166;17;SPRINTER;415;2019...;;
40167;5;MONTANA;;2023...;1.2 TURBO;
40168;5;TRACKER;;2020...;1.0 TURBO;
40169;5;TRACKER;;2020...;1.2 TURBO;
40170;12;HR-V;;2020...;1.5;
40171;12;HR-V;NEW;2023...;1.5;
40172;12;CIVIC;;2020...;;
40173;12;HR-V;;2020...;1.8 16V;
40174;12;HR-V;NEW;2023...;1.5 TURBO;
40175;21;CAPTUR;;2017...;1.6;
40176;21;DUSTER;;2011...;1.6;
40177;21;OROCH;;2016...;1.6;
40178;21;ZOE;;2019...;;
40179;13;CRETA;;2022...;1.0 TURBO;
40180;13;CRETA;;2022...;2.0;
40181;13;IX35;;2018...;2.0;
40182;13;TUCSON;;2017...;1.6 16V;
40183;15;SPORTAGE;;2017...;2.0;
40184;15;STONIC;;2022...;1.0 TURBO;
40185;43;TIGGO 5X;1X5;2019...;;
40186;43;TIGGO 7;;2019...;1.5;
40187;43;TIGGO 8;;2021...;1.6 TURBO;
40188;10;FASTBACK;;2023...;1.3;
40189;10;TORO;;2016...;1.8 16V  / 2.0 16V ;SISTEMA MANDO
40190;10;TORO;;2017...;2.4 16V;
40191;45;COMMANDER;;2021...;;
40192;45;COMPASS;4X2 / 4X4;2017...;2.0;
40193;45;RENEGADE;;2015...;1.8 / 2.0;SISTEMA MANDO
40194;45;COMPASS;4X2;2017...;2.0;
40195;45;COMPASS;4X4;2017...;2.0;
40196;45;RENEGADE;;2015...;1.8;SISTEMA MANDO
40197;45;RENEGADE;;2015...;2.0;SISTEMA MANDO
40198;7;JUMPY;;2018...;1.6 TURBO;
40199;10;SCUDO;;2023...;1.5;
40200;20;EXPERT;;2018...;1.6 TURBO;
40201;11;ECOSPORT;NEW;2012...;;
40202;11;FIESTA;NEW;2010...;;
40203;11;KA;NEW;2008...;;
40204;26;POLO;;2017...;1.6;36 DENTES, Ø 40MM, 5 FUROS
40205;26;VIRTUS;;2017...;1.6;36 DENTES, Ø 40MM, 5 FUROS
40206;11;ECOSPORT;;2013...2020;;Ø 71MM, 4 FUROS
40207;32;S60;;2011...2017;1.5 / 1.6 / 2.0;40 DENTES, Ø 82MM, 5 FUROS
40208;32;S80;;2008...2017;2.5 / 3.2;40 DENTES, Ø 82MM, 5 FUROS
40209;32;V60;;2012...2017;1.5  / 1.6 / 2.0 / 3.0;40 DENTES, Ø 82MM, 5 FUROS
40210;32;XC60;;2008...2017;2.0 / 2.4 / 3.0;40 DENTES, Ø 82MM, 5 FUROS
40211;32;XC70;;2008...2017;2.0 / 2.5 / 3.2;40 DENTES, Ø 82MM, 5 FUROS
40212;24;HILUX;4X2 / 4X4;2016...2023;;30 DENTES, Ø 54MM, 6 FUROS
40213;27;X1;;2010...;;Ø 90MM, 4 FUROS
40214;13;IX35;;2016...;;
40217;11;KA;NEW;2014...2016;1.0 / 1.5;COM BARRA ESTABILIZADORA
40227;26;TIGUAN;;2018...2021;;
40228;18;ECLIPSE CROSS;;2019...;;
40229;11;ECOSPORT;4X2  - CÂMBIO MANUAL;2013...2019;2.0;DENTES INTERNO 24 - EXTERNO 23
40230;5;BLAZER;4X4;1995...2011;;DENTES INTERNO 34, Ø ROLAMENTO 37 MM
40231;5;S10;4X4;1995...2011;;DENTES INTERNO 34, Ø ROLAMENTO 37 MM
40232;26;PASSAT;SEDAN;06.2012...;;
40233;26;SAVEIRO;5ª GERAÇÃO - TODOS OS MODELOS;2008...2012;1.6 8V;INCLUSIVE CROSS / TROOPER
40234;26;SAVEIRO;6ª GERAÇÃO - TODOS OS MODELOS;2013...2016;1.6 8V;INCLUSIVE CROSS / TROOPER ATÉ 2014 / EXCETO CABINE DUPLA
40235;26;SAVEIRO;TODOS OS MODELOS;2017...;1.6 8V / 16V;EXCETO CROSS / CABINE DUPLA
40236;26;SAVEIRO;CABINE DUPLA;2015...;1.6 8V / 16 V;
40237;26;SAVEIRO;CROSS;2015...;1.6 16V;
40238;17;C-180;;2014...;;
40239;17;C-200;;2014...;;
40240;5;TRACKER;4X2;2014...2017;1.8 16V;
40241;5;TRACKER;4X4;2014...2017;2.0 16V;
40242;11;RANGER;NOVA;2013...;2.2;
40243;11;RANGER;NOVA;2013...;2.5;
40244;11;RANGER;NOVA;2013...;3.2;
40245;25;T4;4X4;2015...;3.2 20V;
40246;24;COROLLA;ALTIS 16V  - CÂMBIO AUTOMÁTICO;2011...;2.0;
40247;24;COROLLA;GLI;2006...2008;1.8;
40248;24;COROLLA;SE-G 16V;2006...2008;1.8;
40249;24;COROLLA;XEG  - CÂMBIO AUTOMÁTICO;2006...2008;1.8;
40250;24;COROLLA;XEI  - CÂMBIO AUTOMÁTICO;2006...2008;1.8;
40251;24;COROLLA;XEI  - CÂMBIO MANUAL;2006...2008;1.8;
40252;24;COROLLA;XEI 16V  - CÂMBIO AUTOMÁTICO;2011...;2.0;
40253;24;COROLLA;XLI  - CÂMBIO AUTOMÁTICO;2006...2008;1.8;
40254;24;HILUX;4X2 CABINE SIMPLES;2005...03.2009;2.5L 16V TURBO - DIESEL;
40255;24;HILUX;4X2 D-4D;2005...03.2009;2.5L 16V - DIESEL;
40256;24;HILUX;4X2 D-4D;2005...03.2009;3.0L 16V - DIESEL;
40257;24;HILUX;4X4;2005...03.2009;2.5L 16V - DIESEL;
40258;24;HILUX;4X4 CABINE DUPLA;2005...03.2009;2.5L 16V - DIESEL;
40259;24;HILUX;4X4 D-4D;2005...03.2009;3.0L 16V;
40260;27;316I;SÉRIE 1;02.2012...;;
40261;27;316I;TOURING - SÉRIE 1;2012...;;
40262;27;318I;SÉRIE 1;12.2010...;;
40263;27;320I;SÉRIE 1;2011...;;
40264;27;325I;SÉRIE 1;10.2011...;;
40265;27;328I;SÉRIE 1;2011...;;
40266;13;TUCSON;NEW GL;2017...;1.6 16V TURBO;
40267;13;TUCSON;NEW GLS;2017...;1.6 16V TURBO;
40268;13;TUCSON;NEW LIMITED;2017...;1.6 16V TURBO;
40269;15;SPORTAGE;EX;2017...;2.0;
40270;15;SPORTAGE;LX;2017...;2.0;
40271;18;PAJERO;DAKAR 4X4;2009...;3.2;
40272;4;S4;SEDAN;01.1998...;2.7 TWIN TURBO;
40273;4;S6;SEDAN;09.1999...;4.2 QUATTRO;
40275;27;X3;(E83);2003...2010;;
40276;27;SÉRIE 3;F30;2010...2011;;
40277;15;SPORTAGE;IV (QL, QLE);2009...2015;;
40278;17;ACTROS;COM SENSOR;...;;
40279;17;AXOR;COM SENSOR;...;;
40280;17;ACTROS;SEM SENSOR;...;;
40281;17;AXOR;SEM SENSOR;...;;
40282;21;CLIO;HATCH / SEDAN;1999...2009;1.6;SI / RT / RN / RL
40284;38;P,G e R;CAMINHÃO;2019...;;CONUNTO COM MOLA HELICOIDAL
40285;5;BOLT;;2021...;ELÉTRICO;
40286;38;G-340;CAMINHÃO;2019...;;
40287;38;G-360;CAMINHÃO;2019...;;
40288;38;G-450;CAMINHÃO;2019...;;
40289;38;P-250;CAMINHÃO;2019...;;
40290;38;P-280;CAMINHÃO;2019...;;
40291;5;CORSA;SEDAN;2002...2012;1.8 8V;DENTES INTERNO 23 - EXTERNO 22 - FÔNICA 29, TRAVA CENTRAL, COM ABS
40292;5;MERIVA;;2002...2012;1.4 8V;DENTES INTERNO 23 - EXTERNO 22 - FÔNICA 29, TRAVA CENTRAL, COM ABS
40293;5;MERIVA;;2002...2012;1.8 8V / 16V;DENTES INTERNO 23 - EXTERNO 22 - FÔNICA 29, TRAVA CENTRAL, COM ABS
40294;5;MONTANA;;2003...2012;1.8 8V;DENTES INTERNO 23 - EXTERNO 22 - FÔNICA 29, TRAVA CENTRAL, COM ABS
40295;5;MONTANA;;2007...2013;1.4 8V;DENTES INTERNO 23 - EXTERNO 22 - FÔNICA 29, TRAVA CENTRAL, COM ABS
40296;12;CITY;TODAS AS GERAÇÕES;2015...;;
40297;12;CIVIC;NEW;2007...;1.8;SISTEMA SUMITOMO
40298;12;CIVIC;NEW;2013...;2.0;SISTEMA SUMITOMO
40299;12;CIVIC;NEW - SEDAN SI;2007...;2.0 16V;
40300;12;FIT;NEW;2008...2013;;
40301;12;CIVIC;NEW - 10ª GERAÇÃO;2016...;;
40302;12;CIVIC;NEW - 8ª GERAÇÃO;2006...2011;;
40303;12;FIT;NEW;2008...2014;;
40305;7;C3;CÂMBIO MANUAL - DIREÇÃO HIDRÁULICA;2002...2013;;SEM ABS COMPRIMENTO 36MM
40309;10;FURGONETA;UNO;...;;
40311;10;FURGONETA;UNO;1983...1987;1050 / 1300;
40312;43;QQ;NEW;2015...2019;;TODOS OS MODELOS
40314;7;C3;;2013...2021;;
40315;20;208;;2013...2020;;
40322;21;KWID;;2017...;;SEM ROLAMENTO DIANTEIRA
40331;5;TRACKER;;2013...2022;1.4 / 1.8;
40332;38;SÉRIE 5;;2010...;;
40333;38;SÉRIE 6;;2010...;;
40334;131;DIVERSOS;VANDERLEIA/ SRF;...;;
40335;38;SÉRIE 5;;...;;
40336;38;SÉRIE 6;;...;;
40337;4;A3;SPORTBACK;2012...;1.8 16V TSFI;
40338;26;GOLF;NOVO;2014...;2.0;
40339;4;Q3;;2011...;2.0 16V TFSI;
40340;99;CAYENNE;;2002...2009;3.2 V6;
40345;99;CAYENNE;;2002...;;
40350;10;TORO;;2016...;1.8 16V;
40351;10;TORO;;2016...;2.0 16V;
40352;45;COMPASS;LIMITED 4X2;2017...;2.0 - FLEX;
40353;45;COMPASS;LIMITED 4X4;2017...;2.0 TURBO - DIESEL;
40354;45;COMPASS;LONGITUDE 4X2;2017...;2.0 - FLEX;
40355;45;COMPASS;LONGITUDE 4X4;2017...;2.0 TURBO - DIESEL;
40356;45;COMPASS;NIGTH EAGLE;2017...;2.0 - FLEX;
40357;45;COMPASS;NIGTH EAGLE 4X4;2017...;2.0 TURBO - DIESEL;
40358;45;COMPASS;SPORT;2017...;2.0 - FLEX;
40359;45;COMPASS;TRAILHAWK 4X4;2017...;2.0 TURBO - DIESEL;
40360;45;RENEGADE;;2015...;1.8;
40361;45;RENEGADE;;2015...;2.0;
40362;12;CIVIC;EX;2017...;2.0 16V;
40363;12;CIVIC;EXL;2017...;2.0 16V;
40364;12;CIVIC;SPORT;2017...;2.0 16V;
40365;12;CIVIC;TOURING;2017...;1.5 16V;
40366;32;XC90;;2002...;2.5T;
40367;32;XC90;;2002...;3.0 T6;
40368;132;GX470;;2003...;;
40369;24;LAND CRUISER;PRADO;2003...;3.0;
40370;24;LAND CRUISER;PRADO;2003...;4.0I;
40371;24;COROLLA;ALTIS  - CÂMBIO AUTOMÁTICO;2011...2014;2.0 16V;
40372;24;COROLLA;GLI;2008...2014;1.8 16V;
40373;24;COROLLA;XEG  - CÂMBIO AUTOMÁTICO;2008...;1.8;
40374;24;COROLLA;XEI  - CÂMBIO AUTOMÁTICO;2008...;1.8;
40375;24;COROLLA;XEI  - CÂMBIO AUTOMÁTICO;2011...2014;2.0 16V;
40376;24;COROLLA;XEI  - CÂMBIO MANUAL;2008...;1.8;
40378;24;COROLLA;XLI  - CÂMBIO AUTOMÁTICO;2008...;1.8;
40379;24;COROLLA;XRS;2013...;2.0 16V;
40380;24;HILUX;;2008...;2.5;
40381;24;HILUX;SW4;2016...;2.8 16V;
40382;24;HILUX;SW4;2016...;4.0 24V;
40383;27;X1;18I SDRIVE;2010...2015;;
40384;27;X1;20I SDRIVE;2011...2015;;
40385;13;IX35;;2010...;2.0 16V;
40386;39;T6;;2014...;2.0;
40387;15;CARENS;;2007...;2.0;
40388;15;SPORTAGE;;2010...;2.0 16V;
40389;13;TUCSON;NEW GL;2017...;1.6 TURBO 16V;
40390;13;TUCSON;NEW LIMITED;2018...;1.6 TURBO 16V;
40391;15;SPORTAGE;;2017...;2.0 EX;
40392;15;SPORTAGE;;2017...;2.0 LX;
40393;104;E-PACE;FIRST EDITION;2018...;2.0 AWD;
40394;104;E-PACE;R-DYNAMIC S;2018...;2.0 AWD;
40395;104;E-PACE;R-DYNAMIC SE;2018...;2.0 AWD;
40396;104;XF;;2015...;2.0;
40397;20;508;;2011...;1.6 THP 16V;
40398;32;S80;;2006...;2.4;
40399;32;S80;;2007...;2.0;
40400;32;S80;;2009...;1.6;
40401;32;S60;T5;2010...;2.0;
40402;11;ESCORT;SW - TODOS OS MODELOS;1996...2003;;
40404;26;CONSTELLATION;CAMINHÃO;1999...;;COM REGULAGEM
40405;11;ESCORT;SW;1997...2002;;
40406;20;206 SW;HATCH / PASSION / SW ESCAPADE;2008...;;
40407;20;207;HATCH / PASSION / SW ESCAPADE;2008...;;
40408;11;ESCORT;SW;09.1996...2003;1.8;
40409;10;PALIO;2ª  GERAÇÃO - EXCETO SPORTING;2011...2017;;
40410;14;STRALIS 330;CAMINHÃO;2012...;;COM MOLA HELICOIDAL
40411;14;STRALIS 360;CAMINHÃO;2012...;;COM MOLA HELICOIDAL
40412;14;STRALIS 380;CAMINHÃO;2012...;;COM MOLA HELICOIDAL
40413;14;STRALIS 400;CAMINHÃO;2012...;;COM MOLA HELICOIDAL
40414;14;STRALIS 440;CAMINHÃO;2012...;;COM MOLA HELICOIDAL
40415;14;STRALIS 480;CAMINHÃO;2012...;;COM MOLA HELICOIDAL
40416;11;ESCORT;SW;09.1996...1998;1.8;
40417;38;SÉRIE 4;;...;;SUSPENSOR
40418;38;SÉRIE 5;;...;;SUSPENSOR
40419;38;SÉRIE 6;;...;;SUSPENSOR
40420;11;ESCORT;SW;1996...1998;;1 BATENTE / 1 COIFA
40421;11;ESCORT;SW;1999...2003;;1 BATENTE / 1 COIFA
40422;11;ESCORT;SW - COM GNV;1997...2003;;
40425;13;HB20;CÂMBIO AUTOMÁTICO;2020...2022;1.6;NOVA GERAÇÃO DENTES LADO RODA 25, LADO CÂMBIO 27
40426;20;206 SW;DIREÇÃO HIDRÁULICA / MECÂNICA;2005...2009;;
40427;11;ESCORT;SW;1996...2003;;1 BATENTE / 1 COIFA / 1 COXIM / 1 ROLAMENTO
40428;26;FOX;;2004...2013;1.6 8V;COM E SEM ABS
40431;19;VERSA;MECÂNICO / CVT;2015...;;LADO DIR. (01 PINTA CINZA) / LADO ESQ. (01 PINTA VERDE)
40434;17;OF-1722;ÔNIBUS;...;;COM SUSPENSÃO PNEUMÁTICA
40439;17;GLA;CLASS;2014...;;X156
40440;27;320i;E46;1999...2006;;
40444;26;VIRTUS;CONFORTLINE;2018...;1.0 12V 200 TSI;
40446;17;SPRINTER;511;2018...;;5T - PLATAFORMA CAMINHÃO
40447;17;SPRINTER;514;2018...;;5T - PLATAFORMA CAMINHÃO
40448;17;SPRINTER;516;2018...;;5T - PLATAFORMA CAMINHÃO
40449;17;SPRINTER;519;2018...;;5T - PLATAFORMA CAMINHÃO
40450;5;EQUINOX;PREMIER - AWD;2018...;2.0 TURBO;
40451;5;S10;4X2 CD LT  - CÂMBIO AUTOMÁTICO;2017...;2.8 TURBO;
40452;5;S10;4X2 CD LT  - CÂMBIO MANUAL;2017...;2.5 16V;
40453;5;S10;4X2 CD LT  - CÂMBIO MANUAL;2017...;2.8 16V TURBO;
40454;5;S10;4X2 CD LTZ  - CÂMBIO MANUAL;2017...;2.5 16V;
40455;5;S10;4X4 CD LS  - CÂMBIO MANUAL;2017...;2.8 TURBO;
40456;5;S10;4X4 CD LT  - CÂMBIO AUTOMÁTICO;2017...;2.8 16V TURBO;
40457;5;S10;4X4 CD LT  - CÂMBIO MANUAL;2017...;2.5 16V;
40458;5;S10;4X4 CD LT  - CÂMBIO MANUAL;2017...;2.8 16V TURBO;
40459;5;S10;4X4 CD LTZ;2017...;2.5 16V;
40460;5;S10;ADVANTAGE 4X2 CD  - CÂMBIO MANUAL;2017...;2.5 16V;
40461;5;S10;PICK-UP H. COUNTRY 4X4 CD;2017...;2.8;
40462;104;XF;;2016...;2.0;
40464;78;COOPER S;CÂMBIO AUTOMÁTICO;2009...;1.6;
40465;78;COOPER S;CLUBMAN  - CÂMBIO AUTOMÁTICO;2009...;1.6;
40467;38;SÉRIE 5;;2010...;;TRAÇÃO E TERCEIRO EIXO
40468;38;SÉRIE 6;;2010...;;TRAÇÃO E TERCEIRO EIXO
40469;131;DIVERSOS;VANDERLEIA / SRF;...;;EIXO FACCHINI
40470;10;FASTBACK;CÂMBIO AUTOMÁTICO;2022...;1.0;
40471;10;FASTBACK;;2022...;;
40472;10;PULSE;;2021...;;
40473;21;CLIO;HATCH - TODOS OS MODELOS;1999...2009;1.6;
40474;21;CLIO;HATCH / SEDAN - TODOS OS MODELOS;1999...2011;1.0;
40475;21;CLIO;SEDAN - TODOS OS MODELOS;1999...2009;1.6;
40476;21;CLIO;HATCH / SEDAN - TODOS OS MODELOS;1999...2009;1.6;
40477;21;SYMBOL;;2009...2013;;
40482;11;RANGER;;2013...2019;;SEM ROLAMENTO6 FUROS 28 DENTES
40483;25;T4;;2013...2019;;SEM ROLAMENTO6 FUROS 28 DENTES
40484;27;X1;;2010...;2.0;
40485;27;X1;;2010...;3.0;
40486;26;GOLF;;1994...2005;1.8 8V / 2.0 8V / 2.0 GTI;
40487;7;JUMPER;;1998...2008;;"ARO 15"""
40488;10;DUCATO;COM / SEM ABS;1998...;;"ARO 15"""
40489;10;DUCATO;COM / SEM ABS;1998...;;"ARO 16"""
40490;5;CORSA;PICK-UP;1994...2012;1.6;
40491;5;CORSA;SEDAN;2002...2012;1.8 8V;COM / SEM ABS
40492;11;BELINA;;1975...08.1977;1.4;
40493;11;BELINA II;;09.1977...08.1988;1.4;
40494;11;BELINA II;;09.1977...08.1988;1.8 AE;
40495;11;BELINA II;4X4;09.1977...08.1988;1.6;
40496;11;CORCEL;;1971...08.1977;1.4;
40497;11;DEL REY;;1981...08.1988;1.6 / 1.8 AE;
40498;11;PAMPA;;1981...07.1989;1.6;
40499;11;SCALA;;1981...07.1989;1.6 AE;
40500;26;PARATI;;1982...1994;1.0 / 1.6 / 1.8;1 BATENTE / 1 COIFA / 1 COXIM COM ROLAMENTO
40501;26;SAVEIRO;;1982...1997;1.6 / 1.8 / 2.0;1 BATENTE / 1 COIFA / 1 COXIM COM ROLAMENTO
40502;26;SAVEIRO;1.0 / 1.8 / 2.0 (EXCETO SUPER SURF);1998...2001;1.0 / 1.8 / 2.0 (EXCETO SUPER SURF);1 BATENTE / 1 COIFA / 1 COXIM COM ROLAMENTO
40503;4;A3;1.8 / 2.0 (EXCETO TIPTRONIC);1996...;1.8 / 2.0 (EXCETO TIPTRONIC);1 BATENTE / 1 COIFA / 1 COXIM / 1 ROLAMENTO
40504;4;A3;1.8 / 2.0 (EXCETO TIPTRONIC);1996...;1.8 / 2.0 (EXCETO TIPTRONIC);1 BATENTE / 1 COIFA / 1 COXIM
40505;10;PALIO;R;2005...;1.8;1 BATENTE / 1 COIFA / 1 COXIM COM ROLAMENTO ESQUERDO
40506;10;MAREA;;1998...2008;1.6 / 1.8 / 2.0 / 2.4;1 BATENTE / 1 COIFA / 1 COXIM
40507;5;CORSA;WAGON;06.1998...2002;;1 BATENTE / 1 COIFA / 1 COXIM / 1 ASSENTO COM ROLAMENTO
40508;5;CORSA;WAGON;06.1998...2002;;1 BATENTE / 1 COIFA / 1 COXIM (SEM ASSENTO DE MOLA)
40511;10;FASTBACK;;2022......;200 TURBO;
40512;10;PULSE;;2022......;200 TURBO;
40513;10;ARGO;;2022...;1.3;
40514;10;CRONOS;;2022...;1.3;
40515;10;PULSE;;2022...;1.3;
40517;42;JOURNEY;;2008...2018;;1 COIFA / 1 BATENTE
40518;45;COMPASS;;2011...2015;;1 COIFA / 1 BATENTE
40519;26;JETTA;;2006...;1.4 / 2.0;1 BATENTE / 1 COIFA / 1 COXIM COM ROLAMENTO
40520;38;SÉRIE 4;CR;...;;
40521;38;SÉRIE 5;CP / CG / CR;...;;
40522;23;JIMNY;SIERRA;2019...;;
40531;26;32.360;TETO MÉDIO;2022...;;CONJUNTO AMORTECEDOR + MOLA HELICOIDAL
40532;26;32.360;TETO NORMAL;2022...;;CONJUNTO AMORTECEDOR + MOLA HELICOIDAL
40533;24;HILUX;SW4;2016...2020;;
40536;27;F20;SÉRIE 1;2011...2019;;
40537;27;F21;SÉRIE 1;2011...2019;;
40538;27;F30;SÉRIE 3;2012...2018;;
40539;27;F32;SÉRIE 4;2013...;;
40540;27;F33;SÉRIE 4;2013...;;
40541;27;F34;SÉRIE 3;2012...2018;;
40542;26;GOL;C/ E S/ BARRA ESTABILIZADORA;1980...1985;AR;
40543;26;SAVEIRO;;1980...1985;AR;
40544;5;ASTRA;HATCH / SEDAN / GSI;1999...2011;1.8 / 2.0;
40545;5;VECTRA;GT-X;2007...2011;;
40546;5;VECTRA;GT;1999...;1.8 / 2.0;
40547;5;VECTRA;GT;2007...2011;;"1-MANCAL; 1-ABRAÇADEIRA"
40548;5;VECTRA;GT;2007...2011;;
40549;17;GLA CLASS;X156;2014...;;
40550;17;CLASSE A;COM ABS;1999...2005;1.6;
40551;10;PALIO;;2005...2014;1.4 8V;
40552;10;SIENA;;2005...2014;1.4 8V;
40553;5;MONTANA;;2011...2016;1.4;
40554;5;CAPTIVA;SPORT;2008...2014;3.6 V6;
40555;11;FUSION;CÂMBIO AUTOMÁTICO;2006...2016;2.3 / 2.5;
40556;12;CR-V;4X2 / 4X4  - CÂMBIO AUTOMÁTICO;...;;
40557;12;CITY;;2009...2014;1.5;
40558;12;FIT;;2009...2014;1.4 / 1.5;
40559;21;MEGANE;;2001...;1.6;
40560;21;SCENIC;;2001...;1.6;
40561;21;LOGAN;;...;1.0 / 1.6;
40562;21;SANDERO;;...;1.0 / 1.6;
40563;21;MASTER;CÂMBIO MANUAL;...;2.5;
40564;21;MASTER;;2013...2018;2.3;
40565;24;RAV4;4x4  - CÂMBIO AUTOMÁTICO;2000...2005;2.0;
40566;24;HILUX;SW4;...;3.0 TURBO;
40567;19;KICKS;CÂMBIO AUTOMÁTICO;2017...2019;1.6;
40568;19;MARCH;;2012...2019;1.0;
40569;19;VERSA;;2012...2019;1.0;
40570;33;FORESTER;CÂMBIO AUTOMÁTICO;2001...2008;2.5;
40571;13;SANTA FÉ;4X4;2005...2010;2.7;
40572;15;SORENTO;;2002...2009;2.4 / 2.5 / 3.5;
40573;7;C3;;2003...2012;1.6;
40574;17;C-250;;2014...2018;;
40575;17;C-250;COUPÉ;2015...;;
40576;17;C-300;;2014...;;
40577;17;C-300;COUPÉ;2015...;;
40578;17;C-350;;2014...2015;;
40579;17;C-400;COUPÉ;2015...;;
40580;12;CR-V;4X4  - CÂMBIO MANUAL;2009...2012;2.0;DENTES LADO RODA 28 - LADO CÂMBIO 23
40581;5;SPACE VAN;CÂMBIO MANUAL;1991...1999;;DENTES INTERNO 27, Ø ROLAMENTO 34,10 MM
40582;21;TRAFIC;CÂMBIO MANUAL;1992...1999;;DENTES INTERNO 27, Ø ROLAMENTO 34,10 MM
40583;11;ECOSPORT;4X2  - CÂMBIO MANUAL;2012...2020;2.0;DENTES INTERNO 24, Ø ROLAMENTO 41,55 MM
40584;11;FOCUS;CÂMBIO AUTOMÁTICO / MANUAL;2003...2009;2.0;DENTES INTERNO 23, Ø ROLAMENTO 39,85 MM
40585;11;FOCUS;CÂMBIO MANUAL;2010...2013;2.0;DENTES INTERNO 24, Ø ROLAMENTO 41,55 MM
40586;5;CORSA;WAGON;06.1998...2002;;
40587;26;TL;TODOS OS MODELOS;1970...1976;DIESEL;
40588;26;VARIANT;TODOS OS MODELOS;1969...1977;GASOLINA;
40589;26;SAVEIRO;SPORTLINE;07.2003...2009;;
40591;26;JETTA;;2011...2018;2.0 TSI - FLEX;
40592;26;JETTA;CONFORTLINE;2018...;250 TSI 1.4 16V - FLEX;
40593;20;408;SEDAN;2011...2019;;
40594;10;PUNTO;ATTRACTIVE - ELX;2007...;1.4;
40595;10;PUNTO;ATTRACTIVE - HLX;2007...2010;1.8;
40597;26;VOYAGE;G5 / G6;2008...;;
40599;26;GOL;G5 / G6 (TRACK);2010...;;
40600;26;GOL;G6 (RALLYE);2013...;;
40601;5;S10;4X2 / 4X4;2012...;DIESEL / GASOLINA;
40602;21;MASTER;EXTRA VITRÉ - 13 LUGARES;2017...2021;L3H2 2.3 16V - DIESEL;COM AR
40603;21;MASTER;EXTRA VITRÉ - 13M³;2021...2022;L3H2 2.3 16V - DIESEL;COM AR
40604;21;MASTER;MINIBUS EXECUTIVE;2019...2021;L3H2 2.3 16V - DIESEL;COM AR
40605;21;MASTER;MINIBUS STANDART;2016...2017;L3H2 2.3 16V - DIESEL;COM AR
40607;11;F-1000;4X4 XL / XLT;1993...1998;DIESEL;
40608;10;TIPO;;1993...1997;1.6 / 2.0 - FLEX;
40609;11;F-1000;REGULAR CABINE / XL / XLT;1997...1998;4.9I - DIESEL;
40610;10;PALIO WEEKEND;ADVENTURE RST I / II TREKKING;1999...06.2008;GASOLINA;
40611;11;F-250;XLT / SUPER DUTY / XL - 4X2;1998...2006;;COM TUBETE 38 MM COMPRIMENTO
40613;10;TORO;TODOS OS MODELOS  - CÂMBIO AUTOMÁTICO;2016...;FLEX / DIESEL;EXCETO MOTOR 1.3 TURBO FLEX (T270)
40614;11;COURIER;2P;1997...2014;1.3 8V;MPI
40616;5;BLAZER;4X4;1997...;;
40617;5;S10;4x2;1997...2011;;
40618;5;S10;4X4;1997...2008;;
40619;12;CIVIC;EX  / EXL / SPORT;2017...;2.0 16V;
40620;23;JIMNY;SIERRA;2020...;;
40621;23;JIMNY;;2015...2019;;
40623;12;CR-V;4X4  - CÂMBIO MANUAL;2009...2012;2.0;
40625;19;FRONTIER;;2007...2016;;
40626;7;AIRCROSS;;2011...2020;;COMPRIMENTO 50MM
40627;7;C3;TODOS;07.2013...2019;;COMPRIMENTO 50MM
40628;20;208;;2013...2019;;COMPRIMENTO 50MM
40629;7;C3;DIREÇÃO ELÉTRICA;2013...2020;;
40630;7;DS3;DIREÇÃO ELÉTRICA;2013...2020;;
40631;20;208;DIREÇÃO ELÉTRICA;2013...2020;;
40632;4;Q3;TDI;2012...;2.0;(EXCETO SUSPENSÃO ELETRÔNICA)
40633;4;Q3;TFSI;2012...;1.4;(EXCETO SUSPENSÃO ELETRÔNICA)
40634;4;Q3;TFSI;2012...;2.0;(EXCETO SUSPENSÃO ELETRÔNICA)
40635;4;Q3;TFSI QUATTRO;2012...;1.4;(EXCETO SUSPENSÃO ELETRÔNICA)
40636;4;Q3;TFSI QUATTRO;2012...;2.0;(EXCETO SUSPENSÃO ELETRÔNICA)
40637;21;SANDERO;;2008...2013;;1 BATENTE / 1 COIFA
40638;42;DURANGO;;2011...;3.6;
40639;45;GRAND CHEROKEE;III;2013...;5.7 V8;
40640;45;GRAND CHEROKEE;IV;2013...;3.6 V6;
40641;45;GRAND CHEROKEE;IV;2013...;5.7 V8;
40642;17;GLE 350;D;04.2015...;;
40648;38;G-500;CAMINHÃO;2019...;;
40649;11;KA;TRAIL;2017...2018;;
40650;17;ATEGO 1418;CAMINHÃO;2005...;;
40651;17;ATEGO 1518;CAMINHÃO;2005...;;
40652;17;ATEGO 1718;CAMINHÃO;2005...;;
40653;17;ATEGO 1719;CAMINHÃO;2005...;;
40654;17;ATEGO 1725;CAMINHÃO;2005...;;
40655;17;ATEGO 2425;CAMINHÃO;2005...;;
40656;17;ATEGO 2426;CAMINHÃO;2005...;;
40657;17;ATEGO 2428;CAMINHÃO;2005...;;
40658;11;KA;FREESTYLE;2018...;;
40659;38;G-480;CAMINHÃO;2019...;;
40660;17;C-CLASS;W205;2014...;;
40661;131;RALA;;...;;
40662;5;S10;4X2 / 4X4;2017...2022;;
40663;5;TRAILBLAZER;4X2 / 4X4;2017...2022;;
40664;10;STRADA;;2020...;;
40665;5;ONIX;;2020...;;
40666;5;S10;4X2 / 4X4  DIREÇÃO ELÉTRICA;2017...;;
40667;5;TRAILBLAZER;4X2 / 4X4  DIREÇÃO ELÉTRICA;2017...;;
40669;15;SPORTAGE;;2017...;;
40671;4;A3 SPORTBACK;;2012...;1.4 16V TFSI;
40672;4;A3 SPORTBACK;;2012...;1.8 16V TSFI;
40673;26;AMAROK;TRENDLINE CD;2010...;2.0 16V;
40674;26;POLO;CONFORTLINE - NOVO;2018...;1.0 12V 200 TSI;
40675;26;POLO;HIGHLINE - NOVO;2018...;1.0 12V 200 TSI;
40676;26;VIRTUS;HIGHLINE;2018...;1.0 12V 200 TSI;
40677;5;S10;;2012...2016;2.8;
40678;5;TRAILBLAZER;;2012...;2.8;
40679;5;TRAILBLAZER;;2012...;3.6;
40680;24;HILUX;PICK-UP;2016...;2.8 16V;
40681;24;ETIOS;;2013...;1.5 16V;
40682;24;YARIS;;2018...;1.3 16V;
40683;24;YARIS;;2018...;1.5 16V;
40684;24;COROLLA;ALTIS - NOVO;2014...;2.0;
40685;24;COROLLA;XEI - NOVO;2014...;2.0;
40687;19;PATHFINDER;;2005...;;
40688;16;DISCOVERY;NEW;2017...;;
40689;16;DISCOVERY 4;;2010...;2.7;
40690;16;DISCOVERY 4;;2010...;3.0;
40691;16;DISCOVERY 4;;2010...;4.0;
40692;16;DISCOVERY 4;;2010...;5.0;
40693;16;RANGE ROVER;III SC 4X4;09.2009...08.2012;5.0 V8;
40694;16;RANGE ROVER;IV SVR SUPERCHARGED 4X4;06.2015...;5.0 V8;
40695;16;RANGE ROVER;IV VOGUE 4X4;08.2013...;4.4;
40696;16;RANGE ROVER;SPORT HSE 4X4;10.2013...;4.4 V8;
40697;16;RANGE ROVER;SPORT SVR SUPERCHARGED 4X4;09.2014...;5.0;
40698;45;COMPASS;LIMITED TURBO 4X4;2017...;2.0 - DIESEL;
40699;45;COMPASS;LONGITUDE TURBO 4X4;2017...;2.0 - DIESEL;
40700;45;COMPASS;NIGHT EAGLE 4X2;2017...;2.0 - FLEX;
40701;45;COMPASS;NIGHT EAGLE TURBO 4X4;2017...;2.0 - DIESEL;
40702;45;COMPASS;TRAILHAWK TURBO 4X4;2017...;2.0 - DIESEL;
40703;78;COOPER;CÂMBIO MANUAL;2009...;1.6;
40704;13;CRETA;ACTION;2020...;1.6;COM ROLAMENTO - COM ABS5 FUROS
40705;13;CRETA;ATTITUDE;2017...;1.6;COM ROLAMENTO - COM ABS5 FUROS
40706;13;CRETA;ATTITUDE PLUS;2020...;1.6;COM ROLAMENTO - COM ABS5 FUROS
40707;13;CRETA;PRESTIGE;2017...;2.0;COM ROLAMENTO - COM ABS5 FUROS
40708;13;CRETA;PULSE;2017...2018;1.6;COM ROLAMENTO - COM ABS5 FUROS
40709;13;CRETA;PULSE PLUS;2017...;1.6;COM ROLAMENTO - COM ABS5 FUROS
40710;13;CRETA;SMART PLUS;2020...;1.6;COM ROLAMENTO - COM ABS5 FUROS
40711;37;RANDON;KIT DE REPOSIÇÃO;...;;EIXO DE SUSPENSÃO COMPATÍVEL COM A RANDON SEM A BASE
40712;131;DIVERSOS;KIT DE REPOSIÇÃO;...;;EIXO DE SUSPENSÃO COMPATÍVEL COM A FACCHINI SEM A BASE
40713;38;K-440;IB 8X2;...;;EIXOS DIANTEIROS COMPLETA
40714;14;EUROTECH;COMPATÍVEL;...;;EIXO DE SUSPENSÃO COMPATÍVEL COM EUROTECH COMPLETA
40715;32;FH;COMPATÍVEL;2015...;;DIÂMETRO MAIOR COMPLETA
40716;32;FM;COMPATÍVEL;2015...;;DIÂMETRO MAIOR COMPLETA
40717;37;RANDON;;...;;EIXO DE SUSPENSÃO COMPATÍVEL COM A RANDON COMPLETA
40718;26;KOMBI;;1978...1997;;COM DEFLETOR CRAVADO NA COIFA E JUNTA DE VEDAÇÃO
40719;4;A3;CÂMBIO MANUAL;1999...2006;1.6 / 1.8;
40720;26;AMAROK;4X4;2010...2019;2.0;
40721;12;CIVIC;CÂMBIO AUTOMÁTICO / MANUAL;2017...2020;1.5;
40723;27;X1;XDRIVE (F48);2014...;;
40724;15;SOUL;;2014...;;
40725;17;GLA 200;;2013...;;
40726;17;GLA 250;;2013...;;
40727;5;EQUINOX;;2020...;;
40728;17;ACTROS;;...2014;;EIXO DE SUSPENSÃO COMPATÍVEL COM ACTROS COMPLETA - SEM SENSOR
40729;17;AXOR;;...2014;;EIXO DE SUSPENSÃO COMPATÍVEL COM AXOR COMPLETA - SEM SENSOR
40730;17;ACTROS;;...2014;;EIXO DE SUSPENSÃO COMPATÍVEL COM ACTROS COMPLETA - COM SENSOR
40731;17;AXOR;;...2014;;EIXO DE SUSPENSÃO COMPATÍVEL COM AXOR COMPLETA - COM SENSOR
40732;32;FH;COMPATÍVEL;2015...;;DIÂMETRO MENOR COMPLETA
40733;32;FM;COMPATÍVEL;2015...;;DIÂMETRO MENOR COMPLETA
40734;134;GUERRA;;...;;EIXO DE SUSPENSÃO 2 GOMOS COMPATÍVEL COM A GUERRA
40735;37;RANDON;;...;;EIXO DE SUSPENSÃO 2 GOMOS COMPATÍVEL COM A RANDON
40740;42;DAKOTA;CABINE SIMPLES E EXTENDIDA;1998...2001;2.5 / 3.9 V6 / 5.2 - DIESEL / GASOLINA;
40741;32;FH-400;;2006...2012;;
40742;32;FH-440;;2006...2012;;
40743;32;FM-380;;2022...;;
40744;38;G-440;;2019...;;
40745;38;G-500;;2019...;;
40746;38;P-124;;1998...2008;;SUSPENSÃO COM FEIXE DE MOLA
40747;38;P-400;;2019...;;
40748;38;R-540;;2019...;;
40749;38;P-400;;2019...;;CAMINHÃO
40750;38;P-250;;2019...;;
40751;38;P-320;;2019...;;
40752;38;G-480;;2019...;;
40753;38;G-540;CAMINHÃO;2019...;;DIANTEIRA
40754;38;P-410;CAMINHÃO;2019...;;DIANTEIRA / TRASEIRA
40755;38;G-410;CAMINHÃO;2019...;;
40756;38;P-360;CAMINHÃO;2019...;;
40757;38;P-410;CAMINHÃO;2019...;;
40758;38;R-410;CAMINHÃO;2019...;;
40759;38;R-450;CAMINHÃO;2019...;;
40760;38;R-620;CAMINHÃO;2019...;;
40761;38;R-650;CAMINHÃO;2019...;;
40762;38;S-450;CAMINHÃO;2019...;;
40763;38;S-500;CAMINHÃO;2019...;;
40764;38;S-540;CAMINHÃO;2019...;;
40765;38;S-620;CAMINHÃO;2019...;;
40766;20;208;TODOS OS MODELOS (EXCETO E-208 GT)  - CÂMBIO AUTOMÁTICO / MANUAL;2020...2022;1.6 - FLEX;
40767;20;208;TODOS OS MODELOS (EXCETO E-208 GT)  - CÂMBIO AUTOMÁTICO / MANUAL;2023...;1.0 - FLEX;
40768;20;208;TODOS OS MODELOS (EXCETO E-208 GT)  - CÂMBIO AUTOMÁTICO / MANUAL;2023...;1.6 - FLEX;
40769;20;208;TODOS OS MODELOS (EXCETO E-208 GT)  - CÂMBIO AUTOMÁTICO / MANUAL;2024...;1.0 - FLEX;CAMB. AUTOMÁTICO / AUTOMÁTICO CVT
40770;20;208;TODOS OS MODELOS (EXCETO E-208 GT)  - CÂMBIO AUTOMÁTICO / MANUAL;2024...;1.0 TURBO - FLEX;CAMB. AUTOMÁTICO / AUTOMÁTICO CVT
40771;20;208;TODOS OS MODELOS (EXCETO E-208 GT)  - CÂMBIO AUTOMÁTICO / MANUAL;2024...;1.6 - FLEX;CAMB. AUTOMÁTICO / AUTOMÁTICO CVT
40772;10;FASTBACK;TODOS - INCLUSIVE ABARTH  - CÂMBIO AUTOMÁTICO;2022...;TURBO 1.0 T200 - FLEX;CVT / AT6
40773;10;FASTBACK;TODOS - INCLUSIVE ABARTH  - CÂMBIO AUTOMÁTICO;2022...;TURBO 1.3 T270 - FLEX;CVT / AT6
40774;10;STRADA;NOVA PICK-UP (TODOS OS MODELOS)  - CÂMBIO AUTOMÁTICO / MANUAL;2022...2023;1.3 - FLEX;
40775;10;STRADA;NOVA PICK-UP (TODOS OS MODELOS)  - CÂMBIO AUTOMÁTICO / MANUAL;2022...2023;1.4 - FLEX;
40776;10;STRADA;NOVA PICK-UP (TODOS OS MODELOS)  - CÂMBIO AUTOMÁTICO / MANUAL;2024...;1.0 TURBO T200 - FLEX;
40777;10;STRADA;NOVA PICK-UP (TODOS OS MODELOS)  - CÂMBIO AUTOMÁTICO / MANUAL;2024...;1.3 - FLEX;
40778;10;STRADA;NOVA PICK-UP (TODOS OS MODELOS)  - CÂMBIO MANUAL;2020...2021;1.3 - FLEX;
40779;10;STRADA;NOVA PICK-UP (TODOS OS MODELOS)  - CÂMBIO MANUAL;2020...2021;1.4 - FLEX;
40780;26;POLO;(EXCETO NOVO POLO TRACK);2018...;;ø CORPO 49,5MM / ø HASTE 22 MM
40781;10;FASTBACK;ABARTH  - CÂMBIO AUTOMÁTICO AT6;2023...;TURBO 1.3 16V T270 - FLEX;
40782;10;PULSE;ABARTH  - CÂMBIO AUTOMÁTICO AT6;2022...;TURBO 1.3 16V T270 - FLEX;
40783;32;VM 260;TODOS;2006...2011;;
40785;38;D-450;CAMINHÃO;2019...;;
40786;38;R-540;CAMINHÃO;2019...;;
40787;38;P-320;CAMINHÃO;2019...;;
40788;13;CRETA;CONFORT;2022...;1.0 TURBO;
40789;13;CRETA;LIMITED;2022...;1.0 TURBO;
40790;13;CRETA;N LINE;2022...;1.0 TURBO;
40791;13;CRETA;PLATINUM;2022...;1.0 TURBO;
40792;13;CRETA;ULTIMATE;2022...;2.0 TURBO;
40797;24;HILUX;4X4;1997...2008;2.8 - DIESEL;
40800;32;V40;HATCH;2013...2019;;
40801;11;FUSION;TODOS OS MODELOS;2008...2012;;
40802;11;FOCUS;SEDAN 2° GERAÇÃO - TODOS OS MODELOS;2008...2013;;
40803;10;STRADA;;2021...;;
40804;84;620;;2010...2012;1.6 16V;
40805;24;COROLLA;EXCETO NEW COROLLLA MODELO 2020;2002...2019;;
40806;6;PT CRUISER;;2000...2010;;
40807;19;FRONTIER;;2017...;;
40808;13;CRETA;;2021...;;
40810;18;PAJERO;FULL;2001...2009;;
40811;20;208;TODOS OS MODELOS (EXCETO E-208 GT)  - CÂMBIO AUTOMÁTICO / MANUAL;2024...;1.0 - FLEX;CAMB. AUT. / AUT. CVT
40812;20;208;TODOS OS MODELOS (EXCETO E-208 GT)  - CÂMBIO AUTOMÁTICO / MANUAL;2024...;1.0 TURBO (T200) - FLEX;CAMB. AUT. / AUT. CVT
40813;20;208;TODOS OS MODELOS (EXCETO E-208 GT)  - CÂMBIO AUTOMÁTICO / MANUAL;2024...;1.6 - FLEX;CAMB. AUT. / AUT. CVT
40814;20;208;TODOS OS MODELOS EXCETO E-208 GT  - CÂMBIO AUTOMÁTICO / MANUAL;2020...2022;1.6 - FLEX;
40815;20;208;TODOS OS MODELOS EXCETO E-208 GT  - CÂMBIO AUTOMÁTICO / MANUAL;2023...;1.0 - FLEX;
40816;20;208;TODOS OS MODELOS EXCETO E-208 GT  - CÂMBIO AUTOMÁTICO / MANUAL;2023...;1.6 - FLEX;
40817;10;FASTBACK;ABARTH  - CÂMBIO AUTOMÁTICO AT6;2024...;TURBO 1.3 T270 - FLEX;
40818;10;PULSE;ABARTH  - CÂMBIO AUTOMÁTICO AT6;2022...;TURBO 1.3 T270 - FLEX;
40819;12;CR-V;CÂMBIO AUTOMÁTICO;2017...2022;1.5;27 DENTES EXTERNOS/ 32 DENTES INTERNOS
40821;10;DUCATO;;2018...;;1 BATENTE / 1 COIFA
40822;13;ELANTRA;;2011...2013;;1 BATENTE / 1 COIFA
40823;39;J5;;2011...2016;;1 BATENTE / 1 COIFA
40824;39;J6;;2011...2016;;1 BATENTE / 1 COIFA
40825;27;F20;SÉRIE 1 - HATCBACK 5 PORTAS;2011...2019;;
40826;27;F21;SÉRIE 1 - HACTBACK 3 PORTAS;2011...2019;;
40827;27;F30;SÉRIE 3 - SEDAN;2011...2019;;
40828;27;F31;SÉRIE 3 - TOURING (WAGON);2012...2019;;
40829;27;F80;SÉRIE 3 - M3;2014...2019;;
40830;78;COOPER S;CABRIO - F57;2016...;2.0 TURBO;
40831;78;COOPER S;HATCH - 2 PORTAS - F56;2014...;2.0 TURBO;
40832;78;COOPER S;HATCH - 5 PORTAS - F55;2015...;2.0 TURBO;
40833;78;COOPER S;SOMENTE 5 PORTAS;2015...;2.0 TURBO;PLATAFORMA F55
40834;12;CITY;;2015...2021;;
40835;12;FIT;;2015...2021;;
40836;12;WR-V;;2017...2021;;
40837;12;CR-V;CÂMBIO AUTOMÁTICO;2017...2022;1.5;30 DENTES EXTERNOS/ 27 DENTES INTERNOS
40838;12;CR-V;CÂMBIO AUTOMÁTICO;2017...2022;1.5;30 DENTES EXTERNOS/ 25 DENTES INTERNOS
40839;13;TUCSON;;2017...2023;;
40840;15;SORENTO;;2014...2019;;
40841;15;SPORTAGE;;2017...2022;;
40842;5;ONIX;NOVO;2019...;;COM SUPORTE 1-COIFA, 1-BATENTE, 1-COXIM C/ ROLAMENTO E 1-SUPORTE DE ALUMÍNIO.
40843;5;ONIX PLUS;NOVO;2019...;;COM SUPORTE 1-COIFA, 1-BATENTE, 1-COXIM C/ ROLAMENTO E 1-SUPORTE DE ALUMÍNIO.
40844;13;ELANTRA;;2011...2016;;1 BATENTE / 1 COIFA / 1 COXIM C/ ROLAMENTO
40845;26;POLO;NOVO;2017...;;
40846;26;VOYAGE;NOVO;2008...;;
40847;5;SONIC;TODOS OS MODELOS;2012...2014;FLEX;
40848;42;DAKOTA;CABINE SIMPLES / CABINE SIMPLES E EXTENDIDA;1998...2001;2.5 / 3.9 V6 / 5.2 - DIESEL / GASOLINA;
40849;10;PALIO;RST III;2007...;1.0;POWERSHOCK  - FUROS DESALINHADOS -
40850;10;PALIO;WAY;2013...;;POWERSHOCK  - FUROS DESALINHADOS -
40851;45;COMPASS;4X2 - TODOS OS MODELOS  - CÂMBIO AUTOMÁTICO;2017...;2.0 TIGERSHARK - FLEX;TRANSMISSÃO AT6
40852;45;COMPASS;4X4 - TODOS OS MODELOS  - CÂMBIO AUTOMÁTICO;2017...;2.0 TURBO - DIESEL;TRANSMISSÃO AT9
40853;45;COMPASS;4X4 - (EXCETO TRAILHAWK)  - CÂMBIO AUTOMÁTICO;2017...;2.0 TURBO - DIESEL;TRANSMISSÃO AT9
40854;5;SILVERADO;;1997...2002;DIESEL / GASOLINA;
40855;24;COROLLA;TODOS;2019...;;
40856;24;COROLLA CROSS;TODOS - EXCETO GRS;2020...;;
40857;43;TIGGO 5X;;2019...;1.5;DENTES INTERNO 34 - EXTERNO 28
40858;43;TIGGO 8;;2020...;1.6 TURBO;DENTES INTERNO 28 - EXTERNO 27
40860;11;F-1000;;1979...03.1990;DIESEL;
40876;17;AXOR 2644;;...;;
40877;17;AXOR 2649;;...;;
40878;17;AXOR 2035;;...;;
40879;17;AXOR 2036;;...;;
40881;17;AXOR 2536;;...;;
40883;17;AXOR 2541;;...;;
40884;17;AXOR 2641;;...;;
40886;17;AXOR 3340;;...;;
40888;17;AXOR 4140;;...;;
40889;10;TORO;;2016...;2.0 / 2.4 - DIESEL;
40890;20;208;;2021...;;
40891;20;C3;AIR CROSS;2021...;;
40892;20;C3;PICASSO;2021...;;
40901;13;HB20;MT;2022...;1.0;
40906;45;COMPASS;;2019...;;
40907;10;TORO;;2015...;;
40908;45;COMPASS;;2015...;;
40909;45;RENEGADE;;2010...;2.0;
40910;45;RENEGADE;;2010...;2.4;
40912;10;E-SCUDO;;2022...;ELÉTRICO;
40913;10;SCUDO;;2022...;1.5 16V;
40914;10;PALIO WEEKEND;ADVENTURE II LOCKER;07.2008...;;POWERSHOCK
40915;10;STRADA;ADVENTURE - III LOCKER (EXCETO 2º GERAÇÃO);2008...2020;;POWERSHOCK
40916;10;STRADA;TREKKING - CABINE DUPLA (EXCETO 2º GERAÇÃO);2008...2020;;POWERSHOCK
40917;10;STRADA;WORKING - CABINE DUPLA (EXCETO 2º GERAÇÃO);2008...2020;;POWERSHOCK
40918;10;GRAND SIENA;;2012...;;POWERSHOCK  - FUROS DESALINHADOS -
40919;10;PALIO;2ª  GERAÇÃO - EXCETO SPORTING;2011...;;POWERSHOCK  - FUROS DESALINHADOS -
40920;10;MOBI;EXCETO WAY - SEM BARRA ESTABILIZADORA  DIREÇÃO HIDRÁULICA / ELÉTRICA;2016...;;POWERSHOCK  - FUROS DESALINHADOS -
40921;12;CR-V;4X2 / 4X4  - CÂMBIO AUTOMÁTICO CVT;2017...2022;;DENTES INTERNO 30 - EXTERNO 33, TRAVA INTERNA
40925;18;L200;TRITON;2007...2016;;
40926;20;208;CÂMBIO AUTOMÁTICO;2021...;1.6;
40927;20;C3;CÂMBIO AUTOMÁTICO;2021...;1.6;
40928;20;208;CÂMBIO MANUAL;2021...;1.6;
40929;20;C3;CÂMBIO MANUAL;2021...;1.6;
40930;20;208;CÂMBIO AUTOMÁTICO / MANUAL;2021...;1.6;
40931;20;C3;CÂMBIO AUTOMÁTICO / MANUAL;2021...;1.6;
40932;20;208;CÂMBIO MANUAL;2021...;1.0;
40933;20;C3;CÂMBIO MANUAL;2021...;1.0;
40934;13;HB20;CÂMBIO MANUAL;2022...;1.0 TURBO GDI;(LADO DIREITO)
40935;13;HB20;CÂMBIO AUTOMÁTICO;2022...;1.0 TURBO GDI;(LADO DIREITO)
40936;13;HB20;CÂMBIO AUTOMÁTICO;2022...;1.6;(LADO DIREITO)
40937;13;HB20;CÂMBIO MANUAL;2022...;1.6;(LADO DIREITO)
40940;10;IDEA;EXCETO ADVENTURE;2011...;;
40941;10;IDEA;ADVENTURE;2011...2018;;
40942;21;CLIO;;1999...2011;;
40943;17;1938;S - AXOR;...;;
40946;7;C4 GRAND PICASSO;TODOS;2008...;;
40947;7;C4 CACTUS;TODOS;2018...;;
40948;15;SOUL;TODOS;2015...;;COMPRIMENTO 285 MM
40949;24;COROLLA;TODOS;2003...2019;;COMPRIMENTO 285 MM
40950;24;COROLLA FIELDER;TODOS;2004...2008;;COMPRIMENTO 285 MM
40951;15;SOUL;TODOS;2009...2014;;COMPRIMENTO 216 MM
40952;7;AIRCROSS;TODOS OS MODELOS;2010...2016;;SEM ROLAMENTO - SEM ABS4 FUROS
40953;7;BERLINGO;TODOS OS MODELOS;2000...2016;;SEM ROLAMENTO - SEM ABS4 FUROS
40954;7;C4;(EXCETO VTR);2009...2015;;SEM ROLAMENTO - SEM ABS4 FUROS
40955;7;C4 PALLAS;(EXCETO LOUNGE);2009...2015;;SEM ROLAMENTO - SEM ABS4 FUROS
40956;7;C4 PICASSO;TODOS;1999...2011;;SEM ROLAMENTO - SEM ABS4 FUROS
40957;7;XSARA;TODOS OS MODELOS;1992...1998;;SEM ROLAMENTO - SEM ABS4 FUROS
40958;20;207;TODOS OS MODELOS;2008...2012;;SEM ROLAMENTO - SEM ABS4 FUROS
40959;20;306;TODOS OS MODELOS;1995...2001;;SEM ROLAMENTO - SEM ABS4 FUROS
40960;20;307;TODOS OS MODELOS;2001...2011;;SEM ROLAMENTO - SEM ABS4 FUROS
40961;20;405;;1992...1997;1.6 / 1.8 / 2.0;SEM ROLAMENTO - SEM ABS4 FUROS
40962;7;C4 PALLAS;TODOS;2007...2012;;COM ROLAMENTO - COM ABS25 DENTES, Ø 42MM
40963;20;307;;2001...2011;1.6 / 2.0;COM ROLAMENTO - COM ABS25 DENTES, Ø 42MM
40964;7;BERLINGO;TODOS OS MODELOS;1995...2002;;COM ROLAMENTO - SEM ABSØ 32MM, 4 FUROS
40965;7;C4 PICASSO;TODOS;1995...2002;;COM ROLAMENTO - SEM ABSØ 32MM, 4 FUROS
40966;7;XANTIA;TODOS OS MODELOS;1995...2002;;COM ROLAMENTO - SEM ABSØ 32MM, 4 FUROS
40967;7;BERLINGO;TODOS OS MODELOS;1999...2011;;COM ROLAMENTO - COM ABSØ 32MM, 4 FUROS
40968;7;C4 PICASSO;TODOS;1999...2010;;COM ROLAMENTO - COM ABSØ 32MM, 4 FUROS
40969;13;I30;TODOS;2009...2012;;
40970;10;BRAVA;;1999...2003;1.6;1 BATENTE
40971;10;MAREA;;1998...2008;1.6 / 2.0 / 2.4;1 BATENTE
40972;10;PALIO WEEKEND;ADVENTURE RST I / II;2001...;1.8;1 BATENTE
40973;10;PALIO WEEKEND;TREKKING;2001...;1.8;1 BATENTE
40974;10;PALIO WEEKEND;TREKKING;2008...;1.6;1 BATENTE
40975;7;C4 LOUNGE;CÂMBIO MANUAL;2012...;;COM AR
40976;26;FOX;DIREÇÃO HIDRÁULICA;2003...2013;;LADO DIREITO PARAFUSO DE FIXAÇÃO (8 MM)
40977;26;FOX;DIREÇÃO MECÂNICA;2003...2013;;LADO ESQUERDO PARAFUSO DE FIXAÇÃO (8 MM)
40978;26;POLO;GTI   DIREÇÃO HIDRÁULICA;2006...;;LADO DIREITO PARAFUSO DE FIXAÇÃO (8 MM)
40979;26;POLO;HATCH  DIREÇÃO HIDRÁULICA;2002...;;LADO DIREITO PARAFUSO DE FIXAÇÃO (8 MM)
40980;26;POLO;HATCH  DIREÇÃO MECÂNICA;2002...;;LADO ESQUERDO PARAFUSO DE FIXAÇÃO (8 MM)
40981;26;POLO;SEDAN  DIREÇÃO HIDRÁULICA;2002...;;LADO DIREITO PARAFUSO DE FIXAÇÃO (8 MM)
40982;26;SPACEFOX;DIREÇÃO HIDRÁULICA;2006...;;LADO DIREITO PARAFUSO DE FIXAÇÃO (8 MM)
40983;4;A1;DIREÇÃO HIDRÁULICA;2010...2018;;LADO DIREITO PARAFUSO DE FIXAÇÃO (10 MM)
40984;4;Q3;DIREÇÃO ELÉTRICA;2011...2019;;LADO DIREITO PARAFUSO DE FIXAÇÃO (10 MM)
40985;26;CROSS UP!;DIREÇÃO ELÉTRICA;2014...2021;;LADO DIREITO PARAFUSO DE FIXAÇÃO (10 MM)
40986;26;FOX;DIREÇÃO HIDRÁULICA;2014...2021;;LADO DIREITO PARAFUSO DE FIXAÇÃO (10 MM)
40987;26;FOX;DIREÇÃO MECÂNICA;2014...2021;;LADO ESQUERDO PARAFUSO DE FIXAÇÃO (10 MM)
40988;26;GOL;DIREÇÃO HIDRÁULICA;2008...2021;;LADO DIREITO PARAFUSO DE FIXAÇÃO (10 MM)
40989;26;GOL;DIREÇÃO MECÂNICA;2008...2021;;LADO ESQUERDO PARAFUSO DE FIXAÇÃO (10 MM)
40990;26;POLO;DIREÇÃO HIDRÁULICA;2012...2014;;LADO DIREITO PARAFUSO DE FIXAÇÃO (10 MM)
40991;26;SAVEIRO;DIREÇÃO HIDRÁULICA;2010...2021;;LADO DIREITO PARAFUSO DE FIXAÇÃO (10 MM)
40992;26;SAVEIRO;DIREÇÃO MECÂNICA;2010...2021;;LADO ESQUERDO PARAFUSO DE FIXAÇÃO (10 MM)
40993;26;SPACEFOX;DIREÇÃO HIDRÁULICA;2011...2019;;LADO DIREITO PARAFUSO DE FIXAÇÃO (10 MM)
40994;26;UP!;DIREÇÃO ELÉTRICA;2014...2021;;LADO DIREITO PARAFUSO DE FIXAÇÃO (10 MM)
40995;26;VOYAGE;DIREÇÃO HIDRÁULICA;2009...2021;;LADO DIREITO PARAFUSO DE FIXAÇÃO (10 MM)
40996;26;VOYAGE;DIREÇÃO MECÂNICA;2009...2021;;LADO ESQUERDO PARAFUSO DE FIXAÇÃO (10 MM)
40997;4;A1;DIREÇÃO HIDRÁULICA;2010...2018;;LADO ESQUERDO PARAFUSO DE FIXAÇÃO (10 MM)
40998;4;Q3;DIREÇÃO ELÉTRICA;2011...2019;;LADO ESQUERDO PARAFUSO DE FIXAÇÃO (10 MM)
40999;26;CROSS UP!;DIREÇÃO ELÉTRICA;2014...2021;;LADO ESQUERDO PARAFUSO DE FIXAÇÃO (10 MM)
41000;26;FOX;DIREÇÃO HIDRÁULICA;2014...2021;;LADO ESQUERDO PARAFUSO DE FIXAÇÃO (10 MM)
41001;26;FOX;DIREÇÃO MECÂNICA;2014...2021;;LADO DIREITO PARAFUSO DE FIXAÇÃO (10 MM)
41002;26;GOL;DIREÇÃO HIDRÁULICA;2008...2021;;LADO ESQUERDO PARAFUSO DE FIXAÇÃO (10 MM)
41003;26;GOL;DIREÇÃO MECÂNICA;2008...2021;;LADO DIREITO PARAFUSO DE FIXAÇÃO (10 MM)
41004;26;POLO;DIREÇÃO HIDRÁULICA;2012...2014;;LADO ESQUERDO PARAFUSO DE FIXAÇÃO (10 MM)
41005;26;SAVEIRO;DIREÇÃO HIDRÁULICA;2010...2021;;LADO ESQUERDO PARAFUSO DE FIXAÇÃO (10 MM)
41006;26;SAVEIRO;DIREÇÃO MECÂNICA;2010...2021;;LADO DIREITO PARAFUSO DE FIXAÇÃO (10 MM)
41007;26;SPACEFOX;DIREÇÃO HIDRÁULICA;2011...2019;;LADO ESQUERDO PARAFUSO DE FIXAÇÃO (10 MM)
41008;26;UP!;DIREÇÃO ELÉTRICA;2014...2021;;LADO ESQUERDO PARAFUSO DE FIXAÇÃO (10 MM)
41009;26;VOYAGE;DIREÇÃO HIDRÁULICA;2009...2021;;LADO ESQUERDO PARAFUSO DE FIXAÇÃO (10 MM)
41010;26;VOYAGE;DIREÇÃO MECÂNICA;2009...2021;;LADO DIREITO PARAFUSO DE FIXAÇÃO (10 MM)
41011;26;FOX;DIREÇÃO HIDRÁULICA;2003...2013;;LADO ESQUERDO PARAFUSO DE FIXAÇÃO (8 MM)
41012;26;FOX;DIREÇÃO MECÂNICA;2003...2013;;LADO DIREITO PARAFUSO DE FIXAÇÃO (8 MM)
41013;26;POLO;GTI   DIREÇÃO HIDRÁULICA;2006...;;LADO ESQUERDO PARAFUSO DE FIXAÇÃO (8 MM)
41014;26;POLO;HATCH  DIREÇÃO HIDRÁULICA;2002...;;LADO ESQUERDO PARAFUSO DE FIXAÇÃO (8 MM)
41015;26;POLO;HATCH  DIREÇÃO MECÂNICA;2002...;;LADO DIREITO PARAFUSO DE FIXAÇÃO (8 MM)
41016;26;POLO;SEDAN  DIREÇÃO HIDRÁULICA;2002...;;LADO ESQUERDO PARAFUSO DE FIXAÇÃO (8 MM)
41017;26;SPACEFOX;DIREÇÃO HIDRÁULICA;2006...;;LADO ESQUERDO PARAFUSO DE FIXAÇÃO (8 MM)
41018;33;FORESTER;CÂMBIO AUTOMÁTICO;2008...2012;2.5;DENTES INTERNO 32 - EXTERNO 27, TRAVA INTERNA
41021;10;STRADA;CÂMBIO MANUAL;2021...;1.3;DENTES LADO RODA 22
41022;43;TIGGO 5X;;2019...;1.5;DENTES LADO RODA 28 - LADO CÂMBIO 34
41026;12;HR-V;;2019...2021;;
41027;17;ACTROS 2546;;2019...2020;;
41028;17;ACTROS 2651;;2016...2020;;
41029;17;AXOR 2544;;2017...2021;;
41030;17;AXOR 3344;;2017...2019;;
41031;32;VM;;2006...2014;;
41032;18;OUTLANDER;SPORT;2020...2023;;
41033;11;FOCUS;;2001...08.2008;;
41035;20;206;;1998...;;EIXO DE 36 MM
41036;26;GOL;G5 / G6  - CÂMBIO AUTOMÁTICO;2018...;1.0 / 1.6;COM AR / COM BARRA ESTAB.  - MSI -
41037;26;VOYAGE;CÂMBIO AUTOMÁTICO;2018...;1.6;COM AR / COM BARRA ESTAB.  - MSI -
41038;12;CIVIC;CÂMBIO AUTOMÁTICO / MANUAL;2017...2020;1.5;DENTES INTERNO 24 - EXTERNO 28, TRAVA CENTRAL
41039;43;TIGGO 8;;2020...;1.6 TURBO;DENTES LADO RODA 28 - LADO CÂMBIO 27
41041;12;CR-V;CÂMBIO AUTOMÁTICO / MANUAL;2009...2012;2.0;DENTES INTERNO 32, Ø ROLAMENTO 38,05 MM
41042;11;KA;NOVO;2014...;1.0;
41043;11;BELINA;;1983...1984;;"1-MANCAL; 2-ABRAÇADEIRAS; 2-ARRUELAS; 2-PORCAS"
41044;11;SCALA;;1983...1984;;"1-MANCAL; 2-ABRAÇADEIRAS; 2-ARRUELAS; 2-PORCAS"
41045;11;KA;FREESTYLE;2018...2021;;
41046;43;TIGGO 8;;2020...;;
41048;26;POLO;GTS;2020...;1.4 TSI - FLEX;ESPORTIVO
41049;26;POLO;TODOS - INCLUSIVE TRACK;2017...;FLEX;
41050;26;GOL;;1998...2008;;
41051;26;PARATI;;1998...2008;;
41052;26;SAVEIRO;;1998...2008;;
41053;20;208;TODOS OS MODELOS;2013...2020;;
41054;135;SONG PLUS;DM-I;2023...;HÍBRIDO - GASOLINA;
41057;21;LOGAN;TODOS MODELOS;2014...;;
41058;21;SANDERO;TODOS MODELOS;2014...;;
41059;21;STEPWAY;TODOS MODELOS;2020...;;
41060;24;COROLLA;;2019...2021;;
41063;21;KWID;TODOS  DIREÇÃO ELÉTRICA / MECÂNICA;2018...;;
41064;12;CIVIC;TODOS;2016...2022;;COMPRIMENTO 209 MM
41065;24;YARIS;SEDAN;2018...;;
41066;26;4.140;DELIVERY;2018...2023;2.8L CUMMINS ISF;NOVO
41067;26;4.150;DELIVERY;2018...2023;2.8L CUMMINS ISF;NOVO
41068;26;4.160;DELIVERY;2018...2023;2.8L CUMMINS ISF;NOVO
41069;26;6.160;DELIVERY;2018...2023;2.8L CUMMINS ISF;NOVO
41070;26;6.170;DELIVERY;2022...;3.0L F1C;
41071;4;A1;;2010...2016;1.4 TFSI;
41072;11;RANGER;4X2 / 4X4;1998...2011;;
41073;12;CR-V;;2007...2016;;
41076;26;GOL;G5 (EXCETO RALLY / TRACK);2008...2012;;
41077;26;GOL;G6 / G7 (EXCETO RALLY / TRACK);2008...2015;;
41078;7;E-JUMPY;;2021...;ELÉTRICO;
41079;20;E-EXPERT;;2021...;ELÉTRICO;
41080;20;408;CÂMBIO AUTOMÁTICO;2010...;;
41081;43;TIGGO 5X;SPORT  - CÂMBIO AUTOMÁTICO;2024...;1.5 TURBO - FLEX;
41082;43;TIGGO 5X;TODOS OS MODELOS;2019...;;
41083;43;TIGGO 5X PRO;;2003...;;
41084;7;C4 GRAND PICASSO;;2008...2014;;
41085;7;C4 PICASSO;;2007...2014;;
41090;11;B-1621;BETA;1998...1999;;
41093;26;17.260;E OT - QUEOPS / PROTEUS;2006...;;
41094;26;18.310;E OT - QUEPOS / PROTEUS;2006...;;
41097;11;CARGO 814;C - TODOS OS MODELOS;1996...;;
41098;11;CARGO 815;E - TODOS OS MODELOS;1996...;;
41099;11;CARGO 815;S - TODOS OS MODELOS;1996...;;
41100;26;8.140;MICRO-ÔNIBUS;1994...2000;;CHASSI LONGO / CHASSI CURTO
41101;26;8.150;MICRO-ÔNIBUS;2000...2010;;CHASSI LONGO / CHASSI CURTO
41102;26;9.150;MICRO-ÔNIBUS;2001...;;CHASSI LONGO / CHASSI CURTO
41104;34;MA-10.0;;...;;MICRO-ÔNIBUS
41105;34;MA-9.2;TCA-EXECUTIVO;2004...2009;;MICRO-ÔNIBUS
41106;17;ACCELO 715;C;2006...2011;OM 612 LA;
41107;17;ACCELO 915;C;2003...2012;;
41108;26;29.520;METEOR - 6X4  EURO 5;2021...2023;;CAMINHÃO
41109;26;29.530;METEOR - 6X4 EURO 6;2023...;;CAMINHÃO
41110;26;17.230;OD - EURO V;...;;ÔNIBUS
41111;26;17.260;OD - EURO V;...;;ÔNIBUS
41112;17;ATEGO 1726;;2008...;;
41113;17;ATEGO;LEITO;2013...;;COM MOLA HELICOIDAL
41114;17;AXOR;RODOVIÁRIO - SÉRIE 20;...;;COM MOLA HELICOIDAL
41115;17;ATEGO;STANDARD;...2012;;COM MOLA HELICOIDAL  - FIXAÇÃO 2 PONTOS -
41116;17;1938;S;...;;COM MOLA HELICOIDAL
41117;17;1944;S;...;;COM MOLA HELICOIDAL
41118;26;GOLF;;2016...2018;1.0 TURBO;
41119;12;CR-V;4X2;2012...2016;;
41120;12;CITY;HATCH / SEDAN;2023...;;
41121;20;208;;2019...;;1 BATENTE / 1 COIFA
41122;24;YARIS;;2018...;;1 BATENTE / 1 COIFA
41123;24;COROLLA;;2020...;;1 BATENTE / 1 COIFA
41135;5;TRACKER;CÂMBIO AUTOMÁTICO;2020...2023;1.0 / 1.2;DENTES LADO RODA 33 - LADO CÂMBIO 22
41136;24;YARIS;;2018...;;1 BATENTE / 1 COIFA / 1 COXIM C/ ROLAMENTO
41137;19;KICKS;;2017...;;1 BATENTE / 1 COIFA  / 1 COXIM
41138;13;IX35;;2010...;;1 BATENTE / 1 COIFA / 1 COXIM
41139;15;SPORTAGE;;2010...;;1 BATENTE / 1 COIFA  / 1 COXIM
41140;13;SANTA FÉ;TODOS OS MODELOS;2007...2014;;COMPRIMENTO 340,60 MM
41141;13;VERA CRUZ;TODOS OS MODELOS;2007...2012;;COMPRIMENTO 340,60 MM
41142;15;SORENTO;TODOS OS MODELOS;2009...2013;;COMPRIMENTO 340,60 MM
41143;13;SANTA FÉ;TODOS OS MODELOS;2007...2014;;COMPRIMENTO 340,60 MM.
41144;13;VERA CRUZ;TODOS OS MODELOS;2007...2012;;COMPRIMENTO 340,60 MM.
41145;15;SORENTO;TODOS OS MODELOS;2009...2013;;COMPRIMENTO 340,60 MM.
41146;11;CARGO 1933;E - T-TRACTOR / R-RÍGIDO;2012...2019;;CAMINHÃO 4X2 EURO 5
41147;11;CARGO 4331;;2003...2006;;CAMINHÃO MAXTON 4X2
41148;11;CARGO 4432;E - TRACTOR;2006...2007;;CAMINHÃO MAXTON 4X2 H534
41149;11;CARGO 4532;E - TRACTOR;2007...2011;;CAMINHÃO MAXTON 4X2
41150;11;CARGO 1317;E;2010...2012;;CAMINHÃO 4X2 H534 13T
41151;11;CARGO 1719;;2012...2019;;CAMINHÃO 4X2 EURO 5
41152;11;CARGO 1722;E;2002...2012;;CAMINHÃO MAX TRUCK - 4X2 / 6X2
41153;11;CARGO 1723;E;2012...2019;;CAMINHÃO 4X2 EURO 5
41154;11;CARGO 1729;E;2014...2019;;CAMINHÃO 4X2 EURO 5 - CHASSI / TRACTOR
41155;11;CARGO 1731;R - RÍGIDO;2018...2019;;CAMINHÃO 4X2 EURO 5
41156;11;CARGO 1731;TRACTOR;2019...2019;;CAMINHÃO 4X2 EURO 5
41157;11;CARGO 2423;E;2012...2019;;CAMINHÃO 6X2 EURO 5
41158;11;CARGO 2428;;2006...2012;;CAMINHÃO MAX TRUCK 6X2
41159;11;CARGO 2428;;2008...2011;;CAMINHÃO MAX TRUCK 8X2
41160;11;CARGO 2429;E;2012...2019;;CAMINHÃO 6X2 EURO 5
41161;11;CARGO 2431;E;2018...2019;;CAMINHÃO 6X2 EURO 5
41162;11;CARGO 3031;E;2018...2019;;CAMINHÃO 8X2 EURO 5
41163;11;CARGO ACTIONS;;...;;15T
41164;10;TORO;4X2;2018...2020;;
41165;45;COMPASS;4X2;2016...2021;;
41166;45;RENEGADE;4X2;2015...2021;;
41167;10;TORO;4X4;2016...2020;;
41168;45;COMPASS;4X4;2017...2020;;
41169;45;RENEGADE;;2022...;1.3 TURBO;
41170;45;RENEGADE;4X4;2015...2021;2.0;
41171;11;CARGO 1319;TRACTOR;...;;
41172;11;CARGO 1419;TRACTOR;...;;
41173;11;CARGO 1519;TRACTOR;...;;
41174;11;CARGO 1719;TRACTOR;...;;
41175;11;CARGO 1723;TRACTOR;...;;
41176;11;CARGO 1731;TRACTOR;...;;
41177;11;CARGO 1933;TRACTOR;...;;
41178;11;CARGO 2042;TRACTOR;...;;
41179;11;CARGO 2429;TRACTOR;...;;
41180;11;CARGO 2431;TRACTOR;...;;
41181;11;CARGO 2623;TRACTOR;...;;
41182;11;CARGO 2842;TRACTOR;...;;
41183;12;CR-V;;2017...;;
41184;14;EUROTECH;;...;;COM BOLSA PNEUMÁTICA
41185;13;IX35;;2016...2022;;
41186;11;MUSTANG;;2018...;;
41187;11;CARGO 1317;;1985...2012;;CAMINHÃO 4X2 / 6X2
41188;11;CARGO 1517;;1985...2012;;CAMINHÃO 4X2 / 6X2
41189;11;CARGO 1717;;2003...2012;;CAMINHÃO 4X2 / 6X2
41190;11;CARGO 1721;;2002...2005;;CAMINHÃO 4X2 / 6X2
41191;11;CARGO 2322;;1991...1996;;CAMINHÃO 6X2
41192;11;CARGO 2421;;2004...2005;;CAMINHÃO 6X2
41193;11;CARGO 2422;;1993...2012;;CAMINHÃO 6X2
41194;11;CARGO 2425;;1996...2012;;CAMINHÃO 6X2
41195;11;CARGO 2428;;2006...2012;;CAMINHÃO 6X2
41196;11;CARGO 2428;;2008...2011;;CAMINHÃO 8X2
41197;11;CARGO 2622;;2002...2012;;CAMINHÃO 6X4
41198;11;CARGO 2631;;2002...2005;;CAMINHÃO 6X4
41199;11;CARGO 3224;CAVALO MECÂNICO;1989...1997;;CAMINHÃO 4X2
41200;11;CARGO 3530;CAVALO MECÂNICO;1991...1997;;CAMINHÃO 4X2
41201;11;CARGO 4030;CAVALO MECÂNICO;1994...2002;;CAMINHÃO 4X2
41202;11;CARGO 4031;CAVALO MECÂNICO;2002...2005;;CAMINHÃO 4X2
41203;26;13.180;E- CONSTELLATION;2006...2013;;CAMINHÃO 4X2 / 6X2
41204;26;13.190;E - CONSTELLATION;2012...2020;;CAMINHÃO 4X2 EURO 5
41205;26;14.190;CONSTELLATION ROBUST;2021...2023;;CAMINHÃO 4X2 EURO 5
41206;26;14.210;CONSTELLATION;2023...2023;;CAMINHÃO 4X2 EURO 6
41207;26;15.180;E- CONSTELLATION;2006...2012;;CAMINHÃO 4X2
41208;26;15.190;E - CONSTELLATION ROBUST;2012...2020;;CAMINHÃO 4X2 EURO 5
41209;26;16.170;;1991...1999;;CAMINHÃO 4X2 / 6X2
41210;26;16.200;;1998...2000;;CAMINHÃO 4X2 / 6X2
41211;26;16.220;;1991...2000;;CAMINHÃO 4X2 / 6X2
41212;26;16.300;;1996...2000;;CAMINHÃO 4X2 / 6X2
41213;26;17.180;WORKER;2006...2012;;CAMINHÃO 4X2 / 6X2 EURO 3
41214;26;17.190;E- CONSTELLATION ROBUST;2012...2023;;CAMINHÃO 4X2 EURO 5
41215;26;17.190;WORKER;2006...2012;;CAMINHÃO 4X2 EURO 5
41216;26;17.210;;2000...2006;;CAMINHÃO 4X2 / 6X2
41217;26;17.210;CONSTELLATION;2023...2023;;CAMINHÃO 4X2 EURO 6
41218;26;17.220;;2000...2012;;CAMINHÃO 4X2 / 6X2
41219;26;17.230;E - CONSTELLATION ROBUST;2015...2023;;CAMINHÃO 4X2 EURO 5
41220;26;17.250;E - CONSTELLATION;2006...2012;;CAMINHÃO 4X2
41221;26;17.250;E - CONSTELLATION TRACTOR;2008...2012;;CAMINHÃO 4X2
41222;26;17.260;E - CONSTELLATION ROBUST;2018...2023;;CAMINHÃO 4X2 EURO 5
41223;26;17.280;E - CONSTELLATION;2012...2023;;CAMINHÃO 4X2 EURO 5
41224;26;17.300;;2000...2002;;CAMINHÃO 4X2 / 6X2
41225;26;17.310;;2002...2006;;CAMINHÃO 4X2 / 6X2
41226;26;17.320;E - CONSTELLATION;2010...2012;;CAMINHÃO 4X2
41227;26;17.330;E - CONSTELLATION;2012...2023;;CAMINHÃO 4X2 EURO 5
41228;26;18.310;TITAN TRACTOR;2002...2006;;CAMINHÃO 4X2 / 6X2
41229;26;19.320;E - CONSTELLATION TITAN TRACTOR;2006...2012;;CAMINHÃO 4X2 - SUSPENSÃO TRASEIRA MECÂNICA
41230;26;19.330;E - CONSTELLATION TITAN TRACTOR;2012...2023;;CAMINHÃO 4X2 EURO 5 - SUSPENSÃO TRASEIRA COM MOLAS SEMI-ELÍPTICAS E PARABOLICAS
41231;26;19.360;CONSTELLATION TRACTOR;2016...2023;;CAMINHÃO 4X2 EURO 5 - SUSPENSÃO TRASEIRA COM MOLAS SEMI-ELÍPTICAS E PARABOLICA
41232;26;19.370;E - CONSTELLATION TRACTOR;2007...2012;;CAMINHÃO 4X2 - SUSPENSÃO TRASEIRA COM MOLAS SEMI-ELÍPTICAS E PARABOLICAS
41233;26;19.390;E - CONSTELLATION TRACTOR;2012...2023;;CAMINHÃO 4X2 EURO 5 - SUSPENSÃO TRASEIRA COM MOLAS SEMI-ELÍPTICAS E PARABOLICAS
41234;26;19.420;E - CONSTELLATION TRACTOR;2014...2023;;CAMINHÃO 4X2 EURO 5 - SUSPENSÃO TRASEIRA COM MOLAS SEMI-ELÍPTICAS E PARABOLICAS
41235;26;23.230;CONSTELLATION ROBUST;2015...2023;;CAMINHÃO 6X2 EURO 5
41236;26;23.230;WORKER;2014...2019;;CAMINHÃO 6X2 EURO 5
41237;26;24.250;E - CONSTELLATION;2006...2013;;CAMINHÃO 6X2
41238;26;24.260;E - CONSTELLATION ROBUST;2019...2023;;CAMINHÃO 6X2 EURO 5
41239;26;24.280;E - CONSTELLATION;2012...2023;;CAMINHÃO 6X2 EURO 5
41240;26;24.320;E - CONSTELLATION;2010...2012;;CAMINHÃO 6X2
41241;26;24.330;E - CONSTELLATION;2011...2023;;CAMINHÃO 6X2 EURO 5
41242;26;25.320;E - CONSTELLATION TITAN TRACTOR;2008...2012;;CAMINHÃO 6X2 - SUSPENSÃO TRASEIRA MECÂNICA
41243;26;25.360;CONSTELLATION TRACTOR;2016...2023;;CAMINHÃO 6X2 EURO 5 - SUSPENSÃO TRASEIRA MECÂNICA
41244;26;25.370;E - CONSTELLATION TRACTOR;2007...2012;;CAMINHÃO 6X2 - SUSPENSÃO TRASEIRA MECÂNICA
41245;26;25.390;E - CONSTELLATION TRACTOR;2012...2020;;CAMINHÃO 6X2 EURO 5 - SUSPENSÃO TRASEIRA MECÂNICA
41246;26;25.420;CONSTELLATION TRACTOR;2014...2023;;CAMINHÃO 6X2 EURO 5 - SUSPENSÃO TRASEIRA MECÂNICA
41247;26;30.280;CONSTELLATION;2020...2023;;CAMINHÃO 8X2 EURO 5
41248;26;30.330;CONSTELLATION;2017...2023;;CAMINHÃO 8X2 EURO 5 - SUSPENSÃO TRASEIRA MECÂNICA
41249;26;35.300;CAVALO MECÂNICO;1991...1999;;CAMINHÃO 4X2
41250;26;40.300;CAVALO MECÂNICO;1999...2001;;CAMINHÃO 4X2
41251;11;CANAVIEIRO;;1970...2006;;CAMINHÃO
41252;11;CARGO 2623;E;2012...2019;;CAMINHÃO 6X4 EURO 5
41253;11;CARGO 2629;E;2012...2019;;CAMINHÃO 6X4 EURO 5
41254;11;CARGO 2631;E;2018...2019;;CAMINHÃO 6X4 EURO 5
41255;11;CARGO 2831;;2005...2005;;CAMINHÃO 6X4
41256;11;CARGO 5031;;2005...2005;;CAMINHÃO 6X4
41257;26;19.320;E - CONSTELLATION TITAN TRACTOR;2006...2012;;CAMINHÃO 4X2 - SUSPENSÃO TRASEIRA PNEUMÁTICA
41258;26;19.330;E - CONSTELLATION TITAN TRACTOR;2012...2023;;CAMINHÃO 4X2 EURO 5 - SUSPENSÃO TRASEIRA PNEUMÁTICA
41259;26;19.360;CONSTELLATION TRACTOR;2016...2023;;CAMINHÃO 4X2 EURO 5 - SUSPENSÃO TRASEIRA PNEUMÁTICA
41260;26;19.370;E - CONSTELLATION TRACTOR;2007...2012;;CAMINHÃO 4X2 - SUSPENSÃO TRASEIRA PNEUMÁTICA
41261;26;19.390;E - CONSTELLATION TRACTOR;2012...2023;;CAMINHÃO 4X2 EURO 5 - SUSPENSÃO TRASEIRA PNEUMÁTICA
41262;26;19.420;E - CONSTELLATION TRACTOR;2014...2023;;CAMINHÃO 4X2 EURO 5 - SUSPENSÃO TRASEIRA PNEUMÁTICA
41263;26;23.210;;1997...2010;;CAMINHÃO 6X2
41264;26;23.210;;2002...2006;;CAMINHÃO 6X2
41265;26;23.220;;2002...2006;;CAMINHÃO 6X2
41266;26;23.250;;1997...2010;;CAMINHÃO 6X2
41267;26;23.250;;2003...2006;;CAMINHÃO 6X2
41268;26;23.310;;1997...2010;;CAMINHÃO 6X2
41269;26;23.310;;2002...2005;;CAMINHÃO 6X2
41270;26;24.220;WORKER;1990...2012;;CAMINHÃO 6X2 / 6X4
41271;26;24.250;WORKER;1992...2012;;CAMINHÃO 6X2
41272;26;25.320;E - CONSTELLATION TITAN TRACTOR;2008...20012;;CAMINHÃO 6x2 - SUSPENSÃO TRASEIRA PNEUMÁTICA
41273;26;25.360;CONSTELLATION TRACTOR;2016...2023;;CAMINHÃO 6x2 EURO 5 - SUSPENSÃO TRASEIRA PNEUMÁTICA
41274;26;25.370;E- CONSTELLATION TRACTOR;2007...2012;;CAMINHÃO 6x2 - SUSPENSÃO TRASEIRA PNEUMÁTICA
41275;26;25.390;E- CONSTELLATION TRACTOR;2012...2020;;CAMINHÃO 6x2 EURO 5 - SUSPENSÃO TRASEIRA PNEUMÁTICA
41276;26;25.420;CONSTELLATION TRACTOR;2014...2023;;CAMINHÃO 6x2 EURO 5 - SUSPENSÃO TRASEIRA PNEUMÁTICA
41277;26;26.220;WORKER;2001...2005;;CAMINHÃO 6X4
41278;26;26.260;E - CONSTELLATION ROBUST;2008...2013;;CAMINHÃO 6X4
41279;26;26.260;E - WORKER;2002...2012;;CAMINHÃO 6X4
41280;26;26.260;E- CONSTELLATION ROBUST;2021...2023;;CAMINHÃO 6X4 EURO 5
41281;26;26.280;E- CONSTELLATION FORA DE ESTRADA;2012...2023;;CAMINHÃO 6X4 EURO 5
41282;26;26.300;;2001...2002;;CAMINHÃO 6X4
41283;26;26.310;;2002...2006;;CAMINHÃO 6X4
41284;26;26.370;E - CONSTELLATION;2011...2012;;CAMINHÃO 6X4
41285;26;26.390;E - CONSTELLATION TRACTOR;2012...2023;;CAMINHÃO 6X4 EURO 5
41286;26;26.420;E - CONSTELLATION TRACTOR;2014...2023;;CAMINHÃO 6X4 EURO 6
41287;26;30.330;CONSTELLATION;2017...2023;;CAMINHÃO 8x2 EURO 5 - SUSPENSÃO TRASEIRA PNEUMÁTICA
41288;26;31.260;E - CONSTELLATION;2008...2012;;CAMINHÃO 6X4
41289;26;31.260;E - WORKER;2005...2012;;CAMINHÃO 6X4
41290;26;31.280;E - CONSTELLATION FORA DE ESTRADA;2012...2023;;CAMINHÃO 6X4 EURO 5
41291;26;31.310;;1997...2010;;CAMINHÃO 6X2 / 6X4
41292;26;31.310;WORKER;2004...2008;;CAMINHÃO 6X2 / 6X4
41293;26;31.320;CONSTELLATION OFF-ROAD;2023...2023;;CAMINHÃO 6X4 EURO 6
41294;26;31.320;E - CONSTELLATION;2007...2013;;CAMINHÃO 6X4
41295;26;31.330;E - CONSTELLATION FORA DE ESTRADA;2011...2023;;CAMINHÃO 6X4 EURO 5
41296;26;31.370;E - CONSTELLATION;2008...2012;;CAMINHÃO 6X4
41297;26;31.390;E - CONSTELLATION FORA DE ESTRADA;2012...2023;;CAMINHÃO 6X4 EURO 5
41298;26;32.360;CONSTELLATION;2019...2023;;CAMINHÃO 6X4 EURO 5
41299;26;25.320;E - CONSTELLATION TITAN TRACTOR;2008...2012;;CAMINHÃO 6X2 - SUSPENSÃO TRASEIRA PNEUMÁTICA
41311;35;CARRETA;;...;;6x4 - SUSPENSÃO SUSPENSYS - FIXAÇÃO A/A
41312;26;26.370;E - CONSTELLATION TRACTOR;2011...2012;;CAMINHÃO 6X4
41313;26;26.420;E - CONSTELLATION TRACTOR;2014...2023;;CAMINHÃO 6X4 EURO 5
41318;27;X1;SDRIVE / XDRIVE (E84);2009...2015;1.6d;
41319;27;X1;SDRIVE / XDRIVE (E84);2009...2015;1.8d;
41320;27;X1;SDRIVE / XDRIVE (E84);2009...2015;1.8i;
41321;27;X1;SDRIVE / XDRIVE (E84);2009...2015;2.0d;
41322;27;X1;SDRIVE / XDRIVE (E84);2009...2015;2.0i;
41323;27;X1;SDRIVE / XDRIVE (E84);2009...2015;2.3d;
41324;27;X1;SDRIVE / XDRIVE (E84);2009...2015;2.5d;
41325;27;X1;SDRIVE / XDRIVE (E84);2009...2015;2.5i;
41326;27;X1;SDRIVE / XDRIVE (E84);2009...2015;2.8i;
41327;27;X1;SDRIVE (E84);2009...2015;1.6d;
41328;27;X1;SDRIVE (E84);2009...2015;1.8d;
41329;27;X1;SDRIVE (E84);2009...2015;1.8i;
41330;27;X1;SDRIVE (E84);2009...2015;2.0d;
41331;27;X1;SDRIVE (E84);2009...2015;2.0i;
41332;27;X1;SDRIVE (E84);2009...2015;2.3d;
41333;27;X1;SDRIVE (E84);2009...2015;2.5d;
41334;27;X1;SDRIVE (E84);2009...2015;2.5i;
41335;27;X1;SDRIVE (E84);2009...2015;2.8i;
41336;26;19.320;E - CONSTELLATION TITAN TRACTOR;2006...2012;;CAMINHÃO 4X2 - SUSPENSÃO TRASEIRA PNEUMATICA
41337;26;19.330;E - CONSTELLATION TITAN TRACTOR;2012...2023;;CAMINHÃO 4X2 EURO 5 - SUSPENSÃO TRASEIRA PNEUMATICA
41338;26;19.360;CONSTELLATION TRACTOR;2016...2023;;CAMINHÃO 4X2 EURO 5 - SUSPENSÃO TRASEIRA PNEUMATICA
41339;26;19.370;E - CONSTELLATION TRACTOR;2007...2012;;CAMINHÃO 4X2 - SUSPENSÃO TRASEIRA PNEUMATICA
41340;26;19.390;E - CONSTELLATION TRACTOR;2012...2023;;CAMINHÃO 4X2 EURO 5 - SUSPENSÃO TRASEIRA PNEUMATICA
41341;26;19.420;E - CONSTELLATION TRACTOR;2014...2023;;CAMINHÃO 4X2 EURO 5 - SUSPENSÃO TRASEIRA PNEUMATICA
41342;26;25.320;E - CONSTELLATION TITAN TRACTOR;2008...2012;;CAMINHÃO 6X2 - SUSPENSÃO TRASEIRA PNEUMATICA
41343;26;25.360;CONSTELLATION TRACTOR;2016...2023;;CAMINHÃO 6X2 EURO 5 - SUSPENSÃO TRASEIRA PNEUMATICA
41344;26;25.370;E - CONSTELLATION TRACTOR;2007...2012;;CAMINHÃO 6X2 - SUSPENSÃO TRASEIRA PNEUMATICA
41345;26;25.390;E - CONSTELLATION TRACTOR;2012...2020;;CAMINHÃO 6X2 EURO 5 - SUSPENSÃO TRASEIRA PNEUMATICA
41346;26;25.420;CONSTELLATION TRACTOR;2014...2023;;CAMINHÃO 6X4 EURO 5 - SUSPENSÃO TRASEIRA PNEUMATICA
41347;26;26.260;E - CONSTELLATION ROBUST;2021...2023;;CAMINHÃO 6X4 EURO 5
41348;26;26.280;E - CONSTELLATION FORA DE ESTRADA;2012...2023;;CAMINHÃO 6X4 EURO 5
41349;26;30.330;CONSTELLATION;2017...2023;;CAMINHÃO 8X2 EURO 5 - SUSPENSÃO TRASEIRA PNEUMATICA
41350;11;CARGO 1514;;1985...1986;;CAMINHÃO 4X2 / 6X2
41351;11;CARGO 1615;;1985...1990;;CAMINHÃO 4X2 / 6X2
41352;11;CARGO 1617;;1985...2002;;CAMINHÃO 4X2 / 6X2
41353;11;CARGO 1618;;1985...1990;;CAMINHÃO 4X2 / 6X2
41354;11;CARGO 1619;;1985...1990;;CAMINHÃO 4X2 / 6X2
41355;11;CARGO 1621;;2000...2002;;CAMINHÃO 4X2 / 6X2
41356;11;CARGO 1622;;1991...2002;;CAMINHÃO 4X2 / 6X2
41357;11;CARGO 1630;;2002...2005;;CAMINHÃO 4X2 / 6X2
41358;11;CARGO 1717;E - C;2003...2012;;CAMINHÃO 4X2 / 6X2
41359;26;17.230;E- CONSTELLATION ROBUST;2015...2023;;CAMINHÃO 4X2 EURO 5
41360;26;17.250;E - CONSTELLATION;2006...2012;;CAMINHÃO 4X2 - DISTÂNCIA ENTRE EIXO 3560MM
41361;26;17.250;E- CONSTELLATION TRACTOR;2008...2012;;CAMINHÃO 4X2
41362;26;17.260;E- CONSTELLATION ROBUST;2018...2023;;CAMINHÃO 4X2 EURO 5
41363;26;17.280;E- CONSTELLATION;2012...2023;;CAMINHÃO 4X2 EURO 5
41364;26;24.250;E- CONSTELLATION;2006...2013;;CAMINHÃO 6X2 - DISTÂNCIA ENTRE EIXO 3560MM
41365;26;24.260;E- CONSTELLATION ROBUST;2019...2023;;CAMINHÃO 6X2 EURO 5
41366;26;24.280;E- CONSTELLATION;2012...2023;;CAMINHÃO 6X2 EURO 5
41367;26;24.280;E- CONSTELLATION;2013...2019;;CAMINHÃO 8X2 EURO 5
41368;26;24.330;E- CONSTELLATION;2011...2023;;CAMINHÃO 6X2 EURO 5
41369;26;30.330;CONSTELLATION;2017...2023;;CAMINHÃO 8X2 EURO 5
41370;11;CARGO 1113;;1985...1989;;CAMINHÃO 4X2 / 6X2
41371;11;CARGO 1114;;1985...1989;;CAMINHÃO 4X2 / 6X2
41372;11;CARGO 1117;;1985...1989;;CAMINHÃO 4X2 / 6X2
41373;11;CARGO 1215;;1985...2001;;CAMINHÃO 4X2 / 6X2
41374;11;CARGO 1217;;2001...2002;;CAMINHÃO 4X2 / 6X2
41375;11;CARGO 1218;;1985...1991;;CAMINHÃO 4X2 / 6X2
41376;11;CARGO 1313;;1985...1989;;CAMINHÃO 4X2 / 6X2
41377;11;CARGO 1314;;1985...1989;;CAMINHÃO 4X2 / 6X2
41378;11;CARGO 1415;;1985...2000;;CAMINHÃO 4X2 / 6X2
41379;11;CARGO 1417;;2001...2002;;CAMINHÃO 4X2 / 6X2
41380;11;CARGO 1418;;1985...1990;;CAMINHÃO 4X2 / 6X2
41381;11;CARGO 1419;;1990...1992;;CAMINHÃO 4X2 / 6X2
41382;11;CARGO 1421;;2001...2002;;CAMINHÃO 4X2 / 6X2
41383;11;CARGO 1422;;1991...2000;;CAMINHÃO 4X2 / 6X2
41384;11;CARGO 1521;;2003...2006;;CAMINHÃO 4X2 / 6X2
41385;11;CARGO 1731;;2003...2005;;CAMINHÃO 4X2 / 6X2
41386;26;12.140;;1981...2000;;CAMINHÃO 4X2 / 6X2
41387;26;12.170;;1997...2000;;CAMINHÃO 4X2 / 6X2
41388;26;12.180;;1999...2001;;CAMINHÃO 4X2 / 6X2
41389;26;13.150;;2000...2006;;CAMINHÃO 4X2
41390;26;13.170;WORKER;2000...2006;;CAMINHÃO 4X2 / 6X2
41391;26;13.180;E - CONSTELLATION;2000...2013;;CAMINHÃO 4X2 / 6X2
41392;26;13.180;WORKER;2000...2012;;CAMINHÃO 4X2 / 6X2
41393;26;13.190;;2002...2005;;CAMINHÃO 4X2 / 6X2
41394;26;13.190;E- CONSTELLATION;2012...2020;;CAMINHÃO 4X2 EURO 5
41395;26;14.140;;1981...1991;;CAMINHÃO 4X2 / 6X2
41396;26;14.150;;1991...1999;;CAMINHÃO 4X2 / 6X2
41397;26;14.170;;1997...2000;;CAMINHÃO 4X2 / 6X2
41398;26;14.180;;1999...2000;;CAMINHÃO 4X2 / 6X2
41399;26;14.200;;1991...1994;;CAMINHÃO 4X2 / 6X2
41400;26;14.210;;1988...1991;;CAMINHÃO 4X2 / 6X2 - DIST. ENTRE EIXO 4340 / 4800 / 5207 MM
41401;26;14.210;CONSTELLATION;2023...;;CAMINHÃO 4X2 EURO 6
41402;26;14.220;;1991...1999;;CAMINHÃO 4X2 / 6X2
41403;26;15.170;;2000...2006;;CAMINHÃO 4X2 / 6X2
41404;26;15.180;;2000...2009;;CAMINHÃO 4X2 / 6X2
41405;26;15.180;E - CONSTELLATION;2006...2012;;CAMINHÃO 4X2
41406;26;15.190;;2002...2005;;CAMINHÃO 4X2 / 6X2
41407;26;15.190;E- CONSTELLATON ROBUST;2012...2020;;CAMINHÃO 4X2 EURO 5
41408;26;16.210;;1989...1991;;CAMINHÃO 4X2 / 6X2
41409;26;17.190;E-WORKER;2012...2019;;CAMINHÃO 4X2 EURO 5
41410;26;17.210;CONSTELLATION;2023...;;CAMINHÃO 4X2 EURO 6
41411;26;17.230;WORKER;2014...2019;;CAMINHÃO 4X2 EURO 5
41412;26;17.250;E - CONSTELLATION;2006...2012;;CAMINHÃO 4X2 - DIST. ENTRE EIXO 4340 / 4800 / 5207 MM
41413;26;17.310;;2000...2006;;CAMINHÃO 4X2 / 6X2
41414;26;17.320;E- CONSTELLATION;2010...2012;;CAMINHÃO 4X2
41415;26;17.330;E- CONSTELLATION;2012...2023;;CAMINHÃO 4X2 EURO 5
41416;26;18.310;;2002...2006;;CAMINHÃO 4X2 / 6X2
41417;26;24.250;E- CONSTELLATION;2006...2013;;CAMINHÃO 6X2  - DIST. ENTRE EIXO 4340 / 4800 / 5207 MM
41418;26;24.320;E- CONSTELLATION;2010...2012;;CAMINHÃO 6X2
41419;26;24.280;E - CONSTELLATION;2013...2019;;CAMINHÃO 8X2 EURO 5
41420;26;CAMINHÕES;VÁRIOS MODELOS;1980...2006;;CAMINHÃO DE LIXO
41421;74;TGX 28.440;TGX;2013...2021;;CAMINHÃO 6X2 EURO 5
41422;74;TGX 29.440;TGX;2011...2018;;CAMINHÃO 6X2 EURO 5
41423;74;TGX 29.480;TGX;2016...2021;;CAMINHÃO 6X4 EURO 5
41424;26;25.480;CONSTELLATION TRACTOR;2023...;;CAMINHÃO 6X2 EURO 6
41425;26;33.460;CONSTELLATION TRACTOR;2021...2023;;CAMINHÃO 6X4 EURO 5
41426;26;33.480;CONSTELLATION TRACTOR OFF-ROAD;2023...;;CAMINHÃO 6X4 EURO 6
41443;21;CLIO;HATCH - SI / RT / RN / RL;1999...2011;1.0;TODOS OS MODELOS
41444;21;CLIO;SEDAN - RT / RN / RL;1999...2011;1.0;TODOS OS MODELOS
41445;7;JUMPER;"ARO 16""";1999...2018;;
41446;10;DUCATO;"ARO 16""";1998...2018;;
41447;20;BOXER;"ARO 16""";2003...2018;;
41448;7;JUMPER;"ARO 15""";1999...2018;;
41449;10;DUCATO;"ARO 15""";1998...2018;;
41450;20;BOXER;"ARO 15""";2003...2018;;
41451;12;CITY;;2009...2014;;COM ROLAMENTO - COM ABS + FREIO A DISCO4 FUROS
41452;12;FIT;;2009...2014;;COM ROLAMENTO - COM ABS + FREIO A DISCO4 FUROS
41453;24;HILUX;;2005...2016;;COM ROLAMENTO
41454;13;HD78;;2011...;;
41455;13;HD80;;2018...;;
41459;21;KANGOO;CÂMBIO MANUAL;2013...;1.6 16V;
41460;21;KANGOO;EXPRESS  - CÂMBIO MANUAL;2013...;1.6 16V;
41461;7;C4 PICASSO;;2010...;;
41462;5;EQUINOX;;2018...2020;;
41463;12;CITY;HATCH;2022...;;
41464;12;CITY;SEDAN;2022...;;
41465;24;HILUX;PICK-UP;2016...2021;;
41466;24;HILUX;SW4;2016...2021;;
41467;13;SANTA FÉ;;2013...2019;GLS 3.3 V6;4X4
41468;13;HB20;;2020...;;
41469;17;AXOR 2035;S;...;;
41471;17;ATEGO 1726;;...;;DISTÂNCIA ENTRE EIXOS 3600 e 4800 mm
41472;14;EUROTECH 370;CAMINHÃO;...;;
41473;14;EUROTECH 420;CAMINHÃO;...;;
41474;14;EUROTECH 440;CAMINHÃO;...;;
41476;12;HR-V;;2022...;;
41479;12;CR-V;;2012...2016;;
41480;11;TERRITORY;;2020...;;
41481;13;GRAND SANTA FÉ;;2014...;;
41482;12;CIVIC;CÂMBIO AUTOMÁTICO;2012...;2.0;DENTES INTERNO 23 - EXTERNO 27
41483;10;TORO;4X2  - CÂMBIO AUTOMÁTICO;2017...2019;1.8 / 2.0;DENTES INTERNO 24 - EXTERNO 27, TRAVA CENTRAL
41484;45;RENEGADE;4X2  - CÂMBIO AUTOMÁTICO;2017...2019;1.8 / 2.0;DENTES INTERNO 24 - EXTERNO 27, TRAVA CENTRAL
41488;21;MASTER;CÂMBIO MANUAL;2013...2018;2.3;DENTES INTERNO 36 - EXTERNO 31, TRAVA INTERNA
41489;21;SCENIC;COM ABS;2001...2012;1.6 16V;DENTES INTERNO 35 - EXTERNO 23 - FÔNICA 44, TRAVA INTERNA
41492;13;SANTA FÉ;;2020...;;
41493;21;SANDERO;;2019...;;
41494;21;STEPWAY;;2019...;;
41495;23;JIMNY;SIERRA;2022...2023;;
41497;26;NIVUS;;2018...;;
41498;26;POLO;;2018...2022;;
41499;22;CORDOBA;;1994...2002;;
41500;22;IBIZA;;1995...2009;;
41501;26;POLO CLASSIC;;1997...2001;;
41502;5;VECTRA;;1993...2011;2.0 / 2.2;
41503;5;CORSA;PICK-UP;1995...2003;;
41504;5;IPANEMA;;1992...1998;;
41505;5;KADETT;;1992...1998;;
41506;5;CRUZE;;2017...;1.4 TURBO;
41507;5;ONIX;;2019...;1.0 TURBO;
41508;12;CR-V;;2007...2011;2.0 / 2.4;
41509;32;S60;;2001...2003;2.3;
41510;32;S60;;2001...2007;2.4;
41511;32;S60;;2001...2007;2.5;
41512;32;V70;;1997...2003;2.3;
41513;32;V70;;1997...2007;2.5;
41514;32;V70;;2000...2007;2.4;
41515;32;V70;;2002...2007;2.0;
41516;32;XC70;;1997...2010;2.5;
41517;32;XC60;;2009...2017;2.0 / 2.4 / 3.0;
41518;24;HILUX;4X4;2005...2015;;
41519;24;HILUX;4X2;2016...2020;;
41520;24;HILUX;;2006...2015;;SEM ABS
41521;24;HILUX;SW4;2006...2015;;SEM ABS
41522;24;YARIS;;2018...;1.3 / 1.5;
41523;13;ELANTRA;;2011...2018;;
41524;13;VELOSTER;;2012...2013;;
41525;15;CERATO;;2008...2013;;
41526;45;COMPASS;;2011...2015;2.0;
41527;4;A4;;2007...2012;3.2;
41528;4;A4;AVANT;2007...2016;1.8 / 2.0;
41529;4;A4;AVANT;2009...2012;3.2;
41530;4;A5;;2009...2011;3.2;
41531;4;A5;;2015...2016;1.8;
41532;4;A6;;2007...2008;3.2;
41533;4;A6;;2013...2016;3.0;
41534;4;A6;ALLROAD;2000...2004;2.7;
41535;4;A6;AVANT;2000...2006;4.2;
41536;4;A6;AVANT;2000...2008;4.2;
41537;4;A6;AVANT;2013...2014;2.8;
41538;4;A7;;2011...2016;3.0;
41539;4;A8;;2006...2006;6.0;
41540;4;A8;;2012...2016;6.3;
41541;4;A8;;2015...2016;3.0;
41542;4;Q5;;2009...2012;3.2;
41543;4;Q5;;2013...2016;2.0;
41544;4;SQ5;;2014...2016;3.0;
41545;7;C6;;2005...2009;3.0;
41546;7;E-JUMPY;;2022...;;
41547;7;JUMPY;;2017...;;
41548;10;E-SCUDO;;2022...;;
41549;20;407;;2004...2011;2.0 / 3.0;
41550;20;508;;2012...2014;1.6;
41551;20;E-EXPERT;;2022...;1.6;
41552;20;EXPERT;;2017...;1.5 / 1.6;
41553;21;SANDERO;CÂMBIO MANUAL;2008...2013;1.6;DENTES INTERNO 21 - EXTERNO 23, TRAVA CENTRAL, SEM ABS
41555;17;ATEGO 1719;;...;;DISTÂNCIA ENTRE EIXOS 3600 E 4800 MM
41556;17;ATEGO 1719;4X2;...;;CABINE ESTENDIDA OM-924 LA
41557;17;ATEGO 1726;;...;256 CV;CABINE LEITO TETO ALTO OM-926 LA
41558;17;ATEGO 2426;;...;;DISTÂNCIA ENTRE EIXOS 3600 E 4800 MM
41559;21;KWID;EXCETO (E-TECH);2017...;;
41560;32;VM 270;TODOS;2021...;;
41561;137;HAVAL H6;HEV;2024...;HIBRÍDO;
41562;137;HAVAL H6;PHEV - AWD;2024...;HIBRÍDO;
41563;138;DIVERSOS;EIXO AUTO DIRECIONAL;...;;
41565;17;ATEGO 1719;;2016...2020;;
41566;17;ATEGO 1726;;2016...2020;;
41567;21;STEPWAY;;2006...2014;;
41569;17;ATEGO 1419;CABINE ESTENDIDA LA 4X2;2012...2020;OM-924;
41570;17;ATEGO 1419;CABINE LEITO TETO ALTO  LA 4X2;2012...2020;OM-924;
41571;17;ATEGO 1419;CABINE LEITO TETO BAIXO LA 4X2;2012...2020;OM-924;
41572;17;ATEGO 1419;CABINE SIMPLES;2012...2020;OM-924;
41573;17;ATEGO 1719;;2014...;;
41574;14;CAVALLINO;;...;;700 MM 20.0 KGF
41575;14;EUROCARGO;;...;;700 MM 20.0 KGF
41576;13;SANTA FÉ;;2010...2012;;
41577;32;B-10;M / K;...;;EIXO TRASEIRO 151MM X 131MM X 410MM
41578;32;B-340;R;...;;EIXO DIANTEIRO 151MM X 131MM X 410MM
41579;96;DIVERSAS;FOLE PNEUMÁTICO;...;;SUSPENSOR DE EIXO  ENCAIXE Ø 380MM X ALTURA 185MM
41580;24;HILUX;4X2;2000...;;PASTILHA DE CERÂMICA
41581;12;CIVIC;COM ABS  - CÂMBIO MANUAL;2001...2006;1.7;DENTES INTERNO 25 - EXTERNO 26 - FÔNICA 50, COM ABS
41582;11;ESCORT;;1984...1992;;SEM LIMPADOR TRASEIRO
41583;10;ELBA;;1986...1997;;SEM LIMPADOR
41584;10;ELBA;;1986...1997;;COM LIMPADOR
41585;26;POINTER;;1994...1996;;COM LIMPADOR TRASEIRO
41586;26;POINTER;;1994...1996;;SEM LIMPADOR TRASEIRO
41587;11;ESCORT;;1993...1996;;SEM LIMPADOR TRASEIRO
41590;26;SAVEIRO;GL - TODOS OS MODELOS;2000...2008;;
41591;21;DUSTER;;2011...2020;1.6 / 2.0 16V;EXCETO MOTOR 1.3 TURBO Ø FURO DO PIVÔ (10 MM)
41592;21;OROCH;;2016...2021;;EXCETO MOTOR 1.3 TURBO Ø FURO DO PIVÔ (10 MM)
41594;21;DUSTER;4X2 - TODOS OS MODELOS;2011...2020;;
41595;21;DUSTER;4X2 / 4X4  - CÂMBIO MANUAL;2011...2020;;
41596;21;DUSTER;4X2 / 4X4  - CÂMBIO AUTOMÁTICO;2011...2020;;
41597;21;DUSTER;4X4;2011...2020;;
41598;5;KADETT;;1992...1997;;COM AEROFÓLIO E LIMPADOR
41599;21;DUSTER;TODOS OS MODELOS;2011...2020;;EXCETO MOTOR 1.3 TURBO  - Ø FURO FIXAÇÃO 10,5 MM -
41600;21;OROCH;TODOS OS MODELOS;2016...2021;;EXCETO MOTOR 1.3 TURBO  - Ø FURO FIXAÇÃO 10,5 MM -
41602;11;RANGER;TODOS OS MODELOS  DIREÇÃO ELÉTRICA;2017...;;
41603;21;CAPTUR;TODOS OS MODELOS  DIREÇÃO HIDRÁULICA;2017...2021;;EXCETO MOTOR 1.3 TURBO
41604;21;DUSTER;TODOS OS MODELOS  DIREÇÃO HIDRÁULICA;2011...2020;;EXCETO MOTOR 1.3 TURBO
41605;21;OROCH;TODOS OS MODELOS  DIREÇÃO HIDRÁULICA;2016...2021;;EXCETO MOTOR 1.3 TURBO
41606;13;AZERA;TODOS OS MODELOS;2007...2011;3.3 V6 24V;
41607;21;CLIO;HATCH;2000...2018;;
41608;12;CR-V;CÂMBIO AUTOMÁTICO;2017...2022;1.5 - FLEX;DENTES INTERNO 32 - EXTERNO 27
41609;12;HR-V;CÂMBIO AUTOMÁTICO;2022...;1.5 - FLEX;DENTES INTERNO 32 - EXTERNO 27
41610;24;RAV4;(EXCETO HÍBRIDO);2013...;;
41611;5;MONTANA;;2023...;;
41612;5;MONTANA;LS;2010...2022;1.4;FRENTE AGILE
41613;5;MONTANA;LS COMBO;2010...2022;1.4;FRENTE AGILE
41614;5;MONTANA;SPORT;2010...2022;1.4;FRENTE AGILE
41616;4;A4;CÂMBIO AUTOMÁTICO / MANUAL;1995...2001;1.8 20V;COM ABS
41617;5;COBALT;;2012...2018;1.4 8V;SEM ROLAMENTO25 DENTES, 4 FUROS
41618;5;ONIX;;2012...2018;1.0 / 1.4 8V;SEM ROLAMENTO25 DENTES, 4 FUROS
41619;5;PRISMA;;2012...2018;;SEM ROLAMENTO25 DENTES, 4 FUROS
41620;5;SONIC;;2012...2016;1.6 16V;SEM ROLAMENTO25 DENTES, 4 FUROS
41621;5;SPIN;;2012...2018;1.8 8V;SEM ROLAMENTO25 DENTES, 4 FUROS
41622;5;SPIN;;2012...2018;1.8 8V;
41623;7;XSARA;1.4I BREAK / 1.6I BREAK / 1.8I 16V VTS;1997...;1.4I BREAK / 1.6I BREAK / 1.8I 16V VTS;SISTEMA GIRLING
41624;7;XSARA;1.8I / 1.8I 16V BREAK / 1.9I TD BREAK;1997...;1.8I / 1.8I 16V BREAK / 1.9I TD BREAK;SISTEMA GIRLING
41625;20;306;1.8 16V BREAK / 2.0 16V / 2.0 / 2.0 ST / XSI;1993...;1.8 16V BREAK / 2.0 16V / 2.0 / 2.0 ST / XSI;SISTEMA GIRLING
41626;20;PARTNER;;1996...;1.1 / 1.4 / 1.8 / 1.9;SISTEMA GIRLING
41627;17;815;LO;...;;
41628;17;816;LO;...;;
41629;17;916;LO - MICRO-ÔNIBUS EURO V;...;;
41630;32;VM 240;;...;;CABINE TRASEIRO
41631;32;VM 260;;...;;CABINE TRASEIRO
41632;32;VM 270;;...;;CABINE TRASEIRO
41633;32;VM 290;4X2;...;;CABINE TRASEIRO
41634;32;VM 290;6X2;...;;CABINE TRASEIRO
41635;32;VM 290;6X2 CITY;...;;CABINE TRASEIRO
41636;32;VM 290;8X2;...;;CABINE TRASEIRO
41637;32;VM 290;8X4;...;;CABINE TRASEIRO
41638;32;FH;;...;;CAMINHÃO
41639;32;VM 210;;...;;CAMINHÃO
41640;32;VM 240;;...;;CAMINHÃO
41641;32;VM 260;;...;;CAMINHÃO
41642;32;VM 290;4X2;...;;
41643;32;VM 290;6X2;...;;CABINE - TRASEIRA
41644;32;VM 290;8X2;...;;
41645;32;VM 290;8X4;...;;
41646;32;VM 310;;...;;CAMINHÃO
41647;38;SÉRIE 5;G - FORA DE ESTRADA;...2018;;CABINE CURTA
41648;38;SÉRIE 5;P;...2018;;
41649;38;SÉRIE 5;R - FORA DE ESTRADA;...2018;;CABINE CURTA
41650;79;CF 85.360;;...;;CONJ. AMORTECEDOR COM MOLA HELICOIDAL
41651;79;CF 85.410;;...;;CONJ. AMORTECEDOR COM MOLA HELICOIDAL
41652;7;C3;;2022...;;
41653;26;FOX;COM E SEM SUPORTE DA BARRA ESTABILIZADORA;2003...;;
41654;26;POLO;HACTH / SEDAN - TODOS OS MODELOS;2002...2014;;
41655;26;SPACEFOX;(EXCETO SPACECROSS);2006...;;
41675;5;COBALT;CÂMBIO AUTOMÁTICO;2013...2016;1.8;DENTES INTERNO 30 - EXTERNO 25, TRAVA INTERNA
41676;5;ONIX;CÂMBIO AUTOMÁTICO;2013...;1.4;DENTES INTERNO 30 - EXTERNO 25, TRAVA INTERNA
41677;5;PRISMA;CÂMBIO AUTOMÁTICO;2013...;1.4;DENTES INTERNO 30 - EXTERNO 25, TRAVA INTERNA
41688;11;ECOSPORT;4X2  - CÂMBIO MANUAL;2013...2019;2.0;DENTES INTERNO 25 - EXTERNO 25, TRAVA CENTRAL
41689;11;FIESTA;NEW  - CÂMBIO MANUAL;2012...2019;1.6;DENTES INTERNO 24 - EXTERNO 25, TRAVA CENTRAL
41693;12;CIVIC;CÂMBIO MANUAL;2007...2011;1.8;DENTES INTERNO 24 - EXTERNO 26, TRAVA CENTRAL
41698;21;DUSTER;CÂMBIO AUTOMÁTICO;2012...2020;2.0;DENTES INTERNO 33 - EXTERNO 25, TRAVA INTERNA
41699;21;OROCH;CÂMBIO AUTOMÁTICO;2016...2020;2.0;DENTES INTERNO 33 - EXTERNO 25, TRAVA INTERNA
41700;21;LOGAN;CÂMBIO MANUAL;2014...2018;1.0 / 1.6;DENTES INTERNO 28 - EXTERNO 23, TRAVA INTERNA
41701;21;SANDERO;CÂMBIO MANUAL;2014...2018;1.0 / 1.6;DENTES INTERNO 28 - EXTERNO 23, TRAVA INTERNA
41721;18;ASX;CÂMBIO AUTOMÁTICO;2011...2020;2.0;DENTES INTERNO 33 - EXTERNO 28, TRAVA INTERNA
41722;43;CIELO;;2010...2012;1.6;DENTES INTERNO 32 - EXTERNO 26, TRAVA EXTERNA
41725;26;GOL;1.0 MI - 8V/16V / POWER 16V;1997...2012;;DENTES LADO RODA 22 - LADO CÂMBIO 28
41726;26;PARATI;1.0 MI 16V;1997...2007;;DENTES LADO RODA 22 - LADO CÂMBIO 28
41728;26;UP!;1.0 EXCETO TSI;2014...;;DENTES LADO RODA 22 - LADO CÂMBIO 33
41729;26;FOX;;2009...;1.0 8V;DENTES LADO RODA 22
41730;26;GOL;;2008...;1.0 8V;DENTES LADO RODA 22
41731;26;VOYAGE;;2009...;1.0 8V;DENTES LADO RODA 22
41735;5;CORSA;;1994...2012;1.0 / 1.4 / 1.6;DENTES LADO RODA 22 - LADO CÂMBIO 22
41736;5;CORSA;PICK-UP;1994...2012;1.6;DENTES LADO RODA 22 - LADO CÂMBIO 22
41737;5;BLAZER;4X4;1998...2011;;DENTES LADO RODA 27 - LADO CÂMBIO 26
41738;5;S10;4X4;1998...2011;;DENTES LADO RODA 27 - LADO CÂMBIO 26
41742;5;ONIX;CÂMBIO MANUAL;2013...2017;1.0;DENTES LADO RODA 25 - LADO CÂMBIO 22
41743;5;PRISMA;CÂMBIO MANUAL;2013...2017;1.0;DENTES LADO RODA 25 - LADO CÂMBIO 22
41751;5;CRUZE;CÂMBIO AUTOMÁTICO;2012...;1.8 16V;DENTES LADO RODA 33 - LADO CÂMBIO 22
41752;5;CRUZE;CÂMBIO MANUAL;2012...;1.8 16V;DENTES LADO RODA 33 - LADO CÂMBIO 25
41754;11;RANGER;4X4;2012...2023;2.2 / 3.2;DENTES LADO RODA 28 - LADO CÂMBIO 29
41755;11;KA;CÂMBIO MANUAL;2014...;1.0 / 1.5;DENTES LADO RODA 25 - LADO CÂMBIO 23
41756;11;ECOSPORT;4X2  - CÂMBIO MANUAL;2013...2017;1.6;DENTES LADO RODA 25 - LADO CÂMBIO 23
41764;12;CR-V;4X4   - CÂMBIO MANUAL;2009...2011;2.0 16V;DENTES LADO RODA 30 - LADO CÂMBIO 27
41765;12;CR-V;4X4   - CÂMBIO MANUAL;2009...2011;2.0 16V;DENTES LADO RODA 30 - LADO CÂMBIO 25+2
41768;12;WR-V;CÂMBIO AUTOMÁTICO;2017...;1.5;DENTES LADO RODA 26 - LADO CÂMBIO 25
41770;12;CIVIC;CÂMBIO AUTOMÁTICO;2012...2016;2.0;DENTES INTERNO 27 - EXTERNO 26
41771;21;DUSTER;2.0  - CÂMBIO AUTOMÁTICO;2012...;4X2;DENTES LADO RODA 25 - LADO CÂMBIO 26
41772;21;OROCH;2.0  - CÂMBIO AUTOMÁTICO;2016...;4X2;DENTES LADO RODA 25 - LADO CÂMBIO 26
41774;21;SANDERO;CÂMBIO MANUAL;2008...2013;1.6;DENTES LADO RODA 23 - LADO CÂMBIO 23
41782;21;LOGAN;CÂMBIO MANUAL;2014...2018;1.0 / 1.6;DENTES LADO RODA 23 - LADO CÂMBIO 30
41783;21;SANDERO;CÂMBIO MANUAL;2014...2018;1.0 / 1.6;DENTES LADO RODA 23 - LADO CÂMBIO 30
41784;21;KWID;CÂMBIO MANUAL;2017...;1.0;DENTES LADO RODA 23 - LADO CÂMBIO 23
41785;24;ETIOS;CÂMBIO MANUAL;2013...2020;1.3 / 1.5;DENTES LADO RODA 26 - LADO CÂMBIO 23
41791;19;VERSA;CÂMBIO MANUAL;2015...2018;1.0;DENTES LADO RODA 25 - LADO CÂMBIO 26
41794;19;MARCH;CÂMBIO TRANSMISSÃO MANUAL;2012...2018;1.6;DENTES LADO RODA 25 - LADO CÂMBIO 26
41795;19;VERSA;CÂMBIO TRANSMISSÃO MANUAL;2012...2018;1.6;DENTES LADO RODA 25 - LADO CÂMBIO 26
41800;18;L200;SPORT OUTDOOR (BOLINHA);2003...2011;2.5;DENTES LADO RODA 28
41806;5;CELTA;;2000...2008;;
41807;5;CELTA;;2009...2016;;
41808;4;A3;HATCH / SEDAN;2012...2021;1.4 / 1.8 / 2.0;
41809;17;SPRINTER;SÉRIE 416;2020...2022;2.2 - DIESEL;T.A / T.B
41810;17;SPRINTER;SÉRIE 417;2023...;DIESEL;L.T.A / L.T.B
41811;4;A3;;2013...2020;;ø MANGA DE EIXO 55MM ø CORPO 54,7MM / ø HASTE 25 MM
41812;11;ECOSPORT;2ª GERAÇÃO;2012...2016;;4X2 / 4X4
41813;13;SANTA FÉ;;2013...2019;;
41814;14;17T;ÔNIBUS - MOLA SEMI-ELÍPTICA;...;;APLICADO NA DIANTEIRA
41815;14;TECTOR;CAMINHÃO - 15T;...;;APLICADO NA TRASEIRA
41816;17;OHL-1621;SUSPENSÃO REFORÇADA;1997...2005;;
41817;74;TGX 28.440;;2017...2021;;CAMINHÃO 6X2 EURO 5
41818;74;TGX 28.480;;2016...2021;;CAMINHÃO 6X4 EURO 5
41819;74;TGX 29.440;;2017...2018;;CAMINHÃO 6X4 EURO 5
41820;26;25.460;CONSTELLATION TRACTOR;2022...2023;;CAMINHÃO 6X2 EURO 5
41821;26;28.460;METEOR;2021...2023;;CAMINHÃO 6X2 EURO 5
41822;26;28.480;METEOR;2023...;;CAMINHÃO 6X2 EURO 6
41823;26;29.520;METEOR;2021...2023;;CAMINHÃO 6X4 EURO 5
41824;26;29.530;METEOR;2023...;;CAMINHÃO 6X4 EURO 6
41826;26;TIGUAN;;2017...2021;2.0 TSI;4MOTION DENTES LADO RODA 36
41827;26;TIGUAN;ALLSPACE;2017...2021;2.0 TSI;4MOTION DENTES LADO RODA 36
41828;17;SPRINTER;;2013...2016;2.0;
41829;17;SPRINTER;311;2012...2018;;
41830;17;SPRINTER;415;2012...2018;;
41831;17;SPRINTER;515;2012...2018;;
41832;7;JUMPY;;2018...2021;;28 DENTES, 5 FUROS
41833;20;EXPERT;;2018...2021;;28 DENTES, 5 FUROS
41834;27;130i;;2005...2009;;
41835;27;X1;;2010...2019;;
41836;16;FREELANDER 2;;2011...2015;;
41837;16;DISCOVERY 3;;2005...2016;;
41838;16;FREELANDER;;2003...2006;;
41839;16;RANGE ROVER;SPORT I, II;2005...2013;;
41840;42;RAM;;2009...;5.7;
41841;42;RAM;;2009...;5.9;
41842;42;RAM 2500;;2009...;5.7 TURBO;
41843;5;MONTANA;;2323...;;
41844;18;L200;TRITON;2008...2018;;
41845;18;PAJERO;CLASSIC;2006...2018;;
41846;18;PAJERO;DAKAR;2008...2016;;
41847;18;PAJERO;FULL;2001...2021;;
41848;18;PAJERO;NATIVA;2008...2016;;
41849;18;PAJERO;SPORT;2008...2016;;
41850;2;145;;1996...1999;;
41851;2;155;;1995...1998;;
41852;2;SPIDER;;1996...1998;;
41854;24;COROLLA;;2019...;;
41855;135;DOLPHIN;;2023...;ELÉTRICO;
41856;135;SONG PLUS;;2023...;HÍBRIDO - GASOLINA;
41858;21;CAPTUR;;2018...;;Ø FURO FIXAÇÃO 12 MM
41859;21;DUSTER;;2023...;1.3 TURBO;Ø FURO FIXAÇÃO 12 MM
41860;5;EQUINOX;4X2;2018...2020;;DIANTEIRA
41861;5;EQUINOX;4X4;2018...2020;;DIANTEIRA / TRASEIRA
41862;12;HR-V;;2016...;1.8;5 FUROS
41863;12;HR-V;;2022...;1.5 - FLEX;5 FUROS
41864;12;HR-V;;2022...;1.5 TURBO - FLEX;5 FUROS
41865;12;CITY;HATCH;2022...;1.5;4 FUROS
41866;12;CITY;SEDAN;2022...;1.5;4 FUROS
41867;12;WR-V;;2017...2019;1.5;4 FUROS
41868;12;ZR-V;;2024...;2.0;
41869;14;DAILY 59.12;;1997...2005;2.8;Ø 45MM, 6 FUROS
41870;14;DAILY 60.12;;1997...2005;2.8;Ø 45MM, 6 FUROS
41871;14;DAILY 60.13;;2006...2007;2.8;Ø 45MM, 6 FUROS
41872;14;DAILY 70.12;;1997...2005;2.8;Ø 45MM, 6 FUROS
41873;14;DAILY 70.13;;2006...2007;2.8;Ø 45MM, 6 FUROS
41874;16;RANGE ROVER;SPORT;2011...2015;3.0;
41875;16;RANGE ROVER;SPORT I;2005...2009;4.4 V8;
41876;16;RANGE ROVER;SPORT II;2009...2013;3.0 V6;
41877;45;COMPASS;;2012...2016;2.0;
41878;18;L200;TRITON;2013...2016;;COM SUSPENSÃO SDS
41879;11;FIESTA;HATCH - NEW;2010...2013;;
41880;11;FIESTA;SEDAN - NEW;2010...2013;;
41887;10;500;;2012...2015;1.4;DENTES INTERNO 21 - EXTERNO 25, TRAVA CENTRAL
41888;16;FREELANDER 2;;2006...2015;;DENTES INTERNO 27 - EXTERNO 40, TRAVA CENTRAL
41889;32;XC60;;2008...2015;;DENTES INTERNO 27 - EXTERNO 40, TRAVA CENTRAL
41895;5;TRACKER;;2020...;;1 BATENTE / 1 COIFA
41896;24;COROLLA;;2019...;;1 BATENTE / 1 COIFA
41898;43;TIGGO 5X;;2018...;;1 BATENTE / 1 COIFA
41899;43;TIGGO 7;;2019...;;1 BATENTE / 1 COIFA
41900;39;J3;;2010...2016;;1 BATENTE / 1 COIFA
41901;26;CONSTELLATION;CAMINHÕES;...;;
41902;10;UNO;MILLE - TODOS OS MODELOS;2004...2013;;COM E SEM LIMPADOR
41904;5;TRACKER;;2020...;;1 BATENTE / 1 COIFA / 1 COXIM COM ROLAMENTO
41905;21;KWID;;2017...2023;;
41906;7;AIRCROSS;;2010...2020;;
41907;7;C3;;2003...2020;;
41908;7;AIRCROSS;;2011...2018;;50MM / Ø 18MM
41909;7;C3;;07.2013...2020;;50MM / Ø 18MM
41910;20;208;;2013...2020;;50MM / Ø 18MM
41911;79;XF;;2013...2019;;CONJUNTO COM MOLA HEICOIDAL
41912;11;ECOSPORT;4X4;2012...;;
41913;7;C4 PALLAS;;2006...;;
41914;20;408;SEDAN;2012...;;
41915;14;CURSOR 330;;2009...2012;;
41916;14;TECTOR 150E21;;2012...;;
41917;14;TECTOR 170E21;;2012...;;
41918;14;TECTOR 170E22;;2012...;;
41919;14;TECTOR 170E28;;2012...;;
41920;14;TECTOR 17-280;NOVO;2019...;;
41921;14;TECTOR 17-300;NOVO;2019...;;
41922;14;TECTOR 240E22;;2012...;;
41923;14;TECTOR 240E28;;2012...;;
41924;14;TECTOR 24-280;NOVO;2019...;;
41925;14;TECTOR 24-300;NOVO;2019...;;
41926;14;TECTOR 260E28;;2012...;;
41927;14;TECTOR 260E30;;2012...;;
41928;14;TECTOR 310E28;;2012...;;
41929;14;TECTOR 310E30;;2012...;;
41930;14;TECTOR 31-300;NOVO;2019...;;
41931;21;MASTER;;2013...2021;2.3;Ø 160MM, 5 FUROS
41932;14;HI-WAY;CAMINHÃO;2013...;DIESEL;COM BOLSA PNEUMÁTICA
41933;26;E-DELIVERY;CAMINHÃO;...;;13 / 14 TONELADAS
41934;43;iCAR;;2022...;;
41951;12;CR-V;4X4  - CÂMBIO MANUAL;2009...2012;2.0;DENTES INTERNO 20 - EXTERNO 28, TRAVA CENTRAL
41952;32;FH;;2003...2014;;
41953;32;FM;;2003...2014;;
41954;32;VM;;2003...2014;;
41955;20;208;3ª GERAÇÃO;2021...;;COMPRIMENTO 324 MM
41956;10;TORO;PICK-UP CABINE DUPLA  DIREÇÃO ELÉTRICA;2016...2021;DIESEL;RÔSCA DO TERMINAL DE DIREÇÃO M16X1,5
41957;7;C4 CACTUS;;2018...2024;;
41958;10;TORO;TODOS OS MODELOS;2016...2022;;DIÂMETRO DO PINO 19 MM
41959;45;COMPASS;TODOS OS MODELOS;2016...2022;;DIÂMETRO DO PINO 19 MM
41960;45;RENEGADE;TODOS OS MODELOS;2015...2022;;DIÂMETRO DO PINO 19 MM
41965;26;KOMBI;TODOS OS MODELOS;1997...;;
41966;24;ETIOS;TODOS OS MODELOS;2012...2016;;EXCETO CROSS
41967;10;UNO;NOVO - TODOS OS MODELOS;2010...;;COM E SEM LIMPADOR
41968;13;HB20;HATCH -  TODOS OS MODELOS;2012...2019;;
41969;13;HB20X;HATCH -  TODOS OS MODELOS;2012...2019;;
41971;12;HR-V;;2023...;;
41974;5;MONZA;TODOS OS MODELOS  - CÂMBIO MANUAL;1983...1996;;EXECETO SR / AUTOMÁTICO
41975;45;COMPASS;;2012...2016;;
41976;21;GRAND SCENIC;TODOS OS MODELOS;2008...2009;;
41977;11;FOCUS;HATCH;07.2000...03.2002;;
41978;21;DUSTER;;2021...;;
41979;5;AGILE;;2014...;;
41980;7;C3;;2023...;;
41981;13;GRAND SANTA FÉ;;2013...2019;;(CAPÔ)
41982;13;SANTA FÉ;;2013...2019;;(CAPÔ)
41983;12;ACCORD;;2016...;;(CAPÔ)
41984;15;SORENTO;;2015...2020;;
41985;12;ZR-V;;2023...;;
41996;32;VM 210;CAMINHÃO;...;;
41997;32;VM 220;CAMINHÃO;...;;
41998;32;VM 270;CAMINHÃO;...;;
41999;32;VM 310;CAMINHÃO;...;;
42000;32;VM 330;CAMINHÃO;...;;
42001;17;SPRINTER;308;1995...2012;;
42002;17;SPRINTER;310;1995...2012;;
42003;17;SPRINTER;311;1995...2012;;
42004;17;SPRINTER;313;1995...2012;;
42005;21;SANDERO;STEPWAY - 2ª GERAÇÃO TODOS OS MODELOS;2015...;;
42006;34;MA-6.0 T VOLARE;(A6/A8) - TODOS OS MODELOS;1998...2008;;
42007;18;PAJERO;SPORT;2006...2011;;
42008;10;TORO;DIREÇÃO ELÉTRICA;2016...2020;;RÔSCA M14X1,5
42009;45;COMPASS;;2017...2020;;RÔSCA M14X1,5
42010;45;RENEGADE;;2015...2020;;RÔSCA M14X1,5
42011;17;ATEGO 1718;;2004...2009;;SUSPENSÃO REFORÇADA
42012;17;ATEGO 1725;;2004...2009;;SUSPENSÃO REFORÇADA
42013;38;SÉRIE 6;G / G17 P / P28/31 / R20 / S;2019...;;TRANVERSAL
42014;17;SPRINTER;312;1995...2012;;
42015;38;SÉRIE 6;P / G / R;2019...;;CABINE CURTA FORA DE ESTRADA COM MOLA HELICOIDAL
42016;38;SÉRIE 4/5 G;;2004...2018;;CABINE CURTA FORA DE ESTRADA COM MOLA HELICOIDAL
42017;38;SÉRIE 4/5 P;;2004...2018;;COM MOLA HELICOIDAL
42018;38;SÉRIE 4/5 R;;2004...2018;;CABINE CURTA FORA DE ESTRADA COM MOLA HELICOIDAL
42019;38;SÉRIE 4;P / R;2012...2018;;COM MOLA HELICOIDAL
42020;38;SÉRIE 5;G14;2012...2018;;COM MOLA HELICOIDAL
42021;38;SÉRIE 5;G16;2012...2018;;COM MOLA HELICOIDAL
42022;38;SÉRIE 5;R16;2012...2018;;COM MOLA HELICOIDAL
42023;17;SPRINTER;308;1995...2012;;DISTÂNCIA ENTRE EIXOS 3550MM
42024;17;SPRINTER;310;1995...2012;;DISTÂNCIA ENTRE EIXOS 3550MM
42025;17;SPRINTER;311;1995...2012;;DISTÂNCIA ENTRE EIXOS 3550MM
42026;17;SPRINTER;312;1995...2012;;DISTÂNCIA ENTRE EIXOS 3550MM
42027;17;SPRINTER;313;1995...2012;;DISTÂNCIA ENTRE EIXOS 3550MM
42028;45;RENEGADE;FWD - TODOS OS MODELOS 4X2;2015...2021;;
42029;45;RENEGADE;AWD - TODOS OS MODELOS 4X4;2015...2021;;
42030;17;AXOR 2535;S;...;;
42031;17;AXOR 2540;S;...;;
42032;17;AXOR 2644;S;...;;
42033;17;AXOR 3344;S;...;;
42034;17;AXOR;;...;;COM MOLA
42035;135;SEAL;;2023...;ELÉTRICO;
42043;15;BONGO;K-2500;2005...;;RODAGEM SIMPLES
42044;15;BONGO;K-2700;2005...;;RODAGEM SIMPLES
42045;18;PAJERO;TR4 - 4X4  - CÂMBIO AUTOMÁTICO;2002...2011;2.0;COM ABS DENTES INTERNO 29 - EXTERNO 25 - FÔNICA 43, TRAVA INTERNA
42046;43;TIGGO 8;;2020...;;1 BATENTE / 1 COIFA
42047;19;VERSA;;2011...2020;;
42048;2;145;;1996...1999;;25 DENTES Ø 37MM
42049;2;155;;1995...1998;;25 DENTES Ø 37MM
42050;10;CRONOS;;2018...2021;;25 DENTES Ø 37MM
42051;10;GRAND SIENA;;2012...2016;;25 DENTES Ø 37MM
42052;10;PULSE;;2022...;;25 DENTES Ø 37MM
42053;10;TEMPRA;;1995...1997;;SW 25 DENTES Ø 37MM
42054;10;UNO;;2010...2018;1.0 / 1.4;25 DENTES Ø 37MM
42055;10;500;;2008...;1.4;22 DENTES, Ø 35MM
42056;10;ARGO;;2017...;;22 DENTES, Ø 35MM
42057;10;CRONOS;;2017...;;22 DENTES, Ø 35MM
42058;10;FIORINO;;2014...;1.4;22 DENTES, Ø 35MM
42059;10;GRAND SIENA;;2012...2018;1.4 8V / 1.6 16V;22 DENTES, Ø 35MM
42060;10;MOBI;EVO;2016...;1.0;22 DENTES, Ø 35MM
42061;10;PALIO;;2012...;1.0;22 DENTES, Ø 35MM
42062;10;PALIO;;2012...;1.4;22 DENTES, Ø 35MM
42063;10;PULSE;;2022...;1.3;22 DENTES, Ø 35MM
42064;10;PUNTO;;2008...2017;1.4;22 DENTES, Ø 35MM
42065;10;TIPO;;1994...1997;1.6;22 DENTES, Ø 35MM
42066;10;UNO;VIVACE;2010...2018;1.0 / 1.4 - EVO 4 CIL;22 DENTES, Ø 35MM
42067;10;500;;2007...2015;;Ø 30MM, 4 FUROS
42068;10;BRAVA;;1999...2002;1.6 16V;Ø 30MM, 4 FUROS
42069;10;BRAVA;;1999...2002;1.8 16V;Ø 30MM, 4 FUROS
42070;10;BRAVO;;2011...2015;1.8 16V ETORQ;Ø 30MM, 4 FUROS
42071;10;CRONOS;;2017...;;Ø 30MM, 4 FUROS
42072;10;GRAND SIENA;;2012...2015;1.4 8V / 1.6 16V;Ø 30MM, 4 FUROS
42073;10;IDEA;;2002...2010;1.8;Ø 30MM, 4 FUROS
42074;10;IDEA;ADVENTURE;2007...2010;1.8;Ø 30MM, 4 FUROS
42075;10;IDEA;ADVENTURE;2011...2015;1.8 16V ETORQ;Ø 30MM, 4 FUROS
42076;10;LINEA;;2009...2012;1.9 16V;Ø 30MM, 4 FUROS
42077;10;LINEA;;2012...2015;1.8 16V;Ø 30MM, 4 FUROS
42078;10;MAREA;;1998...2007;1.8 16V / 2.0 / 2.4 20V;Ø 30MM, 4 FUROS
42079;10;MAREA WEEKEND;;1998...2007;2.0 / 2.4 - 20V;Ø 30MM, 4 FUROS
42080;10;MOBI;;2016...2017;1.0 EVO;Ø 30MM, 4 FUROS
42081;10;PALIO;;1996...2011;1.0 8V;Ø 30MM, 4 FUROS
42082;10;PALIO;;2000...2009;1.0 16V;Ø 30MM, 4 FUROS
42083;10;PALIO;;2001...2008;1.6 16V;Ø 30MM, 4 FUROS
42084;10;PALIO;;2002...2010;1.8 8V;Ø 30MM, 4 FUROS
42085;10;PALIO;;2010...2015;1.0 / 1.4 / 1.6 16V;Ø 30MM, 4 FUROS
42086;10;PALIO WEEKEND;;2001...2009;1.0 16V;Ø 30MM, 4 FUROS
42087;10;PALIO WEEKEND;LOCKER;2002...2010;1.8 8V;Ø 30MM, 4 FUROS
42088;10;PULSE;;2022...;;Ø 30MM, 4 FUROS
42089;10;PUNTO;;2007...2010;1.8;Ø 30MM, 4 FUROS
42090;10;PUNTO;;2007...2015;1.4;Ø 30MM, 4 FUROS
42091;10;SIENA;;1998...2010;1.6 16V;Ø 30MM, 4 FUROS
42092;10;SIENA;;1998...2013;1.0 8V;Ø 30MM, 4 FUROS
42093;10;SIENA;;2000...2008;1.3 8V;Ø 30MM, 4 FUROS
42094;10;SIENA;;2001...2009;1.0 / 1.3 - 16V;Ø 30MM, 4 FUROS
42095;10;SIENA;;2003...2010;1.8 8V;Ø 30MM, 4 FUROS
42096;10;STILO;;2002...2004;2.4 20V;Ø 30MM, 4 FUROS
42097;10;STILO;;2002...2008;1.8 16V;Ø 30MM, 4 FUROS
42098;10;STILO;;2002...2012;1.8 8V;Ø 30MM, 4 FUROS
42099;10;UNO;VIVACE;2010...2015;1.0 / 1.4 - EVO 4 CIL;Ø 30MM, 4 FUROS
42100;24;YARIS;CÂMBIO AUTOMÁTICO;2018...2020;1.3 / 1.5;
42103;17;2635;L / LS;1994...1999;;
42104;26;CROSSFOX;TODOS OS MODELOS;2005...2020;;
42105;26;FOX;TODOS OS MODELOS;2003...2020;;
42106;26;POLO;TRACK;2023...;;
42107;5;MONTANA;G3;2023...;;
42108;10;LINEA;(EXCETO TURBO);2008...;;
42109;32;XC60;;2008...2017;;
42110;10;TORO;4X2  - CÂMBIO MANUAL;2016...2021;1.8 - FLEX;DENTES LADO RODA 27 - LADO CÂMBIO 24
42111;10;FASTBACK;CÂMBIO AUTOMÁTICO;2022...;1.3 TURBO - FLEX;GSE DENTES INTERNO 26, Ø ROLAMENTO 43,2 MM
42112;10;PULSE;ABARTH  - CÂMBIO AUTOMÁTICO;2022...;1.3 TURBO - FLEX;GSE DENTES INTERNO 26, Ø ROLAMENTO 43,2 MM
42113;10;TORO;4X2  - CÂMBIO MANUAL;2016...2021;1.8 - FLEX;DENTES INTERNO 26, Ø ROLAMENTO 43,2 MM
42114;12;CIVIC;10ª GERAÇÃO;2016...2020;;EXCETO SI
42116;17;OF-1721;ÔNIBUS;2015...2021;;
42117;17;OF-1724;ÔNIBUS;2015...2020;;
42118;17;O-500;1726 - MDA EURO V;2006...2009;;
42119;17;O-500;1728 - U - EURO V;2005...;;
42120;17;O-500;1732;2005...2006;;
42121;17;O-500;ARTICULADO;2006...2009;;
42122;17;O-500;R 1830;2004...2009;;
42123;17;O-500;RS 1636;2004...2009;;
42124;17;O-500;RS 1836;2004...2009;;
42125;17;O-500;RSD 2036;2004...2009;;
42126;17;O-500;RSD 2236;2004...2009;;
42127;17;O-500;RSD 2336;2004...2009;;
42128;17;O-500;RSD 2436;2004...2009;;
42129;17;O-500;U - 1726;2004...2009;;
42130;17;ATEGO 1315;;2004...2009;;
42131;17;ATEGO 1418;;2004...2009;;
42132;17;ATEGO 1718;;2004...2009;;
42133;17;ATEGO 1725;;2004...2009;;
42134;17;ATEGO 2425;;2005...2011;;
42135;17;ATEGO 2428;;2007...2011;;
42136;21;CAPTUR;;2017...2021;1.6;
42137;21;CAPTUR;;2017...2021;2.0;
42138;21;CAPTUR;;2021...;1.3 TURBO;
42139;21;DUSTER;;2022...;1.3 TURBO;
42140;15;SORENTO;;2016...2020;;
42141;7;C4 CACTUS;TODOS OS MODELOS;2018...2024;;
42142;10;FASTBACK;CÂMBIO AUTOMÁTICO;2022...;1.3 TURBO - FLEX;GSE DENTES INTERNO 26 - EXTERNO 27, TRAVA CENTRAL
42143;10;PULSE;ABARTH  - CÂMBIO AUTOMÁTICO;2022...;1.3 TURBO - FLEX;GSE DENTES INTERNO 26 - EXTERNO 27, TRAVA CENTRAL
42144;19;SENTRA;CÂMBIO AUTOMÁTICO;2014...2020;2.0;
42145;17;CLASSE B 150;CÂMBIO AUTOMÁTICO;2006...2011;;
42146;17;CLASSE B 170;CÂMBIO AUTOMÁTICO;2006...2011;;
42147;17;CLASSE B 180;CÂMBIO AUTOMÁTICO;2006...2011;;
42148;17;CLASSE B 200;CÂMBIO AUTOMÁTICO;2006...2011;;
42149;10;500;;2012...2015;1.4;
42150;10;FASTBACK;CÂMBIO AUTOMÁTICO;2022...;1.0 TURBO;
42151;21;LOGAN;CÂMBIO MANUAL;2008...2012;1.5;
42152;21;SANDERO;CÂMBIO MANUAL;2008...2012;1.5;
42153;21;MASTER;CÂMBIO MANUAL;2013...2018;2.3;
42154;21;SCENIC;;2001...2012;1.6 16V;COM ABS
42155;16;FREELANDER 2;;2012...2015;3.2 / 2.2;
42156;7;C3;;2013...2020;1.2 12V / 1.4 / 1.5 8V;
42157;20;208;;2013...2020;1.2 12V / 1.4 / 1.5 8V;
42158;27;118i;;2007...2013;;
42159;27;120i;;2005...2011;;
42160;27;130i;;2007...2009;;
42161;136;1500;LIMITED;2022...;5.7 V8;
42162;136;1500;LIMITED NIGHT EDITION;2022...;5.7 V8;
42163;136;1500;REBEL;2021...;5.7 V8;
42164;10;FASTBACK;CÂMBIO AUTOMÁTICO;2022...;1.3 TURBO - FLEX;GSE DENTES LADO RODA 27
42165;10;PULSE;ABARTH  - CÂMBIO AUTOMÁTICO;2022...;1.3 TURBO - FLEX;GSE DENTES LADO RODA 27
42167;15;CERATO;;2020...2022;;
42170;45;RENEGADE;4X2  - CÂMBIO MANUAL;2017...2021;1.8 - FLEX;DENTES LADO RODA 27 - LADO CÂMBIO 24
42171;45;RENEGADE;4X2  - CÂMBIO MANUAL;2017...2021;1.8 - FLEX;DENTES INTERNO 26, Ø ROLAMENTO 43,2 MM
42176;26;POLO;;2018...;;(EXCETO NOVO POLO TRACK)
42177;5;MONTANA;TODOS OS MODELOS;03.2003...2021;;
42178;17;1214;;...;;CABINE CONVENCIONAL - SEM LEITO
42179;17;1218;;...;;CABINE CONVENCIONAL - SEM LEITO
42180;17;1218;L;1989...2003;;
42181;17;1318;L - ELETRÔNICO - 4X2;2006...2011;OM-904 LA 170 CV;
42182;17;1319;4X2;2012...2012;OM-924 LA;
42183;17;1319;ATRON - 4X2;2013...2016;OM-924 LA;
42184;17;1418;;1991...2003;;
42185;17;1618;;...;;CABINE CONVENCIONAL - SEM LEITO
42186;17;1620;L;2003...2005;;TODAS AS VERSÕES
42187;17;1620;L;2012...2012;;TODAS AS VERSÕES
42188;17;1620;L - ELETRÔNICO - 6X2;2006...2011;OM-906 LA 230CV;
42189;17;1622;L;1996...2006;;TODAS AS VERSÕES
42190;17;1625;;...;;CABINE CONVENCIONAL - SEM LEITO
42191;17;1630;;...;;CABINE CONVENCIONAL - SEM LEITO
42192;17;1634;LS;2001...2004;;TODAS AS VERSÕES
42193;17;1634;LS;2001...2012;;TODAS AS VERSÕES
42194;17;1634;LS - 4X2 - ELETRÔNICO;2006...2012;OM-457 LA 340CV;CABINE LEITO
42195;17;1635;ATRON - S - 4X2;2012...2018;OM-457 LA 345CV;CABINE LEITO
42196;17;1929;;1981...1998;;
42197;17;1938;LS;1998...2005;;
42198;17;1941;;...;;CABINE CONVENCIONAL - SEM LEITO
42199;17;2324;ATRON - 6X2;2012...2016;OM-926 LA;
42200;17;2635;;1993...1999;;
42201;17;2638;LS;1998...2005;;TODAS AS VERSÕES
42202;5;MONTANA;NOVA;2023...;;
42203;13;SONATA;;2010...2014;;
42206;10;PULSE;CÂMBIO AUTOMÁTICO;2022...;1.0 TURBO;
42207;34;MA-6.0 T VOLARE (A6/A8);(A6/A8) - TODOS OS MODELOS;1998...2008;;
42208;26;NIVUS;200;2020...;1.0 TSI;SISTEMA GIRLING
42209;7;JUMPER;CARGO;2021...2022;2.0 16V;
42210;7;JUMPER;CARGO;2022...;2.2 TURBO;
42211;7;JUMPER;FURGÃO;2018...2022;2.0 TURBO;
42212;7;JUMPER;FURGÃO;2022...;2.2 TURBO;
42213;7;JUMPER;MINIBUS;2019...2022;2.0 TURBO;
42214;10;DUCATO;CARGO;2023...;2.2;
42215;10;DUCATO;MAXICARGO;2023...;2.2;
42216;10;DUCATO;MINIBUS CONFORT;2023...;2.2;
42217;10;DUCATO;MINIBUS EXECUTIVO;2023...;2.2;
42218;10;DUCATO;MULTI;2023...;2.2;
42219;20;BOXER;CARGO/FURGÃO;2022...;2.0 / 2.2 TURBO;
42220;7;JUMPER;CARGO;2021...2022;2.0 16V TURBO;
42221;12;CIVIC;TYPE-R;2023...;2.0 TURBO;SISTEMA BREMBO
42222;24;PRIUS;;2013...;1.8 HÍBRIDO - GASOLINA;
42223;19;FRONTIER;;2023...;;
42224;4;A4;;2015...;2.0 TFSI;
42225;4;A4;;2015...;3.0;
42226;4;A4;;2016...;1.4 TFSI;
42227;4;A4;S4;2016...;;
42228;4;A5;RS5;2016...;3.0;
42229;4;A5;SPORTBACK;2016...;;
42230;4;A8;50;2017...;TDI;
42231;4;A8;55;2017...;TFSI;
42232;4;Q5;SQ5;2016...;TFSI;
42233;4;Q7;;2015...;2.0 TFSI;
42234;4;Q7;;2015...;3.0 TFSI;
42235;4;Q7;SQ7;2016...;TDI;
42236;4;A6;;2012...;3.0 TFSI;
42237;4;A6;AVANT;2011...;;
42238;4;A6;QUATTRO;2014...2018;3.0 TFSI;
42239;4;A7;SPORTBACK;2010...2018;;
42240;4;Q5;;2008...;2.0 TDI;
42241;4;Q5;QUATTRO;2008...;2.0 TFSI;
42242;4;Q5;QUATTRO;2012...;3.0 TDI;
42243;99;MACAN;;2014...;2.0;
42244;99;MACAN;;2014...;3.0;
42245;7;E-JUMPY;CARGO;2022...;ELÉTRICO;
42246;7;JUMPY;CARGO;2022...;1.5 TURBO;
42247;7;JUMPY;VITRÉ;2022...;1.5 TURBO;
42248;10;E-SCUDO;;2023...;ELÉTRICO;
42249;20;E-EXPERT;CARGO;2022...;ELÉTRICO;
42250;20;EXPERT;CARGO;2022...;1.5 TURBO;
42251;20;EXPERT;VITRÉ;2022...;1.5 TURBO;
42252;7;C3;NOVO;2023...;1.0;
42253;7;C3;NOVO;2023...;1.6;
42254;42;RAM;1500;2019...;;
42255;78;COOPER;S;2013...;;
42256;136;2500;;2020...;;
42257;136;3500;;2020...;;
42262;10;STILO;ABARTH;2003...2011;2.4 20V;
42263;10;STILO;TODOS OS MODELOS;2003...2011;1.8 16V;
42264;10;STILO;TODOS OS MODELOS;2003...2011;1.8 8V;
42265;5;EQUINOX;;2017...2020;;
42266;10;PULSE;CÂMBIO AUTOMÁTICO;2022...2024;1.3;DENTES LADO RODA 22
42267;11;EXPLORER;4X4  - CÂMBIO MANUAL;1998...2000;;DENTES LADO RODA 27 - LADO CÂMBIO 27
42268;11;RANGER;4X4  - CÂMBIO MANUAL;1998...2000;;DENTES LADO RODA 27 - LADO CÂMBIO 27
42269;12;CIVIC;CÂMBIO AUTOMÁTICO;2007...2011;1.8;DENTES LADO RODA 26 - LADO CÂMBIO 25
42270;21;CAPTUR;CÂMBIO AUTOMÁTICO;2017...;1.6;DENTES LADO RODA 25 - LADO CÂMBIO 25
42271;21;SANDERO;CÂMBIO MANUAL;2019...;1.0 3 CIL.;DENTES LADO RODA 23 - LADO CÂMBIO 26
42272;24;COROLLA CROSS;CÂMBIO AUTOMÁTICO;2021...;2.0;DENTES LADO RODA 26 - LADO CÂMBIO 24
42273;24;COROLLA CROSS;CÂMBIO AUTOMÁTICO;2022...;2.0;DENTES LADO RODA 26 - LADO CÂMBIO 24
42274;10;TORO;DIREÇÃO ELÉTRICA;2016...2020;;RÔSCA DO TERMINAL DE DIREÇÃO M14X1,5
42275;45;COMPASS;DIREÇÃO ELÉTRICA;2017...2020;;RÔSCA DO TERMINAL DE DIREÇÃO M14X1,5
42276;45;RENEGADE;DIREÇÃO ELÉTRICA;2015...2020;;RÔSCA DO TERMINAL DE DIREÇÃO M14X1,5
42277;21;MASTER;DIREÇÃO HIDRÁULICA;2013...2021;;
42278;117;CSX;;2006...2011;;
42279;12;CIVIC;;2006...2011;;
42280;12;CIVIC;;2006...2011;2.0 SI;
42281;21;CLIO;DIREÇÃO HIDRÁULICA / MECÂNICA;2000...2016;;
42282;21;KANGOO;DIREÇÃO HIDRÁULICA / MECÂNICA;2000...2015;;
42283;21;MEGANE;;1996...2006;;MECANISMO SMI / TRW
42284;21;SCENIC;;2001...2007;;MECANISMO SMI / TRW
42285;21;SYMBOL;DIREÇÃO HIDRÁULICA / MECÂNICA;2001...2013;;
42286;21;TWINGO;DIREÇÃO HIDRÁULICA;1996...2005;;
42287;21;MEGANE;;1996...2006;;MECANISMOS SMI / TRW
42288;21;SCENIC;;2001...2007;;MECANISMOS SMI / TRW
42289;24;ETIOS;;2011...2020;;
42290;7;C3;;2014...2021;;193 MM
42291;7;C3;DIREÇÃO ELÉTRICA;2013...2021;;193 MM
42292;7;C4 CACTUS;DIREÇÃO ELÉTRICA;2018...2021;;193 MM
42293;7;DS3;DIREÇÃO ELÉTRICA;2013...2016;;193 MM
42294;20;2008;DIREÇÃO ELÉTRICA;2015...2024;;193 MM
42295;20;208;;2013...2020;;193 MM
42296;20;208;DIREÇÃO ELÉTRICA;2013...2020;;193 MM
42299;4;A4;;2007...;2.7 V6 24V;TDI
42300;4;A4;;2007...;3.2I V6 24V;FSI
42301;4;A4;QUATTRO;2008...;3.0 V6 24V;TDI
42302;4;A4;QUATTRO;2008...;S4 3.0I V6;TFSI
42303;4;A5;;2008...;3.0 V6;FSI
42304;4;A5;;2008...;3.2 V6;FSI
42305;4;Q5;;2008...;2.0;TFSI
42306;4;Q5;;2008...;3.2 V6;
42307;99;CAYENNE;;2011...;3.0;
42308;99;CAYENNE;;2011...;3.6;
42309;99;CAYENNE;;2011...;4.2;
42310;99;CAYENNE;;2011...;4.8;
42311;99;MACAN;;2014...2018;2.0;
42312;99;MACAN;;2014...2018;3.0 S;
42313;99;MACAN;;2014...2018;3.6;
42314;99;PANAMERA;;2016...;2.9;
42315;99;PANAMERA;;2016...;3.0;
42316;99;PANAMERA;;2016...;4.0;
42317;26;TOUAREG;;2011...;;
42318;13;HB20;(EXCETO HB20X)  DIREÇÃO HIDRÁULICA;2012...2022;;RÔSCA DO COPO M16X1,5
42319;83;REBOQUE;;...;;COM SUSPENSÃO PNEUMÁTICA
42320;83;SEMI-REBOQUE;;...;;COM SUSPENSÃO PNEUMÁTICA
42321;37;REBOQUE;;...;;COM SUSPENSÃO PNEUMÁTICA 3° EIXO
42322;32;FM-500;;2018...;;CAMINHÃO COM MOLA PARABÓLICA
42323;32;FM-500;;2022...;;CAMINHÃO COM MOLA CONVENCIONAL
42324;26;11.180;DELIVERY;2018...2023;;
42325;26;13.180;DELIVERY;2018...2023;;
42326;26;9.170;DELIVERY;2018...2023;;
42327;26;E-DELIVERY;DIANTEIRA;2017...;;
42328;26;5.140;MICRO-ÔNIBUS DEDALUS DELIVERY;2005...;;
42329;26;8.150;MICRO-ÔNIBUS DEDALUS DELIVERY;2001...;;
42330;38;B-111;SUSPENSÃO A AR;1975...1983;;ÔNIBUS
42331;38;BR-115;SUSPENSÃO A AR;1975...1983;;ÔNIBUS
42332;38;BR-116;SUSPENSÃO A AR;1975...1983;;ÔNIBUS
42333;38;L-111;SUSPENSÃO A AR;1975...1983;;ÔNIBUS
42334;11;CARGO 1313;;1985...06.1991;;CAMINHÃO
42335;11;CARGO 1314;;1985...06.1991;;CAMINHÃO
42336;11;CARGO 1418;;1987...06.1991;;CAMINHÃO
42337;11;CARGO 1419;;1990...06.1991;;CAMINHÃO
42338;11;CARGO 1419;;1990...06.1992;;CAMINHÃO
42339;11;CARGO 1514;;1985...1986;;CAMINHÃO
42340;11;CARGO 1521;;2002...2005;;CAMINHÃO
42341;11;CARGO 1615;;1987...1991;;CAMINHÃO
42342;11;CARGO 1617;;1991...2003;;CAMINHÃO
42343;11;CARGO 1618;;1987...1989;;CAMINHÃO
42344;11;CARGO 1619;;1990...1991;;CAMINHÃO
42345;11;CARGO 1622;;1991...2003;;CAMINHÃO
42346;11;CARGO 2213;;1985...2006;;CAMINHÃO
42347;11;CARGO 2217;;1960...11.2006;;CAMINHÃO
42348;11;CARGO 2218;;1988...11.1989;;CAMINHÃO
42349;11;CARGO 2319;;1990...1991;;CAMINHÃO
42350;11;CARGO 2324;;1990...1991;;CAMINHÃO
42351;11;CARGO 2630;;1998...2002;;CAMINHÃO
42352;11;CARGO 2631;;2002...2006;;CAMINHÃO
42353;11;CARGO 3222;;2002...2005;;CAMINHÃO
42354;34;MA-12.0;;2006...2011;;
42355;13;SANTA FÉ;;2020...;;COMPRIMENTO 350,60 MM
42356;26;POLO;HACTH / SEDAN;2002...2014;;
42358;10;FASTBACK;CÂMBIO AUTOMÁTICO;2022...;1.3 TURBO;
42359;34;8700;S / TR;...;;CAMINHÃO
42360;15;SORENTO;;2004...2013;;
42361;7;C4 GRAND PICASSO;;2013...;1.2 / 1.6 / 2.0;
42362;7;C4 PICASSO;;2013...;1.2 / 1.6 / 2.0;
42363;20;3008;;2016...;1.6 16V;
42364;20;308;;2013...;1.2 / 1.6 / 2.0;
42365;20;308;SW;2014...;1.2 / 1.6 / 2.0;
42366;20;5008;;2016...;1.2 / 1.6 / 2.0;
42372;19;SENTRA;;2024...;;
42373;19;SENTRA;NEW;2014...2023;;
42374;5;TRACKER;;2021...;1.0  / 1.2  - TURBO;
42375;10;500;EXCETO ABARTH;2012...2018;;
42376;21;MASTER;;2013...2020;;
42377;19;XTERRA;;1998...2007;;
42378;13;H1;;1997...2007;;
42379;13;H100;;1994...2000;;
42380;13;HR;;2004...2020;;
42381;13;PORTER;;1996...2008;;
42382;13;PORTER;HR;2004...;;
42383;18;L300;;1986...2004;;
42384;7;E-JUMPY;;2023...2024;ELETRICO;
42385;7;JUMPY;;2018...2024;;
42386;10;E-SCUDO;;2023...2024;ELETRICO;
42387;10;SCUDO;;2022...2024;;
42388;20;E-EXPERT;;2023...2024;ELETRICO;
42389;20;EXPERT;;2017...2024;;
42390;24;ETIOS;DIREÇÃO ELÉTRICA;2011...2020;;
42391;21;KWID;;2017...2024;;
42392;21;MASTER;;2013...2021;;
42393;13;H100;;2004...2012;;
42394;13;HR;;2004...2018;;
42395;13;PORTER;;2001...2004;;
42397;43;TIGGO 5X;;2019...;;1-COIFA, 1-BATENTE, 1-CALÇO DE MOLA E 1-COXIM C/ ROLAMENTO
42398;43;TIGGO 7X;;2019...;;1-COIFA, 1-BATENTE, 1-CALÇO DE MOLA E 1-COXIM C/ ROLAMENTO
42399;43;TIGGO 7X;;2019...;;
42400;10;FASTBACK;;2023...;1.0 TURBO T200;
42401;10;FASTBACK;;2023...;1.3 TURBO T270;
42402;10;FASTBACK;AUDACE;2023...;1.0 TURBO T200;
42403;10;FASTBACK;IMPETUS;2023...;1.0 TURBO T200;
42404;10;FASTBACK;LIMITED EDITION;2023...;1.3 TURBO T270;
42405;12;CITY;HATCHBACK;2022...;1.5 - FLEX;
42406;10;DUCATO;;2018...;;
42407;26;TAOS;;2021...;;1 COIFA  / 1 BATENTE
42408;26;TAOS;;2021...;;1 COIFA  / 1 BATENTE / 1 INSERTO
42409;10;FASTBACK;;2023...;;1 COIFA  / 1 BATENTE
42410;10;FASTBACK;;2023...;;1 COIFA / 1 BATENTE
42411;5;TRACKER;;2021...;;1 COIFA  / 1 BATENTE
42412;24;COROLLA CROSS;;2021...;;1 COIFA  / 1 BATENTE
42413;27;X1;;2006...2015;;1 COIFA / 1 BATENTE
42414;15;STONIC;;2021...;;1 COIFA  / 1 BATENTE
42415;43;QQ;;2011...2019;;1 COIFA  / 1 BATENTE
42416;43;TIGGO 2;;2018...2022;;1 COIFA  / 1 BATENTE
42417;43;QQ;;2011...2019;;1 BATENTE
42418;10;DUCATO;;2018...;;1-COIFA, 1-BATENTE E 1-COXIM C/ ROLAMENTO
42419;24;COROLLA;;2019...;;1-COIFA, 1-BATENTE E 1-COXIM C/ ROLAMENTO
42420;10;PALIO WEEKEND;ADVENTURE;2011...2019;1.6 / 1.8 E-TORQ;
42421;10;PALIO WEEKEND;ADVENTURE LOCKER;04.2010...;;
42422;10;PALIO WEEKEND;ADVENTURE  - CÂMBIO AUTOMÁTICO / MANUAL;2011...2012;1.6 / 1.8 E-TORQ;DENTES INTERNO 24, Ø ROLAMENTO 39,2 MM
42423;10;PALIO WEEKEND;ADVENTURE;2011...2017;1.6 16V / 1.8 16V E-TORQ;DENTES INTERNO 26, Ø ROLAMENTO 43,2 MM
42424;10;FASTBACK;AUDACE;2022...;1.0;
42425;12;CIVIC;TOURING;2017...2021;1.5 TURBO;
42426;12;HR-V;;2020...2021;1.5 TURBO;
42427;12;HR-V;;2023...;1.5 TURBO;
42428;12;CIVIC;CÂMBIO MANUAL;2001...2006;1.7;
42429;21;FLUENCE;CÂMBIO MANUAL;2010...2016;2.0;COM ABS
42430;26;GOLF;CÂMBIO MANUAL;2014...2020;1.4;
42431;10;STILO;CÂMBIO MANUAL;2003...2009;2.4;
42432;10;TORO;;2021...;1.3;
42433;5;BLAZER;4X4;1998...2011;;
42434;5;S10;4X4;1998...2011;;
42435;11;FOCUS;CÂMBIO AUTOMÁTICO / MANUAL;2009...2013;2.0;
42436;11;FOCUS;CÂMBIO AUTOMÁTICO;2014...2019;2.0;
42437;12;HR-V;;2023...;1.5;
42438;12;HR-V;TOURING;2020...2021;1.5 TURBO;
42439;12;ACCORD;;1990...1998;2.0 16V / 2.2 16V;SEM ABS
42440;7;C4 PALLAS;CÂMBIO AUTOMÁTICO;2008...2016;1.6 / 2.0;
42441;20;3008;CÂMBIO AUTOMÁTICO;2008...2016;1.6 / 2.0;
42442;21;SCENIC;CÂMBIO AUTOMÁTICO / MANUAL;2001...2012;2.0 16V;COM ABS
42443;4;A4;;2007...2019;1.8 TFS / 2.0 TFSI / 3.2 FSI;
42444;42;JOURNEY;;2008...2014;2.7/3.6;
42445;17;OF-1519;R - ÔNIBUS ESCOLAR;...;;
42446;13;HB20;HATCH  - CÂMBIO AUTOMÁTICO / MANUAL;2012...;1.0 / 1.6 - FLEX;EXCETO HB20X
42448;13;HB20S;SEDAN  - CÂMBIO AUTOMÁTICO / MANUAL;2012...;1.0 / 1.6 - FLEX;EXCETO HB20X
42449;13;HB20X;CÂMBIO AUTOMÁTICO / MANUAL;2013...2019;1.6 - FLEX;
42451;13;HB20;HATCH  - CÂMBIO AUTOMÁTICO / MANUAL;2012...2015;1.0 / 1.6 - FLEX;EXCETO HB20X
42452;13;HB20S;SEDAN  - CÂMBIO AUTOMÁTICO / MANUAL;2012...2015;1.0 / 1.6 - FLEX;EXCETO HB20X
42453;13;HB20;HATCH  - CÂMBIO AUTOMÁTICO / MANUAL;2016...2019;1.0 / 1.6 - FLEX;EXCETO HB20X / R SPEC
42454;13;HB20S;SEDAN  - CÂMBIO AUTOMÁTICO / MANUAL;2016...2019;1.0 / 1.6 - FLEX;EXCETO HB20X / R SPEC
42455;13;HB20;HATCH  - CÂMBIO AUTOMÁTICO / MANUAL;2020...;1.0 / 1.6 - FLEX;
42456;13;HB20R;SPEC  - CÂMBIO AUTOMÁTICO / MANUAL;2016...2019;1.6 - FLEX;
42457;13;HB20S;SEDAN  - CÂMBIO AUTOMÁTICO / MANUAL;2020...;1.0 / 1.6 - FLEX;
42458;45;COMMANDER;FWD;2021...;FLEX;EXCETO 4X4 - MOTOR 2.0 HURRICANE
42459;45;COMMANDER;AWD;2021...;DIESEL;EXCETO 4X4 - MOTOR 2.0 HURRICANE
42463;4;A3;;2004...2012;;SUPORTE OVAL - 1 BATENTE / 1 COIFA / 1 COXIM / 1 INSERTO
42464;26;JETTA;;2007...2013;;SUPORTE OVAL - 1 BATENTE / 1 COIFA / 1 COXIM / 1 INSERTO
42465;26;SAVEIRO;;2009...;;SUPORTE OVAL - 1 BATENTE / 1 COIFA / 1 COXIM / 1 INSERTO
42466;21;KWID;TODOS OS MODELOS;2017...;;
42468;5;S10;4X2 / 4X4;2012...2017;;
42471;13;HB20R;SPEC  - CÂMBIO AUTOMÁTICO / MANUAL;2016...;1.6 - FLEX;EXCETO HB20X
42473;26;10.160;DELIVERY / L - DELIVERY;...;;
42474;26;5.140;DELIVERY;2005...;;CHASSI 2850 MM
42475;26;7.100;;2001...;;7 E 8 TONELADAS
42476;26;7.120;;2001...;;7 E 8 TONELADAS
42477;26;8.100;;2001...;;7 E 8 TONELADAS
42478;26;8.120;;2001...;;7 E 8 TONELADAS
42479;26;8.140;;2001...;;7 E 8 TONELADAS
42480;26;8.150;;2001...;;7 E 8 TONELADAS
42481;26;8.160;DELIVERY / L - DELIVERY;...;;
42482;26;9.150;;2001...;;NFB CHASSI LONGO / CHASSI CURTO
42486;17;O-500;IBC - RSD 6X2;2006...;;TRASEIRA
42487;20;2008;TODOS OS MODELOS  - CÂMBIO AUTOMÁTICO / MANUAL;2013...2018;;
42488;20;208;TODOS OS MODELOS  - CÂMBIO AUTOMÁTICO / MANUAL;2013...2018;;
42489;20;2008;;2019...2024;;
42490;20;2008;TODOS OS MODELOS;2013...2024;;
42491;15;CERATO;;2014...2019;;
42492;15;CERATO;G4;2020...;;
42493;13;HB20;(NOVO);2020...2022;;
42494;13;HB20X;(NOVO);2020...2022;;
42495;26;GOL;TREND SPORT / 4ª GERAÇÃO;2005...2009;;
42496;26;PARATI;TRACK & FIELD;2002...2012;;
42497;7;AIRCROSS;TODOS OS MODELOS;2011...2021;;
42498;7;C3;TODOS OS MODELOS;2013...2023;;
42499;7;AIRCROSS;1.0 TURBO;2024...;;
42500;11;RANGER;;1996...1997;2.3;COM BARRA DE TORÇÃO - ARGENTINA
42502;18;PAJERO;TR4 4X4  - CÂMBIO AUTOMÁTICA;2002...2011;2.0;COIFA EM BORRACHA NITRÍLICA
42503;4;A3;;1999...2002;1.6 / 1.8;SISTEMA TEVES
42504;26;GOL;G6;2013...;1.0 / 1.6;
42505;26;GOLF;;1998...;1.9 TDI;
42506;26;GOLF;;1999...2002;1.6 8V / 2.0 8V;SISTEMA TEVES
42507;26;GOLF;;1999...2005;1.8;
42508;26;GOLF;;1999...2005;2.0 8V (BRASIL);
42509;26;NEW BEETLE;;1999...2010;1.9 TD / 2.0;SISTEMA TEVES
42510;26;SPACE CROSS;;2011...;1.6 8V;SISTEMA TEVES
42511;26;VOYAGE;;2017...;1.0 / 1.6;
42512;21;KWID;E-TECH;2022...;;
42513;32;V40;T2 / T3 / T4 / T5 / D2 / D3 / D4;2012...2019;;
42514;15;STONIC;;2022...;;
42516;5;BLAZER;4X4;1998...2011;;DENTES INTERNO 34 - EXTERNO 27, TRAVA EXTERNA
42517;5;S10;4X4;1998...2011;;DENTES INTERNO 34 - EXTERNO 27, TRAVA EXTERNA
42521;11;FOCUS;CÂMBIO AUTOMÁTICO;2014...2019;2.0;DENTES INTERNO 23 - EXTERNO 27, TRAVA CENTRAL
42522;12;ACCORD;;1990...1998;2.0 16V / 2.2 16V;SEM ABS DENTES INTERNO 32 - EXTERNO 28, TRAVA INTERNA, SEM ABS
42523;7;C4 PALLAS;;2008...2016;1.6 / 2.0;DENTES INTERNO 34 - EXTERNO 25, TRAVA INTERNA
42524;20;3008;;2008...2016;1.6 / 2.0;DENTES INTERNO 34 - EXTERNO 25, TRAVA INTERNA
42525;21;FLUENCE;CÂMBIO MANUAL;2010...2016;2.0;COM ABS DENTES INTERNO 33 - EXTERNO 25, TRAVA INTERNA
42526;4;A4;CÂMBIO AUTOMÁTICO / MANUAL;1995...2001;1.8 20V;COM ABS DENTES INTERNO 30 - EXTERNO 33, TRAVA INTERNA, COM ABS
42527;4;A4;;2007...2019;1.8 TFSI / 2.0 TFSI / 3.2 FSI;DENTES INTERNO 27 - EXTERNO 42, TRAVA CENTRAL
42530;32;FM;CABINE CURTA;2004...2014;;
42533;32;FMX;CABINE CURTA;2004...2014;;
42537;12;CIVIC;HYBRID - 11° GERAÇÃO;2023...;;
42538;5;EQUINOX;;2017...;;
42539;5;EQUINOX;LMIDNIGHT;2020...;1.5 16V;
42540;5;EQUINOX;LT;2017...2021;2.0 16V;
42541;5;EQUINOX;PREMIER;2017...2021;2.0 16V;
42542;5;EQUINOX;PREMIER;2019...2021;1.5 16V;
42543;15;SORENTO;4X4;2014...2021;;
42544;14;STRALIS;;2004...2014;;CAMINHÃO
42545;14;S-WAY 480;4X2 / 6X2 / 6X4;2023...;;CAMINHÃO
42547;5;VECTRA;CÂMBIO MANUAL;1997...2012;2.0 16V / 2.0 8V / 2.2 16V / 2.4 16V;COM ABS COIFA EM BORRACHA NITRÍLICA
42548;5;ZAFIRA;CÂMBIO MANUAL;1997...2012;2.0 16V / 2.0 8V / 2.2 16V / 2.4 16V;COM ABS COIFA EM BORRACHA NITRÍLICA
42549;21;FLUENCE;CÂMBIO MANUAL;2010...2016;2.0;COM ABS COIFA EM BORRACHA NITRÍLICA
42550;12;CR-V;6ª GERAÇÃO  - CÂMBIO AUTOMÁTICO;2018...;;COM MOLA INTERNA
42551;12;CR-V;TOURING  - CÂMBIO AUTOMÁTICO;2017...2019;1.5;COM MOLA INTERNA
42552;10;TORO;;2016...2021;2.4;
42553;45;COMMANDER;;2022...;1.3;
42554;10;UNO;WAY;2008...2013;1.0;
42555;19;SENTRA;;2013...2023;;
42556;38;112;R;...;;
42557;38;142;R;...;;
42558;38;143;R;...;;
42559;17;1622;L - ELETRÔNICO;2001...2005;;
42560;17;ATRON 1719;;...;;
42561;38;K-112;SUSPENSÃO COM MOLA;1983...2000;;ÔNIBUS
42562;38;K-113;SUSPENSÃO COM MOLA;1983...2000;;ÔNIBUS
42563;38;P-114;SÉRIE 4 - SUSPENSÃO A AR;1995...2008;;CAMINHÃO
42564;38;P-124;SÉRIE 4 - SUSPENSÃO A AR;1995...2008;;CAMINHÃO
42565;38;P-93;SÉRIE 4 - SUSPENSÃO A AR;1995...2008;;CAMINHÃO
42566;38;P-94;SÉRIE 4 - SUSPENSÃO A AR;1995...2008;;CAMINHÃO
42567;38;R-114;SÉRIE 4 - SUSPENSÃO A AR;1995...2008;;CAMINHÃO
42568;38;R-124;SÉRIE 4 - SUSPENSÃO A AR;1995...2008;;CAMINHÃO
42569;38;T-114;SÉRIE 4 - SUSPENSÃO A AR;1995...2008;;CAMINHÃO
42570;38;T-124;SÉRIE 4 - SUSPENSÃO A AR;1995...2008;;CAMINHÃO
42571;20;207;HATCH;2008...2014;1.4 / 1.6;
42572;26;CROSS UP!;TODOS OS MODELOS;2015...2019;;
42573;26;UP!;TODOS OS MODELOS;2014...2021;;
42574;26;MICRO-ÔNIBUS / FURGÃO;7,3 TONELADAS;2005...;;
42575;8;ESPERO;CD;1994...1997;2.0 - GASOLINA / DIESEL;
42576;26;TIGUAN;;07.2017...10.2021;2.0 TSI;4MOTION DENTES INTERNO 33
42577;26;TIGUAN;ALLSPACE;07.2017...10.2021;2.0 TSI;4MOTION DENTES INTERNO 33
42578;26;JETTA;CÂMBIO AUTOMÁTICO;2007...2013;2.5;DENTES LADO RODA 36 - LADO CÂMBIO 26
42581;10;TORO;4X2  - CÂMBIO MANUAL;2016...2021;2.0;DENTES LADO RODA 27 - LADO CÂMBIO 25
42582;10;TORO;4X4  - CÂMBIO AUTOMÁTICO / MANUAL;2016...;2.0;DENTES LADO RODA 27 - LADO CÂMBIO 22
42583;12;HR-V;;2022...;1.5 - FLEX;DENTES LADO RODA 30 - LADO CÂMBIO 27
42584;12;HR-V;;2022...;1.5 - FLEX;DENTES INTERNO 32, Ø ROLAMENTO 42,25 MM
42585;17;ATEGO 1315;;2004...2011;;
42586;17;ATEGO 1418;;2004...2011;;
42587;17;ATEGO 1718;;2004...2011;;
42588;17;ATEGO 1725;;2004...2011;;
42589;17;ATEGO 1726;;2004...2011;;
42590;17;ATEGO 1729;;2004...2011;;
42591;11;CAMINHÕES;;...;;BANCO COM SUSPENSÃO PNEUMÁTICA
42592;142;AGILIZE;PLANTADEIRA;...;;
42593;142;EXPRESSA;PLANTADEIRA;...;;
42594;142;TERRA T320;PLANTADEIRA;...;;
42595;143;GUAPA SUPRA 60 WINTER;PLANTADEIRA;...;;
42596;45;COMMANDER;4X2;2021...2023;;TRASEIRA (NÃO SERVE NO 4X4)
42597;45;COMMANDER;4X2 / 4X4;2021...2023;;DIANTEIRA
42598;136;RAMPAGE;LARAMIE;2023...;;DIANTEIRA
42599;136;RAMPAGE;R / T;2023...;;DIANTEIRA
42600;136;RAMPAGE;REBEL;2023...;;DIANTEIRA
42601;45;COMMANDER;4x4;2022...;;
42604;21;LOGAN;DIREÇÃO HIDRÁULICA;2014...2020;;
42605;21;SANDERO;DIREÇÃO HIDRÁULICA;2014...;;
42606;10;MOBI;(EXCETO WAY / TRAKKING);2016...;;
42608;10;MOBI;WAY;2016...2020;;
42609;11;FOCUS;;2014...2019;;
42610;10;MOBI;(EXCETO WAY / TRAKKING);2016...;;COM BARRA ESTABILIZADORA
42611;10;TORO;;2016...;;"BARRA ESTABILIZADORA Ø 23 MM 1-MANCAL; 2-ABRAÇADEIRAS"
42612;45;COMPASS;;2016...;;"BARRA ESTABILIZADORA Ø 23 MM 1-MANCAL; 2-ABRAÇADEIRAS"
42613;45;RENEGADE;;2015...;;"BARRA ESTABILIZADORA Ø 23 MM 1-MANCAL; 2-ABRAÇADEIRAS"
42614;10;TORO;;2016...;;"BARRA ESTABILIZADORA Ø 20 MM 1-MANCAL; 2-ABRAÇADEIRAS"
42615;45;COMPASS;;2016...;;"BARRA ESTABILIZADORA Ø 20 MM 1-MANCAL; 2-ABRAÇADEIRAS"
42616;45;RENEGADE;;2015...;;"BARRA ESTABILIZADORA Ø 20 MM 1-MANCAL; 2-ABRAÇADEIRAS"
42617;7;BASALT;;2024...;;
42618;13;HB20S;;2020...;1.0 TURBO;
42619;43;ARRIZO 5;;2019...;D;
42620;43;TIGGO 3X;;2021...;1.0;
42621;43;TIGGO 5X;T;2019...;1.5 16V;
42622;43;TIGGO 5X;TXS;2019...;1.5 16V;
42623;43;TIGGO 7;T;2019...;1.5 16V;
42624;43;TIGGO 7;TXS;2019...;1.5 16V;
42625;43;ARRIZO 5;;2019...;1.5 16V TURBO;
42626;43;ARRIZO 6;;2021...;1.5;
42627;43;CIELO;;2010...;1.6 16V;
42628;43;TIGGO 2;ACT;2018...;1.5 16V;
42629;43;TIGGO 2;LOOK;2018...;1.5 16V;
42630;84;X60;;2013...;1.8V 18V;
42631;136;RAMPAGE;;2023...;;
42632;26;17.240;PROTEUS;2001...;;COM MOTOR TRASEIRO
42633;26;17.261;PROTEUS;2001...;;COM MOTOR TRASEIRO
42634;26;18.320;;2023...;;
42635;26;18.320;S;2023...;;
42636;26;18.320;SH;2023...;;
42637;26;22.260;SL;2023...;;
42638;17;OF-1721;URBANO;2012...2023;;
42639;17;OF-1724;;2012...2023;;
42640;17;OF-1726;URBANO;2012...2023;;
42641;17;OH-1621;L - URBANO;2012...2023;;
42642;17;ACTROS 1835;;...;;
42643;17;ACTROS 2031;;...;;
42644;17;ACTROS 2045;;...;;
42645;17;ACTROS 2546;;...;;
42646;17;ACTROS 2548;;...;;
42647;17;ACTROS 2553;;...;;
42648;17;ACTROS 2645;;...;;
42649;17;ACTROS 2654;;...;;
42650;17;ACTROS 3331;;...;;
42651;17;ACTROS 4140;;...;;
42652;17;ACTROS 4148;;...;;
42653;17;ACTROS 4160;;...;;
42656;11;FIESTA;HATCH - NEW;2014...2016;;
42657;11;FIESTA;SEDAN - NEW;2014...2016;;
42658;26;15.210;/ R - VOLKSBUS;2023...;;
42659;26;15.210;/ S - VOLKSBUS;2023...;;
42660;26;17.230;/ S - VOLKSBUS;2023...;;
42661;26;17.260;/ S - VOLKSBUS;2023...;;
42662;26;18.320;;2023...;;VOLKSBUS
42663;26;18.320;S;2023...;;VOLKSBUS
42664;26;18.320;SH;2023...;;VOLKSBUS
42665;26;22.260;SL;2023...;;VOLKSBUS
42669;17;O-500;RS 1836;...;;TRASEIRA
42670;17;O-500;RSD 2436;...;;DIANTEIRA
42671;17;O-500;RSD 244;...;;DIANTEIRA
42672;17;O-500;RSD 2443;...;;DIANTEIRA
42673;79;CF 85.360;;...;;TRANSVERSAL
42674;79;CF 85.410;;...;;TRANSVERSAL
42675;20;2008;;2025...;;
42679;32;F12;TD120;1980...1990;DIESEL;
42682;5;SPIN;TODOS OS MODELOS;2015...2024;;(INCLUSIVE ACTIV)
42683;38;K-270;;2004...;;
42684;11;FIESTA;NEW HATCH (MEXICANO);2010...2013;;
42685;11;FIESTA;NEW SEDAN (MEXICANO);2010...2013;;
42686;11;KA;(EXCETO TRAIL / FREESTYLE);2014...2021;;
42687;11;KA+;;2014...2021;;
42688;5;SILVERADO;;1997...2002;DIESEL;
42689;4;A1;QUATTRO;2011...2017;;
42690;12;CR-V;;2018...2022;;
42691;12;CR-V;;07.2015...2017;;
42692;11;ECOSPORT;4X4;2006...2012;;
42693;135;DOLPHIN;EV;2023...;ELÉTRICO;
42694;12;CITY;HATCHBACK;2023...;;
42695;26;METEOR;28-460;2021...;;
42696;26;METEOR;29-520;2021...;;
42697;26;METEOR;EURO VI 28-480;2023...;;
42698;26;METEOR;EURO VI 29-530;2023...;;
42699;5;BOLT;;2021...;;
42700;18;ECLIPSE CROSS;;2023...;;
42708;12;CITY;HATCH / SEDAN;2014...;;
42709;12;FIT;;2014...2021;;
42710;26;JETTA;G6;2007...2011;2.5;(EXCETO VARIANT - EXCETO SUSPENSÃO ELEVADA) COM MANGA DE EIXO 55 MM
42711;26;JETTA;G6;2011...2017;2.0;(EXCETO VARIANT) COM MANGA DE EIXO 55 MM
42713;26;PASSAT;;2006...2014;;(EXCETO SUSPENSÃO ESPORTIVA E ELETRÔNICA) COM MANGA DE EIXO 55 MM
42714;26;PASSAT VARIANT;;2006...2014;;(EXCETO SUSPENSÃO ESPORTIVA E ELETRÔNICA) COM MANGA DE EIXO 55 MM
42715;17;1625;LS;1990...1994;;
42716;17;1630;LS;1994...;;
42717;17;1938;LS;2000...2006;;ELETRÔNICO
42718;17;2013;L;1970...1987;;
42719;17;2014;L;1987...1990;;
42720;17;2016;L;1990...1991;;
42721;17;2017;L;1979...1991;;
42722;17;2213;L / LB / LK;1971...1987;;
42723;17;2214;L / LB / LK;1987...1989;;
42724;17;2215;L / LB / LK;1984...1986;;
42725;17;2216;L / LB / LK;1975...1988;;
42726;17;2217;L / LB / LK;1987...1991;;
42727;17;2219;L / LB / LK;1978...1987;;
42728;17;2220;L / LB / LK;1987...1991;;
42729;17;2225;L;1989...1991;;
42730;17;2314;L;1990...1993;;
42731;17;2316;L;1994...;;
42732;17;2318;L / LB / LK;1990...1999;;
42733;17;2325;L / LB / LK;1990...2000;;
42734;17;AXOR 1933;S / L;2005...2011;;
42742;21;KARDIAN;;2024...;;
42743;5;SPIN;;2025...;;
42744;19;MARCH;DIREÇÃO HIDRÁULICA;2011...2013;;ROSCA DO TERMINAL DE DIREÇÃO M12X1,25
42745;19;VERSA;DIREÇÃO HIDRÁULICA;2012...2021;;ROSCA DO TERMINAL DE DIREÇÃO M12X1,25
42746;19;MARCH;;2011...2013;;ROSCA DO TERMINAL DE DIREÇÃO M12X1,25
42747;19;VERSA;;2012...2021;;ROSCA DO TERMINAL DE DIREÇÃO M12X1,25
42748;137;ORA 3;GT;2024...;ELÉTRICO;
42749;137;ORA 3;SKIN;2024...;ELÉTRICO;
42750;5;CORSA;HATCH;2002...2005;1.8 - FLEX;DENTES INTERNO 23 - EXTERNO 22, TRAVA CENTRAL, SEM ABS
42751;5;CORSA;HATCH;2003...2005;1.8 - FLEX;DENTES INTERNO 23 - EXTERNO 22, TRAVA CENTRAL, SEM ABS
42752;5;CORSA;MAXX;2007...;1.4 - FLEX;DENTES INTERNO 23 - EXTERNO 22, TRAVA CENTRAL, SEM ABS
42753;5;CORSA;SEDAN;2003...2005;1.8 - FLEX;DENTES INTERNO 23 - EXTERNO 22, TRAVA CENTRAL, SEM ABS
42754;5;CORSA;SEDAN;2005...2009;1.8 - FLEX;DENTES INTERNO 23 - EXTERNO 22, TRAVA CENTRAL, SEM ABS
42755;5;CORSA;SEDAN MAXX;2007...;1.4 - FLEX;DENTES INTERNO 23 - EXTERNO 22, TRAVA CENTRAL, SEM ABS
42756;13;SANTA FÉ;;2014...2019;;COMPRIMENTO 327,6 MM
42757;15;SORENTO;;2013...2015;;COMPRIMENTO 327,6 MM
42758;15;SORENTO;;2016...;;COMPRIMENTO 350,60 MM
42759;34;6000;FURGOVAN;...2010;;
42760;11;CARGO;TODOS OS MODELOS;...2010;;
42761;11;CARGO 1317;4X2;2011...2019;;CABINE SIMPLES
42762;11;CARGO 1319;4X2;2011...2019;;CABINE SIMPLES
42763;11;CARGO 1319;TRACTOR;2011...2019;;
42764;11;CARGO 1419;TRACTOR;2011...2019;;
42765;11;CARGO 1517;4X2;2011...2019;;CABINE SIMPLES
42766;11;CARGO 1519;4X2;2011...2019;;CABINE SIMPLES
42767;11;CARGO 1519;TRACTOR;2011...2019;;
42768;11;CARGO 1717;4X2;2011...2019;;CABINE SIMPLES
42769;11;CARGO 1719;4X2;2011...2019;;CABINE SIMPLES
42770;11;CARGO 1719;TRACTOR;2011...2019;;
42771;11;CARGO 1722;4X2;2011...2019;;CABINE SIMPLES
42772;11;CARGO 1723;4X2;2011...2019;;CABINE SIMPLES
42773;11;CARGO 1723;TRACTOR;2011...2019;;
42774;11;CARGO 1729;4X2;2011...2019;;CABINE SIMPLES
42775;11;CARGO 1729;TRACTOR;2011...2019;;
42776;11;CARGO 1731;TRACTOR;2011...2019;;
42777;11;CARGO 1933;4X2;2011...2019;;CABINE SIMPLES
42778;11;CARGO 1933;TRACTOR;2011...2019;;
42779;11;CARGO 2042;TRACTOR;2011...2019;;
42782;11;CARGO 2423;TRACTOR;2011...2019;;
42787;11;CARGO 2622;6x4;2011...2019;;CABINE SIMPLES
42788;11;CARGO 2623;6x4;2011...2019;;CABINE SIMPLES
42790;11;CARGO 2628;6x4;2011...2019;;CABINE SIMPLES
42791;11;CARGO 2629;6x4;2011...2019;;CABINE SIMPLES
42792;11;CARGO 2629;TRACTOR;2011...2019;;
42793;11;CARGO 2631;TRACTOR;2011...2019;;
42794;11;CARGO 2632;6x4;2011...2019;;CABINE SIMPLES
42797;5;MONTANA;;2011...2021;;PINO LONGO
42798;10;ARGO;;2017...2020;;
42799;11;RANGER;DIREÇÃO HIDRÁULICA;2013...2016;;
42800;26;FOX;CÂMBIO MANUAL;2010...2020;1.0;DENTES INTERNO 28
42801;26;GOL;CÂMBIO MANUAL;2008...2020;1.0;DENTES INTERNO 28
42802;26;VOYAGE;CÂMBIO MANUAL;2009...2020;1.0;DENTES INTERNO 28
42803;10;DOBLO;;2002...2010;1.8;DENTES INTERNO 25
42804;10;IDEA;;2006...2010;1.8 8V;DENTES INTERNO 25
42805;10;PALIO;;2002...2010;1.8 8V;DENTES INTERNO 25
42806;10;PALIO WEEKEND;;2003...2010;1.8 8V;DENTES INTERNO 25
42807;10;SIENA;;2002...2010;1.8 8V;DENTES INTERNO 25
42808;10;STRADA;;2002...2010;1.8 8V;DENTES INTERNO 25
42809;5;AGILE;;2009...2014;1.4;DENTES INTERNO 28 - EXTERNO 22
42810;5;CELTA;;2000...2012;1.0;DENTES INTERNO 28 - EXTERNO 22
42811;5;CELTA;;2004...2012;1.4;DENTES INTERNO 28 - EXTERNO 22
42812;5;CORSA;;1994...2012;1.0 / 1.4 / 1.6;DENTES INTERNO 28 - EXTERNO 22
42813;5;CORSA;PICK-UP;1994...2012;1.6;DENTES INTERNO 28 - EXTERNO 22
42814;5;PRISMA;;2007...2012;1.4;DENTES INTERNO 28 - EXTERNO 22
42815;5;ONIX;CÂMBIO MANUAL;2013...2017;1.0;DENTES INTERNO 19 - EXTERNO 22
42816;5;PRISMA;CÂMBIO MANUAL;2013...2017;1.0;DENTES INTERNO 19 - EXTERNO 22
42820;24;COROLLA;CÂMBIO AUTOMÁTICO;2011...2017;2.0;DENTES INTERNO 24 - EXTERNO 24
42821;18;ASX;CÂMBIO AUTOMÁTICO;2011...2020;2.0;DENTES INTERNO 24 - EXTERNO 35
42822;18;LANCER;CÂMBIO AUTOMÁTICO;2011...2018;2.0;DENTES INTERNO 24 - EXTERNO 35
42823;45;COMPASS;4X2  - CÂMBIO AUTOMÁTICO;2017...2021;2.0;DENTES INTERNO 24 - EXTERNO 26
42826;11;COURIER;;1999...2013;1.6;DENTES INTERNO 21 - EXTERNO 25
42827;11;ECOSPORT;;2003...2007;1.0;DENTES INTERNO 21 - EXTERNO 25
42828;11;ECOSPORT;;2003...2013;1.6;DENTES INTERNO 21 - EXTERNO 25
42829;11;FIESTA;;2002...2012;1.6;DENTES INTERNO 21 - EXTERNO 25
42830;11;FIESTA;;2002...2014;1.0;DENTES INTERNO 21 - EXTERNO 25
42831;11;FIESTA;GII;1999...2006;1.6;DENTES INTERNO 21 - EXTERNO 25
42832;11;FOCUS;;2006...2010;1.6;DENTES INTERNO 21 - EXTERNO 25
42833;11;KA;;2000...2013;1.6;DENTES INTERNO 21 - EXTERNO 25
42834;24;ETIOS;CÂMBIO MANUAL;2013...2020;1.3 / 1.5;DENTES INTERNO 21 - EXTERNO 26
42835;24;HILUX;4X4  - CÂMBIO AUTOMÁTICO / MANUAL;2016...2020;2.8;DENTES INTERNO 29 - EXTERNO 30
42836;45;COMPASS;4X2  - CÂMBIO AUTOMÁTICO;2017...2021;2.0;DENTES INTERNO 25 - EXTERNO 27, TRAVA CENTRAL
42838;5;COBALT;CÂMBIO AUTOMÁTICO;2013...2016;1.4;DENTES LADO RODA 25 - LADO CÂMBIO 22
42839;5;JOY;CÂMBIO AUTOMÁTICO;2013...2019;1.4;DENTES LADO RODA 25 - LADO CÂMBIO 22
42840;5;JOY PLUS;CÂMBIO AUTOMÁTICO;2013...2019;1.4;DENTES LADO RODA 25 - LADO CÂMBIO 22
42841;5;ONIX;CÂMBIO AUTOMÁTICO;2013...;1.4;DENTES LADO RODA 25 - LADO CÂMBIO 22
42842;5;PRISMA;CÂMBIO AUTOMÁTICO;2013...;1.4;DENTES LADO RODA 25 - LADO CÂMBIO 22
42843;5;SONIC;HATCH / SEDAN  - CÂMBIO AUTOMÁTICO;2012...2014;1.6;DENTES LADO RODA 25 - LADO CÂMBIO 22
42844;5;SONIC;HATCH/SEDAN  - CÂMBIO AUTOMÁTICO;2012...2014;1.6;DENTES LADO RODA 25- LADO CAMBIO 22
42845;5;COBALT;CÂMBIO AUTOMÁTICO;2013...2016;1.8;DENTES LADO RODA 25 - LADO CÂMBIO 22
42846;5;JOY;CÂMBIO AUTOMÁTICO;2013...2019;1.4;DENTES LADO RODA 25- LADO CAMBIO 22
42847;5;MONTANA;CÂMBIO MECÂNICO;2011...2013;1.4;DENTES LADO RODA 22 - LADO CÂMBIO 22, SEM ABS
42848;5;CRUZE;CÂMBIO AUTOMÁTICO;2016...;1.4;DENTES LADO RODA 33 - LADO CÂMBIO 22
42849;11;RANGER;4X4   - CÂMBIO MANUAL;2003...2012;3.0;DENTES LADO RODA 27 - LADO CÂMBIO 27
42850;11;FIESTA;NEW  - CÂMBIO MANUAL;2012...2019;1.6;DENTES LADO RODA 25 - LADO CÂMBIO 23
42851;11;FIESTA;NEW  - CÂMBIO AUTOMÁTICO;2012...2019;1.6;DENTES LADO RODA 25 - LADO CÂMBIO 34
42853;19;MARCH;CÂMBIO MANUAL;2012...2020;1.0;DENTES LADO RODA 25 - LADO CÂMBIO 26
42854;13;HB20;CÂMBIO AUTOMÁTICO;2020...;1.6;NOVA GERAÇÃO DENTES LADO RODA 25, LADO CÂMBIO 27
42855;18;L200;QUADRADA;1994...2005;2.5;DENTES LADO RODA 28 - LADO CÂMBIO 25
42856;18;L200;QUADRADA;1994...2005;2.5;DENTES LADO RODA 28
42857;10;147;;10.1984...1986;1050 / 1300;DENTES INTERNO 20, Ø ROLAMENTO 28 MM
42858;10;ELBA;;1986...1989;1300;DENTES INTERNO 20, Ø ROLAMENTO 28 MM
42859;10;FIORINO;;09.1984...1987;1300 / 1500;DENTES INTERNO 20, Ø ROLAMENTO 28 MM
42860;10;FURGONETA;UNO;1983...1987;1050 / 1300;DENTES INTERNO 20, Ø ROLAMENTO 28 MM
42861;10;PREMIO;;01.1985...10.1985;1300;DENTES INTERNO 20, Ø ROLAMENTO 28 MM
42862;10;PREMIO;;11.1985...1991;1300;DENTES INTERNO 20, Ø ROLAMENTO 28 MM
42863;10;UNO;;11.1985...1996;1050 / 1300;DENTES INTERNO 20, Ø ROLAMENTO 28 MM
42864;10;UNO;;1984...1985;1050 / 1300;DENTES INTERNO 20, Ø ROLAMENTO 28 MM
42865;10;UNO;;1991...1992;1.0;DENTES INTERNO 20, Ø ROLAMENTO 28 MM
42866;10;PALIO;;1996...2000;1.0 / 1.3;DENTES INTERNO 20, Ø ROLAMENTO 32 MM
42867;10;PALIO;;2001...2014;1.0 / 1.3 - 8V E 16V FIRE;DENTES INTERNO 20, Ø ROLAMENTO 32 MM
42868;10;PALIO WEEKEND;;1996...2000;1.0;DENTES INTERNO 20, Ø ROLAMENTO 32 MM
42869;10;PALIO WEEKEND;;2001...2014;1.0 / 1.3 - 8V E 16V FIRE;DENTES INTERNO 20, Ø ROLAMENTO 32 MM
42870;10;SIENA;;1999...2000;1.0;COM CÂMBIO DE 6 MARCHAS DENTES INTERNO 20, Ø ROLAMENTO 32 MM
42871;10;SIENA;;2001...2014;1.0 / 1.3 - 8V E 16V FIRE;DENTES INTERNO 20, Ø ROLAMENTO 32 MM
42872;10;UNO;MILLE / FIRE;1996...;;DENTES INTERNO 20, Ø ROLAMENTO 32 MM
42873;5;CRUZE;CÂMBIO MANUAL;2012...;1.8;DENTES INTERNO 23, Ø ROLAMENTO 39,85 MM
42874;12;CIVIC;NEW  - CÂMBIO AUTOMÁTICO / MANUAL;2007...2011;1.8;DENTES INTERNO 23, Ø ROLAMENTO 39,85 MM
42875;12;FIT;CÂMBIO MANUAL;2009...2015;1.4;DENTES INTERNO 23, Ø ROLAMENTO 39,85 MM
42876;11;ECOSPORT;4X2  - CÂMBIO MANUAL;2013...2019;1.6;DENTES INTERNO 21, Ø ROLAMENTO 30 MM
42877;11;ECOSPORT;4X2  - CÂMBIO MANUAL;2013...2019;1.6;DENTES INTERNO 22, Ø ROLAMENTO 38,2 MM
42884;19;FRONTIER;;2005...2009;;
42885;12;HR-V;DIREÇÃO ELÉTRICA;06.2015...2024;;
42886;7;AIRCROSS;TODOS  DIREÇÃO HIDRÁULICA;2010...2017;;
42888;17;ATEGO 1728;;2008...2011;;
42889;17;ATEGO 1729;;2013...;;
42890;17;ATEGO 1730;S;2018...2019;;
42893;136;RAMPAGE;EXCETO R/T ESPORTIVA;2023...;2.0 TURBO - DIESEL;
42894;136;RAMPAGE;EXCETO R/T ESPORTIVA;2023...;2.0 TURBO HURRICANE 4 - GASOLINA;
42895;136;RAMPAGE;R/T ESPORTIVA;2023...;2.0 TURBO HURRICANE 4 - GASOLINA;
42896;26;18.210;CONSTELLATION 4X2 / 6X2;...;DIESEL;EURO 6
42897;26;18.260;CONSTELLATION 4X2 / 6X2;...;DIESEL;EURO 6
42898;26;18.320;CONSTELLATION 4X2 / 6X2;...;DIESEL;EURO 6
42899;26;26.260;CONSTELLATION 4X2 / 6X2;...;DIESEL;EURO 6
42900;26;26.320;CONSTELLATION 4X2 / 6X2;...;DIESEL;EURO 6
42901;26;30.320;CONSTELLATION 4X2 / 6X2;...;DIESEL;EURO 6
42902;26;27.260;CONSTELLATION 6X4;...;DIESEL;EURO 6
42903;26;31.320;CONSTELLATION 6X4;...;DIESEL;EURO 6
42904;5;CORSA;;1994...2012;1.0 / 1.4 / 1.6;DENTES INTERNO 22 - EXTERNO 22
42905;5;CORSA;PICK-UP;1994...2012;1.6;DENTES INTERNO 22 - EXTERNO 22
42906;5;CORSA;SEDAN;2002...2012;1.8 8V;DENTES INTERNO 23 - EXTERNO 22
42907;5;MERIVA;;2002...2012;1.4 8V;DENTES INTERNO 23 - EXTERNO 22
42908;5;MERIVA;;2002...2012;1.8 8V E 16V;DENTES INTERNO 23 - EXTERNO 22
42909;5;MONTANA;;2003...2012;1.8 8V;DENTES INTERNO 23 - EXTERNO 22
42910;5;MONTANA;;2007...2016;1.4 8V;DENTES INTERNO 23 - EXTERNO 22
42911;21;ZOE;CÂMBIO AUTOMÁTICO;2019...2022;;DENTES INTERNO 22 - EXTERNO 26
42912;10;FASTBACK;CÂMBIO AUTOMÁTICO;2023...;1.0 GSE;DENTES INTERNO 23 - EXTERNO 25, TRAVA CENTRAL
42913;10;PULSE;CÂMBIO AUTOMÁTICO;2022...;1.0 GSE;DENTES INTERNO 23 - EXTERNO 25, TRAVA CENTRAL, SEM ABS
42914;21;ZOE;CÂMBIO AUTOMÁTICO;2019...2022;;DENTES INTERNO 22 - EXTERNO 23, TRAVA INTERNA
42915;13;HB20;CÂMBIO MANUAL;2020...2022;1.0;DENTES INTERNO 21 - EXTERNO 25 - FÔNICA 48, TRAVA INTERNA, COM ABS
42916;39;iEV1200T;;2020...;ELÉTRICO;
42917;10;TORO;4X4  - CÂMBIO AUTOMÁTICO;2016...;2.0;DENTES LADO RODA 27 - LADO CÂMBIO 30
42918;10;TORO;CÂMBIO AUTOMÁTICO;2016...2021;2.4;DENTES LADO RODA 27 - LADO CÂMBIO 30
42919;45;COMMANDER;LIMITED  - CÂMBIO AUTOMÁTICO;2022...;1.3;DENTES LADO RODA 27 - LADO CÂMBIO 26
42920;10;UNO;;2010...2014;;
42921;10;FASTBACK;CÂMBIO AUTOMÁTICO;2023...;1.0 GSE;DENTES INTERNO 23, Ø ROLAMENTO 39,8 MM
42922;10;PULSE;CÂMBIO AUTOMÁTICO;2023...;1.0 GSE;DENTES INTERNO 23, Ø ROLAMENTO 39,8 MM
42923;24;ETIOS;CÂMBIO MANUAL;2013...2020;1.3 / 1.5;DENTES INTERNO 21, Ø ROLAMENTO 32 MM
42924;38;P-310;;2012...2019;;
42925;10;DUCATO;TODOS OS MODELOS - 10 FURGÃO / 15 CARGO;1997...2016;;
42926;20;BOXER;TODOS OS MODELOS;1997...2016;;
42927;34;8500;T - NETUNO - TODOS OS MODELOS;1997...2009;;
42928;17;O-370;R/ RS/ RSD/ RSE/ RSL - SUSPENSÃO A AR - RODOVIÁRIO;1984...1992;;DIANTEIRA / TRASEIRA
42929;17;O-370;U / UL / UP - URBANO / RODOVIÁRIO;1984...1992;;DIANTEIRA / TRASEIRA
42930;17;O-371;R/ RS/ RSD/ RSE/ RSL - SUSPENSÃO A AR - RODOVIÁRIO;1987...1997;;DIANTEIRA / TRASEIRA
42931;17;O-371;U / UL / UP - URBANO / RODOVIÁRIO;1987...1997;;DIANTEIRA / TRASEIRA
42932;17;O-400;R/ RS/ RSD/ RSE/ RSL - SUSPENSÃO A AR - RODOVIÁRIO;1994...1999;;DIANTEIRA / TRASEIRA
42933;17;O-400;U / UL / UP - URBANO / RODOVIÁRIO;1994...1999;;DIANTEIRA / TRASEIRA
42934;17;O-500;MA 2836;...;;DIANTEIRA / TRASEIRA
42935;17;O-500;MDA 3736;...;;DIANTEIRA / TRASEIRA
42936;17;O-500;MDA EURO V;...;;DIANTEIRA / TRASEIRA
42937;17;O-500;R SSD 2745;...;;DIANTEIRA / TRASEIRA
42938;17;O-500;U-EURO V;...;;DIANTEIRA / TRASEIRA
42939;13;IX35;TODOS OS MODELOS;2010...;;
42940;15;SPORTAGE;TODOS OS MODELOS;2011...;;
42941;26;19.320;E - CONSTELLATION TITAN TRACTOR;2006...2012;;CAMINHÃO 4X2 - TRASEIRA
42942;26;19.330;E - CONSTELLATION TITAN TRACTOR;2012...2023;;CAMINHÃO 4X2 EURO 5 - TRASEIRA
42943;26;19.360;CONSTELLATION TRACTOR;2016...2023;;CAMINHÃO 4X2 EURO 5 - TRASEIRA
42944;26;19.370;E - CONSTELLATION TITAN TRACTOR;2007...2012;;CAMINHÃO 4X2 - TRASEIRA
42945;26;19.390;E - CONSTELLATION TITAN TRACTOR;2012...2023;;CAMINHÃO 4X2 EURO 5 - TRASEIRA
42946;26;19.420;E - CONSTELLATION TITAN TRACTOR;2014...2023;;CAMINHÃO 4X2 EURO 5 - TRASEIRA
42947;26;25.360;CONSTELLATION TRACTOR;2016...2023;;CAMINHÃO 6X2 EURO 5 - TRASEIRA
42948;26;25.370;E - CONSTELLATION TITAN TRACTOR;2007...2012;;CAMINHÃO 6X2 - TRASEIRA
42949;26;25.390;E - CONSTELLATION TITAN TRACTOR;2012...2020;;CAMINHÃO 6X2 EURO 5 - TRASEIRA
42950;26;25.420;CONSTELLATION TRACTOR;2014...2023;;CAMINHÃO 6X2 EURO 5 - TRASEIRA
42951;11;RANGER;NOVA;2012...2019;;COMPRIMENTO 255 MM
42952;26;GOL;G5 (RALLYE);2010...2012;;
42953;135;DOLPHIN;EV;2024...;ELÉTRICO;
42954;135;DOLPHIN MINI;EV;2024...;ELÉTRICO;
42955;135;DOLPHIN PLUS;EV;2024...;ELÉTRICO;
42956;17;ATEGO 2426;;2013...2015;;TODAS AS VERSOES
42957;17;ATEGO 2429;;2014...2016;;TODAS AS VERSOES
42958;17;ATEGO 2430;;2013...2016;;TODAS AS VERSOES
42959;17;715;C;2003...2011;;AM. COM MOLA HELICOIDAL
42960;17;915;;2003...2011;;AM. COM MOLA HELICOIDAL
42961;17;ATEGO;;...;;SEM BATENTE
42966;32;FH;;2015...;;SEM MOLA
42967;32;FM;;2015...;;SEM MOLA
42968;32;FMX;;2015...;;SEM MOLA
42969;11;RANGER;;1998...2011;;
42970;38;SÉRIE 5 P/G/R/T;CP19 / CP19F;2003...;;
42972;26;CROSSFOX;;2005...2013;1.6 8V;DENTES INTERNO 33
42973;26;FOX;;2004...2013;1.6 8V;DENTES INTERNO 33
42974;26;GOL;1.0 TURBO;2000...2006;1.0 TURBO;DENTES INTERNO 33
42975;26;GOL;G5;2009...2013;1.6 8V;DENTES INTERNO 33
42976;26;GOLF;1.6 / 2.0 8V;1999...2005;;DENTES INTERNO 33
42977;26;PARATI;1.0 TURBO;2000...2006;1.0 TURBO;DENTES INTERNO 33
42978;26;POLO;;2003...2013;1.6 / 2.0 8V;DENTES INTERNO 33
42979;26;POLO;SEDAN;2003...2013;1.6 / 2.0 8V;DENTES INTERNO 33
42980;26;SPACEFOX;;2006...2013;1.6 8V;DENTES INTERNO 33
42981;26;UP!;EXCETO TSI  - CÂMBIO MANUAL;2014...2019;1.0;DENTES INTERNO 29 - EXTERNO 22, TRAVA EXTERNA
42982;26;POLO;CÂMBIO AUTOMÁTICO;2018...2020;;DENTES INTERNO 26 - EXTERNO 36, TRAVA CENTRAL
42983;26;VIRTUS;MSI;2018...2020;1.6;DENTES INTERNO 26 - EXTERNO 36, TRAVA CENTRAL
42984;26;VIRTUS;TSI;2018...2020;1.0;DENTES INTERNO 26 - EXTERNO 36, TRAVA CENTRAL
42985;7;JUMPER;;1998...2008;;"ARO 15"" DENTES INTERNO 39 - EXTERNO 28 - FÔNICA 54, TRAVA INTERNA, COM ABS"
42986;10;DUCATO;;1998...2008;;"ARO 15"" DENTES INTERNO 39 - EXTERNO 28 - FÔNICA 54, TRAVA INTERNA, COM ABS"
42987;20;BOXER;;1998...2008;;"ARO 15"" DENTES INTERNO 39 - EXTERNO 28 - FÔNICA 54, TRAVA INTERNA, COM ABS"
42988;26;POLO;MSI  - CÂMBIO AUTOMÁTICO;2018...2022;1.6;DENTES LADO RODA 36 - LADO CÂMBIO 26, COM ABS
42989;26;POLO;TSI  - CÂMBIO AUTOMÁTICO;2018...2022;1.0;DENTES LADO RODA 36 - LADO CÂMBIO 26, COM ABS
42990;26;VIRTUS;MSI  - CÂMBIO AUTOMÁTICO;2018...2022;1.6;DENTES LADO RODA 36 - LADO CÂMBIO 26, COM ABS
42991;26;VIRTUS;TSI  - CÂMBIO AUTOMÁTICO;2018...2022;1.0;DENTES LADO RODA 36 - LADO CÂMBIO 26, COM ABS
42992;21;SANDERO;CÂMBIO MANUAL;2008...2013;1.6;DENTES INTERNO 22, Ø ROLAMENTO 32 MM
42993;11;MAVERICK;;2022...;;1 COIFA / 1 BATENTE
42994;20;2008;;2013...2024;;1 COIFA / 1 BATENTE
42995;27;320I;SÉRIE 3;2011...;;1 COIFA / 1 BATENTE
42996;19;SENTRA;;2014...2020;;1 COIFA / 1 BATENTE / 1 INSERTO
42997;19;SENTRA;;2014...2020;;1 COIFA / 1 BATENTE
42998;13;VERA CRUZ;4X4;2007...;3.8 V6;DENTES LADO RODA 30 - LADO CÂMBIO 31 - FÔNICA 52, COM ABS
42999;5;S10;;2012...;;1 COIFA / 1 COXIM / 1 TAMPA METÁLICA
43000;10;BRAVA;;1999...2002;1.6;DENTES INTERNO 22, Ø ROLAMENTO 32 MM
43001;10;MAREA;;2006...2009;1.6;DENTES INTERNO 22, Ø ROLAMENTO 32 MM
43002;10;PALIO;;1996...2000;1.5 / 1.6;DENTES INTERNO 22, Ø ROLAMENTO 32 MM
43003;10;PALIO WEEKEND;;1996...2000;1.5 / 1.6;DENTES INTERNO 22, Ø ROLAMENTO 32 MM
43004;10;SIENA;;1996...2000;1.5 / 1.6;DENTES INTERNO 22, Ø ROLAMENTO 32 MM
43005;10;STRADA;;1998...2004;1.5 / 1.6;DENTES INTERNO 22, Ø ROLAMENTO 32 MM
43007;10;STRADA;;2005...2010;1.4 8V;DENTES INTERNO 22, Ø ROLAMENTO 32 MM
43008;12;HR-V;;2015...2021;;
43009;17;AXOR 2826;CAMINHÃO;...;;COM MOLA HELICOIDAL
43010;17;AXOR 2831;CAMINHÃO;...;;COM MOLA HELICOIDAL
43011;17;AXOR 3340;CAMINHÃO;...;;COM MOLA HELICOIDAL
43012;17;AXOR 4140;CAMINHÃO;...;;COM MOLA HELICOIDAL
43013;5;AGILE;;2013...2014;;PINO LONGO
43014;19;PATHFINDER;;2005...2009;;
43015;19;XTERRA;;2005...2009;;
43016;10;CRONOS;;2018...2020;;
43017;38;P-450;;2019...;;
43018;27;116;TODOS OS MODELOS;2012...2015;;RODA M14 X 1,5 MM
43019;27;118;TODOS OS MODELOS;2012...2015;;RODA M14 X 1,5 MM
43020;27;125;TODOS OS MODELOS;2013...2016;;RODA M14 X 1,5 MM
43021;27;135;TODOS OS MODELOS;2009...2012;;RODA M14 X 1,5 MM
43022;27;316;TODOS OS MODELOS;2014...2015;;RODA M14 X 1,5 MM
43023;27;320;TODOS OS MODELOS;2013...;;RODA M14 X 1,5 MM
43024;27;328;TODOS OS MODELOS;2012...;;RODA M14 X 1,5 MM
43025;27;335;TODOS OS MODELOS;2007...2012;;RODA M14 X 1,5 MM
43026;17;1933;;2001...2013;;TRANSVERSAL
43027;17;2035;;2001...2013;;TRANSVERSAL
43028;17;2036;;2001...2013;;TRANSVERSAL
43029;17;2040;;2001...2013;;TRANSVERSAL
43030;17;2041;;2001...2013;;TRANSVERSAL
43031;17;2044;;2001...2013;;TRANSVERSAL
43032;17;2533;;2001...2013;;TRANSVERSAL
43033;17;2535;;2001...2013;;TRANSVERSAL
43034;17;2540;S;2001...2013;;TRANSVERSAL
43035;17;2541;;2001...2013;;TRANSVERSAL
43036;17;2544;;2001...2013;;TRANSVERSAL
43037;17;2640;;2001...2013;;TRANSVERSAL
43038;17;2641;;2001...2013;;TRANSVERSAL
43039;17;2644;;2001...2013;;TRANSVERSAL
43040;17;3340;;2001...2013;;TRANSVERSAL
43041;17;3344;;2001...2013;;TRANSVERSAL
43042;17;4140;;2001...2013;;TRANSVERSAL
43043;17;4144;;2001...2013;;TRANSVERSAL
43044;17;4149;S;2001...2013;;TRANSVERSAL
43045;17;ATEGO;;2013...;;TRANSVERSAL
43046;26;GOL;G6 / G7;2016...2023;1.0 3 CIL;
43047;26;GOL;G5 / G6 / G7 (EXCETO RALLYE / TRACK);2008...2023;;
43048;32;FH;CABINE CURTA;2013...2014;;
43049;32;FH;CABINE LEITO TETO BAIXO;2013...2014;;
43050;32;FH;CABINE LONGA;2013...2014;;
43051;32;FH;GLOBTROTTHER;2013...2014;;
43052;32;FM;CABINE LEITO TETO BAIXO;2004...2014;;
43053;32;FM;CABINE LONGA;2004...2014;;
43054;32;FM;GLOBTROTTHER;2004...2014;;
43055;32;FMX;CABINE LEITO TETO BAIXO;2004...2014;;
43056;32;FMX;CABINE LONGA;2004...2014;;
43057;32;FMX;GLOBTROTTHER;2004...2014;;
43058;10;STRADA;;2000...2006;1.3 8V / 16V;DENTES INTERNO 22, Ø ROLAMENTO 32 MM
43059;11;COURIER;;1997...;1.4;DENTES INTERNO 22, Ø ROLAMENTO 32 MM
43060;11;COURIER;;1997...1999;1.3 ENDURA;DENTES INTERNO 22, Ø ROLAMENTO 32 MM
43061;11;FIESTA;;1996...1998;1.0 / 1.3;DENTES INTERNO 22, Ø ROLAMENTO 32 MM
43062;11;FIESTA;;1996...2006;1.4 / 1.8;DENTES INTERNO 22, Ø ROLAMENTO 32 MM
43063;11;KA;;1996...1999;1.0 / 1.3;DENTES INTERNO 22, Ø ROLAMENTO 32 MM
43064;21;CLIO;;2001...2006;1.6;COM E SEM ABS DENTES INTERNO 21 - EXTERNO 21 - FÔNICA 26, TRAVA CENTRAL
43065;5;COBALT;CÂMBIO MANUAL;2012...2016;1.4 8V;DENTES LADO RODA 25 - LADO CÂMBIO 22
43066;5;JOY;CÂMBIO MANUAL;2013...2019;1.4 8V;DENTES LADO RODA 25 - LADO CÂMBIO 22
43067;5;JOY PLUS;CÂMBIO MANUAL;2013...2019;1.4 8V;DENTES LADO RODA 25 - LADO CÂMBIO 22
43068;5;ONIX;CÂMBIO MANUAL;2013...2019;1.4 8V;DENTES LADO RODA 25 - LADO CÂMBIO 22
43069;5;PRISMA;CÂMBIO MANUAL;2013...2019;1.4 8V;DENTES LADO RODA 25 - LADO CÂMBIO 22
43070;5;COBALT;CÂMBIO MANUAL;2012...2020;1.4 8V;DENTES LADO RODA 25 - LADO CÂMBIO 22
43071;5;JOY;CÂMBIO MANUAL;2018...2020;1.0;DENTES LADO RODA 25 - LADO CÂMBIO 22
43072;5;JOY PLUS;CÂMBIO MANUAL;2018...2020;1.0;DENTES LADO RODA 25 - LADO CÂMBIO 22
43073;5;ONIX;CÂMBIO MANUAL;2018...2020;1.0;DENTES LADO RODA 25 - LADO CÂMBIO 22
43074;5;PRISMA;CÂMBIO MANUAL;2018...2020;1.0;DENTES LADO RODA 25 - LADO CÂMBIO 22
43075;11;ECOSPORT;4X2  - CÂMBIO MECÂNICO;2013...2019;2.0;DENTES INTERNO 24, Ø ROLAMENTO 41,55 MM
43076;32;FH-12;;1998...2008;;
43077;32;FH-420;;2012...;;
43078;32;FH-460;;2012...;;
43079;32;FH-480;;2006...2012;;
43080;32;FH-500;;2008...;;
43081;32;FH-540;;2008...;;
43082;19;FRONTIER;;2016...2025;;
43083;11;CARGO 2042;E - 4X2;2013...2019;TURBO - DIESEL;EURO 5 - 2P
43084;11;CARGO 2842;E - 4X2;2013...2019;TURBO - DIESEL;EURO 5 - 2P
43085;10;PULSE;BIO HYBRID;2025...;;
43086;10;TORO;4X4  - CÂMBIO AUTOMÁTICO;2016...;2.0 - DIESEL;DENTES INTERNO 28 - EXTERNO 30
43087;45;COMMANDER;;2005...2010;3.7;DENTES INTERNO 28 - EXTERNO 30
43088;45;COMMANDER;;2021...;2.0 - DIESEL;DENTES INTERNO 28 - EXTERNO 30
43089;45;COMPASS;4X4  - CÂMBIO AUTOMÁTICO;...;2.0 - DIESEL;DENTES INTERNO 28 - EXTERNO 30
43090;45;RENEGADE;4X4  - CÂMBIO AUTOMÁTICO;...;2.0 - DIESEL;DENTES INTERNO 28 - EXTERNO 30
43091;136;RAMPAGE;LARAMIE;...;;DENTES INTERNO 28 - EXTERNO 30
43092;136;RAMPAGE;REBEL;...;;DENTES INTERNO 28 - EXTERNO 30
43093;12;HR-V;;2022...;1.5 - FLEX;DENTES INTERNO 32 - EXTERNO 25
43094;24;HILUX;;2016...;;DENTES INTERNO 28 - EXTERNO 30
43095;135;SONG PLUS;DM-i;2023...;HÍBRIDO;DENTES INTERNO 36 - EXTERNO 30
43096;10;TORO;4X4  - CÂMBIO AUTOMÁTICO;2016...;2.0 - DIESEL;DENTES INTERNO 27 - EXTERNO 27, TRAVA FUNDO
43097;45;COMMANDER;;2005...2010;3.7;DENTES INTERNO 27 - EXTERNO 27, TRAVA FUNDO
43098;45;COMMANDER;;2021...;2.0 - DIESEL;DENTES INTERNO 27 - EXTERNO 27, TRAVA FUNDO
43099;45;COMPASS;4X4  - CÂMBIO AUTOMÁTICO;...;2.0 - DIESEL;DENTES INTERNO 27 - EXTERNO 27, TRAVA FUNDO
43100;45;RENEGADE;4X4  - CÂMBIO AUTOMÁTICO;...;2.0 - DIESEL;DENTES INTERNO 27 - EXTERNO 27, TRAVA FUNDO
43101;136;RAMPAGE;LARAMIE;...;;DENTES INTERNO 27 - EXTERNO 27, TRAVA FUNDO
43102;136;RAMPAGE;REBEL;...;;DENTES INTERNO 27 - EXTERNO 27, TRAVA FUNDO
43103;12;HR-V;;2022...;1.5 - FLEX;DENTES INTERNO 32 - EXTERNO 30, TRAVA INTERNA
43104;43;QQ;CÂMBIO MANUAL;2011...2017;1.1;DENTES INTERNOS 19 - EXTERNO 22, TRAVA INTERNA
43105;135;SONG PLUS;DM-i;2023...;HÍBRIDO;DENTES INTERNO 37 - EXTERNO 30 - FÔNICA 48, COM ABS
43106;14;VERTIS;9 TONELADAS;...;;
43109;10;ARGO;DRIVE  - CÂMBIO MANUAL;2017...;1.0;DENTES LADO RODA 22
43110;12;HR-V;;2022...;1.5 - FLEX;DENTES LADO RODA 30 - LADO CÂMBIO 25
43111;20;2008;CÂMBIO MANUAL;2015...;1.6 16V;DENTES LADO RODA 25 - LADO CÂMBIO 24
43112;21;DUSTER;4X2  - CÂMBIO MANUAL;2012...2020;1.6 16V K4M;DENTES LADO RODA 25 - LADO CÂMBIO 26
43113;21;OROCH;4X2  - CÂMBIO MANUAL;2015...2017;1.6 16V K4M;DENTES LADO RODA 25 - LADO CÂMBIO 26
43114;19;SENTRA;CÂMBIO CVT;2014...2020;2.0;DENTES LADO RODA 29 - LADO CÂMBIO 27
43115;13;VELOSTER;;2011...2013;1.6 16V;DENTES LADO RODA 27 - LADO CÂMBIO 27 - FÔNICA 46, COM ABS
43116;45;COMMANDER;;2005...2010;3.7;DENTES LADO RODA 27 - LADO CÂMBIO 30
43117;45;COMMANDER;;2021...;2.0 - DIESEL;DENTES LADO RODA 27 - LADO CÂMBIO 30
43118;136;RAMPAGE;LARAMIE;...;;DENTES LADO RODA 27 - LADO CÂMBIO 30
43119;136;RAMPAGE;REBEL;...;;DENTES LADO RODA 27 - LADO CÂMBIO 30
43120;135;SONG PLUS;DM-i;2023...;HÍBRIDO;DENTES LADO RODA 30 - LADO CÂMBIO 30 - FÔNICA 48, COM ABS
43121;10;MOBI;TREKKING;2021...;;
43122;17;AXOR 1835;;...;;COM BOLSA PNEUMÁTICA
43123;17;AXOR 1836;;...;;COM BOLSA PNEUMÁTICA
43124;17;AXOR 1840;;...;;COM BOLSA PNEUMÁTICA
43125;17;AXOR 1843;;...;;COM BOLSA PNEUMÁTICA
43126;17;AXOR 2436;;...;;COM BOLSA PNEUMÁTICA
43127;17;AXOR 2440;;...;;COM BOLSA PNEUMÁTICA
43128;17;AXOR 2443;;...;;COM BOLSA PNEUMÁTICA
43129;17;AXOR 2535;;...;;COM BOLSA PNEUMÁTICA
43130;17;AXOR 2536;;...;;COM BOLSA PNEUMÁTICA
43131;17;AXOR 2540;;...;;COM BOLSA PNEUMÁTICA
43132;17;AXOR 2543;;...;;COM BOLSA PNEUMÁTICA
43133;17;AXOR 2635;;...;;COM BOLSA PNEUMÁTICA
43134;17;AXOR 2636;;...;;COM BOLSA PNEUMÁTICA
43135;17;AXOR 2640;;...;;COM BOLSA PNEUMÁTICA
43136;17;AXOR 2643;;...;;COM BOLSA PNEUMÁTICA
43137;17;AXOR 3236;;...;;COM BOLSA PNEUMÁTICA
43138;17;AXOR 3240;;...;;COM BOLSA PNEUMÁTICA
43139;17;AXOR 3243;;...;;COM BOLSA PNEUMÁTICA
43140;17;AXOR 3335;;...;;COM BOLSA PNEUMÁTICA
43141;17;AXOR 3340;;...;;COM BOLSA PNEUMÁTICA
43142;17;AXOR 3341;;...;;COM BOLSA PNEUMÁTICA
43143;17;AXOR 3343;;...;;COM BOLSA PNEUMÁTICA
43144;17;AXOR 4135;;...;;COM BOLSA PNEUMÁTICA
43145;17;AXOR 4140;;...;;COM BOLSA PNEUMÁTICA
43146;17;AXOR 4143;;...;;COM BOLSA PNEUMÁTICA
43147;17;ACTROS 2644;;...;;COM BOLSA PNEUMÁTICA
43148;17;ACTROS 2646;;...;;COM BOLSA PNEUMÁTICA
43149;17;ACTROS 2648;;...;;COM BOLSA PNEUMÁTICA
43150;17;ACTROS 2651;;...;;COM BOLSA PNEUMÁTICA
43151;17;ACTROS 2653;;...;;COM BOLSA PNEUMÁTICA
43152;17;ACTROS 2655;;...;;COM BOLSA PNEUMÁTICA
43153;17;ACTROS 3335;;...;;COM BOLSA PNEUMÁTICA
43154;17;ACTROS 4144;;...;;COM BOLSA PNEUMÁTICA
43155;17;AXOR 2533;;...;;COM BOLSA PNEUMÁTICA
43156;11;CARGO 2842;E - 6X2;2013...2019;TURBO - DIESEL;2P - E5
43157;38;CAIO;ÔNIBUS;...;;FIXAÇÃO 248 / 251
43158;38;IRIZAR;ÔNIBUS;...;;FIXAÇÃO 248 / 251
43159;24;COROLLA;CÂMBIO AUTOMÁTICO;2009...2014;1.8 16V;DENTES LADO RODA 26 - LADO CÂMBIO 20 - FÔNICA 48, COM ABS
43160;10;ARGO;DIREÇÃO ELÉTRICA;2017...2025;;
43161;10;CRONOS;DIREÇÃO ELÉTRICA;2019...2025;;
43162;10;STRADA;DIREÇÃO ELÉTRICA;2021...2025;;
43163;10;MOBI;DIREÇÃO ELÉTRICA;2018...;;RÔSCA DA HASTE M14X1,75
43164;10;UNO;DIREÇÃO ELÉTRICA;2018...;;RÔSCA DA HASTE M14X1,75
43165;26;16.210;CAMINHÃO;1988...1990;;
43166;21;KARDIAN;;2024...;1.0 TURBO;DIANTEIRA
43167;21;OROCH;;2016...;;TRASEIRA
43168;137;HAVAL H6;;2024...;HIBRÍDO;
43169;12;ZR-V;;2024...;;
43170;10;PULSE;EXCETO ABARTH;2021...;;
43171;12;CIVIC;HYBRID;2023...;;
43172;21;KARDIAN;;2024...;1.0;
43173;21;KANGOO;;2025...;;
43174;5;TRACKER;CÂMBIO AUTOMÁTICO;02.2020...;1.0 / 1.2;DENTES INTERNO 22, Ø ROLAMENTO 38,2 MM
43175;26;FOX;;2004...2009;1.0;DENTES INTERNO 33
43176;21;ZOE;INTENSE;2019...;;
43177;5;CRUZE;CÂMBIO AUTOMÁTICO;2016...2021;1.4;DENTES INTERNO 23 - EXTERNO 33, TRAVA CENTRAL
43178;11;FIESTA;NEW  - CÂMBIO AUTOMÁTICO;2011...2021;1.6;DENTES INTERNO 21 - EXTERNO 25, TRAVA CENTRAL, COM/SEM ABS
43179;21;LOGAN;CÂMBIO MANUAL;2008...2012;1.0;DENTES INTERNO 28 - EXTERNO 21, TRAVA INTERNA, SEM ABS
43180;21;SANDERO;CÂMBIO MANUAL;2008...2012;1.0;DENTES INTERNO 28 - EXTERNO 21, TRAVA INTERNA, SEM ABS
43181;19;MARCH;CÂMBIO MANUAL;2012...2020;1.0;DENTES INTERNO 20 - EXTERNO 25, TRAVA CENTRAL
43182;34;VOLARE A8W;RHD;2005...2012;;
43183;34;VOLARE W8;LIBUS;2009...2014;;
43184;34;VOLARE W9;LIBUS;2009...2014;;
43185;5;GMC;4x4;...;;
43186;5;S10;PICK UP;...;;
43187;21;LOGAN;CÂMBIO MANUAL;2008...2012;1.0;DENTES LADO RODA 21 - LADO CÂMBIO 23
43188;21;SANDERO;CÂMBIO MANUAL;2008...2012;1.0;DENTES LADO RODA 21 - LADO CÂMBIO 23
43191;26;UP!;CÂMBIO MANUAL;2014...2019;1.0;DENTES INTERNO 26, Ø ROLAMENTO 28 MM
43192;10;PALIO;;2009...;1.4 - FLEX;DENTES INTERNO 28, Ø ROLAMENTO 32 MM
43193;10;PUNTO;;2008...;1.4 8V;DENTES INTERNO 28, Ø ROLAMENTO 32 MM
43194;10;STRADA;;2008...2012;1.4 8V;DENTES INTERNO 28, Ø ROLAMENTO 32 MM
43195;5;ONIX;CÂMBIO AUTOMÁTICO;2013...2019;1.4;DENTES INTERNO 22, Ø ROLAMENTO 31,95 MM
43196;5;PRISMA;CÂMBIO TRANMISSÃO AUTOMÁTICA;2013...2019;1.4;DENTES INTERNO 22, Ø ROLAMENTO 31,95 MM
43197;7;AIRCROSS;CÂMBIO AUTOMÁTICO;2010...2015;1.4;DENTES INTERNO 22, Ø ROLAMENTO 31,95 MM
43198;7;C3;CÂMBIO AUTOMÁTICO;2010...2015;1.4;DENTES INTERNO 22, Ø ROLAMENTO 31,95 MM
43199;20;206;;2000...;;DENTES INTERNO 22, Ø ROLAMENTO 31,95 MM
43200;38;G-420;L;2008...2012;;
43201;11;CARGO 1722;4X2;2011...2015;;LEITO
43202;11;CARGO 1723;4X2;2012...;;LEITO
43203;11;CARGO 1729;4X2;2013...2019;;LEITO
43204;11;CARGO 1933;4X2;2012...;;LEITO
43205;11;CARGO 2422;6X2;2011...2012;;LEITO
43206;11;CARGO 2423;6X2;2012...;;LEITO
43207;11;CARGO 2428;6X2;2011...2012;;LEITO
43208;11;CARGO 2429;6X2;2012...;;LEITO
43209;18;OUTLANDER;HPE;2016...;2.0;
43210;18;OUTLANDER;HPE-S;2016...;2.2 - DIESEL;
43211;18;OUTLANDER;HPE-S;2016...;3.0 V6;
43212;20;208;EXCETO GT  - CÂMBIO AUTOMÁTICO;2013...;;
43213;20;207;HATCH - TODOS OS MODELOS;2008...2014;1.4 / 1.6;
43214;7;JUMPER;;1998...2008;;"ARO 16"" DENTES INTERNO 45 - EXTERNO 35 - FÔNICA 54, TRAVA INTERNA, COM/SEM ABS"
43215;10;DUCATO;;1998...2008;;"ARO 16"" DENTES INTERNO 45 - EXTERNO 35 - FÔNICA 54, TRAVA INTERNA, COM/SEM ABS"
43216;20;BOXER;;1998...2008;;"ARO 16"" - JUNTA 110 MM DENTES INTERNO 45 - EXTERNO 35 - FÔNICA 54, TRAVA INTERNA, COM/SEM ABS"
43217;10;ARGO;CÂMBIO AUTOMÁTICO / MANUAL;2017...;1.8;DENTES INTERNO 24 - EXTERNO 25
43218;10;CRONOS;CÂMBIO AUTOMÁTICO / MANUAL;2017...;1.8;DENTES INTERNO 24 - EXTERNO 25
43219;10;PALIO;;2001...2003;1.6 16V MPI;COM AR
43220;10;PALIO;(EXCETO 1.8 R);2003...2007;1.8 8V MPI;COM AR
43221;10;PALIO WEEKEND;ADVENTURE;2001...2005;1.6 16V MPI;RST I / II
43222;10;PALIO WEEKEND;ADVENTURE;2003...2008;1.8 16V MPI;RST I / II
43223;10;STRADA;;2002...2002;1.6 16V MPI;RST I
43224;10;STRADA;;2003...2010;1.8 8V MPI;RST I / II / III
43225;10;STRADA;;2013...2020;1.6 16V E-TORQUE;RST IV
43226;10;STRADA;ADVENTURE;2002...2002;1.6 16V MPI;RST I
43227;10;STRADA;ADVENTURE;2003...2010;1.8 16V MPI;RST I / II / III
43228;10;STRADA;ADVENTURE;2011...2020;1.8 16V E-TORQUE;RST III / IV
43229;26;KOMBI;TODOS OS MODELOS;1957...1996;;
43230;26;GOL;3ª GERAÇÃO / 4ª GERAÇÃO;2000...;;SEM LIMPADOR TRASEIRO
43231;5;BLAZER;TODOS OS MODELOS;1995...;;
43232;135;DOLPHIN MINI;;2024...;;
43233;21;DUSTER;;2020...;;
43234;20;2008;;2015...2020;;
43235;19;SENTRA;;2023...;2.0;
43236;5;COBALT;CÂMBIO MANUAL;2012...;1.4;DENTES INTERNO 22, Ø ROLAMENTO 32,5 MM
43237;5;SPIN;CÂMBIO MANUAL;2012...;1.8;DENTES INTERNO 22, Ø ROLAMENTO 32,5 MM
43238;11;FIESTA;NEW HATCH (NACIONAL);2010...2018;;
43239;11;FIESTA;NEW SEDAN (NACIONAL);2010...2018;;
43240;26;18.210;CONSTELLATION 4X4 / 6X2 - 2 PORTAS;...;DIESEL;EURO 6
43241;26;18.260;CONSTELLATION 4X4 / 6X2 - 2 PORTAS;...;DIESEL;EURO 6
43242;26;18.260;CONSTELLATION 4X4 / 6X2 / 8X2 - 2 PORTAS;...;DIESEL;EURO 6
43243;26;18.320;CONSTELLATION 4X4 / 6X2 / 8X2 - 2 PORTAS;...;DIESEL;EURO 6
43244;26;19.380;CONSTELLATION 4X4 / 6X2 / 8X2 - 2 PORTAS;...;DIESEL;EURO 6
43245;26;25.380;CONSTELLATION 4X4 / 6X2 / 8X2 - 2 PORTAS;...;DIESEL;EURO 6
43246;26;26.260;CONSTELLATION 4X4 / 6X2 - 2 PORTAS;...;DIESEL;EURO 6
43251;5;CHEVETTE;HATCH - TODOS OS MODELOS;1986...1993;;
43252;17;AXOR 2035;S / L;2006...2011;;
43253;17;AXOR 2040;L;2006...2011;;
43254;17;AXOR 2044;S / L;2006...2011;;
43255;26;19.380;CONSTELLATION 4X2 / 6X2;...;;EURO 6
43256;26;25.380;CONSTELLATION 4X2 / 6X2;...;;EURO 6
43257;21;MEGANE;CÂMBIO AUTOMÁTICO / MANUAL;2001...2012;2.0;DENTES INTERNO 25 - EXTERNO 23 - FÔNICA 44, TRAVA EXTERNA, COM ABS
43258;21;SCENIC;CÂMBIO AUTOMÁTICO / MANUAL;2001...2012;2.0;DENTES INTERNO 25 - EXTERNO 23 - FÔNICA 44, TRAVA EXTERNA, COM ABS
43259;11;FIESTA;DIREÇÃO HIDRÁULICA;2009...2014;ROCAM;
43260;11;FIESTA;DIREÇÃO MECÂNICA;2009...2014;ROCAM;
43261;32;VM 360;8X4;...;;
43262;13;CRETA;;2021...2024;;
43263;5;AGILE;GII  - CÂMBIO MANUAL;2009...2014;1.4;
43264;5;MONTANA;GII  - CÂMBIO MANUAL;2011...;1.4;
43265;134;DIVERSOS;;...;;SUSPENSAO DE EIXO MOLA PNEUMÁTICA COMPLETA
43266;145;DIVERSOS;;...;;SUSPENSAO DE EIXO MOLA PNEUMÁTICA COMPLETA
43273;7;AX;;1991...1995;;LADO ESQUERDO
43274;7;C4;HATCH - ATÉ CHASSI 10310;2009...;;LADO DIREITO
43275;7;C4 PALLAS;ATÉ CHASSI 10310;2004...2012;;LADO DIREITO
43276;7;C4 VTR COUPE;ATÉ CHASSI 10310;2004...2009;;LADO DIREITO
43279;7;XM;;1991...1994;;LADO ESQUERDO
43280;7;XM BREAK;;1991...1994;;LADO ESQUERDO
43281;20;106;;1992...2001;;LADO ESQUERDO
43282;20;206;;2001...2009;;LADO DIREITO
43283;20;206 SW;;2005...2009;;LADO DIREITO
43284;20;207;;2008...;;LADO DIREITO
43285;20;307;ATÉ CHASSI 10310  DIREÇÃO HIDRÁULICA;2001...2011;;LADO DIREITO
43286;20;HOGGAR;;2010...;;LADO DIREITO
43287;7;AX;;1991...1995;;LADO DIREITO
43288;7;C4;HATCH - ATÉ CHASSI 10310;2009...;;LADO ESQUERDO
43289;7;C4 PALLAS;ATÉ CHASSI 10310;2004...2012;;LADO ESQUERDO
43290;7;C4 VTR COUPE;ATÉ CHASSI 10310;2004...2009;;LADO ESQUERDO
43291;7;XANTIA;;1993...2002;1.8 / 2.0;LADO DIREITO
43292;7;XANTIA BREAK;;1993...2002;1.8 / 2.0;LADO DIREITO
43293;7;XM;;1991...1994;;LADO DIREITO
43294;7;XM BREAK;;1991...1994;;LADO DIREITO
43295;20;106;;1992...2001;;LADO DIREITO
43296;20;206;;2001...2009;;LADO ESQUERDO
43297;20;206 SW;;2005...2009;;LADO ESQUERDO
43298;20;207;;2008...;;LADO ESQUERDO
43299;20;307;ATÉ CHASSI 10310  DIREÇÃO HIDRÁULICA;2001...2011;;LADO ESQUERDO
43300;20;HOGGAR;;2010...;;LADO ESQUERDO
43301;7;XANTIA;;1993...2002;1.8 / 2.0;LADO ESQUERDO
43302;7;XANTIA BREAK;;1993...2002;1.8 / 2.0;LADO ESQUERDO
43303;11;RANGER;;2019...2023;;
43304;10;TORO;4X2  - CÂMBIO AUTOMÁTICO;2015...;1.8;DENTES INTERNO 23 - EXTERNO 26
43305;45;RENEGADE;4X2  - CÂMBIO AUTOMÁTICO;2015...;1.8;DENTES INTERNO 23 - EXTERNO 26
43306;10;BRAVO;;2011...2016;1.8 16V - E.TORQ;DENTES INTERNO 24 - EXTERNO 25, TRAVA CENTRAL
43307;11;FOCUS;CÂMBIO MANUAL;11.2009...;1.6 16V;DENTES INTERNO 21 - EXTERNO 36, TRAVA CENTRAL, SEM ABS
43308;21;LOGAN;CÂMBIO MANUAL;2014...2018;1.0 / 1.6;DENTES INTERNO 21 - EXTERNO 23, TRAVA CENTRAL
43309;21;SANDERO;CÂMBIO MANUAL;2014...2018;1.0 / 1.6;DENTES INTERNO 21 - EXTERNO 23, TRAVA CENTRAL
43310;21;DUSTER;CÂMBIO MANUAL;2012...2020;2.0;DENTES INTERNO 35 - EXTERNO 25, TRAVA INTERNA
43311;18;ASX;4X2  - CÂMBIO AUTOMÁTICO;2011...2020;2.0;DENTES INTERNO 35 - EXTERNO 28, TRAVA INTERNA
43312;26;AMAROK;4X4;2010...;;DENTES LADO RODA 28
43313;24;COROLLA;CÂMBIO AUTOMÁTICO;2008...2011;1.8 16V;DENTES LADO RODA 26 - LADO CÂMBIO 20 - FÔNICA 48, COM ABS
43314;13;SANTA FÉ;4X4;2005...2010;2.7 V6;DENTES LADO RODA 30 - LADO CÂMBIO 26 - FÔNICA 52, COM ABS
43315;13;VERA CRUZ;4X4;2007...;3.8 V6;DENTES LADO RODA 30 - LADO CÂMBIO 26 - FÔNICA 52, COM ABS
43330;11;COURIER;;1999...2006;1.6 ZETEC;DENTES INTERNO 21, Ø ROLAMENTO 30,3 MM
43331;11;ECOSPORT;;2003...2007;1.0;DENTES INTERNO 21, Ø ROLAMENTO 30,3 MM
43332;11;ECOSPORT;;2003...2013;1.6;DENTES INTERNO 21, Ø ROLAMENTO 30,3 MM
43333;11;FIESTA;;1999...2006;1.0 / 1.6 ZETEC ROCAM;DENTES INTERNO 21, Ø ROLAMENTO 30,3 MM
43334;11;FIESTA;;2002...2014;1.0 / 1.6 ZETEC ROCAM;DENTES INTERNO 21, Ø ROLAMENTO 30,3 MM
43335;11;FOCUS;CÂMBIO MANUAL;2006...2010;1.6;DENTES INTERNO 21, Ø ROLAMENTO 30,3 MM
43336;11;KA;;2000...2012;1.6 ZETEC ROCAM;DENTES INTERNO 21, Ø ROLAMENTO 30,3 MM
43337;11;KA;;2000...2014;1.0 ZETEC ROCAM;DENTES INTERNO 21, Ø ROLAMENTO 30,3 MM
43338;21;SCENIC;CÂMBIO MANUAL;2001...2012;1.6 / 2.0;DENTES INTERNO 21, Ø ROLAMENTO 30,3 MM
43339;25;T4;;1998...2000;;
43340;26;CROSS UP!;TODOS OS MODELOS;2015...;;
43341;17;1016;4X2;...;;DIANTEIRA
43342;17;1316;4X2;...;;DIANTEIRA
43343;17;712;;1992...1994;;DIANTEIRA / TRASEIRA
43344;17;712;C;1998...2004;;DIANTEIRA / TRASEIRA
43345;17;815;4X2;...;;DIANTEIRA
43346;17;915;LO / LS;2004...;;DIANTEIRA
43347;17;ACCELO 715;C / L;2003...2012;;DIANTEIRA
43348;17;ACCELO 915;C / L;2003...2012;;DIANTEIRA
43349;34;MA-7.5 T SENIOR;TODOS OS MODELOS;1996...2019;;
43350;32;VM 210;;2006...2013;;
43351;32;VM 220;;2012...2020;;
43352;32;VM 240;;2004...2006;;
43353;32;VM 260;;2006...2013;;
43354;11;COURIER;;1997...2013;;
43355;11;ESCORT;;1985...2003;;
43356;11;FIESTA;;1996...2002;;
43357;38;SÉRIE 5;G / R - HIGHLINE / STREAMLINE;2012...2018;;COM MOLA HELICOIDAL
43358;32;FH;TRANSVERSAL;...2014;;
43359;32;FM;TRANSVERSAL;...2014;;
43360;26;CONSTELLATION;;1999...;;COM CATRACA DE REGULAGEM DA MOLA
43361;17;SPRINTER;SERIE 311;2014...2019;;
43363;17;SPRINTER;SÉRIE 311;2014...2025;;
43364;45;COMMANDER;AWD (4X4);2021...;DIESEL;
43365;45;COMMANDER;AWD (4X4);2025...;2.0 TURBO HURRICANE;
43367;15;SOUL;G2;2014...;;
43368;5;S10;;2016...2025;;
43369;4;A1;SPORTBACK;2013...2018;;
43370;4;A1;TFSI;2011...2018;;
43371;26;POLO;HATCH;2001...;;
43372;83;DIVERSOS;;...;;
43373;123;DIVERSOS;;...;;
43374;37;DIVERSOS;;...;;
43375;147;DIVERSOS;;...;;
43376;135;SONG PLUS;;2024...;HÍBRIDO;
43377;137;ORA 3;;2024...;ELÉTRICO;
43378;5;TRACKER;;2020...;1.0 / 1.2 TURBO;
43379;136;RAMPAGE;4X4;2023...;2.0;
43380;26;GOL;;1997...2012;1.0 MI - 8V/16V / POWER 16V;DENTES INTERNO 28
43381;26;PARATI;;1997...2007;1.0 MI 16V;DENTES INTERNO 28
43382;11;ECOSPORT;4X2  - CÂMBIO MANUAL;2013...2017;1.6;DENTES INTERNO 22 - EXTERNO 23
43383;26;GOL;;1997...2012;1.0 MI - 8V/16V / POWER 16V;DENTES INTERNO 28 - EXTERNO 22, TRAVA CENTRAL, SEM ABS
43384;26;PARATI;;1997...2007;1.0 MI 16V;DENTES INTERNO 28 - EXTERNO 22, TRAVA CENTRAL, SEM ABS
43385;26;AMAROK;4X4;2010...2019;2.0;DENTES INTERNO 27 - EXTERNO 28, TRAVA INTERNA
43386;10;147;;10.1984...1986;1050 / 1300;DENTES INTERNO 20 - EXTERNO 20, TRAVA EXTERNA, SEM ABS
43387;10;147;;1976...1984;1050 / 1300;DENTES INTERNO 20 - EXTERNO 20, TRAVA EXTERNA, SEM ABS
43388;10;FURGONETA;UNO;1983...1987;1050 / 1300;DENTES INTERNO 20 - EXTERNO 20, TRAVA EXTERNA, SEM ABS
43389;10;OGGI;;1984...1985;1050 / 1300;DENTES INTERNO 20 - EXTERNO 20, TRAVA EXTERNA, SEM ABS
43390;10;PANORAMA;;1980...1986;1050 / 1300;DENTES INTERNO 20 - EXTERNO 20, TRAVA EXTERNA, SEM ABS
43391;10;PREMIO;;01.1985...10.1985;1300;DENTES INTERNO 20 - EXTERNO 20, TRAVA EXTERNA, SEM ABS
43392;10;SPAZIO;;1983...1984;1050 / 1300;DENTES INTERNO 20 - EXTERNO 20, TRAVA EXTERNA, SEM ABS
43393;10;UNO;;1984...1985;1050 / 1300;DENTES INTERNO 20 - EXTERNO 20, TRAVA EXTERNA, SEM ABS
43394;10;ARGO;DRIVE;2017...;1.3;DENTES INTERNO 22 - EXTERNO 22, TRAVA CENTRAL, COM/SEM ABS
43395;10;CRONOS;DRIVE GSR  - CÂMBIO AUTOMATIZADO;2018...;1.3;DENTES INTERNO 22 - EXTERNO 22, TRAVA CENTRAL, COM/SEM ABS
43396;10;FIORINO;;2011...;1.4 8V;DENTES INTERNO 22 - EXTERNO 22, TRAVA CENTRAL, COM/SEM ABS
43397;10;GRAND SIENA;;2012...;1.4 8V;DENTES INTERNO 22 - EXTERNO 22, TRAVA CENTRAL, COM/SEM ABS
43398;10;PALIO;;2012...;1.4;DENTES INTERNO 22 - EXTERNO 22, TRAVA CENTRAL, COM/SEM ABS
43399;10;UNO;;2010...;1.4;DENTES INTERNO 22 - EXTERNO 22, TRAVA CENTRAL, COM/SEM ABS
43400;10;PALIO WEEKEND;;2006...2008;1.4;DENTES INTERNO 28 - EXTERNO 22, TRAVA EXTERNA
43401;10;PUNTO;;2008...;1.4;DENTES INTERNO 28 - EXTERNO 22, TRAVA EXTERNA
43402;10;GRAND SIENA;;2013...2017;1.6 E-TORQ;DENTES INTERNO 24 - EXTERNO 25, TRAVA CENTRAL, SEM ABS
43403;10;PALIO;;2012...2015;1.6 E-TORQ;DENTES INTERNO 24 - EXTERNO 25, TRAVA CENTRAL, SEM ABS
43404;10;STILO;CÂMBIO MANUAL;2002...2009;1.8;DENTES INTERNO 24 - EXTERNO 25, TRAVA CENTRAL, SEM ABS
43405;5;IPANEMA;;1989...1997;1.8 / 2.0;DENTES INTERNO 25 - EXTERNO 33, TRAVA EXTERNA, SEM ABS
43406;5;KADETT;;1989...1998;1.8 / 2.0;DENTES INTERNO 25 - EXTERNO 33, TRAVA EXTERNA, SEM ABS
43407;5;MONZA;;1982...1996;1.6 / 1.8;DENTES INTERNO 25 - EXTERNO 33, TRAVA EXTERNA, SEM ABS
43408;5;MONZA;CÂMBIO AUTOMÁTICO / MANUAL;1982...1996;1.8 / 2.0;DENTES INTERNO 25 - EXTERNO 33, TRAVA EXTERNA, SEM ABS
43409;5;VECTRA;CÂMBIO MANUAL;1994...1996;1.8 / 2.0;DENTES INTERNO 25 - EXTERNO 33, TRAVA EXTERNA, SEM ABS
43410;5;AGILE;;2010...2014;1.4;DENTES INTERNO 21 - EXTERNO 22 - FÔNICA 48, TRAVA INTERNA, COM/SEM ABS
43411;5;CELTA;;2013...2015;1.0;DENTES INTERNO 21 - EXTERNO 22 - FÔNICA 48, TRAVA INTERNA, COM/SEM ABS
43412;12;CITY;;2009...2014;1.5 16V;DENTES INTERNO 22 - EXTERNO 26, TRAVA INTERNA, COM/SEM ABS
43413;12;FIT;;2009...2014;1.4 8V;DENTES INTERNO 22 - EXTERNO 26, TRAVA INTERNA, COM/SEM ABS
43414;12;FIT;;2009...2014;1.5 16V;DENTES INTERNO 22 - EXTERNO 26, TRAVA INTERNA, COM/SEM ABS
43415;12;WR-V;CÂMBIO AUTOMÁTICO;2017...;1.5;DENTES INTERNO 30 - EXTERNO 26, TRAVA INTERNA
43416;12;CIVIC;CÂMBIO AUTOMÁTICO;2012...2016;1.8;DENTES INTERNO 24 - EXTERNO 26
43420;21;MEGANE;;2001...2012;2.0 16V;COM EIXO GKN DENTES INTERNO 25 - EXTERNO 23, TRAVA EXTERNA, SEM ABS
43421;21;SCENIC;;2001...2012;2.0 16V;COM EIXO GKN DENTES INTERNO 25 - EXTERNO 23, TRAVA EXTERNA, SEM ABS
43422;24;COROLLA;CÂMBIO AUTOMÁTICO;2008...2011;1.8 16V;DENTES INTERNO 23 - EXTERNO 26 - FÔNICA 48, TRAVA CENTRAL, COM ABS
43423;24;COROLLA;CÂMBIO AUTOMÁTICO;2011...2017;2.0;DENTES INTERNO 24 - EXTERNO 26 - FÔNICA 48, TRAVA CENTRAL, COM ABS
43424;24;RAV4;4X4  - CÂMBIO AUTOMÁTICO;2000...2005;2.0;DENTES INTERNO 23 - EXTERNO 26, TRAVA CENTRAL, SEM ABS
43425;19;KICKS;CÂMBIO AUTOMÁTICO;2017...2019;1.6;DENTES INTERNO 29 - EXTERNO 25, TRAVA INTERNA
43426;13;HB20;;2012...;1.6;DENTES INTERNO 22 - EXTERNO 25 - FÔNICA 48, TRAVA CENTRAL, COM ABS
43427;13;SANTA FÉ;;2005...2010;2.7;DENTES INTERNO 36 - EXTERNO 30 - FÔNICA 52, TRAVA INTERNA, COM ABS
43428;13;VERA CRUZ;4X4  - CÂMBIO AUTOMÁTICO;2005...2010;3.8;DENTES INTERNO 36 - EXTERNO 30 - FÔNICA 52, TRAVA INTERNA, COM ABS
43429;13;HB20;CÂMBIO AUTOMÁTICO / MANUAL;2020...2022;1.6;DENTES INTERNOS 22 - EXTERNOS 25 - FÔNICA 48, COM ABS
43430;26;GOL;;1997...2012;1.0 MI - 8V/16V / POWER 16V;DENTES LADO RODA 22 - LADO CÂMBIO 28
43431;26;POLO;CÂMBIO AUTOMÁTICO;2018...2022;;
43432;26;T-CROSS;CÂMBIO AUTOMÁTICO;2020...2022;;DENTES LADO RODA 36 - LADO CÂMBIO 26
43433;26;VIRTUS;CÂMBIO AUTOMÁTICO;2018...2022;;
43435;5;ONIX;CÂMBIO MANUAL;2020...2023;1.0 TURBO;DENTES LADO RODA 33 - LADO CÂMBIO 22
43436;20;206;;2000...2005;1.0 16V;DENTES LADO RODA 21 - LADO CÂMBIO 24 - FÔNICA 48, COM ABS
43437;20;206;;2004...2010;1.4 16V;DENTES LADO RODA 21 - LADO CÂMBIO 24 - FÔNICA 48, COM ABS
43438;20;206;;2005...2009;1.4 8V;DENTES LADO RODA 21 - LADO CÂMBIO 24 - FÔNICA 48, COM ABS
43439;21;SANDERO;CÂMBIO MANUAL;2008...2013;1.6;DENTES LADO RODA 23 - LADO CÂMBIO 22
43441;18;L200;SPORT OUTDOOR (BOLINHA);2003...2011;2.5;DENTES LADO RODA 28 - LADO CÂMBIO 25
43444;7;C4 CACTUS;CÂMBIO AUTOMÁTICO;2018...;1.6;DENTES INTERNO 37 - EXTERNO 25
43445;7;JUMPY;CÂMBIO MANUAL;2018...;1.6 - DIESEL;DENTES LADO RODA 28 - LADO CÂMBIO 37
43446;10;ELBA;;1986...1996;1500 / 1600;DENTES INTERNO 20, Ø ROLAMENTO 32 MM
43447;10;FIORINO;;1988...1993;1300 / 1500 / 1600;DENTES INTERNO 20, Ø ROLAMENTO 32 MM
43448;10;FIORINO;;1994...;1300 / 1500;DENTES INTERNO 20, Ø ROLAMENTO 32 MM
43449;10;FIORINO;;1994...1995;1600;DENTES INTERNO 20, Ø ROLAMENTO 32 MM
43450;10;PREMIO;;11.1985...1995;1500 / 1600;DENTES INTERNO 20, Ø ROLAMENTO 32 MM
43451;10;TIPO;;1992...1997;1.6;DENTES INTERNO 20, Ø ROLAMENTO 32 MM
43452;10;UNO;;05.1992...1995;1.0;DENTES INTERNO 20, Ø ROLAMENTO 32 MM
43453;10;UNO;1.5 / 1.5R;1984...1996;;DENTES INTERNO 20, Ø ROLAMENTO 32 MM
43454;10;UNO;1.6 / 1.6R;1985...1996;;DENTES INTERNO 20, Ø ROLAMENTO 32 MM
43455;11;RANGER;4X2;2013...2019;2.2 / 3.2;DENTES INTERNO 27, Ø ROLAMENTO 46,8 MM
43456;11;RANGER;4X4;2013...2020;2.2 / 2.3;DENTES INTERNO 27, Ø ROLAMENTO 46,8 MM
43457;12;CIVIC;CÂMBIO AUTOMÁTICO;2001...2006;;DENTES INTERNO 22, Ø ROLAMENTO 39,85 MM
43458;17;ACTROS;SÉRIE 20;...;;COM BOLSA PNEUMÁTICA
43459;17;AXOR;SÉRIE 20;...;;COM BOLSA PNEUMÁTICA
43460;5;SPIN;TODOS OS MODELOS;2025...;;
43461;43;TIGGO 5X;;2018...;;
43462;43;TIGGO 7;(EXCETO PRO HYBRID PHEV);2018...;;
43463;18;ASX;CÂMBIO MANUAL;2011...2020;2.0;DENTES LADO RODA 28 - LADO CÂMBIO 24
43464;18;LANCER;CÂMBIO MANUAL;2011...2018;2.0;DENTES LADO RODA 28 - LADO CÂMBIO 24
43465;18;ASX;CÂMBIO MANUAL;2011...2020;2.0;DENTES LADO RODA 28 - LADO CÂMBIO 27
43466;18;LANCER;CÂMBIO MANUAL;2011...2018;2.0;DENTES LADO RODA 28 - LADO CÂMBIO 27
43467;11;KA;(EXCETO TRAIL E FREESTYLE);2014...2016;;SEM BARRA ESTABILIZADORA
43468;11;KA+;(EXCETO TRAIL E FREESTYLE);2014...2016;;SEM BARRA ESTABILIZADORA
43469;11;VERONA;TODOS OS MODELOS;1989...1996;;
43470;45;COMPASS;4X4;2016...2022;;
43471;26;13.150;;2000...2006;;CAMINHÃO 4X2 / 6X2
43472;26;13.180;E - CONSTELLATION;2006...20013;;CAMINHÃO 4X2 / 6X2
43473;26;14.220;;1991...11999;;CAMINHÃO 4X2 / 6X2
43474;26;15.180;E - CONSTELLATION;2006...2012;;CAMINHÃO 4X2 / 6X2
43475;26;17.190;E - CONSTELLATION ROBUST;2012...2023;;CAMINHÃO 4X2 / 6X2 EURO 5
43476;26;17.190;E - WORKER;2012...2019;;CAMINHÃO 4X2 / 6X2 EURO 5
43477;26;17.230;E - CONSTELLATION ROBUST;2015...2023;;CAMINHÃO 4X2 / 6X2 EURO 5
43478;26;17.230;WORKER;2014...2019;;CAMINHÃO 4X2 / 6X2 EURO 5
43479;26;17.280;E - CONSTELLATION;2012...2023;;CAMINHÃO 4X2 / 6X2 EURO 5
43480;26;17.330;E - CONSTELLATION;2012...2023;;CAMINHÃO 4X2 / 6X2 EURO 5
43481;26;23.230;CONSTELLATION ROBUST;2015...2023;;CAMINHÃO 4X2 / 6X2 EURO 5
43482;26;23.230;WORKER;2014...2019;;CAMINHÃO 4X2 / 6X2 EURO 5
43483;26;24.250;E - CONSTELLATION;2006...2013;;CAMINHÃO 4X2 - DIST. ENTRE EIXO 4340 / 4800 / 5207 MM
43484;26;24.280;;2013...2019;;CAMINHÃO 4X2 / 6X2 EURO 5
43485;26;24.280;E - CONSTELLATION;2012...2023;;CAMINHÃO 4X2 / 6X2 EURO 5
43486;26;24.330;E - CONSTELLATION;2011...2023;;CAMINHÃO 4X2 / 6X2 EURO 5
43487;11;CARGO 1722;4x2;2009...2010;5.9 TURBO - DIESEL;
43488;11;CARGO 1722;E- 4x2;2009...2010;5.9 TURBO - DIESEL;
43489;11;CARGO 4432;E;2003...2006;;
43490;11;CARGO 4532;E;2003...2006;;
43491;11;BELINA II;;08.1989...04.1991;1.8 MOTOR AP;DENTES INTERNO 33
43492;11;DEL REY;;08.1989...04.1991;1.6 / 1.8 - MOTOR AE;DENTES INTERNO 33
43493;11;ESCORT;;05.1989...1992;1.8;DENTES INTERNO 33
43494;11;ESCORT;;12.1992...1996;1.6 MOTOR AP;DENTES INTERNO 33
43495;11;ESCORT;HOBBY;08.1993...05.1996;1.0 / 1.6;DENTES INTERNO 33
43496;11;PAMPA;4X2;08.1989...1997;1.8;DENTES INTERNO 33
43497;11;ROYALE;CÂMBIO MANUAL;02.1992...11.1992;1.8 / 2.0;DENTES INTERNO 33
43498;11;SCALA;;08.1989...04.1991;1.8 MOTOR AP;DENTES INTERNO 33
43499;11;VERONA;;1990...1993;1.8 MOTOR AP (MOD ANTIGO);DENTES INTERNO 33
43500;11;VERSAILLES;CÂMBIO MANUAL;06.1991...11.1992;1.8 / 2.0;DENTES INTERNO 33
43501;26;APOLLO;;1990...1992;1.8;DENTES INTERNO 33
43502;26;GOL;;05.1980...08.1986;1.3;DENTES INTERNO 33
43503;26;GOL;;10.1992...;1.0 8V;DENTES INTERNO 33
43504;26;GOL;;1982...;1.6 / 1.8;DENTES INTERNO 33
43505;26;GOL;;1997...2012;1.0 MI - 8V/16V / POWER 16V;DENTES INTERNO 33
43506;26;LOGUS;;1992...1996;1.6 MOTOR AE;DENTES INTERNO 33
43507;26;PARATI;;1982...;1.6 / 1.8;DENTES INTERNO 33
43508;26;PARATI;;1982...;1.8;DENTES INTERNO 33
43509;26;PARATI;;1988...1995;2.0 8V;DENTES INTERNO 33
43510;26;PASSAT;;1975...1986;1.5 / 1.6;DENTES INTERNO 33
43511;26;PASSAT;;1987...1988;1.6 / 1.8;DENTES INTERNO 33
43512;26;QUANTUM;CÂMBIO MANUAL;1986...1992;1.8 / 2.0;DENTES INTERNO 33
43513;26;SANTANA;CÂMBIO MANUAL;1984...1992;1.8 / 2.0;DENTES INTERNO 33
43514;26;SAVEIRO;;1980...1986;1.3 / 1.6;DENTES INTERNO 33
43515;26;SAVEIRO;;1987...1995;1.6 / 1.8 / 2.0;DENTES INTERNO 33
43516;26;VOYAGE;;08.1981...1986;1.5;DENTES INTERNO 33
43517;26;VOYAGE;;1987...1996;1.6 / 1.8;DENTES INTERNO 33
43518;26;KOMBI;TODOS OS MODELOS;1978...1997;;DENTES INTERNO 33
43519;10;DOBLO;ADVENTURE;2011...;1.8 16V - E-TORQ;COM EIXO GKNDENTES INTERNO 25
43520;10;IDEA;ADVENTURE;2011...;1.6 /1.8 16V - E-TORQ;COM EIXO GKNDENTES INTERNO 25
43521;10;PALIO WEEKEND;;2011...;1.8 16V - E-TORQ;COM EIXO GKNDENTES INTERNO 25
43522;10;STRADA;ADVENTURE;2011...;ETORQ 1.6 / 1.8 16V;COM EIXO GKNDENTES INTERNO 25
43523;11;KA;CÂMBIO MANUAL;2014...;1.5;DENTES INTERNO 19 - EXTERNO 23
43524;12;HR-V;CÂMBIO AUTOMÁTICO;2015...;1.8;DENTES INTERNO 24 - EXTERNO 25
43525;13;HB20;;2012...;1.0;DENTES INTERNO 20 - EXTERNO 25
43526;26;FOX;;2004...2013;1.6 8V;DENTES INTERNO 24 - EXTERNO 22, TRAVA CENTRAL, SEM ABS
43527;26;GOL;G5 / G6 / G7;2008...;1.6 8V;DENTES INTERNO 24 - EXTERNO 22, TRAVA CENTRAL, SEM ABS
43528;26;SAVEIRO;G5 / G6 / G7;2009...;1.6;DENTES INTERNO 24 - EXTERNO 22, TRAVA CENTRAL, SEM ABS
43529;26;VOYAGE;G5 / G6 / G7;2008...;1.6;DENTES INTERNO 24 - EXTERNO 22, TRAVA CENTRAL, SEM ABS
43530;11;ROYALE;CÂMBIO AUTOMÁTICO / MANUAL;12.1992...1996;1.8 / 2.0;DENTES INTERNO 30 - EXTERNO 22 - FÔNICA 43, TRAVA INTERNA, COM ABS
43531;11;VERSAILLES;CÂMBIO AUTOMÁTICO / MANUAL;12.1992...1996;1.8 / 2.0;DENTES INTERNO 30 - EXTERNO 22 - FÔNICA 43, TRAVA INTERNA, COM ABS
43532;26;GOL;;10.1994...;2.0 8V;DENTES INTERNO 30 - EXTERNO 22 - FÔNICA 43, TRAVA INTERNA, COM ABS
43533;26;PARATI;;1996...;2.0 8V;DENTES INTERNO 30 - EXTERNO 22 - FÔNICA 43, TRAVA INTERNA, COM ABS
43534;26;QUANTUM;CÂMBIO AUTOMÁTICO / MANUAL;12.1992...2002;1.8 / 2.0;DENTES INTERNO 30 - EXTERNO 22 - FÔNICA 43, TRAVA INTERNA, COM ABS
43535;26;SANTANA;CÂMBIO AUTOMÁTICO / MANUAL;12.1992...2006;1.8 / 2.0;DENTES INTERNO 30 - EXTERNO 22 - FÔNICA 43, TRAVA INTERNA, COM ABS
43536;26;GOLF;;1994...1998;1.8 8V / 2.0 8V / 2.0 GTI;DENTES INTERNO 30 - EXTERNO 22, TRAVA INTERNA
43537;26;POLO CLASSIC;;1997...2002;;DENTES INTERNO 30 - EXTERNO 22, TRAVA INTERNA
43538;10;IDEA;;2003...2014;1.4 8V FIRE;DENTES INTERNO 21 - EXTERNO 22, TRAVA CENTRAL, SEM ABS
43539;10;STRADA;;1998...2004;1.5 / 1.6;DENTES INTERNO 22 - EXTERNO 22, TRAVA EXTERNA, SEM ABS
43540;10;STRADA;;2000...2006;1.3 8V E 16V;DENTES INTERNO 22 - EXTERNO 22, TRAVA EXTERNA, SEM ABS
43541;10;PALIO;;2001...2014;1.0 / 1.3 - 8V / 16V FIRE;DENTES INTERNO 20 - EXTERNO 22, TRAVA EXTERNA, SEM ABS
43542;10;PALIO WEEKEND;;2001...2014;1.0 / 1.3 - 8V / 16V FIRE;DENTES INTERNO 20 - EXTERNO 22, TRAVA EXTERNA, SEM ABS
43543;10;SIENA;;2001...2014;1.0 / 1.3 - 8V / 16V FIRE;DENTES INTERNO 20 - EXTERNO 22, TRAVA EXTERNA, SEM ABS
43544;10;DOBLO;;2002...2010;1.8;DENTES INTERNO 24 - EXTERNO 25, TRAVA CENTRAL, SEM ABS
43545;10;IDEA;;2006...2010;1.8 8V;DENTES INTERNO 24 - EXTERNO 25, TRAVA CENTRAL, SEM ABS
43546;10;PALIO;;2002...2010;1.8 8V;DENTES INTERNO 24 - EXTERNO 25, TRAVA CENTRAL, SEM ABS
43547;10;PALIO WEEKEND;;2003...2010;1.8 8V;DENTES INTERNO 24 - EXTERNO 25, TRAVA CENTRAL, SEM ABS
43548;10;SIENA;;2002...2010;1.8 8V;DENTES INTERNO 24 - EXTERNO 25, TRAVA CENTRAL, SEM ABS
43549;10;STRADA;;2002...2010;1.8 8V;DENTES INTERNO 24 - EXTERNO 25, TRAVA CENTRAL, SEM ABS
43550;10;DOBLO;;2005...2012;1.4 8V;COM EIXO GKN DENTES INTERNO 22 - EXTERNO 22, TRAVA CENTRAL, SEM ABS
43551;10;PALIO;;2005...2014;1.4 8V;COM EIXO GKN DENTES INTERNO 22 - EXTERNO 22, TRAVA CENTRAL, SEM ABS
43552;10;PALIO WEEKEND;;2005...2010;1.4 8V;COM EIXO GKN DENTES INTERNO 22 - EXTERNO 22, TRAVA CENTRAL, SEM ABS
43553;10;SIENA;;2005...2014;1.4 8V;COM EIXO GKN DENTES INTERNO 22 - EXTERNO 22, TRAVA CENTRAL, SEM ABS
43554;10;STRADA;;2005...2010;1.4 8V;COM EIXO GKN DENTES INTERNO 22 - EXTERNO 22, TRAVA CENTRAL, SEM ABS
43555;10;DUCATO;;2008...;;"ARO 15"" DENTES INTERNO 27 - EXTERNO 28 - FÔNICA 54, TRAVA INTERNA, COM/SEM ABS"
43556;5;CELTA;;2000...2012;1.0;DENTES INTERNO 28 - EXTERNO 22, TRAVA EXTERNA, SEM ABS
43557;5;CELTA;;2004...2012;1.4;DENTES INTERNO 28 - EXTERNO 22, TRAVA EXTERNA, SEM ABS
43558;5;CORSA;;1994...2012;1.0 / 1.4 / 1.6;(EXCETO EIXO DHB) DENTES INTERNO 28 - EXTERNO 22, TRAVA EXTERNA, SEM ABS
43559;5;CORSA;PICK-UP;1994...2012;1.6;DENTES INTERNO 28 - EXTERNO 22, TRAVA EXTERNA, SEM ABS
43560;5;PRISMA;;2007...2012;1.4;DENTES INTERNO 28 - EXTERNO 22, TRAVA EXTERNA, SEM ABS
43561;11;ESCORT;;1993...1996;1.8 / 2.0;DENTES INTERNO 30 - EXTERNO 25, TRAVA INTERNA, SEM ABS
43562;11;VERONA;;10.1993...1997;1.8 / 2.0;DENTES INTERNO 30 - EXTERNO 25, TRAVA INTERNA, SEM ABS
43563;26;LOGUS;;1993...1997;1.8 / 2.0;DENTES INTERNO 30 - EXTERNO 25, TRAVA INTERNA, SEM ABS
43564;26;POINTER;;1993...1996;1.8 / 2.0;DENTES INTERNO 30 - EXTERNO 25, TRAVA INTERNA, SEM ABS
43565;11;BELINA;;1971...1999;;DENTES INTERNO 30 - EXTERNO 24, TRAVA EXTERNA, SEM ABS
43566;11;CORCEL;;1971...1999;;DENTES INTERNO 30 - EXTERNO 24, TRAVA EXTERNA, SEM ABS
43567;11;DEL REY;;1971...1999;;DENTES INTERNO 30 - EXTERNO 24, TRAVA EXTERNA, SEM ABS
43568;11;PAMPA;4X2;1971...1999;;DENTES INTERNO 30 - EXTERNO 24, TRAVA EXTERNA, SEM ABS
43569;11;PAMPA;4X4;1983...1997;;DENTES INTERNO 30 - EXTERNO 24, TRAVA EXTERNA, SEM ABS
43570;11;SCALA;;1981...1989;1.6;DENTES INTERNO 30 - EXTERNO 24, TRAVA EXTERNA, SEM ABS
43571;20;208;CÂMBIO AUTOMÁTICO;2014...;1.6;DENTES INTERNO 29 - EXTERNO 25, TRAVA CENTRAL
43572;21;DUSTER;CÂMBIO MANUAL;2012...2020;1.6;DENTES INTERNO 33 - EXTERNO 25, TRAVA INTERNA, COM ABS
43573;17;1632;L;2001...2009;;
43574;17;ATRON 1634;S / L;...;;
43575;34;TX 1200;TODOS OS MODELOS;1986...1987;;DIANTEIRA / TRASEIRA
43576;34;TX 1600;TODOS OS MODELOS;1986...1994;;DIANTEIRA / TRASEIRA
43577;34;TX 1800;TODOS OS MODELOS;1991...1998;;DIANTEIRA / TRASEIRA
43578;5;TRACKER;CÂMBIO AUTOMÁTICO;2014...2016;1.8;DENTES LADO RODA 25 - LADO CÂMBIO 34
43579;5;TRACKER;CÂMBIO AUTOMÁTICO;2014...2016;1.8;DENTES LADO RODA 25 - LADO CÂMBIO 27
43580;5;D-10;TODOS OS MODELOS;1981...1988;;
43581;26;AMAROK;;2011...2025;;
43582;11;RANGER;;2013...2022;;
43583;18;L200;TRITON;2008...2021;;
43584;13;AZERA;;2005...2011;;
43585;7;C3;;2024...;;
43586;10;DUCATO;;2018...2021;;
43587;11;FOCUS;2ª GERAÇÃO;2008...2013;;
43588;11;FOCUS;3ª GERAÇÃO;2014...;;
43589;32;V40;;2016...2019;;
43590;32;V40;CROSS COUNTRY;2013...2015;;
43591;17;ATEGO 2430;6X2;2021...2025;;CAMINHÃO
43592;26;VOYAGE;G5 / G6 / G7;2008...;;
43593;11;ROYALE;CÂMBIO AUTOMÁTICO / MANUAL;12.1992...1996;1.8 / 2.0;DENTES INTERNO 30 - EXTERNO 22, TRAVA INTERNA, SEM ABS
43594;11;VERSAILLES;CÂMBIO AUTOMÁTICO / MANUAL;12.1992...1996;1.8 / 2.0;DENTES INTERNO 30 - EXTERNO 22, TRAVA INTERNA, SEM ABS
43595;26;GOL;;10.1994...;2.0 8V;DENTES INTERNO 30 - EXTERNO 22, TRAVA INTERNA, SEM ABS
43596;26;GOL;;2000...2006;1.0 TURBO;DENTES INTERNO 30 - EXTERNO 22, TRAVA INTERNA, SEM ABS
43597;26;PARATI;;1996...;2.0 8V;DENTES INTERNO 30 - EXTERNO 22, TRAVA INTERNA, SEM ABS
43598;26;PARATI;;2000...2006;1.0 TURBO;DENTES INTERNO 30 - EXTERNO 22, TRAVA INTERNA, SEM ABS
43599;26;QUANTUM;CÂMBIO AUTOMÁTICO / MANUAL;12.1992...2002;1.8 / 2.0;DENTES INTERNO 30 - EXTERNO 22, TRAVA INTERNA, SEM ABS
43600;26;SANTANA;CÂMBIO AUTOMÁTICO / MANUAL;12.1992...2006;1.8 / 2.0;DENTES INTERNO 30 - EXTERNO 22, TRAVA INTERNA, SEM ABS
43601;26;SAVEIRO;;1996...;2.0;DENTES INTERNO 30 - EXTERNO 22, TRAVA INTERNA, SEM ABS
43602;10;LINEA;;2008...2013;1.9;DENTES INTERNO 24 - EXTERNO 25, TRAVA CENTRAL, COM/SEM ABS
43603;10;PUNTO;HLX;2007...2010;1.8;DENTES INTERNO 24 - EXTERNO 25, TRAVA CENTRAL, COM/SEM ABS
43604;10;PALIO;;1996...2000;1.0 / 1.3;DENTES INTERNO 20 - EXTERNO 22, TRAVA EXTERNA, SEM ABS
43605;10;PALIO WEEKEND;;1996...2000;1.0;DENTES INTERNO 20 - EXTERNO 22, TRAVA EXTERNA, SEM ABS
43606;10;SIENA;;1999...2000;1.0;COM CÂMBIO 6 MARCHAS DENTES INTERNO 20 - EXTERNO 22, TRAVA EXTERNA, SEM ABS
43607;10;UNO;MILLE / FIRE;1996...;;DENTES INTERNO 20 - EXTERNO 22, TRAVA EXTERNA, SEM ABS
43608;5;CORSA;;1994...2012;1.0 / 1.4 / 1.6;DENTES INTERNO 22 - EXTERNO 22, TRAVA EXTERNA, SEM ABS
43609;5;CORSA;PICK-UP;1994...2012;1.6;DENTES INTERNO 22 - EXTERNO 22, TRAVA EXTERNA, SEM ABS
43610;26;SAVEIRO;G5 / G6 / G7 - TODOS OS MODELOS;2009...;;
43611;21;LOGAN;CÂMBIO MANUAL;2008...2012;1.0;DENTES LADO RODA 21 - LADO CÂMBIO 30
43612;21;SANDERO;CÂMBIO MANUAL;2008...2012;1.0;DENTES LADO RODA 21 - LADO CÂMBIO 30
43613;5;ONIX;CÂMBIO MANUAL;2013...2019;1.0;DENTES INTERNO 19, Ø ROLAMENTO 32,1 MM
43614;5;PRISMA;CÂMBIO MANUAL;2013...2019;1.0;DENTES INTERNO 19, Ø ROLAMENTO 32,1 MM
43615;21;LOGAN;CÂMBIO MANUAL;2008...2012;1.0;DENTES INTERNO 30, Ø ROLAMENTO 29,95 MM
43616;21;SANDERO;CÂMBIO MANUAL;2008...2012;1.0;DENTES INTERNO 30, Ø ROLAMENTO 29,95 MM
43617;24;HILUX;SRV TURBO DIESEL;2006...;;DENTES INTERNO 29, Ø ROLAMENTO 48,3 MM
43618;24;HILUX;SW 3.0 TURBO DIESEL;2005...;;DENTES INTERNO 29, Ø ROLAMENTO 48,3 MM
43619;24;HILUX;SW4 2.5 TURBO DIESEL;2005...;;DENTES INTERNO 29, Ø ROLAMENTO 48,3 MM
43620;4;A1;SPORTBACK;2013...2018;...;
43621;4;A1;TFSI;2011...2018;...;
43622;26;TERA;...;2025...;...;
43623;26;SPACE CROSS;...;2011...;...;
43626;26;TERA;;2025...;1.0 12V;
43627;104;E-PACE;X540;2017...;2.0;
43628;16;DISCOVERY;SPORT;2018...;2.0;
43629;16;EVOQUE;;2020...;1.5 / 2.0;
43630;26;GOLF;MK7 - (7ª GERAÇÃO) TODOS OS MODELOS;2014...2019;;
43631;12;CITY;HATCH / SEDAN;2022...;;
43632;21;CAPTUR;;2017...;1.6 / 2.0 / 1.3 TURBO;
43633;21;DUSTER;;2022...;1.6 / 2.0 / 1.3 TURBO;
43634;21;KWID;;2024...;;
43635;135;SONG PLUS;DM-I;2023...;;
43636;135;DOLPHIN;;2023...;;
43637;26;GOL;3ª GERAÇÃO / 4ª GERAÇÃO;2000...;;COM LIMPADOR TRASEIRO
43638;10;500;;2010...;1.4 - 16V;DENTES INTERNO 21, Ø ROLAMENTO 32 MM
43639;10;CRONOS;1.3 / 1.3 DRIVE GSR;2018...;1.3;DENTES INTERNO 21, Ø ROLAMENTO 32 MM
43640;10;DOBLO;;2001...2005;1.6 16V;DENTES INTERNO 21, Ø ROLAMENTO 32 MM
43641;10;DOBLO;;2003...2006;1.3 16V - FIRE;DENTES INTERNO 21, Ø ROLAMENTO 32 MM
43642;10;DOBLO;;2005...2012;1.4 8V;COM EIXO GKN DENTES INTERNO 21, Ø ROLAMENTO 32 MM
43643;10;FIORINO;;2011...;1.4 8V;DENTES INTERNO 21, Ø ROLAMENTO 32 MM
43644;10;GRAND SIENA;;2012...;1.4 8V;DENTES INTERNO 21, Ø ROLAMENTO 32 MM
43645;10;IDEA;;2003...;1.4  8V;DENTES INTERNO 21, Ø ROLAMENTO 32 MM
43646;10;PALIO;;2005...2014;1.4 8V;DENTES INTERNO 21, Ø ROLAMENTO 32 MM
43647;10;PALIO;;2012...;1.0 / 1.4 8V;DENTES INTERNO 21, Ø ROLAMENTO 32 MM
43648;10;PALIO WEEKEND;;2005...2010;1.4 8V;COM EIXO GKN DENTES INTERNO 21, Ø ROLAMENTO 32 MM
43649;10;SIENA;;2005...2014;1.4 8V;DENTES INTERNO 21, Ø ROLAMENTO 32 MM
43650;10;STRADA;;2013...;1.4 8V;DENTES INTERNO 21, Ø ROLAMENTO 32 MM
43651;10;UNO;;2010...;1.0 / 1.4 - 8V;COM EIXO GKN DENTES INTERNO 21, Ø ROLAMENTO 32 MM
43652;5;ONIX PLUS;;2019...;1.0 12V TURBO;
43654;27;X1;;2006...2015;;1 COIFA  / 1 BATENTE / 1 INSERTO
43655;12;CITY;;2022...;;
43656;13;SANTA FÉ;;2007...2011;;
43657;135;SONG PLUS;DM-I;2023...;HÍBRIDO;
43658;10;FASTBACK;;2023...;;1 BATENTE / 1 COIFA / 1 COXIM COM ROLAMENTO
43659;19;SENTRA;;2014...2020;;1 BATENTE / 1 COIFA / 1 COXIM COM ROLAMENTO
43660;26;NIVUS;;2020...;;36 DENTES, Ø 41,5MM, 5 FUROS
43661;26;POLO;;2017...;;36 DENTES, Ø 41,5MM, 5 FUROS
43662;26;T-CROSS;;2019...;;36 DENTES, Ø 41,5MM, 5 FUROS
43663;26;VIRTUS;;2017...;;36 DENTES, Ø 41,5MM, 5 FUROS
43664;18;PAJERO;DAKAR;2010...2016;;4X4
43665;13;HB20;1º GERAÇÃO;2012...2019;1.0 / 1.6;4 FUROS
43666;13;HB20;;2012...2019;1.0 / 1.6;25 DENTES, 4 FUROS
43667;26;KOMBI;;1998...;1.4 / 1.6;DENTES INTERNO 33
43668;4;A3;CÂMBIO MANUAL;1999...2006;1.6 / 1.8;DENTES INTERNO 33
43669;10;TEMPRA;;1992...1999;2.0;DENTES INTERNO 25
43670;10;TEMPRA;;1992...1999;2.0 8V / 16V;DENTES INTERNO 25
43671;10;TIPO;;1992...1997;2.0;DENTES INTERNO 25
43672;10;BRAVA;;2000...2003;1.8;DENTES INTERNO 25
43673;10;MAREA;(EXCETO TURBO);1998...2004;1.8 16V;DENTES INTERNO 25
43674;10;MAREA WEEKEND;(EXCETO TURBO);1998...2006;1.8;DENTES INTERNO 25
43675;10;STILO;;2002...2006;1.8;DENTES INTERNO 25
43676;5;MONTANA;CÂMBIO AUTOMÁTICO;2023...;1.2 TURBO;DENTES INTERNOS 29 - EXTERNOS 22
43677;11;ROYALE;CÂMBIO MANUAL;02.1992...11.1992;1.8 / 2.0;DENTES INTERNO 30 - EXTERNO 22, TRAVA INTERNA, SEM ABS
43678;11;VERSAILLES;CÂMBIO MANUAL;06.1991...11.1992;1.8 / 2.0;DENTES INTERNO 30 - EXTERNO 22, TRAVA INTERNA, SEM ABS
43679;26;FOX;;2004...2008;1.0;DENTES INTERNO 30 - EXTERNO 22, TRAVA INTERNA, SEM ABS
43680;26;GOL;;10.1992...;1.0 8V;DENTES INTERNO 30 - EXTERNO 22, TRAVA INTERNA, SEM ABS
43681;26;GOL;;1982...;1.6 / 1.8;DENTES INTERNO 30 - EXTERNO 22, TRAVA INTERNA, SEM ABS
43682;26;GOL;MI / POWER;1997...2012;1.0 8V / 16V;DENTES INTERNO 30 - EXTERNO 22, TRAVA INTERNA, SEM ABS
43683;26;PARATI;;1982...;1.8;DENTES INTERNO 30 - EXTERNO 22, TRAVA INTERNA, SEM ABS
43684;26;PARATI;;1986...;1.6;DENTES INTERNO 30 - EXTERNO 22, TRAVA INTERNA, SEM ABS
43685;26;PARATI;;1988...1995;2.0 8V;DENTES INTERNO 30 - EXTERNO 22, TRAVA INTERNA, SEM ABS
43686;26;PASSAT;;1987...1988;1.6 / 1.8;DENTES INTERNO 30 - EXTERNO 22, TRAVA INTERNA, SEM ABS
43687;26;QUANTUM;CÂMBIO MANUAL;1986...1992;1.8 / 2.0;DENTES INTERNO 30 - EXTERNO 22, TRAVA INTERNA, SEM ABS
43688;26;SANTANA;CÂMBIO MANUAL;1984...1992;1.8 / 2.0;DENTES INTERNO 30 - EXTERNO 22, TRAVA INTERNA, SEM ABS
43689;26;SAVEIRO;;1987...1995;1.6 / 1.8 / 2.0;DENTES INTERNO 30 - EXTERNO 22, TRAVA INTERNA, SEM ABS
43690;26;VOYAGE;;1987...1996;1.6 / 1.8;DENTES INTERNO 30 - EXTERNO 22, TRAVA INTERNA, SEM ABS
43691;10;ELBA;;1986...1989;1300;DENTES INTERNO 20 - EXTERNO 22, TRAVA EXTERNA, SEM ABS
43692;10;ELBA;;1986...1996;1500 / 1600;DENTES INTERNO 20 - EXTERNO 22, TRAVA EXTERNA, SEM ABS
43693;10;FIORINO;;09.1984...1987;1300 / 1500;DENTES INTERNO 20 - EXTERNO 22, TRAVA EXTERNA, SEM ABS
43694;10;FIORINO;;1980...1984;1300 / 1500;DENTES INTERNO 20 - EXTERNO 22, TRAVA EXTERNA, SEM ABS
43695;10;FIORINO;;1988...1993;1300 / 1500 / 1600;DENTES INTERNO 20 - EXTERNO 22, TRAVA EXTERNA, SEM ABS
43696;10;PREMIO;;11.1985...1991;1300;DENTES INTERNO 20 - EXTERNO 22, TRAVA EXTERNA, SEM ABS
43697;10;PREMIO;;11.1985...1995;1500 / 1600;DENTES INTERNO 20 - EXTERNO 22, TRAVA EXTERNA, SEM ABS
43698;10;UNO;;05.1992...1995;1.0;DENTES INTERNO 20 - EXTERNO 22, TRAVA EXTERNA, SEM ABS
43699;10;UNO;;11.1985...1996;1050 / 1300;DENTES INTERNO 20 - EXTERNO 22, TRAVA EXTERNA, SEM ABS
43700;10;UNO;;1984...1996;1.5 / 1.5R;DENTES INTERNO 20 - EXTERNO 22, TRAVA EXTERNA, SEM ABS
43701;10;UNO;;1985...1996;1.6 / 1.6R;DENTES INTERNO 20 - EXTERNO 22, TRAVA EXTERNA, SEM ABS
43702;10;UNO;;1991...1992;1.0;DENTES INTERNO 20 - EXTERNO 22, TRAVA EXTERNA, SEM ABS
43703;10;PALIO;;1996...2000;1.5 / 1.6;DENTES INTERNO 22 - EXTERNO 22, TRAVA EXTERNA, SEM ABS
43704;10;PALIO WEEKEND;;1996...2000;1.5 / 1.6;DENTES INTERNO 22 - EXTERNO 22, TRAVA EXTERNA, SEM ABS
43705;10;SIENA;;1996...2000;1.5 / 1.6;DENTES INTERNO 22 - EXTERNO 22, TRAVA EXTERNA, SEM ABS
43706;5;ONIX;CÂMBIO MANUAL;2013...2017;1.0;DENTES INTERNO 20 - EXTERNO 25, TRAVA CENTRAL
43707;5;PRISMA;CÂMBIO MANUAL;2013...2017;1.0;DENTES INTERNO 20 - EXTERNO 25, TRAVA CENTRAL
43708;11;BELINA;;1989...1991;1.8 AP;DENTES INTERNO 30 - EXTERNO 24, TRAVA INTERNA, SEM ABS
43709;11;DEL REY;;1989...1991;1.6 / 1.8 AP;DENTES INTERNO 30 - EXTERNO 24, TRAVA INTERNA, SEM ABS
43710;11;PAMPA;4X2;09.1989...1997;1.8 AP;DENTES INTERNO 30 - EXTERNO 24, TRAVA INTERNA, SEM ABS
43711;11;SCALA;;1989...1997;1.8 AP;DENTES INTERNO 30 - EXTERNO 24, TRAVA INTERNA, SEM ABS
43712;12;FIT;CÂMBIO AUTOMÁTICO;2015...;1.5;DENTES INTERNO 30 - EXTERNO 26, TRAVA INTERNA
43713;24;HILUX;SRV;2006...2015;TURBO DIESEL;DENTES INTERNO 29 - EXTERNO 30, TRAVA CENTRAL
43714;24;HILUX;SW;2005...2015;3.0 TURBO DIESEL;DENTES INTERNO 29 - EXTERNO 30, TRAVA CENTRAL
43715;24;HILUX;SW4;2005...2015;2.5 TURBO DIESEL;DENTES INTERNO 29 - EXTERNO 30, TRAVA CENTRAL
43716;26;KOMBI;1.4;1978...;;DENTES LADO CÂMBIO 33, SEM ABS
43717;26;KOMBI;1.6;1978...;;DENTES LADO CÂMBIO 33, SEM ABS
43718;26;POLO;CÂMBIO AUTOMÁTICO;2018...2022;1.0;TSI 26 DENTES INTENOS / 36 DENTES EXTERNOS
43719;26;POLO;CÂMBIO AUTOMÁTICO;2018...2022;1.6;MSI 26 DENTES INTENOS / 36 DENTES EXTERNOS
43720;26;VIRTUS;CÂMBIO AUTOMÁTICO;2018...2022;1.0;TSI 26 DENTES INTENOS / 36 DENTES EXTERNOS
43721;26;VIRTUS;CÂMBIO AUTOMÁTICO;2018...2022;1.6;MSI 26 DENTES INTENOS / 36 DENTES EXTERNOS
43722;12;HR-V;;...;1.8;DENTES LADO RODA 30 - LADO CÂMBIO 25
43723;26;GOLF;2.0   - CÂMBIO AUTOMÁTICO;...;;DENTES INTERNO 30, Ø ROLAMENTO 39,3 MM
43724;26;PASSAT;ALEMÃO;...;;DENTES INTERNO 30, Ø ROLAMENTO 39,3 MM
43725;18;L200;SPORT OUTDOOR 4X4  - CÂMBIO MANUAL;2003...2011;2.5;DENTES INTERNO 25, Ø ROLAMENTO 37,1 MM
43726;5;ONIX;CÂMBIO MANUAL;2013...2019;1.4;NÃO MONTA NOS SEMIEIXOS - 52.036.357/358DENTES INTERNO 22 - EXTERNO 25, TRAVA CENTRAL
43727;5;PRISMA;CÂMBIO MANUAL;2013...2019;1.4;NÃO MONTA NOS SEMIEIXOS - 52.036.357/358DENTES INTERNO 22 - EXTERNO 25, TRAVA CENTRAL
43728;11;ESCORT;;05.1989...1992;1.8;DENTES INTERNO 30 - EXTERNO 23, TRAVA INTERNA, SEM ABS
43729;11;ESCORT;HOBBY;08.1993...05.1996;1.0 / 1.6;DENTES INTERNO 30 - EXTERNO 23, TRAVA INTERNA, SEM ABS
43730;11;VERONA;;1990...1993;1.8;MOTOR AP (MOD. ANTIGO) DENTES INTERNO 30 - EXTERNO 23, TRAVA INTERNA, SEM ABS
43731;26;APOLLO;;1990...1992;1.8;DENTES INTERNO 30 - EXTERNO 23, TRAVA INTERNA, SEM ABS
43732;11;COURIER;;1997...;1.4;DENTES INTERNO 22 - EXTERNO 25, TRAVA EXTERNA, SEM ABS
43733;11;ESCORT;;1997...2003;1.6 / 1.8 ZETEC;DENTES INTERNO 22 - EXTERNO 25, TRAVA EXTERNA, SEM ABS
43734;11;FIESTA;;1996...2006;1.4 / 1.8;DENTES INTERNO 22 - EXTERNO 25, TRAVA EXTERNA, SEM ABS
43735;13;HB20;CÂMBIO MANUAL;2020...2022;1.6;DENTES INTERNO 25 - EXTERNO 25 - FÔNICA 48, COM ABS
43738;26;FOX;;2008...2020;1.0;DENTES INTERNO 22 - EXTERNO 22, TRAVA CENTRAL
43739;26;GOL;;2008...2020;1.0;DENTES INTERNO 22 - EXTERNO 22, TRAVA CENTRAL
43740;26;VOYAGE;;2008...2020;1.0;DENTES INTERNO 22 - EXTERNO 22, TRAVA CENTRAL
43741;17;DIVERSOS;;...;;
43742;21;DUSTER;;2011...2020;1.6 / 2.0 16V;
43743;21;OROCH;;2016...2021;;
43744;5;VECTRA;CÂMBIO MANUAL;1994...1996;1.8 / 2.0;DENTES INTERNO 25 - EXTERNO 33 - FÔNICA 29, TRAVA EXTERNA, COM ABS
43747;5;D-10;4X2;1981...1988;;
43748;5;VERANEIO;TODOS OS MODELOS;1981...1988;;
43749;43;TIGGO 2;;2016...2022;;
43750;11;ECOSPORT;4X2  - CÂMBIO MANUAL;2013...2017;2.0;DENTES LADO RODA 25 - LADO CÂMBIO 23, SEM ABS
43751;11;ECOSPORT;4X2  - CÂMBIO MANUAL;2013...2017;2.0;DENTES LADO RODA 25 - LADO CÂMBIO 23
43752;12;HR-V;;...;1.8;DENTES LADO RODA 30 - LADO CÂMBIO 27-2
43753;26;TERA;1.0;2026...;;
43754;43;CELER;;2013...2018;;
43755;5;AVEO;;2011...;;
43756;5;TRACKER;DIREÇÃO ELÉTRICA;2017...2020;1.4;
43757;15;SOUL;G2;2014...2019;1.6 16V;
43758;20;208;ALLURE;2023...;1.6;
43759;13;AZERA;;2012...2015;;
43760;13;GRAND SANTA FÉ;;2014...2019;3.3L 24V V6;7 LUGARES
43761;13;SANTA FÉ;;2013...2019;3.3L 24V V6;
43762;13;SONATA;;2012...2015;;
43763;15;OPTIMA;;2013...2017;2.0 / 2.4 16V;
43764;15;SOUL;G2;2015...2022;1.6L 16V;
43765;7;C3;;2023...;1.0;
43766;4;A3;;2006...2015;;SÉRIE 8P1
43767;4;A3;SPORTBACK;2006...2015;;8PA
43768;4;Q3;;2011...2019;;
43769;26;BORA;;2005...2010;;
43770;26;EOS;;2008...2012;;
43772;26;GOLF;VII;2014...2018;;5G1 / BE1
43773;26;GOLF VARIANT;VII;2014...2018;;5G1 / BE1
43774;26;JETTA;SÉRIE IV;1998...2009;;
43775;26;JETTA;SÉRIE V;2006...2010;;
43776;26;JETTA;SÉRIE VI;2011...2018;;
43778;26;PASSAT;;2005...;;SÉRIE 3C2
43779;26;PASSAT CC;;2009...2019;;
43781;26;T-CROSS;..;2019...;;
43782;26;TIGUAN;;2007...2017;;
43783;26;TIGUAN;ALLSPACE;2019...2021;;
43785;19;SENTRA;;2014...2019;;29 DENTES, 5 FUROS
43786;19;SENTRA;;2014...2019;;5 FUROS
43787;26;GOL;G6 / G7 (EXCETO RALLY / TRACK;2008...2015;;
43788;20;208;;2021...;1.0 / 1.6;
43789;7;C3;;2022...;1.0;
43793;24;COROLLA CROSS;HYBRID;2021...;;
43794;19;FRONTIER;TDI-SEL 4X4;2008...2019;2.5;DENTES INTERNO 35 - EXTERNO 27
43795;13;HB20;;2012...;1.6;DENTES INTERNO 22 - EXTERNO 25
43797;11;ESCORT;;1982...1992;1.3 / 1.6 MOTOR AE;DENTES INTERNO 22 - EXTERNO 23, TRAVA EXTERNA, SEM ABS
43798;11;VERONA;MODELO ANTIGO;1990...1992;1.6 MOTOR AE;DENTES INTERNO 22 - EXTERNO 23, TRAVA EXTERNA, SEM ABS
43799;11;RANGER;4X4;1998...1999;;DENTES INTERNO 34 - EXTERNO 27, TRAVA INTERNA, SEM ABS
43800;11;FUSION;CÂMBIO AUTOMÁTICO;2009...2012;3.0;DENTES INTERNO 33 - EXTERNO 28 - FÔNICA 44, TRAVA INTERNA, COM ABS
43801;12;CR-V;4X4   - CÂMBIO MANUAL;2009...2011;2.0 16V;DENTES INTERNO 32 - EXTERNO 30, TRAVA CENTRAL
43802;19;FRONTIER;TDI-SEL 4X4;2008...2019;2.5;DENTES INTERNO 36 - EXTERNO 29, TRAVA INTERNA
43803;13;AZERA;;2010...;3.0 V6;DENTES INTERNO 36 - EXTERNO 30 - FÔNICA 47, TRAVA INTERNA, COM ABS
43811;14;CITYCLASS;70C16;2009...;;
43812;14;CITYCLASS;70C17;2013...;;
43813;14;DAILY;III 60C15 DK / K / KK;2006...;;
43814;14;DAILY;III 60C18 DK / K / V/P / KK;2006...;;
43815;14;DAILY;III 65C15 D / P / V;2006...;;
43816;14;DAILY;III 65C18 V / V/P;2006...;;
43817;14;DAILY;CITY 30S13 2.3;2018...;2.3;
43818;32;B-12;R - 6X2 / 8X2;2010...;;COM MOLA
43819;32;B-290;R;2012...;;COM MOLA
43820;32;B-7;R;2010...;;COM MOLA
43821;32;B-9;R;2010...;;COM MOLA
43822;32;FH-12;SÉRIES;2009...2010;;COM MOLA
43823;32;FH-13;;2012...;;COM MOLA
43824;32;FH-12;;2011...;;COM MOLA
43825;34;MT 12.0;ISBE;09.2013...;;COM MOLA
43826;34;MT 15.0;LE / TCE;09.2013...;;COM MOLA
43827;34;MT 17.0;LE;09.2013...;;COM MOLA
43828;14;EUROCARGO;175 E24 / E27;1998...;;COM MOLA
43829;14;EUROCARGO;176 E30 / E34;1998...;;COM MOLA
43830;14;EUROCARGO;179 E24 / E27 / E30;1998...;;COM MOLA
43831;14;EUROTECH;MT 180 E24 / E27 / E30 / E34 (4X2);1992...1996;;COM MOLA
43832;14;EUROTECH;MT 190 E24 / E27 / E30 (4X2);1997...1998;;COM MOLA
43833;14;ZETA;79-13;11.1979...1983;;COM MOLA
43890;119;CENTROLINER N 4411;;10.1998...;;COM MOLA
43891;119;CENTROLINER N 4416;;10.1998...2001;;COM MOLA
43892;119;CENTROLINER N 4420;;01.1999...;;COM MOLA
43893;119;CENTROLINER N 4421;;01.1999...;;COM MOLA
43894;119;CENTROLINER N 4516;;10.1998...;;COM MOLA
43895;119;CENTROLINER N 4522;;05.2006...;;COM MOLA
43896;119;CENTROLINER N 4522;;10.1998...;;COM MOLA
43897;119;CITYLINER N 116;;09.1990...09.1993;;COM MOLA
43898;119;CITYLINER N 116/3;;09.2004...;;COM MOLA
43899;119;CITYLINER N 1216;HD;09.2006...;;COM MOLA
43900;119;EUROLINER N 3318/3;;07.1997...04.2002;;COM MOLA
43901;119;JETLINER N 208;;09.1990...;;COM MOLA
43902;119;JETLINER N 213;;09.1990...09.1992;;COM MOLA
43903;119;JETLINER N 214;;09.1990...;;COM MOLA
43904;119;JETLINER N 216;;09.1990...;;COM MOLA
43905;119;MEGALINER N 128/4;;1993...;;COM MOLA
43906;119;MEGASHUTTLE N 4032/4;;01.1994...;;COM MOLA
43907;119;SKYLINER N 122;;09.1990...09.1992;;COM MOLA
43908;38;K-124;EB 4X2 / 6X2 / 8X2;2000...;;COM MOLA
43909;38;K-124;EB 6X2;2000...;;COM MOLA
43910;38;K-124;EB 8X2;2000...;;COM MOLA
43911;38;K-230;4X2;2008...;;COM MOLA
43912;38;K-270;4X2;2008...;;COM MOLA
43913;38;K-340;4X2;2008...;;COM MOLA
43914;38;K-380;4X2 / 6X2;2008...;;COM MOLA
43915;38;K-420;4X2 / 6X2;2008...;;COM MOLA
43916;38;L-94;IB/UB;2000...;;COM MOLA
43917;38;P-340;(P,G,R);2007...;;COM MOLA
43918;34;MT 12.0;ISBE;09.2013...;;COM 1 KIT DE ACESSÓRIOS
43919;34;MT 15.0;LE / TCE;09.2013...;;COM 1 KIT DE ACESSÓRIOS
43920;34;MT 17.0;LE;09.2013...;;COM 1 KIT DE ACESSÓRIOS
43921;14;EUROCARGO;175 E24 / E27;1998...;;COM 1 KIT DE ACESSÓRIOS
43922;14;EUROCARGO;176 E30 / E34;1998...;;COM 1 KIT DE ACESSÓRIOS
43923;14;EUROCARGO;179 E24 / E27 / E30;1998...;;COM 1 KIT DE ACESSÓRIOS
43924;14;EUROTECH;MT 180 E24 / E27 / E30 / E34 (4X2);1992...1996;;COM 1 KIT DE ACESSÓRIOS
43925;14;EUROTECH;MT 190 E24 / E27 / E30 (4X2);1997...1998;;COM 1 KIT DE ACESSÓRIOS
43926;14;ZETA;79-13;11.1979...1983;;COM 1 KIT DE ACESSÓRIOS
43983;119;CENTROLINER N 4411;;10.1998...;;COM 1 KIT DE ACESSÓRIOS
43984;119;CENTROLINER N 4416;;10.1998...2001;;COM 1 KIT DE ACESSÓRIOS
43985;119;CENTROLINER N 4420;;01.1999...;;COM 1 KIT DE ACESSÓRIOS
43986;119;CENTROLINER N 4421;;01.1999...;;COM 1 KIT DE ACESSÓRIOS
43987;119;CENTROLINER N 4516;;10.1998...;;COM 1 KIT DE ACESSÓRIOS
43988;119;CENTROLINER N 4522;;05.2006...;;COM 1 KIT DE ACESSÓRIOS
43989;119;CENTROLINER N 4522;;10.1998...;;COM 1 KIT DE ACESSÓRIOS
43990;119;CITYLINER N 116;;09.1990...09.1993;;COM 1 KIT DE ACESSÓRIOS
43991;119;CITYLINER N 116/3;;09.2004...;;COM 1 KIT DE ACESSÓRIOS
43992;119;CITYLINER N 1216;HD;09.2006...;;COM 1 KIT DE ACESSÓRIOS
43993;119;EUROLINER N 3318/3;;07.1997...04.2002;;COM 1 KIT DE ACESSÓRIOS
43994;119;JETLINER N 208;;09.1990...;;COM 1 KIT DE ACESSÓRIOS
43995;119;JETLINER N 213;;09.1990...09.1992;;COM 1 KIT DE ACESSÓRIOS
43996;119;JETLINER N 214;;09.1990...;;COM 1 KIT DE ACESSÓRIOS
43997;119;JETLINER N 216;;09.1990...;;COM 1 KIT DE ACESSÓRIOS
43998;119;MEGALINER N 128/4;;1993...;;COM 1 KIT DE ACESSÓRIOS
43999;119;MEGASHUTTLE N 4032/4;;01.1994...;;COM 1 KIT DE ACESSÓRIOS
44000;119;SKYLINER N 122;;09.1990...09.1992;;COM 1 KIT DE ACESSÓRIOS
44001;38;K-124;EB 4X2 / 6X2 / 8X2;2000...;;COM 1 KIT DE ACESSÓRIOS
44002;38;K-124;EB 6X2;2000...;;COM 1 KIT DE ACESSÓRIOS
44003;38;K-124;EB 8X2;2000...;;COM 1 KIT DE ACESSÓRIOS
44004;38;K-230;4X2;2008...;;COM 1 KIT DE ACESSÓRIOS
44005;38;K-270;4X2;2008...;;COM 1 KIT DE ACESSÓRIOS
44006;38;K-340;4X2;2008...;;COM 1 KIT DE ACESSÓRIOS
44007;38;K-380;4X2 / 6X2;2008...;;COM 1 KIT DE ACESSÓRIOS
44008;38;K-420;4X2 / 6X2;2008...;;COM 1 KIT DE ACESSÓRIOS
44009;38;L-94;IB/UB;2000...;;COM 1 KIT DE ACESSÓRIOS
44010;38;P-340;(P,G,R);2007...;;COM 1 KIT DE ACESSÓRIOS
44011;34;MT 12.0;ISBE;09.2013...;;COM 2 KIT DE ACESSÓRIOS
44012;34;MT 15.0;LE / TCE;09.2013...;;COM 2 KIT DE ACESSÓRIOS
44013;34;MT 17.0;LE;09.2013...;;COM 2 KIT DE ACESSÓRIOS
44014;14;EUROCARGO;175 E24 / E27;1998...;;COM 2 KIT DE ACESSÓRIOS
44015;14;EUROCARGO;176 E30 / E34;1998...;;COM 2 KIT DE ACESSÓRIOS
44016;14;EUROCARGO;179 E24 / E27 / E30;1998...;;COM 2 KIT DE ACESSÓRIOS
44017;14;EUROTECH;MT 180 E24 / E27 / E30 / E34 (4X2);1992...1996;;COM 2 KIT DE ACESSÓRIOS
44018;14;EUROTECH;MT 190 E24 / E27 / E30 (4X2);1997...1998;;COM 2 KIT DE ACESSÓRIOS
44019;14;ZETA;79-13;11.1979...1983;;COM 2 KIT DE ACESSÓRIOS
44076;119;CENTROLINER N 4411;;10.1998...;;COM 2 KIT DE ACESSÓRIOS
44077;119;CENTROLINER N 4416;;10.1998...2001;;COM 2 KIT DE ACESSÓRIOS
44078;119;CENTROLINER N 4420;;01.1999...;;COM 2 KIT DE ACESSÓRIOS
44079;119;CENTROLINER N 4421;;01.1999...;;COM 2 KIT DE ACESSÓRIOS
44080;119;CENTROLINER N 4516;;10.1998...;;COM 2 KIT DE ACESSÓRIOS
44081;119;CENTROLINER N 4522;;05.2006...;;COM 2 KIT DE ACESSÓRIOS
44082;119;CENTROLINER N 4522;;10.1998...;;COM 2 KIT DE ACESSÓRIOS
44083;119;CITYLINER N 116;;09.1990...09.1993;;COM 2 KIT DE ACESSÓRIOS
44084;119;CITYLINER N 116/3;;09.2004...;;COM 2 KIT DE ACESSÓRIOS
44085;119;CITYLINER N 1216;HD;09.2006...;;COM 2 KIT DE ACESSÓRIOS
44086;119;EUROLINER N 3318/3;;07.1997...04.2002;;COM 2 KIT DE ACESSÓRIOS
44087;119;JETLINER N 208;;09.1990...;;COM 2 KIT DE ACESSÓRIOS
44088;119;JETLINER N 213;;09.1990...09.1992;;COM 2 KIT DE ACESSÓRIOS
44089;119;JETLINER N 214;;09.1990...;;COM 2 KIT DE ACESSÓRIOS
44090;119;JETLINER N 216;;09.1990...;;COM 2 KIT DE ACESSÓRIOS
44091;119;MEGALINER N 128/4;;1993...;;COM 2 KIT DE ACESSÓRIOS
44092;119;MEGASHUTTLE N 4032/4;;01.1994...;;COM 2 KIT DE ACESSÓRIOS
44093;119;SKYLINER N 122;;09.1990...09.1992;;COM 2 KIT DE ACESSÓRIOS
44094;38;K-124;EB 4X2 / 6X2 / 8X2;2000...;;COM 2 KIT DE ACESSÓRIOS
44095;38;K-124;EB 6X2;2000...;;COM 2 KIT DE ACESSÓRIOS
44096;38;K-124;EB 8X2;2000...;;COM 2 KIT DE ACESSÓRIOS
44097;38;K-230;4X2;2008...;;COM 2 KIT DE ACESSÓRIOS
44098;38;K-270;4X2;2008...;;COM 2 KIT DE ACESSÓRIOS
44099;38;K-340;4X2;2008...;;COM 2 KIT DE ACESSÓRIOS
44100;38;K-380;4X2 / 6X2;2008...;;COM 2 KIT DE ACESSÓRIOS
44101;38;K-420;4X2 / 6X2;2008...;;COM 2 KIT DE ACESSÓRIOS
44102;38;L-94;IB/UB;2000...;;COM 2 KIT DE ACESSÓRIOS
44103;38;P-340;(P,G,R);2007...;;COM 2 KIT DE ACESSÓRIOS
44104;14;DAILY;;1997...2007;2.8 8V;
44105;14;DAILY;;2008...;3.0 16V;
44106;26;T-CROSS;CÂMBIO MANUAL;2020...2022;1.0 TSI;6 MARCHAS DENTES LADO RODA 36
44107;10;DUCATO;;1998...2000;2.5 8V/ 2.8 8V TURBO;"ARO 15"" DENTES LADO RODA 28 - LADO CÂMBIO 37 - FÔNICA 54, COM ABS"
44108;21;ZOE;CÂMBIO AUTOMÁTICO;2019...;;DENTES LADO RODA 23 - LADO CÂMBIO 26
44109;45;COMPASS;4X4  - CÂMBIO AUTOMÁTICO;2017...2025;2.0 - DIESEL;DENTES LADO RODA 27 - LADO CÂMBIO 22
44110;45;RENEGADE;4X4  - CÂMBIO AUTOMÁTICO;2017...2022;2.0 - DIESEL;DENTES LADO RODA 27 - LADO CÂMBIO 22
44111;7;JUMPER;;2001...2009;2.8;DENTES EXTERNO 41
44112;10;DUCATO;;2001...2009;2.8;DENTES EXTERNO 41
44113;20;BOXER;;2001...2009;2.8;DENTES EXTERNO 41
44114;11;ECOSPORT;4X2  - CÂMBIO AUTOMÁTICO;2003...2013;2.0;DENTES INTERNO 23, Ø ROLAMENTO 33,85 MM
44115;12;CR-V;CÂMBIO AUTOMÁTICO / MANUAL;2009...2012;2.0;DENTES INTERNO 33, Ø ROLAMENTO 38,1 MM
44116;24;COROLLA;CÂMBIO AUTOMÁTICO;2011...2019;2.0;DENTES INTERNO 24, Ø ROLAMENTO 37,1 MM
44117;13;TUCSON;CÂMBIO MANUAL;2010...2014;2.0;DENTES INTERNO 24, Ø ROLAMENTO 42,3 MM
44118;15;SPORTAGE;CÂMBIO MANUAL;2010...2014;2.0;DENTES INTERNO 24, Ø ROLAMENTO 42,3 MM
44119;13;I30;CÂMBIO AUTOMÁTICO;2009...2012;2.0;DENTES INTERNO 24, Ø ROLAMENTO 41,9 MM
44120;13;TUCSON;CÂMBIO AUTOMÁTICO;2009...2014;2.0;DENTES INTERNO 24, Ø ROLAMENTO 41,9 MM
44121;15;SPORTAGE;CÂMBIO AUTOMÁTICO;2010...2014;2.0;DENTES INTERNO 24, Ø ROLAMENTO 41,9 MM
44122;17;1111;LP / LPO;1964...1970;;ÔNIBUS
44123;17;1113;LA / LO / LP / LPO;1970...1995;;ÔNIBUS
44124;17;1114;LPO;1975...1987;;ÔNIBUS
44125;17;1116;LO;1984...;;ÔNIBUS
44126;17;1313;LPO;1975...1987;;ÔNIBUS
44127;17;OF-1115;;1987...1998;;ÔNIBUS
44128;32;FH-16;;2015...2016;;SEM MOLA / SEM BOLSA ACOPLADA
44129;32;FH-370;;2015...2016;;SEM MOLA / SEM BOLSA ACOPLADA
44130;32;FH-380;;2015...2020;;SEM MOLA / SEM BOLSA ACOPLADA
44131;32;FH-420;;2015...2020;;SEM MOLA / SEM BOLSA ACOPLADA
44132;32;FH-460;;2015...2020;;SEM MOLA / SEM BOLSA ACOPLADA
44133;32;FH-500;;2015...2020;;SEM MOLA / SEM BOLSA ACOPLADA
44134;32;FH-540;;2015...2020;;SEM MOLA / SEM BOLSA ACOPLADA
44135;32;FH-750;;2015...2016;;SEM MOLA / SEM BOLSA ACOPLADA
44136;24;HILUX;PICK UP (TODOS OS MODELOS);2005...;;EXCETO GR-S 2019/...
44137;26;DELIVERY;4.140;...;;COM MOLA HELICOIDAL
44138;26;DELIVERY;4.160;...;;COM MOLA HELICOIDAL
44139;26;DELIVERY;5.150;...;;COM MOLA HELICOIDAL
44140;26;DELIVERY;6.160;...;;COM MOLA HELICOIDAL
44141;26;DELIVERY;6.170;...;;COM MOLA HELICOIDAL
44142;26;DELIVERY;EXPRESS;...;;COM MOLA HELICOIDAL
44143;26;DELIVERY;EXPRESS +;...;;COM MOLA HELICOIDAL
44144;26;POLO;;2018...2023;;ø CORPO 49,5MM / ø HASTE 22 MM
44145;26;POLO;TSI;2018...;;ø CORPO 49,5MM / ø HASTE 22 MM
44146;26;VIRTUS;;2018...2023;;ø CORPO 49,5MM / ø HASTE 22 MM
44147;5;TRACKER;CÂMBIO AUTOMÁTICO;2020...2022;1.0 / 1.2;DENTES INTERNO 22 - EXTERNO 22
44148;5;BLAZER;TODOS OS MODELOS;1995...2011;2.2 / 2.4 / 2.5 / 4.3;
44149;34;MA-9.2;TCA - URBANO;2004...2011;;
44150;17;AXOR 2535;S 6X2;2009...2013;;
44151;17;AXOR 2536;S / LS 6X2;2012...2019;;
44152;17;OF-1218;MINI ÔNIBUS 10/12 TONELADAS;2000...2011;;
44153;26;GOLF;MK7 (7° GERAÇÃO) TODOS OS MODELOS;2014...2019;;
44154;10;FIORINO;FURGÃO / PICK UP - LONGO - EXCETO TREKKING / WORKING;1991...;;
44155;10;ARGO;CÂMBIO MANUAL;2017...;1.3;22 DENTES EXTERNOS
44156;10;CRONOS;CÂMBIO MANUAL / ROBOTIZADA;2018...;1.3;22 DENTES EXTERNOS
44157;10;ARGO;CÂMBIO AUTOMÁTICO;2017...;1.3;CVT 22 DENTES INTERNOS
44158;10;CRONOS;CÂMBIO AUTOMÁTICO;2018...;1.3;CVT 22 DENTES INTERNOS
44159;11;ECOSPORT;4X2  - CÂMBIO AUTOMÁTICO;2003...2013;2.0;DENTES LADO RODA 25 - LADO CÂMBIO 26
44160;21;MASTER;CÂMBIO MANUAL;2013...2019;2.3;DENTES LADO RODA 31 - LADO CÂMBIO 39
44161;26;FUSCA;;2013...2016;;
44162;26;TERA;;2026...;1.0;
44164;14;EUROTECH;4X2 / 6X2;...;;
44165;14;STRALIS;4X2 / 6X2;...;;
44166;32;FMX-460;;...;;
44167;32;FMX-540;;...;;
44168;26;TERA;;2025...;;
44169;13;ACCENT;;2012...;;COMPRIMENTO 282 MM
44170;13;CRETA;;2017...;;COMPRIMENTO 282 MM
44171;13;ELANTRA;;2013...2016;;COMPRIMENTO 282 MM
44172;13;I30;;2013...;;COMPRIMENTO 282 MM
44173;13;TUCSON;;2017...;;COMPRIMENTO 282 MM
44174;13;VELOSTER;;2012...;;COMPRIMENTO 282 MM
44175;15;CERATO;;2013...2019;;COMPRIMENTO 282 MM
44176;34;FURGOVAN 8000;TODOS OS MODELOS;...;;
44177;26;TERA;;2026...;;
44178;7;AIRCROSS;;2008...2016;1.6;
44179;7;AIRCROSS;;2021...;1.6;
44180;7;C4 CACTUS;;2023...;1.6;
44181;17;1630;;...;;CAMINHÃO
44182;17;1630;LS;1994...;;CAMINHÃO FIXAÇÃO A/A
44183;17;OF-1418;CAMINHO DA ESCOLA;...;;ÔNIBUS FIXAÇÃO A/A
44184;13;ELANTRA;;2017...2018;;
44185;13;AZERA;;2006...2010;;
44186;13;SONATA;;2006...2010;;
44187;34;MICRO-ÔNIBUS VOLARE A5;TODOS OS MODELOS;1980...2006;;
44188;13;ELANTRA;;2012...2016;1.6 16V;
44189;26;AMAROK;HIGHLINE;2018...;3.0 TDI V6;
44190;24;COROLLA;XEI / SE-G;2008...;1.8 16V;
44191;32;FH-400;;2004...2014;;
44192;32;FH-440;;2004...2014;;
44193;32;FH-480;;2004...2014;;
44194;32;FH-500;;2004...2014;;
44195;32;FH-520;;2004...2014;;
44196;32;FM-380;;2004...2014;;
44197;32;FM-400;;2004...2014;;
44198;32;FM-440;;2004...2014;;
44199;32;FM-480;;2004...2014;;
44200;32;FM-500;;2004...2014;;
44201;19;VERSA;CÂMBIO MANUAL;2015...;1.0;DENTES INTERNO 22 - EXTERNO 25, TRAVA CENTRAL
44202;34;7500;TODOS OS MODELOS;1997...2011;;
44203;34;8500;TODOS OS MODELOS;1997...2011;;
44205;21;LOGAN;CÂMBIO MANUAL;2014...2018;1.0 / 1.6;DENTES LADO RODA 23 - LADO CÂMBIO 23
44206;21;SANDERO;CÂMBIO MANUAL;2014...2018;1.0 / 1.6;DENTES LADO RODA 23 - LADO CÂMBIO 23
44207;11;BELINA II;4X4;09.1977...08.1988;1.4 / 1.6 / 1.8 AE;DENTES INTERNO 30, Ø ROLAMENTO 30 MM
44208;11;CORCEL II;;09.1977...1986;1.4 / 1.6;DENTES INTERNO 30, Ø ROLAMENTO 30 MM
44209;11;DEL REY;;1981...1988;1.6 / 1.8 AE;DENTES INTERNO 30, Ø ROLAMENTO 30 MM
44210;11;PAMPA;;1981...1989;1.6;DENTES INTERNO 30, Ø ROLAMENTO 30 MM
44211;11;PAMPA;4X4;1983...1997;1.8;DENTES INTERNO 30, Ø ROLAMENTO 30 MM
44212;11;SCALA;;1981...1989;1.6 AE;DENTES INTERNO 30, Ø ROLAMENTO 30 MM
44213;11;ESCORT;;1997...2003;1.6 / 1.8  ZETEC;DENTES INTERNO 22, Ø ROLAMENTO 30 MM
44214;17;AXOR 2640;S - 6X4;2005...2009;;
44215;17;ATEGO 1518;;2007...2012;;
44216;38;K-310;ÔNIBUS;2015...;;
44217;38;K-360;ÔNIBUS;2015...;;
44218;38;K-400;ÔNIBUS;2015...;;
44219;38;K-440;ÔNIBUS;2015...;;
44220;38;K-310;;2015...;;ÔNIBUS
44221;38;K-360;;2015...;;ÔNIBUS
44222;38;K-400;;2015...;;ÔNIBUS
44223;38;K-440;;2015...;;ÔNIBUS
44224;32;FH-500;;2022...;;
44225;32;FM-420;;2022...;;
44226;32;FMX-500;;2022...;;
44227;32;FMX-500;MAX;2022...;;
44229;17;ACCELO;TODOS OS MODELOS;2003...2011;;
44230;79;XF 105.460;;...;;COM MOLA HELICOIDAL
44231;79;XF 105.510;;...;;COM MOLA HELICOIDAL
44232;32;FH;;1993...2004;;
44233;11;FIESTA;HATCH / SEDAN;2017...;;COM E SEM BARRA ESTABILIZADORA
44234;11;KA;HATCH / SEDAN;2017...;;COM E SEM BARRA ESTABILIZADORA
44235;10;PULSE;BIO HYBRID;2024...;;
44236;10;PULSE;DRIVE;2021...;;
44237;13;HB20X;;2020...2024;;
44238;12;CITY;;2015...2021;;1 COIFA / 1 BATENTE / 1 COXIM / 1 ROLAMENTO
44239;12;FIT;;2015...2021;;1 COIFA / 1 BATENTE / 1 COXIM / 1 ROLAMENTO
44240;12;WR-V;;2018...2022;;1 COIFA / 1 BATENTE / 1 COXIM / 1 ROLAMENTO
44241;26;FUSCA;;2013...2016;;1 BATENTE / 1 COIFA
44242;26;PASSAT;;2006...2015;;1 BATENTE / 1 COIFA
44243;26;TIGUAN;;2009...2017;;1 BATENTE / 1 COIFA
44244;5;MONTANA;;2024...;;1 COIFA  / 1 BATENTE
44245;21;KARDIAN;;2024...;;1 BATENTE / 1 COIFA
44246;21;KWID;E-TECH;2022...;;1 COIFA  / 1 BATENTE
44247;5;MONTANA;;2024...;;1 BATENTE / 1 COIFA / 1 COXIM
44248;5;TRACKER;;2021...;;1 BATENTE / 1 COIFA / 1 COXIM
44249;12;CIVIC;;2017...;;1 BATENTE / 1 COIFA  / 1 COXIM
44250;12;CITY;;2022...;;1 BATENTE / 1 COIFA / 1 COXIM COM ROLAMENTO
44251;24;COROLLA CROSS;;2021...;;1 BATENTE / 1 COIFA / 1 COXIM C/ ROLAMENTO
44252;12;FIT;TWIST;2013...;;
44253;15;SPORTAGE;;2011...2016;;
44254;13;TUCSON;;2017...2021;;
44255;15;SPORTAGE;;2017...2021;;
44256;21;OROCH;;2016...2024;;
44257;13;CRETA;CÂMBIO AUTOMÁTICO;2017...2024;1.6;DENTES LADO RODA 27 - LADO CÂMBIO 27 - FÔNICA 46, COM ABS
44258;26;28.460;METEOR  6X2 / 6X4;...;;EURO 5
44259;26;28.480;METEOR  6X2 / 6X4;...;;EURO 5
44260;26;29.520;METEOR  6X2 / 6X4;...;;EURO 5
44261;26;29.530;METEOR  6X2 / 6X4;...;;EURO 5
44262;131;SEMI-REBOQUE;;...;;
44263;79;CF;;2021...;;TRANVERSAL
44264;17;ACTROS 4140;;2003...2013;;
44265;17;ACTROS 4148;;2003...2013;;
44266;7;AIRCROSS;;2024...;;MOLA A GÁS - TAMPA TRASEIRA
44267;17;ACTROS;;2011...;;COM MOLA
44268;17;SPRINTER;314;2018...;;
44269;17;SPRINTER;416;2019...;;
44270;38;K-360;IB 6X2;2012...;;COM MOLA
44271;38;K-360;LB 4X2;2012...;;COM MOLA
44272;17;1726;E;2008...;;COM MOLA
44273;17;1828;LS -  ECONIC;10.2004...;;COM MOLA
44274;17;1829;LS -  ECONIC;10.2007...;;COM MOLA
44275;17;1938;LS - ELETRONIC;1998...;;COM MOLA
44276;17;1938;S - ELETRONIC;1999...;;COM MOLA
44277;17;1944;S;2003...;;COM MOLA
44278;17;2624;L -  ECONIC;31998...;;COM MOLA
44279;17;2628;L -  ECONIC;10.2000...;;COM MOLA
44280;17;2633;L -  ECONIC;10.2001...;;COM MOLA
44281;17;ACTROS;;1996...;;COM MOLA
44282;17;AXOR 1933;;2005...;;COM MOLA
44283;17;AXOR 2540;6X2;2005...;;COM MOLA
44284;17;INTOURO;E;2005...;;COM MOLA
44285;17;INTOURO;M;2005...;;COM MOLA
44286;17;INTOURO;ME;2005...;;COM MOLA
44287;17;O-340;;1991...06.1995;;COM MOLA
44288;17;O-340;TOURISMO;08.1992...08.1995;;COM MOLA
44289;17;O-345;CONECTO 12M;11.2001...;;COM MOLA
44290;17;O-345;CONECTO 18M;11.2001...;;COM MOLA
44291;17;O-403;;2003...;;COM MOLA
44292;17;O-403;RHD;2003...;;COM MOLA
44293;17;O-403;SHD;2003...;;COM MOLA
44294;17;O-500;GLE - TOURO;2001...;;COM MOLA
44295;17;O-500;M - TOURO;2001...;;COM MOLA
44296;17;O-500;R - TOURO;2001...;;COM MOLA
44297;17;O-500;RSD - TOURO;2001...;;COM MOLA
44298;17;O-500;TOURO;2001...;;COM MOLA
44299;17;O-500;U;2006...;;COM MOLA
44300;17;O-500;U - ARTICULADO;2006...;;COM MOLA
44301;17;O-500;U - TOURO;2001...;;COM MOLA
44302;17;O-520;(O 520) CITO - 130 KW;61999...;;COM MOLA
44303;17;O-530;BZ;2002...;;COM MOLA
44304;17;O-530;G;1998...;;COM MOLA
44305;17;O-530;GL - CAPACITY;42007...;;COM MOLA
44306;17;O-530;GN3 - CITARO;1998...;;COM MOLA
44307;17;O-530;GNG;42000...;;COM MOLA
44308;17;O-530;LU;1998...;;COM MOLA
44309;17;O-530;MUE;1998...;;COM MOLA
44310;17;O-530;N;1998...;;COM MOLA
44311;17;O-530;NG;42000...;;COM MOLA
44312;17;O-530;U;52012...;;COM MOLA
44313;17;O-550;L -  INTEGRO;2006...;;COM MOLA
44314;17;O-550;M -  INTEGRO;2006...;;COM MOLA
44315;17;OF-1113;1113;1983...;;COM MOLA
44316;17;OF-1117;;1983...;;COM MOLA
44317;17;OF-1313;1313;1983...;;COM MOLA
44318;17;OF-1314;1314;1983...;;COM MOLA
44319;17;OF-1317;1317;1983...;;COM MOLA
44320;17;OF-1413;;1983...;;COM MOLA
44321;17;OF-1417;1417;1983...;;COM MOLA
44322;17;OF-1617;;1983...;;COM MOLA
44323;17;OF-1621;1621;1983...;;COM MOLA
44324;17;OH-1316;1316;1970...;;COM MOLA
44325;17;OH-1518;1518;1970...;;COM MOLA
44326;17;OH-1519;1519;1970...;;COM MOLA
44327;17;SETRA;TOP CLASS 417;2006...2007;;COM MOLA
44328;17;1726;E;2008...;;COM 1 KIT DE ACESSÓRIOS
44329;17;1828;LS -  ECONIC;10.2004...;;COM 1 KIT DE ACESSÓRIOS
44330;17;1829;LS -  ECONIC;10.2007...;;COM 1 KIT DE ACESSÓRIOS
44331;17;1938;LS - ELETRONIC;1998...;;COM 1 KIT DE ACESSÓRIOS
44332;17;1938;S - ELETRONIC;1999...;;COM 1 KIT DE ACESSÓRIOS
44333;17;1944;S;2003...;;COM 1 KIT DE ACESSÓRIOS
44334;17;2624;L -  ECONIC;31998...;;COM 1 KIT DE ACESSÓRIOS
44335;17;2628;L -  ECONIC;10.2000...;;COM 1 KIT DE ACESSÓRIOS
44336;17;2633;L -  ECONIC;10.2001...;;COM 1 KIT DE ACESSÓRIOS
44337;17;ACTROS;;1996...;;COM 1 KIT DE ACESSÓRIOS
44338;17;AXOR 1933;;2005...;;COM 1 KIT DE ACESSÓRIOS
44339;17;AXOR 2540;6X2;2005...;;COM 1 KIT DE ACESSÓRIOS
44340;17;INTOURO;E;2005...;;COM 1 KIT DE ACESSÓRIOS
44341;17;INTOURO;M;2005...;;COM 1 KIT DE ACESSÓRIOS
44342;17;INTOURO;ME;2005...;;COM 1 KIT DE ACESSÓRIOS
44343;17;O-340;;1991...06.1995;;COM 1 KIT DE ACESSÓRIOS
44344;17;O-340;TOURISMO;08.1992...08.1995;;COM 1 KIT DE ACESSÓRIOS
44345;17;O-345;CONECTO 12M;11.2001...;;COM 1 KIT DE ACESSÓRIOS
44346;17;O-345;CONECTO 18M;11.2001...;;COM 1 KIT DE ACESSÓRIOS
44347;17;O-403;;2003...;;COM 1 KIT DE ACESSÓRIOS
44348;17;O-403;RHD;2003...;;COM 1 KIT DE ACESSÓRIOS
44349;17;O-403;SHD;2003...;;COM 1 KIT DE ACESSÓRIOS
44350;17;O-500;GLE - TOURO;2001...;;COM 1 KIT DE ACESSÓRIOS
44351;17;O-500;M - TOURO;2001...;;COM 1 KIT DE ACESSÓRIOS
44352;17;O-500;R - TOURO;2001...;;COM 1 KIT DE ACESSÓRIOS
44353;17;O-500;RSD - TOURO;2001...;;COM 1 KIT DE ACESSÓRIOS
44354;17;O-500;TOURO;2001...;;COM 1 KIT DE ACESSÓRIOS
44355;17;O-500;U;2006...;;COM 1 KIT DE ACESSÓRIOS
44356;17;O-500;U - ARTICULADO;2006...;;COM 1 KIT DE ACESSÓRIOS
44357;17;O-500;U - TOURO;2001...;;COM 1 KIT DE ACESSÓRIOS
44358;17;O-520;(O 520) CITO - 130 KW;61999...;;COM 1 KIT DE ACESSÓRIOS
44359;17;O-530;BZ;2002...;;COM 1 KIT DE ACESSÓRIOS
44360;17;O-530;G;1998...;;COM 1 KIT DE ACESSÓRIOS
44361;17;O-530;GL - CAPACITY;42007...;;COM 1 KIT DE ACESSÓRIOS
44362;17;O-530;GN3 - CITARO;1998...;;COM 1 KIT DE ACESSÓRIOS
44363;17;O-530;GNG;42000...;;COM 1 KIT DE ACESSÓRIOS
44364;17;O-530;LU;1998...;;COM 1 KIT DE ACESSÓRIOS
44365;17;O-530;MUE;1998...;;COM 1 KIT DE ACESSÓRIOS
44366;17;O-530;N;1998...;;COM 1 KIT DE ACESSÓRIOS
44367;17;O-530;NG;42000...;;COM 1 KIT DE ACESSÓRIOS
44368;17;O-530;U;52012...;;COM 1 KIT DE ACESSÓRIOS
44369;17;O-550;L -  INTEGRO;2006...;;COM 1 KIT DE ACESSÓRIOS
44370;17;O-550;M -  INTEGRO;2006...;;COM 1 KIT DE ACESSÓRIOS
44371;17;OF-1113;1113;1983...;;COM 1 KIT DE ACESSÓRIOS
44372;17;OF-1117;;1983...;;COM 1 KIT DE ACESSÓRIOS
44373;17;OF-1313;1313;1983...;;COM 1 KIT DE ACESSÓRIOS
44374;17;OF-1314;1314;1983...;;COM 1 KIT DE ACESSÓRIOS
44375;17;OF-1317;1317;1983...;;COM 1 KIT DE ACESSÓRIOS
44376;17;OF-1413;;1983...;;COM 1 KIT DE ACESSÓRIOS
44377;17;OF-1417;1417;1983...;;COM 1 KIT DE ACESSÓRIOS
44378;17;OF-1617;;1983...;;COM 1 KIT DE ACESSÓRIOS
44379;17;OF-1621;1621;1983...;;COM 1 KIT DE ACESSÓRIOS
44380;17;OH-1316;1316;1970...;;COM 1 KIT DE ACESSÓRIOS
44381;17;OH-1518;1518;1970...;;COM 1 KIT DE ACESSÓRIOS
44382;17;OH-1519;1519;1970...;;COM 1 KIT DE ACESSÓRIOS
44383;17;SETRA;TOP CLASS 417;2006...2007;;COM 1 KIT DE ACESSÓRIOS
44384;17;1726;E;2008...;;COM 2 KIT DE ACESSÓRIOS
44385;17;1828;LS -  ECONIC;10.2004...;;COM 2 KIT DE ACESSÓRIOS
44386;17;1829;LS -  ECONIC;10.2007...;;COM 2 KIT DE ACESSÓRIOS
44387;17;1938;LS - ELETRONIC;1998...;;COM 2 KIT DE ACESSÓRIOS
44388;17;1938;S - ELETRONIC;1999...;;COM 2 KIT DE ACESSÓRIOS
44389;17;1944;S;2003...;;COM 2 KIT DE ACESSÓRIOS
44390;17;2624;L -  ECONIC;31998...;;COM 2 KIT DE ACESSÓRIOS
44391;17;2628;L -  ECONIC;10.2000...;;COM 2 KIT DE ACESSÓRIOS
44392;17;2633;L -  ECONIC;10.2001...;;COM 2 KIT DE ACESSÓRIOS
44393;17;ACTROS;;1996...;;COM 2 KIT DE ACESSÓRIOS
44394;17;AXOR 1933;;2005...;;COM 2 KIT DE ACESSÓRIOS
44395;17;AXOR 2540;6X2;2005...;;COM 2 KIT DE ACESSÓRIOS
44396;17;INTOURO;E;2005...;;COM 2 KIT DE ACESSÓRIOS
44397;17;INTOURO;M;2005...;;COM 2 KIT DE ACESSÓRIOS
44398;17;INTOURO;ME;2005...;;COM 2 KIT DE ACESSÓRIOS
44399;17;O-340;;1991...06.1995;;COM 2 KIT DE ACESSÓRIOS
44400;17;O-340;TOURISMO;08.1992...08.1995;;COM 2 KIT DE ACESSÓRIOS
44401;17;O-345;CONECTO 12M;11.2001...;;COM 2 KIT DE ACESSÓRIOS
44402;17;O-345;CONECTO 18M;11.2001...;;COM 2 KIT DE ACESSÓRIOS
44403;17;O-403;;2003...;;COM 2 KIT DE ACESSÓRIOS
44404;17;O-403;RHD;2003...;;COM 2 KIT DE ACESSÓRIOS
44405;17;O-403;SHD;2003...;;COM 2 KIT DE ACESSÓRIOS
44406;17;O-500;GLE - TOURO;2001...;;COM 2 KIT DE ACESSÓRIOS
44407;17;O-500;M - TOURO;2001...;;COM 2 KIT DE ACESSÓRIOS
44408;17;O-500;R - TOURO;2001...;;COM 2 KIT DE ACESSÓRIOS
44409;17;O-500;RSD - TOURO;2001...;;COM 2 KIT DE ACESSÓRIOS
44410;17;O-500;TOURO;2001...;;COM 2 KIT DE ACESSÓRIOS
44411;17;O-500;U;2006...;;COM 2 KIT DE ACESSÓRIOS
44412;17;O-500;U - ARTICULADO;2006...;;COM 2 KIT DE ACESSÓRIOS
44413;17;O-500;U - TOURO;2001...;;COM 2 KIT DE ACESSÓRIOS
44414;17;O-520;(O 520) CITO - 130 KW;61999...;;COM 2 KIT DE ACESSÓRIOS
44415;17;O-530;BZ;2002...;;COM 2 KIT DE ACESSÓRIOS
44416;17;O-530;G;1998...;;COM 2 KIT DE ACESSÓRIOS
44417;17;O-530;GL - CAPACITY;42007...;;COM 2 KIT DE ACESSÓRIOS
44418;17;O-530;GN3 - CITARO;1998...;;COM 2 KIT DE ACESSÓRIOS
44419;17;O-530;GNG;42000...;;COM 2 KIT DE ACESSÓRIOS
44420;17;O-530;LU;1998...;;COM 2 KIT DE ACESSÓRIOS
44421;17;O-530;MUE;1998...;;COM 2 KIT DE ACESSÓRIOS
44422;17;O-530;N;1998...;;COM 2 KIT DE ACESSÓRIOS
44423;17;O-530;NG;42000...;;COM 2 KIT DE ACESSÓRIOS
44424;17;O-530;U;52012...;;COM 2 KIT DE ACESSÓRIOS
44425;17;O-550;L -  INTEGRO;2006...;;COM 2 KIT DE ACESSÓRIOS
44426;17;O-550;M -  INTEGRO;2006...;;COM 2 KIT DE ACESSÓRIOS
44427;17;OF-1113;1113;1983...;;COM 2 KIT DE ACESSÓRIOS
44428;17;OF-1117;;1983...;;COM 2 KIT DE ACESSÓRIOS
44429;17;OF-1313;1313;1983...;;COM 2 KIT DE ACESSÓRIOS
44430;17;OF-1314;1314;1983...;;COM 2 KIT DE ACESSÓRIOS
44431;17;OF-1317;1317;1983...;;COM 2 KIT DE ACESSÓRIOS
44432;17;OF-1413;;1983...;;COM 2 KIT DE ACESSÓRIOS
44433;17;OF-1417;1417;1983...;;COM 2 KIT DE ACESSÓRIOS
44434;17;OF-1617;;1983...;;COM 2 KIT DE ACESSÓRIOS
44435;17;OF-1621;1621;1983...;;COM 2 KIT DE ACESSÓRIOS
44436;17;OH-1316;1316;1970...;;COM 2 KIT DE ACESSÓRIOS
44437;17;OH-1518;1518;1970...;;COM 2 KIT DE ACESSÓRIOS
44438;17;OH-1519;1519;1970...;;COM 2 KIT DE ACESSÓRIOS
44439;17;SETRA;TOP CLASS 417;2006...2007;;COM 2 KIT DE ACESSÓRIOS
44440;10;500;CÂMBIO AUTOMÁTICO;2012...2015;1.4;26 DENTES INTERNOS / 25 DENTES EXTERNOS
44441;11;FUSION;;2006...2012;;
44443;21;KWID;(EXCETO E-TECH);2017...;;
44444;26;JETTA;250 TSI;2018...;1.4;
44445;26;JETTA;350 GLI;2019...;2.0;
44446;26;TIGUAN;ALLSPACE 250 TSI;2018...;1.4;
44447;26;TIGUAN;ALLSPACE COMFORTLINE 250 TSI;2018...;1.4;
44448;26;TIGUAN;TSI;2016...;1.4;
44449;26;NIVUS;CONFORTLINE 200 TSI;2021...;1.0;
44450;26;NIVUS;HIGHLINE 200 TSI;2021...;1.0;
44451;26;NIVUS;LAUNCHING ED 200 TSI;2021...;1.0;
44452;26;POLO;TRACK;2023...;1.0;
44453;26;T-CROSS;200 TSI;2019...;1.0;
44454;26;T-CROSS;250 TSI;2019...;1.4;
44455;10;FASTBACK;LIMITED ED.;2023...;1.3;
44456;45;COMMANDER;LIMITED T270;2021...;;
44457;45;COMMANDER;LIMITED TD380 4X4;2021...;;
44458;45;COMMANDER;OVERLAND T270;2021...;;
44459;45;COMMANDER;OVERLAND TD380;2021...;;
44460;136;RAMPAGE;LARAMIE;2023...;;
44461;136;RAMPAGE;R/T;2023...;;
44462;136;RAMPAGE;REBEL;2023...;;
44463;5;TRAILBLAZER;LTZ;2017...;2.8;
44464;5;TRAILBLAZER;LTZ;2017...;3.6;
44465;12;CIVIC;HYBRID;2023...;2.0 16V;
44466;19;VERSA;ADVANCE;2021...;1.6;
44467;19;VERSA;EXCLUSIVE;2021...;1.6;
44468;19;VERSA;SENSE;2021...;1.6;
44469;15;CERATO;EX;2020...;2.0;
44470;15;CERATO;SX;2020...;2.0;
44471;13;CRETA;COMFORT;2022...;1.0 TURBO;
44472;13;CRETA;ULTIMATE;2022...;2.0;
44473;13;IX35;;2018...;2.0 16V;
44474;16;RANGE ROVER;EVOQUE;2018...;2.0;
44475;16;RANGE ROVER;VELAR;2017...;;
44476;16;RANGE ROVER;EVOQUE;2011...;;
44477;16;RANGE ROVER;EVOQUE;2018...;;
44478;16;RANGE ROVER;SPORT;2006...2013;3.0;
44479;12;CITY;;2009...2014;1.5 16V;
44482;26;JETTA;CÂMBIO AUTOMÁTICO;2011...2018;2.0;DENTES INTERNOS 28
44483;26;T-CROSS;;2019...;1.0 TSI;DENTES INTERNOS 30
44484;26;T-CROSS;;2019...;1.0 TSI;DENTES INTERNOS 32
44485;5;TRACKER;CÂMBIO AUTOMÁTICO;02.2020...;1.0 / 1.2;DENTES INTERNO 22 - EXTERNO 22
44486;7;C3;CÂMBIO MANUAL;2008...2012;1.4 8V;DENTES INTERNO 22 - EXTERNO 22
44487;10;STILO;CÂMBIO MANUAL;2003...2011;2.4;DENTES INTERNO 26 - EXTERNO 25, TRAVA INTERNA
44488;13;TUCSON;4X2  - CÂMBIO MANUAL;2010...2014;2.0;DENTES INTERNO 25 - EXTERNO 27, TRAVA CENTRAL, COM ABS
44489;135;SONG PRO;;2024...;HÍBRIDO;
44490;32;EX30;;2024...;;
44491;21;KARDIAN;;2023...;;
44493;26;JETTA;CÂMBIO AUTOMÁTICO;2011...2018;2.0;DENTES LADO RODA 36
44502;19;KICKS;PLAY;2024...2025;;
44503;19;KICKS;TODOS OS MODELOS;2016...2024;;
44504;10;PALIO WEEKEND;RST III - TODOS OS MODELOS;2008...;;
44505;10;PALIO;5ª GERAÇÃO;2011...;;
44506;10;PALIO;SPORTING - 5ª GERAÇÃO;2011...;;
44507;26;POLO;SEDAN - TODOS OS MODELOS;2002...;;
44508;5;AGILE;TODOS OS MODELOS;2009...2013;;
44509;5;SONIC;TODOS OS MODELOS;2012...2015;;
44510;11;EDGE;;2016...;;
44511;11;FUSION;;2013...2020;2.0;
44512;15;SPORTAGE;HYBRID;2022...;;
44513;18;L200;TRITON;2014...;;
44514;15;SPORTAGE;;2017...2021;;DIANTEIRA
44515;26;CROSSFOX;DIREÇÃO HIDRÁULICA;2005...2013;;
44516;26;FOX;DIREÇÃO HIDRÁULICA;2004...2013;;
44517;26;POLO;DIREÇÃO HIDRÁULICA;2002...2013;;
44518;26;SPACEFOX;DIREÇÃO HIDRÁULICA;2004...2013;;
44519;10;PALIO WEEKEND;;1996...2001;;
44520;10;SIENA;;1996...2001;;
44521;5;BLAZER;;1995...2011;;
44522;19;KICKS;;2016...2025;;
44523;19;VERSA;;2021...2023;;
44524;7;C4 CACTUS;;2018...2024;1.6;
44525;20;2008;;2015...2023;1.6;
44526;11;RANGER;RAPTOR;2023...;;
44527;11;RANGER;;2023...;;
44530;26;T-CROSS;;2019...;1.0 TSI;DENTES INTERNO 27 - EXTERNO 36 - TRAVA CENTRAL
44531;26;SPACEFOX;TODOS OS MODELOS;...;;
44532;13;I30;;2015...2018;;
44533;13;HB20;HATCH;2023...;;
44534;14;S-WAY 480;4X2;2023...;;E6
44535;14;S-WAY 480;6X2;2023...;;E6
44536;14;S-WAY 540;6X4;2023...;DIESEL;E6
44541;11;FUSION;CÂMBIO AUTOMÁTICO;2009...2012;2.5;DENTES LADO RODA 28 - LADO CÂMBIO 35 - FÔNICA 44, COM ABS
44542;11;FUSION;CÂMBIO AUTOMÁTICO;2009...2012;2.5;DENTES LADO RODA 28 - LADO CÂMBIO 28 - FÔNICA 44, COM ABS
44543;135;D9A;;2024...;;DIANTEIRA  - ÔNIBUS -
44544;135;D9F;;2024...;;DIANTEIRA  - ÔNIBUS -
44545;135;D9W;;2024...;;DIANTEIRA  - ÔNIBUS -
44546;17;O-500;CBC 2632;...;;DIANTEIRA / TRASEIRA / 3º EIXO  - ÔNIBUS -
44547;17;O-500;R / RS / RSD / M;2001...;;DIANTEIRA / TRASEIRA / 3º EIXO  - ÔNIBUS -
44548;17;O-500;U / ARTICULADO;2001...;;DIANTEIRA / TRASEIRA / 3º EIXO  - ÔNIBUS -
44549;17;O-500;UDA / MDA 2° EIXO INTERMEDIÁRIO;...;;DIANTEIRA / TRASEIRA / 3º EIXO  - ÔNIBUS -
44551;12;HR-V;CÂMBIO AUTOMÁTICO;2015...;1.8;DENTES INTERNO 24 - EXTERNO 27
44552;21;KWID;;2017...;1.0;DENTES INTERNO 27 - EXTERNO 23
44553;4;A3;;1999...2006;1.6;DENTES INTERNO 30 - EXTERNO 36, TRAVA INTERNA, SEM ABS
44554;26;BORA;;2000...2004;2.0;DENTES INTERNO 30 - EXTERNO 36, TRAVA INTERNA, SEM ABS
44555;26;GOLF;;1999...2005;1.8 8V / 2.0 8V / 2.0 GTI;DENTES INTERNO 30 - EXTERNO 36, TRAVA INTERNA, SEM ABS
44556;26;JETTA;CÂMBIO AUTOMÁTICO;2007...2013;2.5;DENTES INTERNO 27 - EXTERNO 36, TRAVA INTERNA
44557;26;PASSAT;ALEMÃO   - CÂMBIO AUTOMÁTICO;2009...2013;2.5;DENTES INTERNO 27 - EXTERNO 36, TRAVA INTERNA
44558;10;DOBLO;;2001...2005;1.6 16V;DENTES INTERNO 22 - EXTERNO 22, TRAVA CENTRAL, SEM ABS
44559;10;DOBLO;;2003...2006;1.3 16V - FIRE;DENTES INTERNO 22 - EXTERNO 22, TRAVA CENTRAL, SEM ABS
44560;10;STRADA;CÂMBIO MANUAL;2021...;1.3;DENTES INTERNO 22 - EXTERNO 22, TRAVA CENTRAL, SEM ABS
44561;10;STRADA;CÂMBIO MANUAL;2021...;1.4;DENTES INTERNO 22 - EXTERNO 22, TRAVA CENTRAL, SEM ABS
44562;10;PALIO;ELX/ ATTRACTIVE - FASE 3;2008...2009;1.0 8V FIRE;COM EIXO DELPHI DENTES INTERNO 28 - EXTERNO 22, TRAVA EXTERNA, SEM ABS
44563;10;PALIO;FIRE ECONOMY - FASE 2;2009...;1.4 8V;COM EIXO DELPHI DENTES INTERNO 28 - EXTERNO 22, TRAVA EXTERNA, SEM ABS
44564;10;PALIO;FIRE ELX/ ATTRACTIVE - FASES 3 E 4;2008...;1.4 8V;COM EIXO DELPHI DENTES INTERNO 28 - EXTERNO 22, TRAVA EXTERNA, SEM ABS
44565;10;PALIO WEEKEND;TREKKING/ ATTRACTIVE/ ELX - FASE 3;2009...;1.4 8V;COM EIXO DELPHI DENTES INTERNO 28 - EXTERNO 22, TRAVA EXTERNA, SEM ABS
44566;10;SIENA;FIRE ELX / ATTRACTIVE / EL - FASES 3 E 4;2008...2012;1.0 / 1.4  8V;COM EIXO DELPHI DENTES INTERNO 28 - EXTERNO 22, TRAVA EXTERNA, SEM ABS
44567;10;SIENA;FIRE ELX/ ATTRACTIVE/ EL - FASE 2;2007...2013;1.0 / 1.4  8V;COM EIXO DELPHI DENTES INTERNO 28 - EXTERNO 22, TRAVA EXTERNA, SEM ABS
44568;10;STRADA;TREKKING / WORK - FASE 4;2009...;1.4 8V;COM EIXO DELPHI DENTES INTERNO 28 - EXTERNO 22, TRAVA EXTERNA, SEM ABS
44569;10;STRADA;WORK - FASE 3;2011...2012;1.3 16V;COM EIXO DELPHI DENTES INTERNO 28 - EXTERNO 22, TRAVA EXTERNA, SEM ABS
44570;5;VECTRA;CÂMBIO MANUAL;1997...2006;2.0 / 2.2;DENTES INTERNO 25 - EXTERNO 33, TRAVA EXTERNA, SEM ABS
44571;5;COBALT;CÂMBIO MANUAL;2012...2012;1.4 8V;DENTES INTERNO 21 - EXTERNO 25, TRAVA INTERNA
44572;5;CRUZE;CÂMBIO AUTOMÁTICO;2012...2017;1.8 16V;DENTES INTERNO 31 - EXTERNO 33, TRAVA CENTRAL, SEM ABS
44573;5;S10;4X4;2017...2021;;DENTES INTERNO 26 - EXTERNO 33
44574;5;TRAILBLAZER;4X4;2017...2021;;DENTES INTERNO 26 - EXTERNO 33
44575;5;TRACKER;CÂMBIO AUTOMÁTICO;2014...2019;1.4 / 1.8;DENTES INTERNO 23 - EXTERNO 25
44576;11;FIESTA;;1999...2006;1.0 (ZETEC ROCAM);DENTES INTERNO 20 - EXTERNO 25, TRAVA CENTRAL, SEM ABS
44577;11;KA;;2000...2014;1.0 (ZETEC ROCAM);DENTES INTERNO 20 - EXTERNO 25, TRAVA CENTRAL, SEM ABS
44578;11;COURIER;;1997...1999;1.3  - MOTOR ENDURA;DENTES INTERNO 20 - EXTERNO 25, TRAVA EXTERNA, SEM ABS
44579;11;FIESTA;;1996...1998;1.0 / 1.3;DENTES INTERNO 20 - EXTERNO 25, TRAVA EXTERNA, SEM ABS
44580;11;KA;;1996...1999;1.0 / 1.3;DENTES INTERNO 20 - EXTERNO 25, TRAVA EXTERNA, SEM ABS
44581;11;KA;CÂMBIO MANUAL;2014...;1.0 / 1.5;DENTES INTERNO 20 - EXTERNO 25, TRAVA CENTRAL
44582;11;ECOSPORT;4X2  - CÂMBIO MANUAL;2013...2017;1.6;DENTES INTERNO 22 - EXTERNO 25, TRAVA CENTRAL
44583;11;FOCUS;CÂMBIO AUTOMÁTICO;2000...2005;2.0;DENTES INTERNO 23 - EXTERNO 25, TRAVA CENTRAL, SEM ABS
44584;11;FOCUS;CÂMBIO AUTOMÁTICO / MANUAL;2000...2005;1.8;DENTES INTERNO 23 - EXTERNO 25, TRAVA CENTRAL, SEM ABS
44585;11;RANGER;4X4;2012...2023;2.2 / 3.2;DENTES INTERNO 26 - EXTERNO 28
44586;11;FOCUS;CÂMBIO AUTOMÁTICO / MANUAL;2009...2013;2.0;DENTES INTERNO 23 - EXTERNO 36, TRAVA INTERNA
44587;12;FIT;;2004...2008;1.4 / 1.5;DENTES INTERNO 22 - EXTERNO 26, TRAVA CENTRAL
44588;12;CIVIC;CÂMBIO AUTOMÁTICO / MANUAL;2001...2006;1.7;DENTES INTERNO 23 - EXTERNO 26 - FÔNICA 50, TRAVA CENTRAL, COM ABS
44589;21;KWID;;2017...;1.0;DENTES INTERNO 27 - EXTERNO 23, TRAVA CENTRAL
44590;21;LOGAN;CÂMBIO MANUAL;2008...2012;1.6;DENTES INTERNO 22 - EXTERNO 23, TRAVA INTERNA
44591;21;SANDERO;CÂMBIO MANUAL;2008...2012;1.6;DENTES INTERNO 22 - EXTERNO 23, TRAVA INTERNA
44592;24;COROLLA;CÂMBIO AUTOMÁTICO;2017...2019;1.8;DENTES INTERNO 32 - EXTERNO 26 - FÔNICA 48, TRAVA INTERNA, COM ABS
44593;19;MARCH;CÂMBIO AUTOMÁTICO;2017...2020;1.6;DENTES INTERNO 29 - EXTERNO 25, TRAVA INTERNA
44594;19;VERSA;CÂMBIO AUTOMÁTICO;2017...2020;1.6;DENTES INTERNO 29 - EXTERNO 25, TRAVA INTERNA
44595;19;MARCH;CÂMBIO MANUAL;2017...2020;1.6;DENTES INTERNO 22 - EXTERNO 25, TRAVA CENTRAL
44596;19;VERSA;CÂMBIO MANUAL;2017...2020;1.6;DENTES INTERNO 22 - EXTERNO 25, TRAVA CENTRAL
44597;13;HB20;;2012...;1.0;DENTES INTERNO 20 - EXTERNO 25 - FÔNICA 48, TRAVA CENTRAL, COM ABS
44598;13;I30;CÂMBIO MANUAL;2009...2012;2.0;DENTES INTERNO 22 - EXTERNO 27 - FÔNICA 46
44599;13;TUCSON;CÂMBIO MANUAL;2005...2009;2.0;DENTES INTERNO 22 - EXTERNO 27 - FÔNICA 46
44600;15;CERATO;CÂMBIO MANUAL;2008...2014;1.6;DENTES INTERNO 22 - EXTERNO 27 - FÔNICA 46
44601;15;SPORTAGE;CÂMBIO MANUAL;2005...2009;2.0;DENTES INTERNO 22 - EXTERNO 27 - FÔNICA 46
44602;13;CRETA;CÂMBIO AUTOMÁTICO / MANUAL;2017...2021;1.6;DENTES INTERNO 23 - EXTERNO 27 - FÔNICA 46, COM ABS
44603;15;SOUL;CÂMBIO MANUAL;2009...2014;1.6 16V;DENTES INTERNO 22 - EXTERNO 27 - FÔNICA 46, TRAVA INTERNA, COM ABS
44604;18;L200;TRITON 4X4  - CÂMBIO MANUAL;2008...2020;3.2;DENTES INTERNO 35 - EXTERNO 30 - FÔNICA 47, TRAVA INTERNA, COM ABS
44605;18;PAJERO;DAKAR - 4X4;2010...2015;3.5;DENTES INTERNO 35 - EXTERNO 30 - FÔNICA 47, TRAVA INTERNA, COM ABS
44606;7;AIRCROSS;CÂMBIO AUTOMÁTICO;2010...;1.6;DENTES INTERNO 22 - EXTERNO 25, TRAVA CENTRAL, SEM ABS
44607;7;C3;CÂMBIO AUTOMÁTICO;2010...;1.6;DENTES INTERNO 22 - EXTERNO 25, TRAVA CENTRAL, SEM ABS
44608;143;GLADIADOR 2700;PULVERIZADOR AUTOPROPELIDO;...;;
44609;10;FREEMONT;;2011...2016;2.4;DENTES LADO RODA 32 - LADO CÂMBIO 28
44610;10;FREEMONT;;2011...2016;2.4;DENTES LADO RODA 32 - LADO CÂMBIO 29
44611;21;MASTER;CÂMBIO MANUAL;2004...2012;2.5;DENTES LADO RODA 28 - FÔNICA 51, COM ABS
44612;24;COROLLA;CÂMBIO AUTOMÁTICO;2002...2008;1.8;DENTES LADO RODA 26 - LADO CÂMBIO 23 - FÔNICA 48, COM ABS
44613;24;COROLLA FIELDER;CÂMBIO AUTOMÁTICO;2002...2008;1.8;DENTES LADO RODA 26 - LADO CÂMBIO 23 - FÔNICA 48, COM ABS
44614;19;FRONTIER;4X4;08.2008...;2.5;DENTES LADO RODA 29 - LADO CÂMBIO 27
44615;19;FRONTIER;;2002...2007;;DENTES LADO RODA 28
44616;7;JUMPER;;2000...2009;2.8;DENTES INTERNO 39, Ø ROLAMENTO 38,8 MM
44617;10;DUCATO;;1998...2000;2.5 8V;DENTES INTERNO 39, Ø ROLAMENTO 38,8 MM
44618;10;DUCATO;;1998...2009;2.8 8V;DENTES INTERNO 39, Ø ROLAMENTO 38,8 MM
44619;20;BOXER;CÂMBIO MANUAL;2000...2009;2.8;DENTES INTERNO 39, Ø ROLAMENTO 38,8 MM
44620;11;RANGER;4X4  - CÂMBIO MANUAL;2004...2014;3.0 / 3.2;DENTES INTERNO 24, Ø ROLAMENTO 35,6 MM
44621;11;KA;CÂMBIO MANUAL;2014...2019;1.0 / 1.5;DENTES INTERNO 19, Ø ROLAMENTO 32 MM
44622;20;106;;1994...1998;1.0;DENTES INTERNO 22, Ø ROLAMENTO 30 MM
44623;20;205;;1994...1997;1.0;DENTES INTERNO 22, Ø ROLAMENTO 30 MM
44624;20;206;;1999...2004;1.0;DENTES INTERNO 22, Ø ROLAMENTO 30 MM
44625;21;KANGOO;;1999...2009;1.0 16V / 1.0 8V / 1.6 16V / 1.6 8V;DENTES INTERNO 22, Ø ROLAMENTO 30 MM
44626;21;LOGAN;;2008...2012;1.0 16V;DENTES INTERNO 22, Ø ROLAMENTO 30 MM
44628;21;TWINGO;;1998...2002;1.2;DENTES INTERNO 22, Ø ROLAMENTO 30 MM
44629;21;KWID;CÂMBIO MANUAL;2017...;1.0;DENTES INTERNO 24, Ø ROLAMENTO 28,65 MM
44630;24;HILUX;4X4;2000...2006;2.8 - SOHC DIESEL;DENTES INTERNO 34, Ø ROLAMENTO 42,34 MM
44631;13;AZERA;CÂMBIO AUTOMÁTICO;2010...2016;3.0;DENTES INTERNO 35, Ø ROLAMENTO 45,8 MM
44632;13;TUCSON;CÂMBIO AUTOMÁTICO;2005...2009;2.7;DENTES INTERNO 35, Ø ROLAMENTO 45,8 MM
44633;15;SPORTAGE;CÂMBIO AUTOMÁTICO;2005...2009;2.7;DENTES INTERNO 35, Ø ROLAMENTO 45,8 MM
44634;7;XANTIA;;1998...;;DENTES INTERNO 34, Ø ROLAMENTO 33 MM
44635;7;XSARA;;1998...;;DENTES INTERNO 34, Ø ROLAMENTO 33 MM
44636;7;ZX;;1998...;;DENTES INTERNO 34, Ø ROLAMENTO 33 MM
44637;20;306;;1999...;1.8;DENTES INTERNO 34, Ø ROLAMENTO 33 MM
44638;20;308;;1999...;1.8;DENTES INTERNO 34, Ø ROLAMENTO 33 MM
44639;20;405;;1999...;;DENTES INTERNO 34, Ø ROLAMENTO 33 MM
44640;20;PARTNER;;1999...;1.8;DENTES INTERNO 34, Ø ROLAMENTO 33 MM
44641;38;SÉRIE 4;R;2012...2018;;COM BOLSA PNEUMÁTICA
44642;38;SÉRIE 5 P/G/R;;2012...2018;;COM BOLSA PNEUMÁTICA
44643;38;SÉRIE 5;HIGHLINE / STREAMLINE;2012...2018;;COM BOLSA PNEUMÁTICA
44644;17;914;ACCELO / MICRO-ÔNIBUS;...;;
44645;17;ACCELO 715;C;...;;
44646;17;ACCELO 915;C;...;;
44647;17;L-710;;...;;
44648;17;L-710;D;...;;
44649;17;L-913;D;...;;
44650;10;FIORINO;PICK-UP;1994...;;
44651;5;CLASSIC;;2004...2012;;
44652;38;K-113;3º EIXO;...;;
44653;21;LOGAN;;2004...2015;1.0 16V - FLEX;
44654;21;LOGAN;;2004...2015;1.6 8V / 16V - FLEX;
44655;21;SANDERO;;2007...2015;1.0 16V - FLEX;
44656;21;SANDERO;;2007...2015;1.6 8V / 16V;
44657;24;HILUX;TODAS (PICK-UP / SW);2005...2015;;
44658;24;HILUX;TODAS (PICK-UP / SW);2005...;;
44659;24;HILUX;TODAS (PICK-UP / SW);2015...;;
44660;26;SAVEIRO;TROOPER ;2009...;;
44661;10;PALIO;;2003...;FIRE 1.0 / 1.3 / 1.4;
44662;10;DOBLO;DIREÇÃO HIDRÁULICA;2002...;;(COM DM LADO ESQUERDO)
44663;10;PALIO;DIREÇÃO HIDRÁULICA;1996...;;(COM DM LADO ESQUERDO)
44664;10;PALIO WEEKEND;DIREÇÃO HIDRÁULICA;1997...;;(COM DM LADO ESQUERDO)
44665;10;SIENA;DIREÇÃO HIDRÁULICA;1998...;;(COM DM LADO ESQUERDO)
44666;10;STRADA;DIREÇÃO HIDRÁULICA;1996...;;(COM DM LADO ESQUERDO)
44667;10;DOBLO;DIREÇÃO HIDRÁULICA;2002...;;(COM DM LADO DIREITO)
44668;10;PALIO;DIREÇÃO HIDRÁULICA;1996...;;(COM DM LADO DIREITO)
44669;10;PALIO WEEKEND;DIREÇÃO HIDRÁULICA;1997...;;(COM DM LADO DIREITO)
44670;10;SIENA;DIREÇÃO HIDRÁULICA;1998...;;(COM DM LADO DIREITO)
44671;10;STRADA;DIREÇÃO HIDRÁULICA;1996...;;(COM DM LADO DIREITO)
44672;5;MONZA;;1982...1990;;COM E SEM  AR
44673;5;COBALT;CÂMBIO AUTOMÁTICO / MANUAL;2011...;1.4 / 1.8;SUPORTE DO CÂMBIO
44674;5;ONIX;MT  - CÂMBIO AUTOMÁTICO / MANUAL;2011...;1.0 / 1.4;SUPORTE DO CÂMBIO
44675;5;PRISMA;CÂMBIO AUTOMÁTICO / MANUAL;2013...;1.0 / 1.4;SUPORTE DO CÂMBIO
44676;5;SONIC;CÂMBIO AUTOMÁTICO / MANUAL;2012...2015;;SUPORTE DO CÂMBIO
44677;5;SPIN;CÂMBIO AUTOMÁTICO / MANUAL;2012...;;SUPORTE DO CÂMBIO
44678;5;TRACKER;CÂMBIO AUTOMÁTICO / MANUAL;2014...;;SUPORTE DO CÂMBIO
44679;11;FIESTA;NEW;2002...;2.0;
44680;11;FIESTA;SUPER CHARGER;2002...;;
44681;20;207;HATCH / PASSION / SW ESCAPADE;2013...;;
44682;38;SÉRIE 6 P/G/R;;2019...;;COM BOLSA PNEUMÁTICA
44683;26;4.150;NOVO DELIVERY;2019...;;EURO V
44684;26;6.160;NOVO DELIVERY;2018...;;EURO V
44685;26;6.170;NOVO DELIVERY;2023...;;EURO IV
44686;26;DELIVERY;EXPRESS;2022...;;EURO IV
44687;153;M4030;PULVERIZADOR;...;;AUTOPROPELIDO MOLA PNEUMÁTICA COMPLETA
44688;153;M4730;PULVERIZADOR;...;;AUTOPROPELIDO MOLA PNEUMÁTICA COMPLETA
44689;10;PREMIO;;1989...1995;;SEM AR
44690;10;TIPO;TODOS OS MODELOS;1993...1997;;
44691;26;PARATI;;1995...;;SEM LIMPADOR E COM LIMPADOR TRASEIRO
44692;20;206;;2000...2005;1.0 16V;DENTES INTERNO 22 - EXTERNO 21 - FÔNICA 48, TRAVA INTERNA (NO FUNDO), COM / SEM ABS
44693;20;206;;2004...2010;1.4 8V;DENTES INTERNO 22 - EXTERNO 21 - FÔNICA 48, TRAVA INTERNA (NO FUNDO), COM / SEM ABS
44694;20;206;;2005...2009;1.4 16V;DENTES INTERNO 22 - EXTERNO 21 - FÔNICA 48, TRAVA INTERNA (NO FUNDO), COM / SEM ABS
44695;32;FMX-540;MAX;2022...;;
44696;38;SÉRIE 5;HIGHLINE;2012...;;
44697;38;SÉRIE 5;STREAMLINE;2012...;;
44698;14;CURSOR;;2008...;;
44699;14;TECTOR;;2008...;;
44700;38;G-420;;2007...2019;;
44701;38;G-440;;2007...2019;;
44702;38;G-470;;2007...2019;;
44703;38;P-340;;2007...2019;;
44704;38;P-420;;2007...2019;;
44705;38;R-440;;2007...2019;;
44707;11;EDGE;;2008...2014;;
44708;11;EDGE;;2015...2020;;
44709;26;UP!;EXCETO TSI  - CÂMBIO MANUAL;2014...;1.0;DENTES INTERNO 28 - EXTERNO 33
44710;26;GOL;5ª GERAÇÃO / 6ª GERAÇÃO - TODOS OS MODELOS;2008...2012;;
44711;26;GOL;G7;2013...2023;;
44712;24;HILUX;PICK-UP;2016...2021;;ROSCA M16X1,5
44713;24;HILUX;SW4;2016...2021;;ROSCA M16X1,5
44714;20;BOXER;CÂMBIO MANUAL;2010...2017;2.3;"ARO 15"" / 16"" DENTES EXTERNO 41"
44715;17;ACTROS 2546;;2008...2022;;SACHS 481700010210
44716;27;320;SÉRIE 3 (G20);2023...;;
44717;79;CF;;2021...;;COM MOLA HELICOIDAL
44718;26;CONSTELLATION;EURO IV;...;;COM MOLA HELICOIDAL
44719;13;GRAND SANTA FÉ;;2013...2019;;
44721;26;20.480;CONSTELLATION;2024...2025;;CAMINHÃO EURO 6
44722;26;28.460;METEOR - 6X2 EURO 5;2021...2023;;CAMINHÃO
44723;26;28.480;METEOR - 6X2 EURO 6;2023...;;CAMINHÃO
44724;26;29.520;METEOR - 6X4 EURO 5;2021...2023;;CAMINHÃO
44725;137;POER P30;EXCLUSIVE / TRAIL;2026...;;
44726;5;MONZA;SR  - CÂMBIO AUTOMÁTICO;1983...1996;;
44727;26;8.160;DELIVERY;2011...2020;;
44728;19;KAIT;;2026...;;
44729;10;TORO;;2022...2025;1.3 TURBO;
44730;45;COMPASS;;2022...2024;1.3 TURBO;
44731;15;BONGO;K-2400;2005...;2.5 / 2.7;
44732;15;BONGO;K-2500;2005...;2.5 / 2.7;
44733;15;BONGO;K-2700;2005...;2.5 / 2.7;
44734;26;JETTA;G6;2016...2022;1.4;(EXCETO VARIANT) COM MANGA DE EIXO 55 MM
44735;19;KICKS;CÂMBIO AUTOMÁTICO;2017...2024;1.6;DENTES LADO RODA 25 - LADO CÂMBIO 25
44736;21;SANDERO;;2008...2012;1.0;DENTES INTERNO 22, Ø ROLAMENTO 30 MM
44737;123;SR;SEMI-REBOQUE;...;;
44738;112;APACHE;;...;4.6 16V TURBO;
44739;125;ROAD;;...;4.6 16V TURBO;
44740;26;17.230;;...;;
44741;10;LINEA;;2008...2016;1.8 / 1.9 - FLEX;
44742;10;PUNTO;FIRE FLEX 8V;2007...2010;1.4;
44743;10;PUNTO;FLEX 8V;2007...2010;1.8;
44744;7;JUMPER;;2019...;2.0;
44745;7;JUMPER;FURGÃO;2019...;;L3H2
44746;7;JUMPER;FURGÃO;2019...;2.0;
44747;7;JUMPER;MINIBUS;2019...;;
44748;38;SÉRIE 4 P/G/R;;...;;DEFLETOR LATERAL DA CABINE
44749;26;CROSSFOX;;2005...2015;1.6 8V;DENTES INTERNO 30 - EXTERNO 36, TRAVA EXTERNA, COM ABS
44750;26;FOX;;2004...2018;1.6;DENTES INTERNO 30 - EXTERNO 36, TRAVA EXTERNA, COM ABS
44751;26;POLO;;2003...2015;1.6 / 2.0 8V;DENTES INTERNO 30 - EXTERNO 36, TRAVA EXTERNA, COM ABS
44752;26;POLO;SEDAN;2003...2015;1.6 / 2.0 8V;DENTES INTERNO 30 - EXTERNO 36, TRAVA EXTERNA, COM ABS
44753;26;SPACEFOX;;2006...2015;1.6 8V;DENTES INTERNO 30 - EXTERNO 36, TRAVA EXTERNA, COM ABS
44754;10;DOBLO;ADVENTURE;2011...;1.8 16V - E-TORQ;COM EIXO GKN DENTES INTERNO 25 - EXTERNO 27, TRAVA CENTRAL, COM/SEM ABS
44755;10;IDEA;ADVENTURE;2011...;1.6 /1.8 16V - E-TORQ;COM EIXO GKN DENTES INTERNO 25 - EXTERNO 27, TRAVA CENTRAL, COM/SEM ABS
44756;10;PALIO WEEKEND;;2011...;1.8 16V - E-TORQ;COM EIXO GKN DENTES INTERNO 25 - EXTERNO 27, TRAVA CENTRAL, COM/SEM ABS
44757;10;STRADA;ADVENTURE;2011...;E-TORQ 1.6 / 1.8 16V;COM EIXO GKN DENTES INTERNO 25 - EXTERNO 27, TRAVA CENTRAL, COM/SEM ABS
44758;10;ARGO;;2017...2020;1.0;DENTES INTERNO 21 - EXTERNO 22, TRAVA CENTRAL, COM/SEM ABS
44759;10;FIORINO;;2014...2015;1.0;DENTES INTERNO 21 - EXTERNO 22, TRAVA CENTRAL, COM/SEM ABS
44760;10;MOBI;;2016...2020;1.0;DENTES INTERNO 21 - EXTERNO 22, TRAVA CENTRAL, COM/SEM ABS
44761;10;PALIO;;2011...2017;1.0;DENTES INTERNO 21 - EXTERNO 22, TRAVA CENTRAL, COM/SEM ABS
44762;10;UNO;;2010...2020;1.0;DENTES INTERNO 21 - EXTERNO 22, TRAVA CENTRAL, COM/SEM ABS
44763;5;COBALT;CÂMBIO MANUAL;2013...2018;1.4;DENTES INTERNO 22 - EXTERNO 25, TRAVA INTERNA
44764;5;COBALT;CÂMBIO AUTOMÁTICO;2012...2017;1.8 8V;DENTES INTERNO 23 - EXTERNO 25, TRAVA INTERNA
44765;5;ONIX;CÂMBIO AUTOMÁTICO;2012...2017;1.4 8V;DENTES INTERNO 23 - EXTERNO 25, TRAVA INTERNA
44766;5;PRISMA;CÂMBIO AUTOMÁTICO;2012...2017;1.4 8V;DENTES INTERNO 23 - EXTERNO 25, TRAVA INTERNA
44767;5;SONIC;CÂMBIO AUTOMÁTICO;2012...2014;1.8 16V;DENTES INTERNO 23 - EXTERNO 25, TRAVA INTERNA
44768;5;SPIN;CÂMBIO AUTOMÁTICO;2012...2017;1.8 8V;DENTES INTERNO 23 - EXTERNO 25, TRAVA INTERNA
44769;5;MONTANA;;2011...2016;1.4;DENTES INTERNO 23 - EXTERNO 22 - FÔNICA 48, TRAVA CENTRAL, COM ABS
44770;5;VECTRA;CÂMBIO MANUAL;1997...2012;2.0 / 2.2 / 2.4;DENTES INTERNO 25 - EXTERNO 33 - FÔNICA 29, TRAVA EXTERNA, COM ABS
44771;5;ZAFIRA;CÂMBIO MANUAL;1997...2012;2.0 / 2.2 / 2.4;DENTES INTERNO 25 - EXTERNO 33 - FÔNICA 29, TRAVA EXTERNA, COM ABS
44772;21;MASTER;CÂMBIO MANUAL;2002...2004;2.8;DENTES INTERNO 36 - EXTERNO 28 - FÔNICA 51
44773;21;MASTER;CÂMBIO MANUAL;2004...2012;2.5;DENTES INTERNO 36 - EXTERNO 28 - FÔNICA 51
44774;21;CLIO;;2000...2012;1.6 8V / 16V;DENTES INTERNO 21 - EXTERNO 21 - FÔNICA 26, TRAVA CENTRAL, COM ABS
44775;21;KANGOO;;2000...2012;1.6 8V;DENTES INTERNO 21 - EXTERNO 21 - FÔNICA 26, TRAVA CENTRAL, COM ABS
44776;13;I30;CÂMBIO AUTOMÁTICO;2009...2012;2.0 16V;DENTES INTERNO 24 - EXTERNO 27 - FÔNICA 48, TRAVA INTERNA, COM ABS
44777;13;TUCSON;CÂMBIO AUTOMÁTICO;2010...2017;2.0 16V;DENTES INTERNO 24 - EXTERNO 27 - FÔNICA 48, TRAVA INTERNA, COM ABS
44778;15;SPORTAGE;CÂMBIO AUTOMÁTICO;2010...2014;2.0 16V;DENTES INTERNO 24 - EXTERNO 27 - FÔNICA 48, TRAVA INTERNA, COM ABS
44779;7;C3;;2003...2012;1.6;MOTOR TU5JP4 DENTES INTERNO 28 - EXTERNO 21, TRAVA EXTERNA
44780;5;S10;4X4;2012...2016;;DENTES LADO RODA 17 - LADO CÂMBIO 28, SEM ABS
44781;5;TRAILBLAZER;4X4;2013...2016;;DENTES LADO RODA 17 - LADO CÂMBIO 28, SEM ABS
44782;5;S10;4X4;2017...2024;;DENTES INTERNO 28 - EXTERNO 33
44783;5;TRAILBLAZER;4X4;2017...2024;;DENTES INTERNO 28 - EXTERNO 33
44784;5;COBALT;CÂMBIO MANUAL;2012...;1.8;DENTES LADO RODA 25 - LADO CÂMBIO 22
44785;5;SPIN;CÂMBIO MANUAL;2012...;1.8;DENTES LADO RODA 25 - LADO CÂMBIO 22
44786;24;HILUX;SRV;2006...;TURBO DIESEL;DENTES LADO RODA 30 - LADO CÂMBIO 30
44787;24;HILUX;SW;2005...;3.0 TURBO DIESEL;DENTES LADO RODA 30 - LADO CÂMBIO 30
44788;24;HILUX;SW4;2005...;2.5 TURBO DIESEL;DENTES LADO RODA 30 - LADO CÂMBIO 30
44789;11;FOCUS;CÂMBIO AUTOMÁTICO / MANUAL;2003...2013;2.0;DENTES INTERNO 23, Ø ROLAMENTO 39,9 MM
44790;11;FOCUS;CÂMBIO AUTOMÁTICO / MANUAL;2010...;2.0 16V;DENTES INTERNO 24, Ø ROLAMENTO 41,7 MM
44791;24;COROLLA;CÂMBIO AUTOMÁTICO;2012...2014;2.0 16V;DENTES INTERNO 24, Ø ROLAMENTO 41,7 MM
44792;12;CITY;CÂMBIO AUTOMÁTICO;2010...2017;1.5;DENTES INTERNO 22, Ø ROLAMENTO 36 MM
44793;21;MASTER;CÂMBIO MANUAL;2013...2020;2.3;DENTES INTERNO 27, Ø ROLAMENTO 43,7 MM
44794;13;HB20;;2013...2018;1.0 12V;DENTES INTERNO 20, Ø ROLAMENTO 30 MM
44795;26;GOLF;GL/ GLX / GTI / SÉRIE III (EXCETO VR6);1994...07.1998;;
44796;22;CORDOBA;SXE;04.1995...2001;1.8;
44797;22;IBIZA;GLX/SXE;05.1995...2003;;
44798;22;INCA;;11.1995...2002;;
44799;22;VARIO;SW;10.1999...2002;;
44800;26;GOLF;SÉRIE II;07.1984...1993;;
44801;26;POLO CLASSIC;;1996...2001;;
44802;10;DUNA;;1994...1995;;
44803;10;ELBA;;09.1986...1996;;
44804;10;ELBA WEEKEND;;09.1986...1996;;
44805;10;FIORINO;FURGÃO / PICK-UP;1988...;;EXCETO TREKING / WORKING
44806;10;PREMIO;;09.1986...1995;;
44807;10;UNO;(EXCETO TURBO);09.1986...1996;;
44808;5;VECTRA;(INCLUSIVE NOVO);1997...2011;;
44809;11;BELINA;;1978...04.1981;;
44810;11;CORCEL II;;1978...1981;;
44811;11;CORCEL II;;10.1984...1986;;
44812;11;DEL REY;;10.1984...1997;;
44813;21;CLIO;II;2005...2016;;Ø FURO DO PIVÔ (12 MM)
44814;15;BESTA GS;;1998...;;
44815;15;SPORTAGE;HYBRIDO PRESTIGE T-GDI MHEV / EX T=GDI - 5ª GERAÇÃO;2022...;HIBRÍDO;
44816;153;M4025;PULVERIZADOR;...;;AUTOPROPELIDO MOLA PNEUMÁTICA COMPLETA
44817;153;M4630;PULVERIZADOR;...;;AUTOPROPELIDO MOLA PNEUMÁTICA COMPLETA
44818;17;SPRINTER;;1997...2011;1.6 / 2.5 / 3.1;1 BATENTE
44819;17;SPRINTER;;1997...2011;1.6 / 2.5 / 3.1;1 COIFA / 1 COXIM SUPERIOR / 1 COXIM INFERIOR
44820;26;POLO;CÂMBIO AUTOMÁTICO;2018...2022;1.0 3 CIL.;23 DENTES INTENOS / 26 DENTES EXTERNOS
44821;26;VIRTUS;CÂMBIO AUTOMÁTICO;2018...2022;1.0 3 CIL.;23 DENTES INTENOS / 26 DENTES EXTERNOS
44822;26;POLO;CÂMBIO AUTOMÁTICO;2018...2022;1.0 3 CIL.;22 DENTES INTERNOS/ 26 DENTES EXTERNOS
44823;26;VIRTUS;CÂMBIO AUTOMÁTICO;2018...2022;1.0 3 CIL.;22 DENTES INTERNOS/ 26 DENTES EXTERNOS
44824;7;AIRCROSS;;2010...2020;;1 BATENTE / 1 COIFA
44825;7;C3;;2013...2020;;1 BATENTE / 1 COIFA
44826;7;C4 CACTUS;;2018...;;1 BATENTE / 1 COIFA
44827;7;C4 LOUNGE;;2013...2020;;1 BATENTE / 1 COIFA
44828;20;208;;2013...2020;;1 BATENTE / 1 COIFA
44829;32;VM 360;8X2;...;;
44830;17;AXOR 1933;;2014...2017;;
44831;26;POLO;CÂMBIO AUTOMÁTICO;2018...2022;;26 DENTES INTENOS / 36 DENTES EXTERNOS
44832;26;T-CROSS;CÂMBIO AUTOMÁTICO;2020...2022;;26 DENTES INTENOS / 36 DENTES EXTERNOS
44833;26;VIRTUS;CÂMBIO AUTOMÁTICO;2018...2022;;26 DENTES INTENOS / 36 DENTES EXTERNOS
44834;26;TIGUAN;CÂMBIO AUTOMÁTICO;2009...2018;2.0;26 DENTES INTENOS / 36 DENTES EXTERNOS
44835;26;TIGUAN;CÂMBIO AUTOMÁTICO;2009...2018;2.0;40 DENTES INTENOS / 36 DENTES EXTERNOS
44836;10;TORO;4X2  - CÂMBIO AUTOMÁTICO;2016...;1.8;26 DENTES INTENOS / 27 DENTES EXTERNOS
44837;45;RENEGADE;4X2  - CÂMBIO AUTOMÁTICO;2015...;1.8;26 DENTES INTENOS / 27 DENTES EXTERNOS
44838;10;ARGO;CÂMBIO AUTOMÁTICO;2017...2023;1.3;22 DENTES EXTERNOS
44839;10;CRONOS;CÂMBIO AUTOMÁTICO;2017...2023;1.3;22 DENTES EXTERNOS
44840;10;ARGO;PRECISION  - CÂMBIO MANUAL;2017...2023;1.8;25 DENTES EXTERNOS
44841;10;CRONOS;PRECISION  - CÂMBIO MANUAL;2017...2023;1.8;25 DENTES EXTERNOS
44842;10;MOBI;EASY / LIKE / WAY  - CÂMBIO MANUAL;2016...;1.0;21 DENTES INTENOS / 22 DENTES EXTERNOS
44843;10;ARGO;CÂMBIO AUTOMÁTICO;2022...;1.3;22 DENTES EXTERNOS
44844;7;AIRCROSS;;2010...2020;;1 BATENTE / 1 COIFA / 1 COXIM / 1 ROLAMENTO
44845;7;C3;;2013...2020;;1 BATENTE / 1 COIFA / 1 COXIM / 1 ROLAMENTO
44846;7;C3 PICASSO;;2012...2015;;1 BATENTE / 1 COIFA / 1 COXIM / 1 ROLAMENTO
44847;7;C4 CACTUS;;2018...;;1 BATENTE / 1 COIFA / 1 COXIM / 1 ROLAMENTO
44848;20;208;;2013...2020;;1 BATENTE / 1 COIFA / 1 COXIM / 1 ROLAMENTO
44849;7;C3;CÂMBIO MANUAL;2003...2012;1.6;DENTES INTERNO 28, Ø ROLAMENTO 37,5 MM
44850;17;SPRINTER;315 / 415 / 515;2012...2019;;
44851;26;POLO;GTS;2020...;;
44852;10;TITANO;;2024...;;
44853;45;COMMANDER;4X4;2024...;2.0 HURRICANE - GASOLINA / FLEX;
44854;5;S10;4X2 / 4X4;1995...06.1999;;
44855;32;XC90;;2016...;;
44856;20;2008;;2024...;;
44857;32;XC60;;2018...2023;;
44858;26;4.140;DELIVERY;2018...2023;;
44859;26;4.150;DELIVERY;2018...2023;;
44860;26;4.160;DELIVERY;2018...2023;;
44861;26;6.160;DELIVERY;2018...2023;;
44862;26;6.170;DELIVERY;2022...;;
44863;12;CR-V;;2007...2011;;1 BATENTE / 1 COXIM
44864;20;208;;2021...;;1 BATENTE / 1 COIFA / 1 COXIM C/ ROLAMENTO
44865;21;KWID;;2017...;;1 BATENTE / 1 COIFA / 1 COXIM
44866;21;DUSTER;;2008...;;1 BATENTE / 1 COIFA / 1 COXIM
44867;21;LOGAN;;2008...;;1 BATENTE / 1 COIFA / 1 COXIM
44868;21;SANDERO;;2008...;;1 BATENTE / 1 COIFA / 1 COXIM
44869;18;L200;TRITON;2007...2016;;1 COIFA / 1 COXIM
44870;43;TIGGO 2;;2018...2022;;1 BATENTE / 1 COIFA / 1 COXIM
44871;17;ATEGO 2730;;2016...2025;;
44872;32;FH;;2014...;;
44873;32;FM;;2014...;;
44874;32;FMX;;2014...;;
44875;11;MAVERICK;;2022...;;
44876;136;3500;;2024...;;
44877;43;TIGGO 7;;2019...;;
44878;43;TIGGO 8;TODOS;2020...;;
44879;155;J7;;2025...;;
44880;43;ARRIZO 6;HYBRID;2023...;1.5 TURBO;
44881;21;GRAND TOUR;;2006...2013;;
44882;5;JOY;TODOS OS MODELOS;2020...;;
44883;5;JOY PLUS;TODOS OS MODELOS;2020...;;
44884;5;ONIX;TODOS OS MODELOS ANTIGOS;2012...2019;;(EXCETO ACTIV)
44885;5;PRISMA;2ª  GERAÇÃO - TODOS OS MODELOS;2012...2019;;
44886;5;SONIC;TODOS OS MODELOS;2012...2014;;
44887;5;SPIN;TODOS OS MODELOS;2012...2014;;
44888;26;CROSSFOX;;2005...2013;1.6 8V;DENTES INTERNO 30 - EXTERNO 22, TRAVA EXTERNA, SEM ABS
44889;26;FOX;;2003...2015;1.6 8V;DENTES INTERNO 30 - EXTERNO 22, TRAVA EXTERNA, SEM ABS
44890;26;POLO;;2003...2004;2.0 8V;DENTES INTERNO 30 - EXTERNO 22, TRAVA EXTERNA, SEM ABS
44891;26;POLO;SEDAN;2003...;1.6 / 2.0 8V;DENTES INTERNO 30 - EXTERNO 22, TRAVA EXTERNA, SEM ABS
44892;26;SPACEFOX;;2007...;1.6 8V;DENTES INTERNO 30 - EXTERNO 22, TRAVA EXTERNA, SEM ABS
44893;2;145;145 / 145 QV (EXCETO 1.8);1996...1999;;DENTES INTERNO 25 - EXTERNO 25, TRAVA INTERNA, SEM ABS
44894;2;155;155 / 155 SUPER;1995...1998;;DENTES INTERNO 25 - EXTERNO 25, TRAVA INTERNA, SEM ABS
44895;10;TEMPRA;;1992...1999;2.0 8V E 16V;DENTES INTERNO 25 - EXTERNO 25, TRAVA INTERNA, SEM ABS
44896;10;TIPO;;1992...1997;2.0;DENTES INTERNO 25 - EXTERNO 25, TRAVA INTERNA, SEM ABS
44897;5;S10;4X4;2012...2016;;DENTES INTERNO 26 - EXTERNO 17
44898;5;TRAILBLAZER;4X4;2013...2015;;DENTES INTERNO 26 - EXTERNO 17
44899;18;PAJERO;TR4 4X4  - CÂMBIO MANUAL;2002...2011;;DENTES INTERNO 32 - EXTERNO 25 - FÔNICA 43, TRAVA INTERNA, COM ABS
44900;7;C3;;2013...2020;1.2;DENTES INTERNO 29 - EXTERNO 21, TRAVA CENTRAL
44901;7;C3;;2017...2020;1.4;DENTES INTERNO 29 - EXTERNO 21, TRAVA CENTRAL
44902;20;207;;2009...2013;1.4 / 1.6;DENTES INTERNO 29 - EXTERNO 21, TRAVA CENTRAL
44903;20;208;;2013...2020;1.5;DENTES INTERNO 29 - EXTERNO 21, TRAVA CENTRAL
44904;20;208;;2017...2020;1.2;DENTES INTERNO 29 - EXTERNO 21, TRAVA CENTRAL
44905;4;A3;;1996...2007;;
44906;26;BORA;;2000...2003;;
44907;26;GOLF;SÉRIE IV;1998...2014;;
44908;26;NEW BEETLE;;1999...2002;;
44909;5;AGILE;;2009...2016;;
44910;5;CELTA;;2000...2015;;
44911;5;CLASSIC;;05.1998...2016;;
44912;5;CORSA;PICK-UP (EXCETO NOVO CORSA);05.1998...2003;;
44913;5;MONTANA;(MODELO AGILE);2010...2015;;
44914;5;PRISMA;(ANTIGO);...2012;;
44915;21;MASTER;;2002...2004;2.8;LADO RODA 28 - FÔNICA 51, COM ABS
44916;5;ASTRA;CÂMBIO AUTOMÁTICO / MANUAL;1999...2012;1.8 / 2.0;DENTES INTERNO 25 - EXTERNO 33, TRAVA EXTERNA, COM/SEM ABS
44917;5;VECTRA;CÂMBIO AUTOMÁTICO / MANUAL;2001...2012;2.0;DENTES INTERNO 25 - EXTERNO 33, TRAVA EXTERNA, COM/SEM ABS
44918;5;ZAFIRA;CÂMBIO AUTOMÁTICO / MANUAL;2002...2012;2.0;DENTES INTERNO 25 - EXTERNO 33, TRAVA EXTERNA, COM/SEM ABS
44919;12;HR-V;CÂMBIO AUTOMÁTICO / MANUAL;2016...2020;1.8;DENTES INTERNO 25 - EXTERNO 30, TRAVA CENTRAL
44920;4;A3;CÂMBIO AUTOMÁTICO / MANUAL;1999...2006;1.8;DENTES INTERNO 30 - EXTERNO 36
44921;4;TT;CÂMBIO AUTOMÁTICO / MANUAL;1999...2006;1.8;DENTES INTERNO 30 - EXTERNO 36
44922;26;GOLF;CÂMBIO AUTOMÁTICO / MANUAL;1994...1998;2.0;DENTES INTERNO 30 - EXTERNO 36
44923;11;EXPLORER;4X4   - CÂMBIO MANUAL;1998...2000;DIESEL - DIESEL;DENTES LADO RODA 27 - LADO CÂMBIO 27
44924;11;RANGER;4X4   - CÂMBIO MANUAL;2000...2004;2.8 DIESEL - DIESEL;DENTES LADO RODA 27 - LADO CÂMBIO 27
44925;11;FUSION;CÂMBIO AUTOMÁTICO;2006...2009;2.3;DENTES LADO RODA 28 - LADO CÂMBIO 28-2 - FÔNICA 44, COM ABS
44926;21;BOREAL;;2026...;1.3 TURBO;DIANTEIRA
44927;19;KICKS;;2016...2024;;
44928;11;RANGER;4X4;2003...2012;;DENTES INTERNO 24 - EXTERNO 27, TRAVA CENTRAL
44929;19;SENTRA;CÂMBIO AUTOMÁTICO;2008...2013;2.0 16V;DENTES INTERNO 24 - EXTERNO 29, TRAVA CENTRAL
44930;11;RANGER;4X4   - CÂMBIO MANUAL;2003...2012;3.0;DENTES LADO RODA 27 - LADO CÂMBIO 26+1
44931;4;A4;CÂMBIO AUTOMÁTICO / MANUAL - DIREÇÃO HIDRÁULICA;1995...1999;;DENTES INTERNO 34, Ø ROLAMENTO 40,95 MM
44932;4;A6;CÂMBIO AUTOMÁTICO / MANUAL - DIREÇÃO HIDRÁULICA;1995...1999;;DENTES INTERNO 34, Ø ROLAMENTO 40,95 MM
44933;26;GOLF;CÂMBIO TIPTRONIC - DIREÇÃO HIDRÁULICA;2001...2008;1.8;DENTES INTERNO 34, Ø ROLAMENTO 40,95 MM
44934;26;GOLF;CÂMBIO TIPTRONIC - DIREÇÃO HIDRÁULICA;2001...2008;2.0;DENTES INTERNO 34, Ø ROLAMENTO 40,95 MM
44935;26;GOLF;CÂMBIO TIPTRONIC - DIREÇÃO HIDRÁULICA;2001...2008;2.8 TURBO;DENTES INTERNO 34, Ø ROLAMENTO 40,95 MM
44936;13;HB20;CÂMBIO AUTOMÁTICO / MANUAL;2013...2019;1.6;DENTES INTERNO 22, Ø ROLAMENTO 32,5 MM
44937;13;TUCSON;CÂMBIO MANUAL;2005...2009;2.0;DENTES INTERNO 22, Ø ROLAMENTO 32,5 MM
44938;15;SEPHIA;CÂMBIO MANUAL;1993...2000;1.6;DENTES INTERNO 22, Ø ROLAMENTO 32,5 MM
44939;15;SOUL;CÂMBIO MANUAL;1999...2015;1.6;DENTES INTERNO 22, Ø ROLAMENTO 32,5 MM
44940;15;SPORTAGE;CÂMBIO MANUAL;2005...2009;2.0;DENTES INTERNO 22, Ø ROLAMENTO 32,5 MM
44941;135;DOLPHIN;;2023...;ELÉTRICO - ELÉTRICO;
44942;135;KING;;2025...;HÍBRIDO - HÍBRIDO;
44943;135;SEAL;;2023...;ELÉTRICO - ELÉTRICO;
44944;135;YUAN PLUS;;2023...;ELÉTRICO - ELÉTRICO;
44945;135;YUAN PRO;;2023...;ELÉTRICO - ELÉTRICO;
44946;26;FUSCA;;...;ETANOL / GASOLINA;
44947;13;CRETA;G2 (EXCETO ACTION);2022...2024;;
44948;13;CRETA;ACTION;2021...2025;;
44949;11;RANGER;4X2 / 4X4;2023...;2.0 / 3.0;
44950;32;VM 270;CAMINHÃO;2021...;;
44951;135;D11A;ÔNIBUS;2024...;ELÉTRICO;
44952;135;D11B;ÔNIBUS;2021...;ELÉTRICO;
44953;135;D9A;ÔNIBUS;2024...;ELÉTRICO;
44954;135;D9F;ÔNIBUS;2024...;ELÉTRICO;
44955;135;D9W;ÔNIBUS;2024...;ELÉTRICO;
44956;17;ATEGO 1418;CAMINHÃO;2004...;;
44957;17;ATEGO 1419;CAMINHÃO;2004...;;
44958;17;ATEGO 1518;CAMINHÃO;2004...;;
44959;17;ATEGO 1718;CAMINHÃO;2004...;;
44960;17;ATEGO 1719;CAMINHÃO;2004...;;
44961;17;ATEGO 1725;CAMINHÃO;2004...;;
44962;2;GTV;;1995...;2.0 TWIN SPARK - GASOLINA;SISTEMA GIRLING
44963;2;SPIDER;;1995...1995;2.0 I 16V / 3.0 I V6 - GASOLINA;SISTEMA GIRLING
44964;10;COUPE;;1994...1995;2.0 - GASOLINA;SISTEMA GIRLING
44965;10;MAREA;;1998...;2.0 20V TURBO - GASOLINA;SISTEMA GIRLING
44966;10;MAREA;ELX / HLX;2000...;2.4 20V - GASOLINA;SISTEMA GIRLING
44967;10;MAREA WEEKEND;;2000...;2.4 20V - GASOLINA;SISTEMA GIRLING
44968;135;DOLPHIN MINI;;2024...;ELÉTRICO - ELÉTRICO;
44969;12;FIT;CÂMBIO AUTOMÁTICO;2015...;1.5 - FLEX;DENTES LADO RODA 26 - LADO CÂMBIO 25
