id;nome;latitude;longitude;logradouro;numero;complemento;bairro;cidade;cep;uf;contato;email;telefone
1;BERONHA AUTOPEÇAS;-24.1101606;-49.3261614;RUA PRIMEIRO DE MAIO;485;;VILA OSÓRIO;ITARARÉ;18460000;SP;VAGNER;beronha01@hotmail.com;1535322678
2;TRAMWAY AUTOPEÇAS;-23.4616438;-46.5767876;RUA ABÍLIO PEDRO RAMOS;422;;JAÇANÃ;SÃO PAULO;2279000;SP;CARLOS;vendas@tramwayautopecas.com.br;1122411159
3;AUTO BARRA PEÇAS;-18.7552682;-40.8816192;AVENIDA PRESIDENTE CASTELO BRANCO;1203;;VILA LANDINHA;BARRA DE SÃO FRANCISCO;29800000;ES;ADENILSON;autobarra.mecanica@hotmail.com;2737562467
4;CENTRO AUTOMOTIVO KIGUI;-12.1429533;-44.9836526;AVENIDA ANTÔNIO CARLOS MAGALHAES;1401;;CENTRO;BARREIRAS;47800000;BA;FERNANDO;diretoria@cakautocenter.com.br;7736117271
5;ELBRAS AUTOPEÇAS;-23.4506359;-46.7354708;ESTRADA DAS TAIPAS;629;;JARAGUÁ;SÃO PAULO;2991000;SP;MARCELO;macripecas@terra.com.br;1121854900
6;PRIMO AUTOPEÇAS;-23.0295118;-45.5613909;RUA DOUTOR EMÍLIO WINTHER;334;;CENTRO;TAUBATÉ;12030000;SP;WASHINGTON;wfreitasinfinito@gmail.com;1221235800
7;GALIZÉ AUTOPEÇAS;-21.1404333;-48.9741729;RUA BRASIL;1655;;CENTRO;CATANDUVA;15800030;SP;MARCOS;autopecasgalize@yahoo.com.br;1735226306
8;NOSSO CARRO AUTOPEÇAS;-3.0931466;-59.9517955;AVENIDA AUTAZ MIRIM;7864;;TANCREDO NEVES;MANAUS;69087215;AM;ELEXSANDRO;ssautopecasltda@gmail.com;9236446779
9;PERONI AUTOPEÇAS;-19.3894012;-40.0667078;AVENIDA BARRA D ESÃO FRANCISCO;531;;SHELL;LINHARES;29901530;ES;VITOR;peronipecas@peroniautopecas.com.br;2733710995
10;MONTINIMOTOS;-23.9520379;-46.3287857;RUA DOUTOR CARVALHO DE MENDONÇA;147;;VILA BELMIRO;SANTOS;11070000;SP;ROGÉRIO;lcmontini@yahoo.com.br;1332342032
11;PITT AUTOPEÇAS;-22.1353146;-51.3893835;AVENIDA BRASIL;2392;;JARDIM BELA DARIA;PRESIDENTE PRUDENTE;19013001;SP;MÁRIO;pitstoppecas@hotmail.com;1832215014
12;JOSÉ AMÉRICO;-21.3944606;-42.6930159;RUA JOÃO PESSOA;45;;VILATEREZA;CATAGUASES;36772020;MG;FABÍOLA;atendimento.joseamerica@gmail.com;3234214788
13;AUTOPEÇAS SÃO GERALDO;-17.7255776;-48.1620432;AVENIDA BARÃO DO RIO BRANCO;56;;CENTRO;IPAMERI;75780000;GO;HUGO;autopecassaogeraldo@hotmail.com.;6434911162
14;GENERAL AUTOPEÇAS;-20.5360569;-47.4080148;RUA GENERAL TELLES;773;;HIGIENÓPOLIS;FRANCA;14405090;SP;ÉDER;general@com4.com.br;1637120800
15;GENERAL AUTOPEÇAS;-20.5733397;-47.3767650;AVENIDA  MAGISTRADO RENATO SALLES ABREU;714;;PROLONGAMENTO JARDIM AEROPORTO;FRANCA;14404090;SP;ÉDER;general@com4.com.br;1637126800
16;CENTRO AUTOMOTIVO SALES;-19.9381113;-40.5944174;AVENIDA RICARDO PASOLI;328;;CENTRO;SANTA TERESA;29650000;ES;MIGUEL;said@saort.com.br;2732592101
17;CENTRO AUTOMOTIVO SALES;-19.7463513;-40.6582318;AVENIDA CATARINA GUIDONI VOLPI;3000;LOJA B;SÃO BENTO;SÃO ROQUE DO CANAÃ;29665000;ES;MIGUEL;centroautomotivo.src@gmail.com;2737291373
18;CENTRO AUTOMOTIVO SALES;-20.2270805;-40.3648735;RODOVIA GOVERNADOR MARIO COVAS;282;;ROSARIO DE FATIMA;SERRA;29161160;ES;MIGUEL;said@saort.com.br;2730227902
19;DISTRIBUIDORA TRIANGULO DE PEÇAS;-18.9143943;-48.2932997;AVENIDA FERNANDO VILELA;1940;;MARTINS;UBERLÂNDIA;38400458;MG;CELSOBRITO;triangpecas@hotmail.com;(34)3236-2408
20;AUTOPEÇAS PARANAVAÍ;-23.0818624;-52.4486870;AVENIDA PARANÁ;1327;;JARDIM AMÉRICA;PARANAVAÍ;87705190;PR;FABIANO;fabiano.iglesias@uol.com.br;4434223530
21;RODRIGUES DIESEL;-24.7303729;-48.1002038;AVENIDA ADOLFO MUNIZ;160;;VILA VITÓRIA;CAJATI;11950000;SP;FELIPE;rodriguesdiesel@hotmail.com;1338541450
22;PARANA AUTOPEÇAS;-18.6504575;-48.1855800;AVENIDA MINAS GERAIS;1204;;CENTRO;ARAGUARI;38440042;MG;DIOMEDES;soniascharf1@hotmail.com;3432422402
23;ALEX AUTOPEÇAS;-23.3953638;-46.3259394;AVENIDA JOÃO MANOEL;317;;CENTRO;ARUJÁ;7400605;SP;ALEX;alexautopecas.aruja@gmail.com;1146550493
24;SEMAR AUTOPEÇAS;-18.9388078;-48.3083172;AVENIDA DO CARPINTEIRO;142;;PLANALTO;UBERLÂNDIA;38413177;MG;CELSO;celsovini@hotmail.com;3432574126
25;CELSÃO AUTOPEÇAS;-23.1278309;-46.4689299;AVENIDA SANTOS DUMONT;425;;JARDIM SANTOS DUMONT;BOM JESUS DOS PERDÕES;12955000;SP;CELSO;celsoautopecas@uol.com.br;1140127282
26;MEGA AUTOPEÇAS;-23.5248636;-46.8034929;AVENIDA DOS AUTONOMISTAS;5889;;QUITAÚNA;OSASCO;6194050;SP;RAFAEL;rafamega.pecas@hotmail.com;1136958500
27;CICLO SHOP MULTIMARCAS;-22.4747058;-48.9904101;RUA SETE DE SETEMBRO;890;;CENTRO;AGUDOS;17120011;SP;VINICIUS;cicloshop.agudos@outlook.com;1432617132
28;EDINHO AUTOPEÇAS;-20.0418330;-47.7547402;AVENIDA DOUTOR WANDERLEY RIBEIRO;347;;CENTRO;IGARAPAVA;15540000;SP;EDSON;edinhoautopecas@yahoo.com;1631725009
29;MANIACAR;-22.8236851;-42.9690211;RUA LUIZ PEREIRA DOS SANTOS;96;;BOAVISTA;SÃO GONÇALO;24465740;RJ;ANA;maniacar@globo.com;2137069053
30;J.R. PEÇAS;-15.8764620;-50.8671899;RUA BEBEDOURO;156;;PLANALTO;JUSSARA;76270000;GO;JOSE RUBENS;jr.rubens_@hotmail.com;6233731288
31;AUTOPEÇAS GRANDE CIRCULAR;-3.0931466;-59.9517955;AVENIDA AUTAZ MIRIM;7216;;TANCREDO NEVES;MANAUS;69087215;AM;ANTONIO;somaza_grandecircular@hotmail.com;9230163575
32;MUNDIAL AUTOPEÇAS;-22.3114010;-49.0629129;AVENIDA DOUTOR NUNO DE ASSIS;1662;;JARDIM SANTANA;BAURU;17020310;SP;GILMAR;mundialbauru.vendas@gmail.com;1431043030
33;SCALA AUTOPEÇAS;-21.6788129;-51.0682795;AVENIDA CASTELO BRANCO;410;;VILA JAMIL DE LIMA;ADAMANTINA;17800000;SP;ANDRÉ;scalaadamantina@hotmail.com;1835211707
34;RAPOSO AUTOPEÇAS;-23.5995124;-46.8892663;ALAMEDA TUCA;510;;PARQUE RINCÃO;COTIA;6716190;SP;SERGIO;sergio@raposoautopecas.com;1146147769
35;JOSECAR AUTOPEÇAS;-23.5796340;-46.7098761;PRAÇA PAULA MOREIRA;106;;JARDIM GUEDALA;SÃO PAULO;5514010;SP;SERGIO;gerentebutanta@josecar.com.br;1138112299
36;COLORADO AUTOPEÇAS;-11.7328052;-49.0722981;AVENIDA GOIÁS;2619;;CENTRO;GURUPI;77410010;TO;PAULO;paulopinto.gpi@gmail.com;6333123060
37;SEBBÁ AUTOPEÇAS;-23.9448502;-46.3238516;RUA JÚLIO DE MESQUITA;57;;VILA MATHIAS;SANTOS;11075220;SP;LUCIANO;sebba@terra.com.br;1332221597
38;CHUMBINHO AUTOPEÇAS;-22.2902095;-51.9057643;AVENIDA ZILBRASIL;801;B;CENTRO;MIRANTE DO PARANAPANEMA;19260000;SP;PAULO;chumbinhoautopecas@hotmail.com;1839911572
39;JATAÍ AUTOPEÇAS;-17.8863809;-51.7175996;RUA BENJAMIM CONSTANT;1163;;CENTRO;JATAÍ;75800000;GO;JOSÉ LUIZ;jat_cotação@hotmail.com;6435053000
40;JATAÍ AUTOPEÇAS;-17.9020607;-51.7261828;AVENIDA SAID ABDALIA;244;;JARDIM RIO CLARO;JATAÍ;75802019;GO;JOSÉ LUIZ;jat_cotação@hotmail.com;6435053000
41;AUTOPEÇAS DO MAURO;-7.8898991;-35.4618564;AVENIDA JERÔNIMO HERÁCLIO DO REGO;1524;;JOÃO ERNESTO;LIMOEIRO;55700000;PE;LÊILA;grimaurogcoutinho@bol.com.br;8136280845
42;IBAD AUTOPEÇAS;-22.7825146;-43.3050096;AVENIDA DUQUE DE CAXIAS;751;;PAULICÉIA;DUQUE DE CAXIAS;25070070;RJ;ORNI;orniibad@gmail.com;2136728250
43;PIUMHI PEÇAS;-18.9043781;-48.2897516;AVENIDA PAULO ROBERTO CUNHA SANTOS;1525;;ROOSEVELT;UBERLÂNDIA;38402266;MG;MARCIA;piumhi@netsite.com.br;3432342400
44;TEDA AUTOPEÇAS;-20.2720277;-50.2392287;AVENIDA LITÉRIO GRECCO;2601;;SÃO FERNANDO;FERNANDÓPOLIS;15600000;SP;LEONARDO;tedacompras@gmail.com;1734655777
45;AUTOPEÇAS UNIVERSO;-14.1038363;-50.3400367;AVENIDA TANCREDO NEVES;S/N;QUADRA27LOTE4;SETOR ESTÁDIO;NOVA CRIXÁS;76520000;GO;WAGNER;apuniverso@hotmail.com;6233853277
46;PARDAHL AUTOPEÇAS;-23.4493771;-49.4066976;RUA FERNANDO GOBBO;640;;VILA DOS MARTINS;TAGUAÍ;18890000;SP;PARDAHL;pardahl.gobbo@hotmail.com;1433861333
47;AUTOPEÇAS MANOA;-3.0396068;-60.0053125;AVENIDA MAXTEIXEIRA;2350;;CIDADE NOVA;MANAUS;69090001;AM;NIVALDO;manoapecas1@uol.com.br;9235812781
48;AUTOPEÇAS NELSON;-17.8201302;-50.5977854;RUA GERALDO MARTINS ROSA;900;;BLANDINA;SANTA HELENA;75920000;GO;NEILSON;oficinanelson@gmail.com;6436411267
49;AUTOPEÇAS MAYSA;-16.6455209;-49.3916356;AVENIDA ELIZABETH MARQUES;20;;MAYSA;TRINDADE;75380000;GO;MARCOS;autopecasmaysa@hotmail.com;6235774695
50;UNIPEÇAS AUTOPEÇAS;-17.8119325;-50.6001774;RUA DUPLANIL FARIA DE SOUZA;600;;CENTRO;SANTA HELENA;75920000;GO;KELLER;unipecas.automotivo@globo.com;6436413636
51;PARENTE AUTOPEÇAS;-10.7128037;-48.4130076;AVENIDA ANISIO ALVES COSTA;1341;;JARDIM BRASILIA;PORTO NACIONAL;77500000;TO;EMERSON;parenteautopecas@terra.com.br;6333631573
52;MS AUTOMOTIVA;-10.7106080;-48.4129700;AVENIDA ANISIO ALVES COSTA;1500;;CENTRO;PORTO NACIONAL;75500000;TO;RAILSON;pecasmercosul@yahoo.com.br;6333632828
53;AUTOPEÇAS TAVARES;-21.1404333;-48.9741729;RUA BRASIL;1911;;JARDIM BRASIL;CATANDUVA;15800030;SP;EVERTON;autopecastavares2008@hotmail.com;1735225430
54;WR AUTOPEÇAS;-22.8202414;-45.1974863;RUA VISCONDE DE GUARATINGUETÁ;539;;CENTRO;GUARATINGUETÁ;12501290;SP;FABIANO;wrdasilvawr@hotmail.com;1231286700
55;ARAXA AUTO CENTER;-18.9389199;-48.3086722;RUA DO CARPINTEIRO;172;;PLANALTO;UBERLÂNDIA;38413177;MG;NECIARAUJO;autocenteraraxa@yahoo.com.br;3432575025
56;ALADIM AUTOPEÇAS;-18.9383041;-48.2993479;PRAÇA SÃO FRANCISCO DE PAULA;436;;TUBALINA;UBERLÂNDIA;38412048;MG;DOLVIRA;aladim_autopecas@hotmail.com;3432384292
57;SCALA AUTOPEÇAS;-20.8981912;-51.3777796;AVENIDA GUANABARA;1211;;CENTRO;ANDRADINA;16901000;SP;FRANCISCO;scalaandradina@hotmail.com;1837229898
58;FTT OF FSHORE;-22.8978347;-43.2170496;RUA ESCOBAR;66;;SÃO CRISTOVÃO;RIO DE JANEIRO;20941001;RJ;ANDRÉ;andre@fftautoparts.com.br;2138603858
59;AUTOPEÇAS CANDIESEL;-22.7501450;-50.3929962;RUA FRANCISCO JOSÉ DE TOLEDO;315;;CENTRO;CÂNDIDO MOTA;19880000;SP;JOSÉ ROBERTO;compras@candiesel.com.br;1833415959
60;ACELKAR;-3.7393647;-38.5920266;AVENIDA MISTERHULL;5322;;ANTÔNIO BEZERRA;FORTALEZA;60356682;CE;MAURICIO;acelkar@hotmail.com;8532350710
61;POLACO AUTOPEÇAS;-23.2274866;-45.8903379;AVENIDA PERSEU;637;;JARDIM SATÉLITE;SÃO JOSÉ DOS CAMPOS;12230470;SP;POLACO;financeiro@polacoautopecas.com;1239311699
62;MOTOPEÇAS AUVANIL;-23.1703467;-47.7568293;AVENIDA ÂNGELO MODOLO;938;;RESIDENCIAL DINAPOLI;CERQUILHO;18520000;SP;JORGE;furacaomoto@gmail.com;1532844282
63;PEÇAS GUIMARAES;-18.8769008;-48.2649193;AVENIDA COMENDADOR ALEXANDRINO GARCIA;1913;;MARTA HELENA;UBERLÂNDIA;38402288;MG;JOSÉ;admpecasguimaraes@gmail.com;3432118880
64;IRUPI AUTOPEÇAS;-20.3472693;-41.6384031;RUA JOÃO COSTA;456;;JOATOMAS;IRUPI;29398000;ES;MAGNO;eap.fabiano@hotmail.com;2835481244
65;LUAINE AUTOPEÇAS;-18.9036003;-48.2489342;AVENIDA BENJAMIN MAGALHÃES;731;;TIBERY;UBERLÂNDIA;38405040;MG;ELAINE/LUCIANO;elaine@luaineap.com.br;3432131875
66;OUROPEÇAS;-9.3846835;-40.5194444;AVENIDA SETE DE SETEMBRO;209;;OURO PRETO;PETROLINA;56318000;PE;NEGUINHO;ouro-pecas@hotmail.com;8738635711
67;PONTO AUTOPEÇAS;-7.8918011;-35.4569661;AVENIDA JERÔNIMO HERÁCLIO DO RÊGO;632;;PONTO CERTO;LIMOEIRO;55770000;PE;ROBERTO;pontoautopecas@bol.com.br;8136280118
68;AUTOPEÇAS VILA NORI;-25.3900810;-49.2974131;RUA RAPOSO TAVARES;1452;;PILARZINHO;CURITIBA;82100452;PR;VALMIR;vilanori@vilanori.com.br;4132352069
69;UNIDOS IMPORTADOS;-12.2453875;-38.9639928;AVENIDA VISCONDE DO RIO BRANCO;1103;;BARAÚNA;FEIRA DE SANTANA;44020012;BA;CHARLITON;compras@unidosimportados.com.br;7536036400
70;UNIDOS IMPORTADOS;-12.9689595;-39.2734525;RUA B;101;SALA 101;CENTRO;SANTO ANTÔNIO DE JESUS;44572130;BA;MILLENA;admsaj@unidosimportados.com.br;7536319010
71;UNIDOS IMPORTADOS;-12.1512357;-38.4213197;AVENIDA JURACI MAGALHÃES;1182;;CENTRO;ALAGOINHAS;48040210;BA;GLEIDINALDO;adm.ala@unidosimportados.com.br;7534233705
72;UNIDOS IMPORTADOS;-12.6961259;-38.3361702;AVENIDA VINTE E OITO DE SETEMBRO;1092;;GLEBA A;CAMAÇARI;42800001;BA;YANE;adm.com@unidosimportados.com.br;7521417405
73;UNIDOS IMPORTADOS;-12.2601350;-38.9547755;AVENIDA PRESIDENTE DUTRA;1105;;CENTRO;FEIRA DE SANTANA;44001432;BA;ANA CAROLINA;financeiro@unidospneus.com.br;7530248080
74;FRANPEÇAS AUTOPEÇAS;-23.4752246;-47.4718896;RUA ATANAZIO SOARES;1172;;VILA SONIA;SOROCABA;18075000;SP;FRANCISCO;franpecasasdm@hotmail.com;1532330843
75;DISPEÇAL AUTOPEÇAS;-26.0758811;-53.0554831;RUA ANTONINA;230;;CENTRO;FRANCISCO BELTRÃO;85601580;PR;ALEXANDRA;lispecal@dispecal.com.br;4635241044
76;EDGAR AUTOPEÇAS;-20.8035666;-41.7259127;RODOVIA BR 482;S/N;KM 93,5;CENTRO;GUAÇUÍ;29560000;ES;ACACIO;eap.acassio@gmail.com;2835451717
77;EDGAR AUTOPEÇAS;-20.3420895;-41.5395820;AVENIDA PRESIDENTE TANCREDO NEVES;S/N;;NITEROI;IÚNA;29390000;ES;PAULO;eap.fabiano@hotmail.com;2835531757
78;BARÃO DIESEL;-22.4787324;-43.1728062;AVENIDA BARAO DO RIO BRANCO;3120;;CENTRO;PETRÓPOLIS;25680276;RJ;RENA;vendas@baraodiesel.com;2422461926
79;MZ PNEUS;-24.4932572;-47.8383695;AVENIDA PRESIDENTE CASTELO BRANCO;140;;CENTRO;REGISTRO;11900000;SP;IAGO;mzpneusmichelin@gmail.com;1338222996
80;MZ PNEUS;-24.6943219;-48.0019229;RUA ELIAS FELISBINO;15;;CENTRO;JACUPIRANGA;11940000;SP;IAGO;mzpneusmichelin@gmail.com;1338222996
81;COBRA MOTO PEÇAS;-23.5534731;-46.8353689;AVENIDA INOCÊNCIO SERÁFICO;3571;;VILA SILVA RIBEIRO;CARAPICUÍBA;6380021;SP;MAISA;xuxacobramotos101@gmail.com;1141670772
82;CASTRILLON AUTOPEÇAS;-10.8862417;-61.9336534;AVENIDA TRANCONTINENTAL;1383;;RIACHUELO;JI-PARANÁ;76913785;RO;OSMAR;gerencia.jip@castrillon.com.br;6934113100
83;CASTRILLON AUTOPEÇAS;-9.9129180;-63.0552850;RODOVIA BR 364;2110;;SETOR APÔIO;ARIQUEMES;76890000;RO;SAMUEL;gerencia.ari@castrillon.com.br;6935162350
84;CASTRILLON AUTOPEÇAS;-12.7379827;-60.1405212;AVENIDA CELSO MAZUTTI;3663;;JARDIM AMÉRICA;VILHENA;76980807;RO;MARCELO;gerencia.vil@castrillon.com.br;6933161250
85;CASTRILLON AUTOPEÇAS;-8.7781183;-63.8726848;RUA DA BEIRA;6380;;JARDIM ELDORADO;PORTO VELHO;76806130;RO;ROBERTO;gerencia.pvh@castrillon.com.br;6932189300
86;CASTRILLON AUTOPEÇAS;-11.4388159;-61.4558598;AVENIDA CASTELO BRANCO;20051;;INDUSTRIAL;CACOAL;76967621;RO;EMERSON;gerencia.ccl@castrillon.com.br;6934162750
87;CASTRILLON AUTOPEÇAS;-8.7681291;-63.8888430;AVENIDA NAÇÕES UNIDAS;1060;;MATO GROSSO;PORTO VELHO;76804420;RO;CÉLIO;gerencia.pv2@castrillon.com.br;6932112900
88;CASTRILLON AUTOPEÇAS;-11.7253064;-61.7649796;AVENIDA VINTE E CINCO DE AGOSTO;4593;;CENTRO;ROLIM DE MOURA;76940000;RO;RAFAEL;gerencia.rol@castrillon.com.br;6934490600
89;CASTRILLON AUTOPEÇAS;-10.4353126;-62.4757166;AVENIDA JK;2275;;JARDIM NOVO HORIZONTE;JARU;76890000;RO;CLAUDINEI;gerencia.jar@castrillon.com.br;6935218600
90;MASTER AUTOPEÇAS;-22.1353146;-51.3893835;AVENIDA BRASIL;2088;;JARDIM BELA DARIA;PRESIDENTE PRUDENTE;19013001;SP;ANA PAULA;masterautopecas@uol.com.br;1821017800
91;AUTOPEÇAS JOIA DO PONTAL;-22.5295379;-52.1680000;AVENIDA CUIBÁ;995;;CENTRO;TEODORO SAMPAIO;19280000;SP;CLAUDAIR;autopecasjoiadopontal@hotmail.com;1832821323
92;AUTOPEÇAS B B;-3.1153222;-60.0317150;AVENIDA ÀLVARO BOTELHO MAIA;79;;SÃO GERALDO;MANAUS;69053350;AM;FRANCISCO;gerenciabbautopecas@gmail.com;9233083711
93;PARANÁ AUTOPEÇAS;-23.6622966;-46.6627331;AVENIDA CUPECÊ;2182;;JARDIM ANCHIETA;SÃO PAULO;4366000;SP;HERBERT;parana2182@gmail.com;1155670100
94;PARANÁ AUTOPEÇAS;-23.6588102;-46.6660453;AVENIDA CUPECÊ;1665;;CIDADE ADEMAR;SÃO PAULO;4365000;SP;EDUARDO;parana2182@gmail.com;1155670101
95;VALPEMEC AUTOPEÇAS;-23.1980994;-45.8873264;RUA PARAIBUNA;678;;JARDIM SÃO DIMAS;SÃO JOSÉ DOS CAMPOS;12245021;SP;BRUNO;brunocompras@valpemec.com;1238767474
96;CAMARÃO MOTO BIKE;-1.4574143;-48.4539753;AVENIDA DOUTOR CELSO MALCHER;548;;MONTASE;BELÉM;66070790;PA;EMANOEL;emanoel.natividade@hotmail.com;9181467201
97;JOSINEI AUTOPEÇAS;-22.5479143;-42.9837751;RODOVIA RIO FRIBURGO;349;;PARADA MODELO;GUAPIMIRIM;25940050;RJ;JOSINEI;joseneiautopecas@gmail.com;2136331151
98;CRISAUTOPEÇAS;-21.4842675;-51.5287676;RUA ESPIRITO SANTO;248;;CENTRO;DRACENA;17900000;SP;VALERIA;sakatevaleria@gmail.com;1838213414
99;UDICAR AUTOPEÇAS LTDA;-18.9393663;-48.3107584;RUA DO CARPINTEIRO;362;LOJA;PLANALTO;UBERLÂNDIA;38413177;MG;NEILSON;udicarauto@bol.com.br;3432220018
100;ULTRAPEÇAS COMÉRCIO;-21.7476453;-41.3301879;AVENIDA QUINZE DE NOVEMBRO;349;;CENTRO;CAMPOS DOS GOYTACAZES;28035100;RJ;FELIPE;felipevieiracruz@hotmail.com;2221019292
101;UTILY UPS CAR;-22.1391466;-51.3913509;AVENIDA BRASIL;2562;;VILA INDUSTRIAL;PRESIDENTE PRUDENTE;19013002;SP;JOSÉ ALBERTO;utilyupscar@gmail.com;1832237462
102;AUTOCOM;-25.4014945;-52.4100144;RUA DIOGO PINTO;1195;;CENTRO;LARANJEIRAS DO SUL;85301290;PR;ROBERTO;roberto_stang@hotmail.com;4236352303
103;RIPAUTO AUTOPEÇAS;-20.2686874;-50.5490441;RUA AYRTON SENNA DA SILVA;306;;JARDIM ESTADOS UNIDOS;JALES;15700252;SP;RICARDO;ripautopecas@hotmail.com;1736212333
104;AGUDOS AUTOPEÇAS;-22.4619719;-48.9904437;RUA ARCÂNGELO NAPOLEONE;385;;VILA HONORINA;AGUDOS;17120000;SP;PAULO;agudosautopecas1@hotmail.com;1432613422
105;PRIMO AUTOPEÇAS;-20.5353108;-47.4134964;AVENIDA SANTOS DUMONT;176;;VILA SANTOS DUMONT;FRANCA;14405268;SP;GUSTAVO;compras@primoautopecas.com;1637075050
106;CÉLIO AUTOPEÇAS;-17.7896289;-50.9212537;AVENIDA PRESIDENTE VARGAS;1595;;JARDIM GOIÁS;RIO VERDE;75901040;GO;WENDEL;financeirocelioautopecas@uol.com.br;6436132500
107;MALACHIAS PEÇAS AUTOMOTIVAS;-21.8520461;-47.4762978;AVENIDA ENGENHEIRO NICOLAU DE VERGUEIRO FORJAZ;135;;CENTRO;PORTO FERREIRA;13660005;SP;LEVINO;malachias.dani.adm@gmail.com;1935894131
108;VIANNAX PEÇAS E SERVIÇOS;-22.8986936;-43.2174174;RUA ESCOBAR;73;;SÃO CRISTOVÃO;RIO DE JANEIRO;20940190;RJ;FABIANO;viannaxpecas@gmail.com;2138604959
109;LIAUTOPEÇAS;-13.2752759;-50.1682255;AVENIDA JOSÉ PEREIRA DO NASCIMENTO;899;;ALTO ALEGRE;SÃO MIGUEL DO ARAGUAIA;76590000;GO;UBIRANEY;liautopecassma@gmail.com;6233644140
110;CENTER DIESEL AUTOPEÇAS;-20.3668666;-40.4215810;RODOVIA MARIO COVAS;S/N;BR 262 KM8,5;GUARITAS;VIANA;29633654;ES;CARLOS;carlos@centerdiesel.com.br;2730416700
111;NOVA CENTER AUTOPEÇAS;-20.2152617;-40.2690452;TRAVESSA SÃO JOSE;11;;PLANALTO DE CARAPINA;SERRA;29162712;ES;CARLOS;carlos@centerdiesel.com.br;2730416721
112;CENTER DIESEL AUTOPEÇAS;-20.3165228;-40.3956021;RODOVIA GOVERNADOR MARIO COVAS;281;;NOVA VALVERDE;CARIACICA;29151815;ES;CARLOS;carlos@centerdiesel.com.br;2730900910
113;REY BRASIL AUTOPEÇAS;-23.1181654;-46.5636866;RUA DOUTOR EURICO DE SOUZA PEREIRA;308;;ALVINÓPOLIS;ATIBAIA;12942490;SP;EDSON;vendas@reybrasilautopecas.com.br;1144112289
114;SKYNA MOTOS;-23.5381542;-46.6425642;RUA GENERAL OSÓRIO;480;;SANTA EFIGÊNIA;SÃO PAULO;1213000;SP;WILSON;skynamotos@terra.com.br;1132232615
115;AUTOPEÇAS ABJ;-22.3190989;-49.0705747;RUA PRESIDENTE KENNEDY;725;;CENTRO;BAURU;17010030;SP;ADEMIR;ademir@autopecasabj.com.br;1432325252
116;BERONHA AUTOPEÇAS;-23.9883766;-48.8861628;AVENIDA HIGINO MARQUES;625;;VILA OFÉLIA;ITAPEVA;18400000;SP;REGINADO;beronhaautopecasitapeva@uol.com.br;1535241686
117;CENTER PEÇAS DIESEL;-22.1438400;-51.4001524;AVENIDA CORONEL JOSÉ SOARES MARCONDES;3990;;JARDIM  BONGIOVANI;PRESIDENTE PRUDENTE;19013050;SP;CESAR;cpdiesel@hotmail.com;1839084440
118;KARANGO AUTOPEÇAS;-3.9054130;-38.6879370;RUA CAPITÃO JEOVÁ COLARES;120;;CENTRO;MARANGUAPE;61942460;CE;HALLAN;hallanhilton@hotmail.com;8533412367
119;A POPULAR;-22.7580418;-43.4359995;RUA OSCAR SOARES;574;;CALIFÓRNIA;NOVA IGUAÇU;26220098;RJ;MARCIO;pessanha2469@gmail.com;2137738764
120;MC AUTOPEÇAS;-16.6848327;-49.3209337;AVENIDA CONSOLAÇÃO;2372;;VILA SANTA RITA;GOIÂNIA;74420230;GO;JÃO;mctoyota@terra.com.br;6235818117
121;AUTOPEÇAS BRASIL;-21.4894772;-51.5407405;RUA FIDELIS PAULINO DE ARRUDA;998;;CENTRO;DRACENA;15700000;SP;CARLOS;autopecasbrasil1236@gmail.com;1838223301
122;PLACIN AUTOPEÇAS;-23.6697056;-46.5398086;RUA TUIUTI;37;;JARDIM BELA VISTA;SANTO ANDRÉ;9041420;SP;FERNANDO;vendas@placin.com.br;1121425300
123;GOMEC AUTOPEÇAS;-23.6863926;-46.6001766;AVENIDA DONA RUYCE FERRAZ ALVIM;130;;VILA NOGUEIRA;DIADEMA;9951002;SP;RENATO;renato.mkt@gomecautopecas.com.br;1140706770
124;AUTO TUDO PRODUTOS AUTOMOTIVOS;-22.6502736;-50.4268185;AVENIDA DOM ANTONIO;945;;VILA RODRIGUES;ASSIS;19806172;SP;GERALDO;geraldo@autotudo.com.br;1833024900
125;UNIÃO AUTOPEÇAS;-20.2733353;-50.2478829;AVENIDA LUIZ BRAMBATTI;2164;;PARQUE SÃO CRISTOVÃO;FERNANDÓPOLIS;15607072;SP;ROBERTO;tedacompras@gmail.com;1734421000
126;MOTO BIKE;-1.4672629;-48.4845146;TRAVESSA APINAGÉS;588;;BATISTA CAMPOS;BELÉM;66033170;PA;DAYSE;daysenat@hotmail.com;9198146721
127;AUTOPEÇAS CHEVROPEÇAS;-22.3188334;-49.0706202;RUA ANTÔNIO ALVES;751;;CENTRO;BAURU;17010170;SP;DANIEL;daniel@chevropecasbauru.com.br;1432334777
128;ROCHA AUTOPEÇAS;-23.1803591;-46.8775251;RUA CARLOS GOMES;647;;PONTE SÃO JOÃO;JUNDIAÍ;2721200;SP;ANDRÉ;rochaloja06@rochaautopecas.com.br;1145871566
129;AUTO ROLLER;-22.8993001;-43.2178231;RUA SOUZA VALENTE;26;LOJA E;SÃO CRISTOVÃO;RIO DE JANEIRO;20940041;RJ;CLÓVIS;autoroler@hotmail.com;2138608045
130;JACARÉ AUTOPEÇAS;-1.4169795;-48.4626365;AVENIDA DOUTOR FREITAS;1281;;PEDREIRA;BELÉM;66087810;PA;ALBERTO;alberto@jacareautopecas.com.br;9132544963
131;JACARÉ AUTOPEÇAS;-1.3494945;-48.4330181;RODOVIA MÁRIO COVAS;899;;COQUEIRO;ANANINDEUA;67115000;PA;TIAGO;alberto@jacareautopecas.com.br;9132544963
132;JACARÉ AUTOPEÇAS;-1.4548532;-48.4690648;AVENIDA JOSÉ BONIFÁCIO;890;;SÃO BRAZ;BELÉM;66063075;PA;ALBERTO LIMA;alberto@jacareautopecas.com.br;9132544963
133;JAIME AUTOPEÇAS;-22.1222009;-51.3823998;AVENIDA BRASIL;891;;CENTRO;PRESIDENTE PRUDENTE;19010031;SP;ELTON;jaimecarburadorespecas@hotmail.com;1821044666
134;MUTTAS AUTO E MOTO PEÇAS;-24.3134493;-47.0004107;AVENIDA PADRE LEONARDO NUNES;1218;1220;CENTRO;PERUÍBE;11750000;SP;CESAR;muttas@terra.com.br;1334533558
135;REAL PEÇAS E SERVIÇOS;-15.8401174;-48.1278029;QUADRA QUADRA 103 CONJUNTO B S/N LOTE;1;;BEIRA RIO II;SANTO ANTÔNIO DO DESCOBERTO;72900000;GO;RÔMULO;real.auto.sac@gmail.com;6136261271
136;TEO AUTOPEÇAS;-7.6585974;-35.3247110;RUA JOSÉ OTÁVIO MACIEL;63;;CENTRO;VICÊNCIA;55850000;PE;TEO;teo.autopecasvicencia@hotmail.com;8198529017
137;TEO PEÇAS E SERVIÇOS;-7.5568505;-35.4526624;RODOVIA PE 089;618;;DISTRITO INDUSTRIAL;MACAPARANA;55865000;PE;TEO;teo.autopecas@hotmail.com;8199523802
138;TEO AUTOPEÇAS;-7.5980127;-35.2339597;RODOVIA PE062 - 01;S/N;SALAS 01,02 E 03;CENTRO;ALIANÇA;55890000;PE;TEO;teo.autopecas@hotmail.com;8198527099
139;R A AUTOPEÇAS;-22.8886785;-49.6159886;AVENIDA CORONEL CLEMENTINO GONÇALVES;1210;;CHÁCARA PEIXE;SANTA CRUZ DO RIO PARDO;18900000;SP;MARILVIA;marilviahelena@hotmail.com;1433720773
140;TANAKA AUTOPEÇAS;-23.5939359;-46.7892551;AVENIDA GENERAL ASTRÚBAL DA CUNHA;764;;JARDIM ARPOADOR;SÃO PAULO;5565000;SP;LEANDRO;leandro.tanaka@tanakaautopecas.com.br;1137839090
141;RIO MAR AUTOPEÇAS;-9.7590786;-36.6569934;RUA SÃO FRANCISCO;1293;;OURO PRETO;ARAPIRACA;57301110;AL;REGINALDO;riomarcompras@hotmail.com;8235215942
142;ECONOMICAR AUTOPEÇAS;-22.0312727;-47.8853207;RUA FAGUNDES VARELA;459;;VILA MARCELINO;SÃO CARLOS;13570594;SP;MARCIO;economicarautopecas@terra.com.br;1633689153
143;ANDRÉ MOTOS;-23.6655998;-46.5189171;AVENIDA SANTOS DUMONT;295;;CASA BRANCA;SANTO ANDRÉ;9015330;SP;ANDRÉ;contato@andremotocenter.com.br;1144275576
144;JAPA AUTOPEÇAS;-23.4767977;-46.4264689;AVENIDA DOUTOR JOSÉ ARTUR NOVA;2472;;PARQUE PAULISTANO;SÃO PAULO;8090000;SP;ÊNIO;japaautopecas@gmail.com;1125858445
145;MANOEL AUTOPEÇAS;-9.5874664;-35.7645622;AVENIDA MACEIÓ;120;;TABULEIRO DOS MARTINS;MACEIÓ;57061110;AL;DANIEL;autodaniel1986@hotmail.com;8233241105
146;ZUM COMERCIO DE PEÇAS;-10.2473014;-48.3507275;AVENIDA 1007 SUL;S/N;CONJ. 01 LT 19;CENTRO;PALMAS;77018571;TO;DENILSON;zumautomotiva@gmail.com;6332174070
147;TKR AUTOPEÇAS;-23.5654776;-46.8027936;AVENIDA SARAH VELOSO;537;;VELOSO;OSASCO;6150000;SP;LUCIANO;corujatkr@hotmail.com;1136092511
148;MALACHIAS PEÇAS AUTOMOTIVAS;-21.8309851;-47.2504241;AVENIDA XV DE NOVEMBRO;1145;;CENTRO;SANTA CRUZ DAS PALMEIRAS;13650000;SP;LEVINO;malachias.dani.adm@gmail.com;1935658288
149;MENSAGEIRO AUTOPEÇAS BALSAMO;-20.6900957;-49.5483671;AVENIDA BRASIL;292;;CENTRO;BÁLSAMO;15140000;SP;RODRIGO;torcarautomotiva@hotmail.com;1732642100
150;SILAS AUTOPEÇAS;-18.9054063;-48.3204097;AVENIDA DOS TAROIS;101;LOJA 1, 2 E 3;TAIAMAN;UBERLÂNDIA;38415069;MG;SILAS;silasauto.pecas@yahoo.com.br;3432550202
151;AUTO MIX;-20.1341679;-44.8959906;AVENIDA PARANÁ;183;;CENTRO;DIVINÓPOLIS;35500031;MG;CARLO;carlo@automixmg.com.br;3732224666
152;MIX AUTOPEÇAS E ACESSÓRIOS;-20.0791804;-44.5804263;RUA JOVE SOARES;1228;;GRAÇAS;ITAÚNA;35680352;MG;CARLO;carlo@automixmg.com.br;3730740074
153;ROCHA AUTOPEÇAS;-22.9325291;-47.0428900;AVENIDA JORGE TIBIRIÇÁ;1077;;JARDIM DOS OLIVEIRAS;CAMPINAS;13044125;SP;SILVIO;rochalj03@rochaautopecas.com.br;1925124900
154;BICALHO AUTOPEÇAS;-21.1106563;-42.9571341;AVENIDA PADRE ARNALDO JASEN;485;B;SEMINÁRIO;UBÁ;36500000;MG;SÉRGIO;bicalho.ancora@gmail.com;3235395300
155;AUTOPEÇAS BICALHO;-20.7561451;-42.8800278;AVENIDA PRESIDENTE HUMBERTO DE ALENCAR CASTELO BRANCO;1510;;CENTRO;VIÇOSA;36576042;MG;SÉRGIO;bicalho.ancora@gmail.com;3138910300
156;LOPES OLIVEIRA AUTOPEÇAS;-23.4632196;-46.6727877;AVENIDA INAJAR DE SOUZA;5759;;JARDIM ONDINA;SÃO PAULO;2882160;SP;MIGUEL;lopeseoliveira@terra.com.br;1139861800
157;LOPES OLIVEIRA AUTOPEÇAS;-23.5701771;-46.7577052;AVENIDA RIO PEQUENO;1451;;RIO PEQUENO;SÃO PAULO;5379000;SP;ADELSON;lopeseoliveira@terra.com.br;1137668700
158;CALPEN PEÇAS AUTOMOTIVAS;-20.2565044;-42.0278596;AVENIDA DARIO GROSSI;94;;SÃO VICENTE;MANHUAÇU;36904-093;MG;JENNIFER;compras@calpen.com.br;3333393000
159;CAMINHONETE E CIA;-18.8946932;-48.2586619;AVENIDA FLORIANO PEIXOTO;3785;LOJA 03;BRASIL;UBERLÂNDIA;38400704;MG;ANDERSON;alan@caminhoneteecia.com.br;3432118500
160;AUTOPEÇAS 3R;-22.0255279;-47.8774140;AVENIDA COMENDADOR ALFREDO MAFFEI;3950;;JARDIM SÃO CARLOS;SÃO CARLOS;13561270;SP;PITER0;compras@roncoli.com.br;1633685258
161;JAICAR AUTOPEÇAS;-16.6712351;-49.3043740;AVENIDA DOM EMANOEL;321;;RODOVIÁRIO;GOIÂNIA;74430180;GO;ORLIX;jaicar@jaicar.com.br;6232310000
162;JAICAR AUTOPEÇAS;-16.6518341;-49.3110755;RUA ARACAJU;680;;VILA JOÃO VAZ;GOIÂNIA;74445020;GO;JOSÉ ANTONIO;jaicar@jaicar.com.br;6232310000
163;JAICAR AUTOPEÇAS;-16.7609461;-49.3450112;RODOVIA GO-040;S/N;QUADRA 70 LOTE 32;GARAVELO;GOIÂNIA;74930520;GO;LUIZ FELIPE;jaicar@jaicar.com.br;6232310000
164;JAICAR AUTOPEÇAS;-16.3709648;-49.4936248;AVENIDA BERNARDO SAYÃO;2522;;SUL SAMIL MIGUEL;INHUMAS;75402050;GO;DIEGO;jaicar@jaicar.com.br;6232310000
165;JAICAR AUTOPEÇAS;-16.8225566;-49.2473738;AVENIDA INDEPENDENCIA;0;QUADRA C2 LOTE 09;JARDIM CRISTALINO;APARECIDA DE GOIÂNIA;74968085;GO;COSTA;jaicar@jaicar.com.br;6232310000
166;JAICAR AUTOPEÇAS;-16.6503741;-49.3220523;AVENIDA PERIMETRAL NORTE;3320;;VILA JOÃO VAZ;GOIÂNIA;74445190;GO;JOSÉ ANTONIO;jaicar@jaicar.com.br;6232310000
167;JAICAR AUTOPEÇAS;-16.6484748;-49.3117928;AVENIDA PERIMETRAL NORTE;S/N;QUADRA 58 LOTE 01;VILA JOÃO VAZ;GOIÂNIA;74445190;GO;CARLOS;jaicar@jaicar.com.br;6232310000
168;JAICAR AUTOPEÇAS;-10.1819867;-48.3397434;QUADRA 103 NORTE;S/N;NO 5 LT 41;PLANO DIRETOR;PALMAS;77001020;TO;LINDOMAR;lindomaralcantara@hotmail.com;6330268999
169;AUTOPEÇAS PARANÁ;-20.5075379;-47.4025768;AVENIDA MOACIR VIEIRA COELHO;3123;;JARDIM REDENTOR;FRANCA;14405700;SP;GUILHERME;autopecasparanafrancasp@gmail.com;1637035633
170;AUTOPEÇAS PRUDENCAR;-22.1455930;-51.3963580;RUA DOUTOR JOSÉ FOZ;3137;;VILA FORMOSA;PRESIDENTE PRUDENTE;19013000;SP;ANTONIO;autopecasprudencar@uol.com.br;1832218011
171;AUTOPEÇAS PRUDENCAR;-22.1391466;-51.3913509;AVENIDA BRASIL;2905;;VILA INDUSTRIAL;PRESIDENTE PRUDENTE;19013002;SP;ANDERSON;andersonprudencar@outlook.com;1832032083
172;PADRE CÍCERO;-3.7339534;-38.5579961;AVENIDA BEZERRA DE MENEZES;1476;;SÃO GERARDO;FORTALEZA;60325004;CE;FELIPE OU OSMANIO;filial01@pecicero.com.br;8532148989
173;PADRE CÍCERO;-3.7394422;-38.5221695;AVENIDA ANTONIO SALES;16;;JOAQUIM TÁVORA;FORTALEZA;60135101;CE;JUNIOR OU FABIANO;filial02@pecicero.com.br;8534747300
174;PADRE CÍCERO;-3.7640886;-38.5478121;AVENIDA GOMES DE MATOS;1349;;MONTESE;FORTALEZA;60420432;CE;JORGE OU PEDRO;filial06@pecicero.com.br;8534991800
175;PADRE CÍCERO;-3.7606664;-38.5844068;AVENIDA SENADOR FERNANDES TÁVORA;1306;;HENRIQUE JORGE;FORTALEZA;60510290;CE;EDUARDO OU REGIS;filial08@pecicero.com.br;8534999000
176;PADRE CÍCERO;-3.7960816;-38.4811145;AVENIDA OLIVEIRA PAIVA;2960;;CIDADE DOS FUNCIONÁRIOS;FORTALEZA;60822131;CE;CLAUDENIR OU JOÃO;filial10@pecicero.com.br;8532703600
177;PADRE CÍCERO;-3.7554910;-38.5094840;RUA MONSENHOR SALAZAR;1155;;PIO XXII;FORTALEZA;60130371;CE;LUIZ HIGOR OU LEONARDO;filial11@pecicero.com.br;8531944800
178;PADRE CÍCERO;-5.1233939;-42.7995974;RUA VEREADOR DIONISIO DOS SANTOS;1221;;TABULETA;TERESINA;64019870;PI;LEO OU MARCELO;filial12@pecicero.com.br;8631947200
179;PADRE CÍCERO;-3.8608009;-38.5900691;AVENIDA DOUTOR MENDEL STEINBRUCH;1353;;PAJUÇARA;MARACANAÚ;61930000;CE;JUNIOR OU LUCAS;filial13@pecicero.com.br;8532158000
180;PADRE CÍCERO;-5.8057071;-35.2219634;AVENIDA INTERVENTOR MÁRIO CÂMARA;1240;;ALECRIM;NATAL;59032600;RN;THIAGO;filial21@pecicero.com.br;8436152080
181;PADRE CÍCERO;-3.7715645;-38.6252136;AVENIDA DOM ALMEIDA LUSTOSA;3585;;MARECHAL RONDON;CAUCAIA;61652000;CE;LUIZ;filial22@pecicero.com.br;8534999000
182;PADRE CÍCERO;-3.7831679;-38.5791509;AVENIDA GENERAL OSÓRIO DE PAIVA;1854;;VILA PERY;FORTALEZA;60730085;CE;ROBSON OU RAQUEL;filial24@pecicero.com.br;8534999000
183;PADRE CÍCERO;-5.8908523;-35.2523466;RODOVIA BR-101;S/N;LOTE 132737493;NOVA PARNAMIRIM;PARNAMIRIM;59150010;RN;LUIZ CARLOS;filial26@pecicero.com.br;8436152080
184;AUTOPEÇAS UNIÃO;-18.9115902;-48.3218892;AVENIDA JOSE FONSECA E SILVA;928;;JARDIM PATRICIA;UBERLÂNDIA;38414016;MG;WELINGTON;dispautu@yahoo.com.br;3432100334
185;MM AUTOPEÇAS;-3.0423997;-59.9427290;AVENIDA AUTAZ MIRIM;390;CJ BELA VISTA;CIDADE NOVA;MANAUS;69099045;AM;ALESSANDRO;gilmarmmauto@gmail.com;9236821100
186;T3 AUTOPEÇAS;-3.0354370;-59.9966747;AVENIDA MAX TEIXEIRA;2252;;CIDADE NOVA;MANAUS;69090001;AM;ELISEU;anttoniofaria@gmail.com;9235817320
187;VIRTUAL AUTOPEÇAS  BH;-19.9049991;-43.9854034;AVENIDA DOM PEDRO SEGUNDO;5072;;JARDIM MONTANHÊS;BELO HORIZONTE;30750000;MG;ANDERSON;virtualautopecas@hotmail.com;3134180705
188;ROBERTO AUTOPEÇAS;-21.4802456;-51.5277962;AVENIDA WASHINGTON LUIZ;552;;METROPOLE;DRACENA;17900000;SP;SERGIO;sergiobiloria19@hotmail.com;(18) 3822-5004
189;COLAPEÇAS;-19.4893440;-40.6582839;AVENIDA CASTELO BRANCO;65;;SÃO SILVANO;COLATINA;29706297;ES;IGOR;colapecasmecanicaltda@hotmail.com;2737212622
190;JUNIOR MOTO PEÇAS;-23.9920955;-46.2742357;AVENIDA ADHEMAR DE BARROS;1467;LOJA 1;VILA SANTA ROSA;GUARUJÁ;11430003;SP;RODRIGO;juninhomotos@bol.com.br;1333876421
191;SAN CARLOS PEÇAS E SERVIÇOS;-16.0293887;-49.7980825;AVENIDA GOIÁS;1780;;CENTRO;ITABERAÍ;76630000;GO;CARLOS ALBERTO;sancarloscam@hotmail.com;6233751528
192;AUTOPEÇAS GERAL DIESEL;-22.6489644;-50.4259200;AVENIDA PASCHOAL SANTILLI;1436;;VILA SANTA RITA;ASSIS;19807221;SP;DIEGO;compras@candiesel.com.br;1833242722
193;MONTINI MOTOS;-23.9617545;-46.3764351;AVENIDA PREFEITO JOSÉ MONTEIRO;106;;VILA VALENÇA;SÃO VICENTE;11380000;SP;LEONARDO;lcmontini@yahoo.com.br;1335684008
194;MILTPARTS AUTOPEÇAS;-23.5234387;-46.6563484;RUA NORMA PIERUCCINI GIANNOTTI;607;;BARRA FUNDA;SÃO PAULO;1137010;SP;RODRIGO;comercial@miltarts.com.br;1133467702
195;ADVENTO AUTOPEÇAS;-22.8654149;-42.3127806;RODOVIA AMARAL PEIXOTO;1608;KM 87;COQUEIRAL;ARARUAMA;28970-000;RJ;LUIZ;isfautopecas@yahoo.com;(22) 2665-6199
196;AUTOPEÇAS MARINGA;-7.9788391;-34.8358855;AVENIDA GOVERNADOR CARLOS DE LIMA CAVALCANTE;3046;;CASA CAIADA;OLINDA;53040000;PE;LEONARDO;apmaringa@hotmail.com;8134281815
197;GIL MOTO PEÇAS;-23.5023283;-46.7866251;AVENIDA JOÃO VENTURA DOS SANTOS;160;;HELENA MARIA;OSASCO;6260170;SP;GIL;gilluisotavio@hotmail.com;1135992256
198;GIL MOTO PEÇAS;-23.4936875;-46.8035548;AVENIDA JOÃO VENTURA DOS SANTOS;2567;;BARONESA;OSASCO;6263100;SP;GIL;gilluisotavio@hotmail.com;1135992256
199;AUTOPEÇAS SÓ FREIOS;-22.9005063;-49.6291414;RUA MARECHAL BITENCOURT;744;;CENTRO;SANTA CRUZ DO RIO PARDO;18900000;SP;PAULO;adm@sofreiossantacruz.com.br;1433722205
200;VETTER AUTOPEÇAS;-23.6338691;-46.6999096;RUA FERNANDES MOREIRA;501;;CHÁCARA SANTO ANTÔNIO;SÃO PAULO;4716001;SP;DEMAS;vetter@vetterpecas.com.br;1151803440
201;CAVALCANTE AUTOPEÇAS;-8.6609526;-36.3263800;AVENIDA 19 DE MAIO;509;;CENTRO;LAJEDO;55385000;PE;DARILHO;cavalcanteautopecascap@gmail.com;8737731425
202;GENO MOTOS;-23.6017621;-46.9110910;AVENIDA PROFESSOR JOSÉ BARRETO;1739;;PORTÃO;COTIA;6703000;SP;FÁBIO;adm@genomotos.com.br;1146160002
203;LEANDRO AUTOPEÇAS;-22.1436981;-51.4010596;RUA GUILHERME DE CARVALHO WHITAKER;91;;JARDIM  BONGIOVANI;PRESIDENTE PRUDENTE;19050370;SP;LEANDRO;leandroautopecas@outlook.com;1839084267
204;FERLEX AUTOPEÇAS;-22.7185392;-43.4608920;AVENIDA HENRIQUE DUQUE MAYER;847;LOJA 1;POSSE;NOVA IGUAÇU;26070602;RJ;ALEX;at.freitas33@gmail.com;2131016508
205;BRASIL AUTOPEÇAS;-23.1062025;-45.7095396;AVENIDA BRASIL;142;;VILA ANTÔNIO AUGUSTO LUIZ;CAÇAPAVA;12287020;SP;DINO;dioparts-autopecasbrasil@hotmail.com;1236522467
206;AUTO ESPORTE BOQUEIRÃO;-28.2681589;-52.4311377;AVENIDA BRASIL OESTE;2891;;BOQUEIRÃO;PASSO FUNDO;99025533;RS;CRISTIANO;cristiano@autoesporte.com.br;5436329700
207;CELSÃO AUTOPEÇAS;-23.1645980;-46.3942230;RUA JOSÉ GONÇALVES;332;;VICENTE NUNES;NAZARÉ PAULISTA;12960000;SP;DOUGLAS;douglas.barbosa88@yahoo.com.br;1145972020
208;IRMÃO CRUZ;-8.0425234;-34.9348645;AVENIDA CAXANGÁ;3222;;CORDEIRO;RECIFE;50731000;PE;THIAGO;fabricio@motocruz.com.br;8134540699
209;MOURA DE ITABORAI AUTOPEÇAS;-22.7486827;-42.8730109;AVENIDA  VINTE E DOIS DE MAIO;4121;;CENTRO;ITABORAÍ;24800000;RJ;MARCOS;mouraautopecas@yahoo.com.br;2126458256
210;CARVALHOS AUTOPEÇAS;-23.6156228;-46.6291667;RUA CUMINAPEMA;81;;BOSQUE DA SAÚDE;SÃO PAULO;4145060;SP;DANIEL;vendas@apcarvalhos.com.br;1155816940
211;AUTOPEÇAS VENTURINI;-20.2723221;-50.2817837;AVENIDA LUIZ BRAMBATTI;1075;;JARDIM REDENTOR;FERNANDÓPOLIS;15612250;SP;EMERSON;emersonbrabo@hotmail.com;1734659900
212;UNIÃO AUTOPEÇAS;-3.0642270;-60.0344346;RUA MONSENHOR PINTO;580;;MONTE DAS OLIVEIRAS;MANAUS;69093149;AM;FELIPE MESQUITA;uniaopecas@hotmail.com;9236530084
213;ESTRELA AUTOPEÇAS;-20.7905204;-49.3590453;AVENIDA NOSSA SENHORA DA PAZ;788;;JARDIM ALTO ALEGRE;SÃO JOSÉ DO RIO PRETO;15054400;SP;LUCAS;contato@estrelaautopecas.com;1732251316
214;FLASH MOTOS;-22.1440183;-51.3998180;AVENIDA CORONEL JOSÉ SOARES MARCONDES;3971;;JARDIM BONGIOVANI;PRESIDENTE PRUDENTE;19050230;SP;JEAN;flash.motos@hotmail.com;1839084241
215;MELLO AUTOPEÇAS;-23.6350402;-46.6443181;AVENIDA DOUTOR LUIS ROCHA MIRANDA;170;;JABAQUARA;SÃO PAULO;4344010;SP;YURI;contato@melloautopecas.com.br;1150139999
216;TAVARES AUTOPEÇAS;-22.6091387;-43.1773233;RUA GUARANY;150;;PIABETA;MAGÉ;25931782;RJ;CARLOS;tavarespecas@hotmail.com;2126595182
217;HIGH SPEED;-23.6576368;-47.0003729;ESTRADA DE CAUCAIA DO ALTO;6101;SALA 4;DOS PEREIRAS;VARGEM GRANDE PAULISTA;6730000;SP;CRISTIANE;highspeedautopecas@yahoo.com.br;1141597030
218;SPORT MOTOS;-23.6630066;-47.2162114;AVENIDA 24 DE MARÇO;85;;CENTRO;IBIÚNA;18150000;SP;ENILSON;sportmotocross@hotmail.com;1532415626
219;PERONI PNEUS;-19.3953595;-40.0651872;AVENIDA SAMUEL BATISTA CRUZ;1753;;CENTRO;LINHARES;29901530;ES;VITOR;peronipecas@peroniautopecas.com.br;2733710995
220;RUDGEVEL AUTOPEÇAS;-23.6538738;-46.5651338;RUA AFONSINA;582;;RUDGE RAMOS;SÃO BERNARDO DO CAMPO;9633000;SP;MÁRCIA;rudgevel@rudgevel.com.br;1131032600
221;IDO AUTOPEÇAS;-24.9485829;-53.4405406;RUA TREZE DE MAIO;874;;REGIÃO DO LAGO;CASCAVEL;85812191;PR;IDO;financeiro@idoautopecas.com.br;4530365300
222;ROBERTO AUTOPEÇAS;-22.6654310;-50.4241544;AVENIDA ARMANDO SALLES DE OLIVEIRA;322;;VILA XAVIER;ASSIS;19802080;SP;MARCOS;marcos.apra@hotmail.com;1834226565
223;ZATT AUTOPEÇAS;-27.0765726;-52.6223678;AVENIDA GETÚLIO DONELES VARGAS;3217;;LIDER;CHAPECÓ;89805184;SC;ELISANGELA;elisangela@zattcia.com.br;4933301000
224;ZATT AUTOPEÇAS;-26.8380630;-52.9873120;AVENIDA BRASILIA;120;;EFACIP;PINHALZINHO;98870000;SC;ELISANGELA;nfe@attcia.com.br;4933665700
225;ZATT AUTOPEÇAS;-27.2289519;-52.0121512;RUA TANCREDO DE ALMEIDA NEVES;545;;SÃO CRISTOVÃO;CONCÓRDIA;89700000;SC;ELISANGELA;concordia@zattcia.com.br;4939700022
226;CASA DE PEÇAS MOXOTÓ;-8.0729124;-37.2678716;AVENIDA JOAQUIM NABUCO;S/N;ENTRE 236 E 340;CENTRO;SERTÂNIA;56600000;PE;NÊNCA;casadepecasmoxoto@hotmail.com;8738411451
227;JM AUTOPEÇAS;-22.4729921;-48.9900999;RUA SETE DE SETEMBRO;702;;CENTRO;AGUDOS;17120000;SP;CESAR;cesar.muniz@jmempilhadeiras.com.br;1432629800
228;GUAÇUI DIESEL;-20.7733540;-41.6693580;AVENIDA JOSÉ ALEXANDRE;892;;CENTRO;GUAÇUÍ;29560000;ES;ANDERSON;eap.fabiano@hotmail.com;2835533254
229;BRASIL AUTOPEÇAS;-23.6611391;-46.6626091;RUA JUAN DE LA CRUZ;181;;PARQUE JABAQUARA;SÃO PAULO;4384090;SP;RAI;brasilpecas.souza@terra.com.br;1155639501
230;NOVAUTO;-22.3534263;-42.7076107;AVENIDA ALMIRANTE CARLOS LACERDA;418;;LIBERDADE;RIO DE JANEIRO;28890000;RJ;HELIO;heliofernandesjunior@hotmail.com;2233240778
231;BRITO MOTO PEÇAS;-20.8401530;-49.3762470;RUA DOM DINIZ;277;;SÃO FRANCISCO;SÃO JOSÉ DO RIO PRETO;15085280;SP;BRITO;britomoto@hotmail.com;1732165983
232;IRMÃO CRUZ LTDA;-8.0686744;-34.8820443;RUA DA CONCORDIA;539;;SÃO JOSE;RECIFE;50020050;PE;FABRICIO;fabricio@motocruz.com.br;8132178444
233;IRMÃO CRUZ LTDA;-8.0684146;-34.8832185;RUA PASSO DA PÁTRIA;383;;SÃO JOSE;RECIFE;50020130;PE;FABRICIO;fabricio@motocruz.com.br;8132178444
234;IRMÃO CRUZ LTDA;-8.1176296;-35.2981701;RUA HENRIQUE DE HOLANDA;1659;;LIVRAMENTO;VITÓRIA DE SANTO ANTÃO;55600000;PE;ANDERSON;fabricio@motocruz.com.br;8135232777
235;IRMÃO CRUZ LTDA;-8.0683934;-34.8820614;RUA DA CONCORDIA;509;;SÃO JOSE;RECIFE;50020050;PE;MILENA;fabricio@motocruz.com.br;8132178451
236;IRMÃO CRUZ LTDA;-8.1556008;-34.9226589;ESTRADA DA BATALHA;660;;PRAZERES;JABOATÃO DOS GUARARAPES;54315010;PE;LEANDRO;fabricio@motocruz.com.br;8133752460
237;ROCHA AUTOPEÇAS;-22.9279223;-47.1083899;RUA ERNESTO ALVES FILHO;301;;JARDIM CAMPOS ELÍSEOS;CAMPINAS;13060057;SP;DANILO;rochalj04@rochaautopecas.com.br;1933684666
238;MASTECAR AUTOPEÇAS;-23.5552543;-46.5845685;RUA FERNANDO FALCÃO;162;;MOOCA;SÃO PAULO;3180000;SP;JOSÉ;joseantoniomtg@gmail.com;1122684858
239;LUCAUTO;-22.5192674;-42.9800189;RUA ALCINDO GUANABARA;135;;CENTRO;GUAPIMIRIM;25940050;RJ;JOSINEI;lucautocenter@gmail.com;2126323218
240;AUTO BITTS;-19.4699091;-44.2513626;RUA INHAUMA;1997;;SÂO DIMAS;SETE LAGOAS;35700219;MG;CLÁUDIO;absetelagoas@autobitts.com.br;3137732009
241;GIRO AUTOPEÇAS;-23.9483996;-46.2967959;VIA SANTOS DUMONT;640;;PAE-CARÁ;GUARUJÁ;11460000;SP;ARAÚJO;giromp12@gmail.com;1333523211
242;GIRO AUTOPEÇAS;-23.9859075;-46.2431988;AVENIDA DOM PEDRO I;847;LOJA 01;ENSEADA;GUARUJÁ;11440001;SP;FARID;giromp12@gmail.com;1333526448
243;PSHOPY AUTOPEÇAS;-23.2334182;-45.9028734;RUA BACABAL;812;;PARQUE INDUSTRIAL;SÃO JOSÉ DOS CAMPOS;12235680;SP;JOSÉ CARLOS;pshopy@pshopy.com;1239314566
244;ZACA PEÇAS;-22.1391466;-51.3913509;AVENIDA BRASIL;2464;;VILA INDUSTRIAL;PRESIDENTE PRUDENTE;19013002;SP;MARCOS;zacapecasprudente@hotmail.com;1832221958
245;RONDOBRAS AUTOPEÇAS;-3.1031109;-59.9465641;AVENIDA AUTAZ MIRIM;8031;;CIDADE NOVA;MANAUS;69099045;AM;EDMAR;edmarmanaus@rondobras.com.br;9233030160
246;RONDOBRAS AUTOPEÇAS;-3.1048527;-60.0500659;AVENIDA COMPENSA;696;;COMPENSA;MANAUS;69036115;AM;ANDRÉ;gerencialoja35@rondobras.com.br;9238783230
247;RONDOBRAS AUTOPEÇAS;-3.0741815;-60.0307114;AVENIDA DESEMBARGOR JOÃO MACHADO;240;;ALVORADA;MANAUS;69020282;AM;RAFAEL;gerencialoja05@rondobras.com.br;9233037600
248;RONDOBRAS AUTOPEÇAS;-2.9990685;-60.0155586;RUA ARQ. JOSÉ HENRIQUE BENTO RODRIGUES;19;;COLÔNIA TERRA NOVA;MANAUS;69015675;AM;JEFERSON;jeferson.batista@rondobras.com.br;9231990028
249;RONDOBRAS AUTOPEÇAS;-3.1273051;-60.0078768;AVENIDA CASTELO BRANCO;1035;A;CACHOEIRINHA;MANAUS;69065011;AM;MARCOS;marcospadovan@rondobras.com.br;9232115250
250;RONDOBRAS AUTOPEÇAS;-3.1225879;-60.0135727;RUA VISCONDE DE PORTO ALEGRE;1543;;PRAÇA 14 DE JANEIRO;MANAUS;69020130;AM;SIDIMAR;gerencialj43@rondobras.cm.br;9231990043
251;RONDOBRAS AUTOPEÇAS;-3.1244214;-59.9885045;AVENIDA TEFÉ;3183;;JAPIIM;MANAUS;69078000;AM;EMERSON;emerson@rondobras.com.br;9231990058
252;RONDOBRAS AUTOPEÇAS;-3.0347933;-59.9946524;AVENIDA MAX TEIXEIRA;3723;;CIDADE NOVA;MANAUS;69090002;AM;REINALDO;reinaldo@rondobras.com.br;9231990051
253;RONDOBRAS AUTOPEÇAS;-3.1031109;-59.9465641;AVENIDA AUTAZ MIRIM;9496;;JORGE TEIXEIRA;MANAUS;69088245;AM;CLEDINALDO;gerencialoja52@rondobras.com.br;9231990052
254;RONDOBRAS AUTOPEÇAS;-3.1314597;-59.9901947;AVENIDA SILVES;2026;;CRESPO;MANAUS;69073175;AM;GILSON;gilson@rondobras.com.br;9231990059
255;RONDOBRAS AUTOPEÇAS;-3.0456034;-60.0153590;AVENIDA MAX TEIXEIRA;1110;;FLORES;MANAUS;69058415;AM;AMAURI;amauri@rondobras.com.br;9233030850
256;RONDOBRAS AUTOPEÇAS;-7.5192237;-63.0326831;RODOVIA BR 230;2081;;SÃO CRISTOVÃO;HUMAITÁ;69800000;AM;EDNALDO;gerencialoja56@rondobras.com.br;9733731114
257;RONDOBRAS AUTOPEÇAS;-7.9648677;-61.6666209;RODOVIA BR 230;1728;TRANSAMAZONICA KM 181;SANTO ANTÔNIO DO MATUPI;MANICORÉ;69280000;AM;JEAN;gerencialoja57@rondobras.com.br;9233853245
258;RONDOBRAS AUTOPEÇAS;0.0350685;-51.0598000;AVENIDA PADRE JULIO MARIA LOMBAERD;1178;;CENTRO;MACAPÁ;68900030;AP;JOSE CARLOS;zecarlos@rondobras.com;9632241043
259;RONDOBRAS AUTOPEÇAS;0.0797820;-51.0734910;RODOVIA BR 210;131;;INFRAERO II;MACAPÁ;68908878;AP;RAMALHO;gerencialoja66@rondobras.com.br;9633311700
260;PADRE CÍCERO;-3.8319420;-38.4936350;RUA TENENTE JURANDIR ALENCAR;182;;MESSEJANA;FORTALEZA;60840000;CE;ACILON OU NETO;filial05@pecicero.com.br;8532514466
261;TOYOMASTER;-2.5646608;-44.2294745;AVENIDA GUAJAJARAS;51 A;;TIRIRICAL;SÃO LUÍS;65055285;MA;GABRIEL;compras@toyomasterautopecas.com;9833122939
262;TOYOPEÇAS;-2.8018831;-42.9416980;AVENIDA RODOVIÁRIA;10;;CANEQUINHO;SÃO LUÍS;65590000;MA;GABRIEL;compras@toyomasterautopecas.com;9833122939
263;TOYOMASTER;-2.5644548;-44.2309257;TRAVESSA SANTA FLORÊNCIA;2;QUADRA 61 LOTE 02;TIRIRICAL;SÃO LUÍS;65055249;MA;GABRIEL;compras@toyomasterautopecas.com;9833122939
264;KID AUTOPEÇAS;-9.6037723;-35.7439656;AVENIDA DURVAL GOES MONTEIRO;2588;;TABULEIRO DOS MARTINS;MACEIÓ;57080000;AL;EUCLIDES;kidautopecas@hotmail.com;8233241629
265;CEU AUTOPEÇAS;-23.6866564;-46.7945579;RUA FEITIÇO DA VILA;361;;CHÁCARA SANTA MARIA;SÃO PAULO;58789000;SP;ÉDER;ceuautopecas@hotmail.com;1158720067
266;FM MOTOS;-23.6661248;-46.5225749;RUA GUILHERME MARCONI;32;;VILA ASSUNÇÃO;SANTO ANDRÉ;9020270;SP;HENRIQUE;contato@fmmotopecas.com.br;1149901700
267;TOCA DAS VANS;-22.9311696;-47.0932004;RUA ARTHUR LEITE DE BARROS JÚNIOR;395;;JARDIM DO LAGO;CAMPINAS;13050032;SP;ROSSANA;vendas2@tocadasvans.com.br;1925112296
268;TOCA DAS VANS;-22.5535371;-47.3829670;VIA FRANCISCO D'ANDREA;6725;;JARDIM PORTO REAL;LIMEIRA;13485351;SP;ROSSANA;vendas@tocadasvans.com.br;1932689988
269;CASTRILLON AUTOPEÇAS;-18.1319927;-47.9054456;RUA JOSE SEVERINO;1350;;NOSSA SRA FATIMA;CATALÃO;75709150;GO;ROGERIO;gerencia.cat@castrillon.com.br;6434429800
270;CASTRILLON AUTOPEÇAS;-18.4166854;-49.2170785;VIA EXPRESSA MUCIO DE SOUZA RESENDE;1878;;SANTA RITA;ITUMBIARA;75515490;GO;ADRIANO;gerencia.itu@castrillon.com.br;6434321600
271;CASTRILLON AUTOPEÇAS;-16.7175013;-49.2561590;AVENIDA QUARTA RADIAL;501;;PEDRO LUDOVICO;GOIÂNIA;74830130;GO;JOMARK;gerencia.gn4@castrillon.com.br;6232752700
272;CASTRILLON AUTOPEÇAS;-15.5522928;-47.3285655;AVENIDA LAGOA FEIA;S/N;QD 126 LOTE 14;FORMOSINHA;FORMOSA;73813370;GO;FRANCISCO;gerencia.for@castrillon.com.br;6136428900
273;CASTRILLON AUTOPEÇAS;-16.7677075;-47.6167633;RUA TOCANTINS;S/N;QUADRA 24 LOTE 07;SETOR OESTE;CRISTALINA;73850000;GO;IVONETE;gerencia.cri@castrillon.com.br;6136128400
274;CASTRILLON AUTOPEÇAS;-16.6943517;-49.1046153;AVENIDA DOM EMANUEL;S/N;QD 01 LT 03/05;ALVORADA;SENADOR CANEDO;75259770;GO;BRUNA;gerencia.sca@castrillon.com.br;6235122949
275;CASTRILLON AUTOPEÇAS;-17.5585477;-52.5519062;AVENIDA INO REZENDE;0;QD 103 LT 2;COHACOL 3;MINEIROS;75835093;GO;OBERDAN;gerencia.min@castrillon.com.br;6433660000
276;CASTRILLON AUTOPEÇAS;-12.0905296;-45.7966978;AVENIDA BARREIRAS;811;;MIMOSO DO OESTE;LUÍS EDUARDO MAGALHÃES;47850000;BA;JUAREIS;gerencia.lem@castrillon.com.br;7736454483
277;SERTÃO AUTOPEÇAS;-9.5289570;-37.2946130;RUA SÃO FRANCISCO;990;;CENTRO;OLHO D´ÁGUA DAS FLORES;57442000;AL;RÊMI;sertaoautopecass@gmail.com;8296198815
278;MAMANGUAPE AUTOPEÇAS;-6.8443329;-35.1355240;RUA WALFREDO DE LIMA E SILVA;229;;PLANALTO;MAMANGUAPE;58280000;PB;MAGNA;autopecasmme@hotmail.com;8332922506
279;AUTOPEÇAS INTERLAGOS;-22.6659880;-50.4340258;AVENIDA VEREADOR DAVID PASSARINHO;289;;VILA SOUZA;ASSIS;19804400;SP;ROSANA;ro.interlagos@gmail.com;1833244107
280;AUTOPEÇAS MARTINS;-6.7633418;-37.7912671;RUA SEVERINO ROSA DE ASSIS;214;;PETRÓPOLIS;POMBAL;58840000;PB;ZENAS;oficinamecmartins@gmail.com;8399677410
281;MOTO PEÇAS ROSENDO;-9.7555596;-36.6639697;RUA LUIZA BATISTA DE ARAUJO;S/N;SETOR 113 QUADRA 81;BRASÍLIA;ARAPIRACA;57313810;AL;MIOTELO;rosendo.vendas@gmail.com;8235221813
282;MOTO PEÇAS ROSENDO;-9.5318974;-35.7961524;AVENIDA LOURIVAL MELO MOTA;S/N;;SANTOS DUMONT;MACEIÓ;57075000;AL;CIDINHO;rosendo.vendas@gmail.com;8299370056
283;MOTO PEÇAS ROSENDO;-9.9216949;-36.4730262;RUA MANOEL A DE ALMEIDA;88;;CENTRO;JUNQUEIRO;57270000;AL;CLAUDINEIDE;rosendo.vendas@gmail.com;8235411430
284;MOTO PEÇAS ROSENDO;-9.9379052;-36.5525145;AVENIDA CARLOS DO VALE FERRO;153;;RANCHO ALEGRE;SÃO SEBASTIÃO;57275000;AL;NININHA;rosendo.vendas@gmail.com;8235421632
285;MOTO PEÇAS ROSENDO;-9.0504634;-35.4008841;LOTEAMENTO JORGE ALVES CORDEIRO;S/N;LOTE 33 QUADRA 11;ZONA RURAL;PORTO CALVO;57900000;AL;RICARDO;rosendo.vendas@gmail.com;8233440129
286;MOTO PEÇAS ROSENDO;-9.6589909;-35.7410130;AVENIDA DOUTOR FRANCISCO DE MENEZES;397;SALA 01;LEVADA;MACEIÓ;57017075;AL;JOSI;rosendo.vendas@gmail.com;8235122671
287;MOTO PEÇAS ROSENDO;-9.3550932;-37.1901616;AVENIDA PRESIDENTE DUTRA;S/N;;MONUMENTO;SANTANA DO IPANEMA;57500000;AL;IVAN;rosendo.vendas@gmail.com;8296821711
288;AUTOPEÇAS BORTOLATO;-22.7482353;-50.3917908;AVENIDA FRANCISCO JOSÉ DE TOLEDO;55;;CENTRO;CÂNDIDO MOTA;19880000;SP;EDSON;comprasapb@bol.com.br;1833413191
289;WAY AUTOPEÇAS;-26.7188941;-53.5159992;RUA WILLY BARTH;5143;;SÃO SEBASTIÃO;SÃO MIGUEL DO OESTE;89900000;SC;EVANDRO;compras@waypecas.com.br;4936314500
290;MAGRÃO AUTOPEÇAS;-23.5857062;-46.7378489;AVENIDA MINISTRO LAUDO FERREIRA DE CAMARGO;489;;JARDIM PERI PERI;SÃO PAULO;5537001;SP;RAFAEL;rafael.santos@feloniautopecas.com;1137422129
291;CASTELAO PEÇAS;-20.6423825;-41.2093801;RODOVIA FUED NEMER;S/N;KM 3;SANTA BARBARA;CASTELO;29360000;ES;FABRICIO;castelaodiesel@hotmail.com;2835421310
292;AUTOPEÇAS RONI;-16.3550199;-39.5797549;AVENIDA GUANABARA;691;;CENTRO;EUNÁPOLIS;45825000;BA;ISAAC;eunapolis@roni.com.br;(73) 3166-1800
293;AUTOPEÇAS RONI;-14.8106867;-39.2953648;AVENIDA ANTONIO CARLOS MAGALHAES;2540;;LOVANTE JUNIOR;ITABUNA;45601051;BA;EDMILSON;itabuna@roni.com.br; ( 73) 3215-8100
294;AUTOPEÇAS RONI;-14.8561686;-40.8496826;AVENIDA ALAGOAS;22;;BRASIL;VITÓRIA DA CONQUISTA;45000000;BA;SAMIR;conquista@roni.com.br;7734208700
295;AUTOPEÇAS RONI;-13.8635904;-40.0788697;AVENIDA LANDULFO CARIBE;189;;CENTRO;JEQUIÉ;45200160;BA;MAURICIO;jequie@roni.com.br;7335278900
296;AUTOPEÇAS RONI;-13.8548622;-40.1129897;AVENIDA GOVERNADOR AURELIO VIANA;674;;CIDADE NOVA;JEQUIÉ;45201475;BA;OSCAR;jequie@roni.com.br;(73) 3528-9200
297;AUTOPEÇAS RONI;-16.4372792;-39.0808275;AVENIDA ADNO MUSSER;1750;;JARDIM PRIMAVERA;PORTO SEGURO;45810000;BA;IDELFONSO;porto@roni.com.br;7332686262
298;AUTOPEÇAS RONI;-17.5339182;-39.7119898;RODOVIA BR 101 KM 878;S/N;;JERUSALÉM;TEIXEIRA DE FREITAS;45995970;BA;LORRAM;teixeira@roni.com.br;  (73) 3263-8200
299;AUTOPEÇAS RONI;-16.3463495;-39.5802016;AVENIDA DAVID JONAS FADINI;632;;STELA REIS;EUNÁPOLIS;45823035;BA;AROLDO;eunapolis@roni.com.br;(73) 3166-1800
300;AUTOPEÇAS RONI;-12.9746494;-39.2753692;RUA PASTOR ANIEL SILVA COSTA;58;;AMPARO;SANTO ANTÔNIO DE JESUS;44572640;BA;IDELFONSO;saj@roni.com.br;7536316336
301;DIPOL MOTOPEÇAS;-20.2743759;-42.0594522;AVENIDA DOUTOR JORGE HANNAS;5022;;BAIXADA;MANHUAÇU;36900000;MG;VALERIO;compras@dipoldistribuicao.com.br;3333393150
302;O VAREJÃO;-12.9682080;-38.4948362;RUA CÔNEGO PEREIRA;757;;MACAÚBAS;SALVADOR;40302270;BA;ANA PAULA;cadastro@ovarejao.com.br;7121018899
303;O VAREJÃO;-12.9907361;-38.5043604;AVENIDA VASCO DA GAMA;2246;;VASCO DA GAMA;SALVADOR;40230730;BA;LUIS FERNANDO;cadastro@ovarejao.com.br;7121018899
304;O VAREJÃO;-12.9155722;-38.3520312;AVENIDA SÃO CRISTOVÃO;618;;SÃO CRISTOVÃO;SALVADOR;41510333;BA;IOMAR;cadastro@ovarejao.com.br;7121018899
305;O VAREJÃO;-12.9133916;-38.4648964;ESTRADA CAMPINAS PIRAJÁ;4660;;CAMPINAS DE PIRAJÁ;SALVADOR;41270000;BA;IONE;cadastro@ovarejao.com.br;7121018899
306;O VAREJÃO;-12.7691137;-38.4044807;RODOVIA BA 093, GALPÃO -5;549;;FAZENDA SANTA ROSA;SIMÕES FILHO;43700000;BA;PAULO;cadastro@ovarejao.com.br;7121018899
307;O VAREJÃO;-12.9149145;-38.4647065;AVENIDA MARIA LUCIA;S/N;;SÃO MARCOS;SALVADOR;41250280;BA;MARINHO;cadastro@ovarejao.com.br;7121018899
308;O VAREJÃO;-12.2594105;-38.9618212;AVENIDA PRESIDENTE DUTRA;340;;CENTRO;FEIRA DE SANTANA;44001544;BA;JORGE LOBO;cadastro@ovarejao.com.br;7121018899
309;O VAREJÃO;-12.9339316;-38.4473446;AVENIDA ULYSSES GUIMARÃES;400;;SUSSUARANA;SALVADOR;41213000;BA;RAFAEL;cadastro@ovarejao.com.br;7121018899
310;O VAREJÃO;-12.2436132;-38.9638509;AVENIDA JOSÉ FALCÃO DA SILVA;1223;;BARAÚNA;FEIRA DE SANTANA;44020122;BA;BRUNA;cadastro@ovarejao.com.br;7121018899
311;O VAREJÃO;-12.8819871;-38.3147016;AVENIDA SANTOS DUMONT;5007;;RECREIO IPITANGA;LAURO DE FREITAS;42700170;BA;SINESIO;cadastro@ovarejao.com.br;7121018899
312;ALMEIDA PNEUS;-19.9974403;-40.7456207;RUA FERNANDO HAESE;31;1º PAVIMENTO;SÃO LUIZ;SANTA MARIA DE JETIBÁ;29645000;ES;GERALDO;geraldo@almeidapneus.com.br;2732632770
313;IMIGRANTE PNEUS;-20.3260553;-41.1373561;AVENIDA EVANDI AMERICO COMARELA;1141;LJ1;MARMIN;VENDA NOVA DO IMIGRANTE;29375000;ES;GERALDO;geraldo@almeidapneus.com.br;2834560132
314;MARQUES AUTOPEÇAS;-23.2124037;-46.8352656;RUA JOÃO PÓVOA;41;;JARDIM DO LAR;VÁRZEA PAULISTA;13220224;SP;MARCIO;marcio@autopecasmarques.com.br;1146060636
315;TEMPRACAR;-22.9251516;-42.8644662;RUA PRESIDENTE JUSCELINO KUBITSCHEK DE OLIVEIRA;173;;SÃO JOSÉ DO IMBASSAI;MARICÁ;24930124;RJ;FABIANO;tempracardemarica@gmail.com;2126044700
316;MENSAGEIRO AUTOPEÇAS TANABI;-20.6296214;-49.6592789;AVENIDA GILDO SAVATIN;476;;JARDIM BOA VISTA;TANABI;15170000;SP;EDER;torcarautomotiva@hotmail.com;1732642100
317;CRZ PEÇAS E ACESSORIOS;-20.2149586;-40.2693711;RUA CASSIMIRO DE ABREU;8;;PLANALTO DE CARAPINA;SERRA;29162709;ES;ROBSON;carlosrogerio@zamperliniltda.com;2721048999
318;GUARUCAR PEÇAS;-23.9396904;-46.2828696;RUA ÁUREA GONZALEZ CONDE;456;;VILA ÁUREA;GUARUJÁ;11454540;SP;FABRÍCIO;guarucar@globo.com;1333418070
319;SHOPPING 2 RODAS;-23.6263294;-46.5465247;AVENIDA DA PAZ;25/33;;UTINGA;SANTO ANDRÉ;9080607;SP;MAYRA;shopping2rodassantoandre@hotmail.com;1144218666
320;HYGOR PNEUS;-9.7402270;-36.6926378;RUA SÃO FRANCISCO;1051;;CENTRO;ARAPIRACA;57300000;AL;HYGOR;hygorpneus@bol.com.br;8296972220
321;VRUM AUTOPEÇAS ;-22.5259907;-42.9818702;AVENIDA DEDO DE DEUS;541;;CENTRO;GUAPIMIRIM;25940050;RJ;JOSINEI;vrumautopecas@gmail.com;2126323218
322;CDU AUTOPEÇAS;-8.0462499;-34.9471863;AVENIDA PROFESSOR ARTUR;240;;VÁRZEA;RECIFE;50740520;PE;SILVA;vendas_tony@hotmail.com;8187026212
323;UDI FIAT;-18.9074666;-48.2761607;AVENIDA ARAGUARI;109;;MARTINS;UBERLÂNDIA;38400464;MG;CRISTOVÃO;udifiat@gmail.com;3432135100
324;BRUNO CAR AUTOPEÇAS;-20.7922620;-49.3771553;AVENIDA PHILADELPHO MANOEL GOUVEIA NETO;1340;;JARDIM CONCEIÇÃO;SÃO JOSÉ DO RIO PRETO;15030790;SP;ADILSON;brunocar@brunocar.com.br;1740097171
325;BRASIL AUTOPEÇAS;-25.2947528;-54.0934686;AVENIDA BRASÍLIA;691;;CONDÁ;MEDIANEIRA;85884000;PR;ODAIR;odairgilcorrea@hotmail.com;4532642001
326;ELITE AUTOPEÇAS;-17.7173224;-48.6426314;RUA P. ESQ C/ RUA E;S/N;QD 4 LT 4;NOVA VILA;CALDAS NOVAS;76681682;GO;LEANDRO/DANIEL;eliteap@hotmail.com;6434533713
327;RONDOBRAS AUTOPEÇAS;6.4237500;-66.5897300;AVENIDA VENEZUELA;113;;PRICUMÃ;BOA VISTA;69309690;RR;MARCOS;marcosedmilson@rondobras.com.br;9536216500
328;RONDOBRAS AUTOPEÇAS;2.8033773;-60.6931265;AVENIDA BRASIL;206;;PRICUMÃ;BOA VISTA;69309575;RR;ERNANI;centroautomotivoboavista@rondobras.com.br;9536266421
329;RONDOBRAS AUTOPEÇAS;2.8168262;-60.7374199;AVENIDA GENERAL ATAIDE TEIVE;6377;;NOVA CANAÃ;BOA VISTA;69314382;RR;HOMERO;gerencialoja60@rondobras.com.br;9536250206
330;UNIDOS AUTOPEÇAS;-3.0336119;-59.9929379;AVENIDA NOEL NUTELS;969;QD 21;CIDADE NOVA;MANAUS;69090000;AM;IAGO;comercialmpaz@gmail.com;9232213271
331;UNIDOS AUTOPEÇAS;-3.0232666;-59.9266831;AVENIDA BRIGADEIRO HILÁRIO GURJÃO;24;QD 3F;JORGE TEIXEIRA;MANAUS;69088000;AM;NIKSON;comercialmpaz@gmail.com;9233489783
332;FAST AUTOPEÇAS;-23.6270866;-46.5674356;RUA CASTRO ALVES;900;;CERÂMICA;SÃO CAETANO DO SUL;9540030;SP;MARCELO;contato@fastautopecas.com.br;1135938720
333;AUTO BITTS BH;-19.9357146;-43.9724711;AVENIDA BARÃO HOMEM DE MELO;100;;NOVA GRANADA;BELO HORIZONTE;30460090;MG;LUIZ;luizinho@autobitts.com.br;3133192000
334;AUTO BITTS;-19.9188328;-43.9482974;RUA ARAGUARI;68;;BARRO PRETO;BELO HORIZONTE;30190110;MG;LUIZ;luizinho@autobitts.com.br;3133192000
335;AUTO BITTS;-19.9483103;-44.0379516;AVENIDA JOSÉ FARIA DA ROCHA;1019;;ELDORADO;CONTAGEM;32315040;MG;LUIZ;luizinho@autobitts.com.br;3133192000
336;VALDINEY AUTOPEÇAS;-22.8659770;-42.3182280;RODOVIA AMARAL PEIXOTO;90560;KM 86;VILA CAPRI;ARARUAMA;28981630;RJ;VALDINEY;valdineymenezes@hotmail.com;2226735299
337;UCHÔA PEÇAS;-7.9682356;-34.8347524;AVENIDA CORONEL FREDERICO LUNDGREN;9;;RIO DOCE;OLINDA;53040150;PE;GERCINA;uchoa_pecas@hotmail.com;8134310593
338;JP FRISO AUTOPEÇAS;-20.3342138;-47.7966130;RUA MIGUEL MOISÉS;605;;VILA SÃO SEBASTIÃO;ITUVERAVA;14500000;SP;DONATO;jpf@friso.com.br;1638397666
339;RAFAEL MOTOS;-22.1085382;-51.4329796;AVENIDA ANA JACINTA;2252;;NÚCLEO BARTHOLOMEU BUENO DE MIRANDA;PRESIDENTE PRUDENTE;19066030;SP;RAFAEL;rafagoncalves23@hotmail.com;1839075386
340;LUCAR AUTOPEÇAS;-23.5354196;-46.8358369;AVENIDA INOCÊNCIO SERÁFICO;1643;;VILA SILVA RIBEIRO;CARAPICUÍBA;6320290;SP;GABRIEL;gabrielvictor@lucarautopecas.com;1141836748
341;WAGUINHO AUTOPEÇAS;-19.8782850;-43.9343271;AVENIDA BERNARDO VASCONCELOS;2080;;PALMARES;BELO HORIZONTE;31160440;MG;MARCELO;wapecas@hotmail.com;3134265006
342;CAIO AUTOPEÇAS;-22.3175273;-49.0708811;RUA JÚLIO PRESTES;336;;CENTRO;BAURU;17010050;SP;EDUARDO;caioautopecas.bauru@hotmail.com;1430102020
343;DISTRIBUIDORA DE PEÇAS UBERLANDIA;-18.9383302;-48.3023088;RUA OSCAR GOMES MOREIRA JUNIOR;885;;TUBALINA;UBERLÂNDIA;38412044;MG;JOELDER;distribuidorauberlandia@hotmail.com;3432311636
344;LOPES OLIVEIRA AUTOPEÇAS;-23.5242492;-46.8185288;AVENIDA ANTONIO FAUSTINO DOS SANTOS;50;;VILA MUNICIPAL;CARAPICUÍBA;2675031;SP;VICTOR;lopeseoliveira@terra.com.br;1141834858
345;RJ RIO AUTOPEÇAS;-22.6290374;-43.1948788;AVENIDA PRESIDENTE KENNEDY;10174;;PILAR;DUQUE DE CAXIAS;25045001;RJ;KLEBER;rjrioautopecas@gmail.com;2126994814
346;BRAPEÇAS LTDA;-18.9128840;-48.2874760;AVENIDA FERNANDO VILELA;1334;;MARTINS;UBERLÂNDIA;38400458;MG;RODRIGO;brapecas@outlook.com;3432366635
347;AUTOPEÇAS RONCOLI;-22.4032755;-47.5689812;RUA 9;557;;CENTRO;RIO CLARO;13500145;SP;JOSE;compras@roncoli.com.br;1935222300
348;ERON AUTOPEÇAS;-23.9560386;-46.3751054;AVENIDA ANTONIO EMMERICK;1214;;VILA SÃO JORGE;SÃO VICENTE;11370000;SP;IAGO;erondiskpecas@gmail.com;1330434103
349;NEI AUTOPEÇAS MODELO;-22.5589229;-42.9552016;ESTRADA RIO FRIBURGO;271;;PARADA MODELO;GUAPIMIRIM;25940050;RJ;JOSINEI;neiautopecas@gmail.com;2126323218
350;AUTOPEÇAS UNIPEÇAS;-25.4751500;-49.3012700;RUA JOÃO BETTEGA;775;;PORTÃO;CURITIBA;81070000;PR;ALCENI;alceni@unipecasonline.com.br;4133294455
351;SOMMER MOTOS;-23.6201450;-46.5506593;AVENIDA GOIÁS;1684;;SANTA PAULA;SÃO CAETANO DO SUL;9521300;SP;MARIA;asd.sommer@hotmail.com;1142242255
352;TAVARES AUTOPEÇAS;-23.7053315;-47.4239116;RUA ARLINDO GODINHO DA SILVA;86;;JARDIM SÃO BARTOLOMEU;PIEDADE;18170000;SP;DAVID;autopecatavaress@hotmail.com;1533443038
353;RENATO AUTOPEÇAS;-7.9092864;-34.9019900;AVENIDA BRASIL;17;;CENTRO;ABREU E LIMA;53525790;PE;JOSIAS;rayanaerayssaltda@hotmail.com;8135420150
354;SCAR PEÇAS E ROLAMENTOS;-18.9098974;-48.2879001;AVENIDA RAULINO COTTA PACHECO;1123;;MARTINS;UBERLÂNDIA;38400372;MG;GUSTAVO;gugomescar@yahoo.com.br;3432358518
355;AUTOPEÇAS B B;-3.1077297;-60.0492887;AVENIDA COMPENSA;350;;VILA DA PRATA;MANAUS;69030575;AM;JONIVALDO;gerenciabbautopecas@gmail.com;9230852276
356;AUTOPEÇAS B B;-3.0726161;-60.0435129;AVENIDA DESEMBARGADOR JOÃO MACHADO;201;;ALVORADA;MANAUS;69042360;AM;MARX;gerenciabbautopecas@gmail.com;9236333711
357;ROVAL AUTOPEÇAS;-23.6640327;-46.4808739;AVENIDA JOÃO RAMALHO;1697;;PARQUE SÃO VICENTE;MAUÁ;9371520;SP;VALMIR;vendas@rovalepaes.com.br;1145128333
358;PAULISTANA DISTRIBUIDORA;-23.5407639;-46.5171955;AVENIDA NAPOLEÃO;124;A;VILA  NOVA SAVOIA;SÃO PAULO;3532040;SP;HENRIQUE;henrique@paulistanadistribuidora.com.br;1127460423
359;CLINICAR;-9.1554397;-36.0331203;AVENIDA MONSENHOR CLOVES DUARTE DE BARROS;348;;CENTRO;UNIÃO DOS PALMARES;57800000;AL;DAVI;clinicaruniao@gmail.com;8299660488
360;MOTO SHOW;-22.1044067;-51.4074038;RUA JACINTO PARDO;287;;CONJUNTO SITIO SÃO PEDRO;PRESIDENTE PRUDENTE;19025586;SP;MARIO;mario.motoshow2013@gmail.com;1832220876
361;MARQUES AUTOPEÇAS;-23.1733675;-46.9017575;RUA SEIKE SAITO;669;;VILA LACERDA;JUNDIAÍ;13214077;SP;ALAN;alan@autopecasmarques.com.br;1148062800
362;TONINHO AUTOPEÇAS;-22.3913534;-41.7868887;AVENIDA EVALDO COSTA;763;;SOL Y MAR;MACAÉ;27940215;RJ;LUCAS;toninhoautopecasmacae@hotmail.com;2238043605
363;ACÁCIA AUTOPEÇAS;-22.8853567;-47.0623059;RUA CAROLINA FLORENSE;461;;JARDIM GUANABARA;CAMPINAS;13073225;SP;DALAN;acacia@acaciaauto.com.br;1937975000
364;ACÁCIA AUTOPEÇAS;-22.9293669;-47.0438862;AVENIDA ENGENHEIRO FRANCISCO DE PAULA SOUZA;1019;;VILA PARAÍSO;CAMPINAS;13043540;SP;DALAN;acacia@acaciaauto.com.br;1937975000
365;ACÁCIA AUTOPEÇAS;-22.8229352;-47.2719653;AVENIDA AVENIDA REBOUÇAS;2456;;CENTRO;SUMARÉ;13170023;SP;DALAN;acacia@acaciaauto.com.br;1933065000
366;ACÁCIA AUTOPEÇAS;-22.8707049;-47.2265258;AVENIDA SANTANA;1100;;JARDIM AMANDA I;HORTOLÂNDIA;13188000;SP;DALAN;acacia@acaciaauto.com.br;1937975000
367;ACÁCIA AUTOPEÇAS;-22.9298357;-47.0991722;AVENIDA PRESIDENTE JUSCELINO;364;GALPÃO 374;JARDIM CAMPOS ELÍSEOS;CAMPINAS;13060858;SP;DALAN;acacia@acaciaauto.com.br;1937975000
368;ACÁCIA AUTOPEÇAS;-22.8285201;-47.1670608;AVENIDA EMÍLIO BOSCO;1680;;JARDIM MORUMBI;SUMARÉ;13180000;SP;DALAN;acacia@acaciaauto.com.br;1937975000
369;ACÁCIA AUTOPEÇAS;-22.7538350;-47.3600242;RUA IACANGA;845;;VILA MOLON;AMERICANA;13468590;SP;DALAN;acacia@acaciaauto.com.br;1937975000
370;ACÁCIA AUTOPEÇAS;-22.9599746;-47.1261217;AVENIDA RUY RODRIGUEZ;4060;;PARQUE UNIVERSITÁRIO DE VIRACOPOS;CAMPINAS;13056460;SP;DALAN;acacia@acaciaauto.com.br;1937975000
371;ACÁCIA AUTOPEÇAS;-23.1094243;-47.2205990;AVENIDA FRANCISCO DE PAULA LEITE;2200;;PARQUE DAS NAÇÕES;INDAIATUBA;13346055;SP;DALAN;acacia@acaciaauto.com.br;1937975000
372;ACÁCIA AUTOPEÇAS;-22.3768497;-46.9456035;AVENIDA MOGI MIRIM;210;LETRA A;AREIÃO;MOGI GUAÇU;13844110;SP;DALAN;acacia@acaciaauto.com.br;1932423033
373;RPEV AUTOPEÇAS;-22.8656830;-42.3120935;RODOVIA AMARAL PEIXOTO;S/N;KM 90;PARATY;ARARUAMA;28970000;RJ;RALF;ralfdossantos@hotmail.com;2226654515
374;1100 MOTOR PEÇAS;-19.9090139;-43.9646024;AVENIDA DOM PEDRO SEGUNDO;2472;;BONFIM;BELO HORIZONTE;30710010;MG;PABLO;1100@ancora-mg.com.br;3134211100
375;HR AUTOPEÇAS;-7.1174811;-34.8888702;RUA MACIEL PINHEIRO;405;;VARADOURO;JOÃO PESSOA;58010132;PB;HERBERT;hrddantas@hotmail.com;8332224733
376;D&D AUTOPEÇAS;-8.2873324;-35.9676467;RUA JOSÉ DE ALENCAR;43;;NOSSA SENHORA DAS DORES;CARUARU;55002170;PE;DEIGLES;dd_autopecas@hotmail.com;8137216533
377;ECONOMICAR AUTOPEÇAS;-22.0290807;-47.8933238;RUA ITÁLIA;32;;VILA LUTFALLA;SÃO CARLOS;13570665;SP;MARCIO;economicarautopecas@terra.com.br;1633689153
378;MIX AUTOPEÇAS;-19.8735941;-47.4462821;AVENIDA DOUTOR FELIPE VENITES;359;;ALTO DA ESTAÇÃO;SACRAMENTO;38190000;MG;ANA LUISA;mixautopecas@outlook.com.br;3433514612
379;AUTOPEÇAS RONI;-12.9183869;-38.4673932;ESTRADA DE CAMPINAS;55;;CAMPINAS DE PIRAJÁ;SALVADOR;41270005;BA;MARCELO;salvador@roni.com.br;(71) 3215-8900
380;AUTOPEÇAS RONI;-12.9648171;-38.4928195;RUA GENERAL ARGOLLO;45;;BAIXA DE QUINTAS;SALVADOR;40300161;BA;VANESSA;quintas@roni.com.br;(71) 3166-1805
381;FULL IMPORTS;-22.8982660;-43.2175219;RUA ESCOBAR;91;;SÃO CRISTOVÃO;RIO DE JANEIRO;20921030;RJ;DOUGLAS;contato@fullimports.com.br;2131903191
382;JOMA AUTOPEÇAS;-18.8996915;-48.2618892;AVENIDA FLORIANO PEIXOTO;3250;;NOSSA SENHORA APARECIDA;UBERLÂNDIA;38400704;MG;WANDERSON;joma32122000@gmail.com;3432122000
383;CRISROLI AUTO CENTER;-21.1977648;-41.9063120;AVENIDA DEPUTADO CARLOS PINTO FILHO;273;;CIDADE NOVA;ITAPERUNA;28300000;RJ;CRISTIANO;crisrolicentroautomotivo@gmail.com;2238241960
384;UP MOTOS;-23.6665035;-46.5219115;PRAÇA DOUTOR ADHEMAR DE BARROS;52;;CASA BRANCA;SANTO ANDRÉ;9020020;SP;DÉBORA;vendasupmotos@gmail.com;1144365155
385;RIVER AUTOPEÇAS;-19.7671130;-47.9428975;AVENIDA CORONEL JOAQUIM DE OLIVEIRA PRATA;574;;BOM RETIRO;UBERABA;38022290;MG;MIGUEL;river@riverautopecas.com.br;3421030800
386;RV AUTOPEÇAS;-22.5290806;-52.1652547;ALAMEDA CORONEL PIRES;974;;CENTRO;TEODORO SAMPAIO;19280000;SP;ROBERTO;tsautopecas@hotmail.com;1832824547
387;HIAGO AUTOPEÇAS;-8.2879412;-35.9676537;RUA DOS GUARARAPES;68;;NOSSA SENHORA DAS DORES;CARUARU;55004000;PE;PAULO;hiagoautopecas@hotmail.com;8131361937
388;HIAGO AUTOPEÇAS;-8.2875680;-35.9680399;RUA DOS GUARARAPES;90;;NOSSA SENHORA DAS DORES;CARUARU;55004000;PE;PAULO;hiagoautopecas@hotmail.com;8137211564
389;NEVES AUTOPEÇAS;-16.6705912;-49.3118945;RUA DOS MISSIONARIOS;1186;;RODOVIÁRIO;GOIÂNIA;74430360;GO;AIRES;nevesdistribuidoradepecas@gmail.com;6232952299
390;YOSHIO AUTOPEÇAS;-23.6752744;-46.4547487;AVENIDA CAPITÃO JOÃO;1140;;MATRIZ;MAUÁ;9360120;SP;RONY;nfedtr.yoshioautopecas@gmail.com;1123129230
391;STOCKCAR;-21.1684748;-43.0176160;RUA TEÓFILO ANTÔNIO DE MELO;639;;JULIO MONTAVANI;TOCANTINS;36512000;MG;VINICIUS;automecanicabr@outlook.com;3235741320
392;MAC AUTOPEÇAS;-22.8818504;-42.3499613;RUA HERMENGARDA;S/N;LOJA 2;HAWAI;ARARUAMA;28970000;RJ;FELIX;macautopecas@yahoo.com;2226746190
393;JANETE AUTOPEÇAS;-16.6458003;-49.4913332;AVENIDA JUCELINO KIBITSCHEK;1125;;VILA PAI ETERNO;TRINDADE;75380000;GO;JANETE;autopecastrindade@bol.com.br;6235051846
394;AUTOPEÇAS GP;-16.7158637;-49.2543069;AVENIDA 4ª RADIAL;273;;PEDRO LUDOVICO;GOIÂNIA;74830130;GO;SERGIO;borgessergio@live.com;6230181818
395;CHECAR;-17.7917348;-50.9426294;RUA JOAQUIM FONSECA;180;;MORADA DO SOL;RIO VERDE;75908730;GO;GARIBALDI;checarregulagemeletronica@hotmail.com;6436221331
396;SERRANA AUTOPEÇAS;-22.7436365;-45.5975664;AVENIDA DOUTOR JANUÁRIO MIRAGLIA;500;;VILA ABERNESSIA;CAMPOS DO JORDÃO;12460000;SP;ANDRÉ;serrana.autopecas@hotmail.com;1236689662
397;CANADELO AUTOPEÇAS;-22.8640004;-42.3313411;AVENIDA GETÚLIO VARGAS;1507;;CENTRO;ARARUAMA;28970000;RJ;EDUARDO;canadeloautopecas@hotmail.com;2226647306
398;AUTO STILO;-22.5484560;-42.9834067;RODOVIA RIO FRIBURGO;400;;PARADA MODELO;GUAPIMIRIM;25940050;RJ;JOSINEI;autostilopecas@gmail.com;2136331151
399;AUTOPEÇAS BONNACAR;-25.5319260;-49.2710161;RUA MARTE;1097;;SÍTIO CERCADO;CURITIBA;81910340;PR;ADRIANO;adriano@bonnacar.com.br;4132896994
400;BRECAUTO AUTOPEÇAS;-18.8948780;-48.2587202;AVENIDA FLORIANO PEIXOTO;3769;;BRASIL;UBERLÂNDIA;38400704;MG;MARCO TULIO;brecautopecas@hotmail.com;3432117418
401;SOGEPEL AUTOPEÇAS;-18.9153082;-48.2870737;AVENIDA VASCONCELOS COSTAS;1145;;MARTINS;UBERLÂNDIA;38400452;MG;FÁBIO;sogepel@hotmail.com;3432362200
402;CASA DO CHEVROLET;-18.8953995;-48.2608829;AVENIDA AFONSO PENA;3635;;BRASIL;UBERLÂNDIA;38400706;MG;DARI;dari@pelegrini.com.br;3432928000
403;YOSHIO AUTOPEÇAS;-23.6324235;-46.5026241;AVENIDA DAS NAÇÕES;591;;PARQUE NOVO ORATÓRIO;SANTO ANDRÉ;9260000;SP;SEIKI;nfedks.yoshioautopecas@gmail.com;1144759065
404;SANTO AUTOPEÇAS;-8.4726859;-35.7322178;RUA DOUTOR JOÃO GALINDO;225;;CENTRO;BONITO;55680000;PE;ALEXSANDRO;santoautopecas@outlook.com;8137224907
405;BRASIL PEÇAS;-23.5407639;-46.5171955;AVENIDA NAPOLEÃO;124;;VILA  NOVA SAVOIA;SÃO PAULO;3532040;SP;RODRIGUES;rodrigues@paulistanadistribuidora.com.br;1127460423
406;RAFAEL AUTOPEÇAS;-19.7504133;-45.2588184;RUA DO ROSÁRIO;1121;;SÃO JOSÉ;BOM DESPACHO;35600000;MG;RAFAEL;autopecasrafael@yahoo.com.br;3735221000
407;ABILHÃO AUTOPEÇAS;-22.9313242;-43.0668532;ESTRADA FRANCISCO DA CRUZ NUNES;35;LJ 02;LARGO DAS BARRADAS;NITERÓI;24310340;RJ;ABILIO;contato@abilhaobaterias.com.br;2135876593
408;AUTOPEÇAS FORMULA 1;-12.0933386;-45.7968495;RUA ITACARÉ;166;;FLORAIS LEA II;LUÍS EDUARDO MAGALHÃES;47850000;BA;RICARDO;fssouzame@gmail.com;7736281338
409;FUSAE AUTOPEÇAS;-23.5945506;-46.4877798;AVENIDA MATEO BEI;1319;;SÃO MATEUS;SÃO PAULO;3949010;SP;CLEITON;compras@fusaeautopecas.com.br;1121478100
410;ROTA BRASIL AUTOPEÇAS;-12.1431663;-44.9835893;AVENIDA ANTÔNIO CARLOS MAGALHÃES;1412;;CENTRO;BARREIRAS;47802147;BA;IGOR;rotabrasilautopecas@gmail.com;7736116619
411;COLUMBIA AUTOPEÇAS;-7.1840919;-48.2195981;AVENIDA CONEGO JOÃO LIMA;644;;CENTRO;ARAGUAÍNA;78823065;TO;CELIOMAR;columbia.autopecas@hotmail.com;6334213530
412;AUTOPEÇAS SALU;-17.7518970;-48.6289770;AVENIDA CEL BENTO DE GODOY;2115;;CENTRO;CALDAS NOVAS;75691718;GO;MIZAEL;salu.rangel@gmail.com;6434531926
413;YOSHIO AUTOPEÇAS;-23.6682615;-46.4251521;AVENIDA BARÃO DE MAUÁ;3989;A;JARDIM ITAPEVA;MAUÁ;9330150;SP;FELIPE;nfedmr.yoshioautopecas@gmail.com;1145422558
414;S.M. MOTO PEÇAS;-24.5009590;-47.8408542;AVENIDA HAGUEMU MATSUZAWA;387;;VILA RIBEIRÓPOLIS;REGISTRO;11900000;SP;SHIRLEY;smmotosregistro@gmail.com;1338222012
415;ANTÔNIO CAMPO GRANDE;-20.2642916;-40.4203433;RODOVIA BR 262;S/N;KM 05;CAMPO GRANDE;CARIACICA;29146341;ES;VAGUITO;aap@aap.com.br;2721236666
416;ANTÔNIO VIANA;-20.3675100;-40.4437160;RODOVIA BR 101 SUL;S/N;KM 10;AREINHA;VIANA;29136552;ES;ROMARIO;aap@aap.com.br;2721235555
417;ANTÔNIO VILA VELHA;-20.3365231;-40.3005611;AVENIDA CARLOS LINDEMBERG;225;;IBES;VILA VELHA;29108330;ES;ADELSIO;aap@aap.com.br;2721228999
418;ANTÔNIO JD LIMOEIRO;-20.2146220;-40.2678461;AVENIDA SÃO JOSE;199;LJ 17;PLANALTO DE CARAPINA;SERRA;29175578;ES;CARLITO;aap@aap.com.br;2733388854
419;ANTÔNIO SÃO MATEUS;-19.7511747;-40.3800543;RODOVIA BR 101;S/N;KM 67;BOA VISTA;SÃO MATEUS;29931200;ES;ALERSO;aap@aap.com.br;2733133333
420;NACIONAL VITÓRIA;-20.3073977;-40.3146274;AVENIDA MARECHAL CAMPOS;389;;DE LOURDES;VITÓRIA;29040091;ES;JARBAS;nacional@napl.com.br;2721220555
421;AUTOPEÇAS IRMÃOS CANI;-19.4935269;-40.6666255;RODOVIA GETHER LOPES FARIA;2975;;CARLOS GERMANO;COLATINA;29705200;ES;FLAVIO;mincani@terra.com.br;2737212488
422;AUTOPEÇAS KAIAPÓ;-22.6657672;-50.4215656;RUA HUMBERTO CAMPOS;65;;VILA XAVIER;ASSIS;19800000;SP;MARCOS;phbautopecas@gmail.com;1833243338
423;J LIMA;-22.8990754;-43.2175666;RUA SOUZA VALENTE;14;;SÃO CRISTOVÃO;RIO DE JANEIRO;20941040;RJ;JOCELMO;jlimaauto@hotmail.com;2186452642
424;ANTÔNIO AUTOPEÇAS;-20.8463269;-41.1219048;RUA BERNARDO HORTA;254;LOJA 1 E 2;GUANDU;CACHOEIRO DE ITAPEMIRIM;29300230;ES;MADEIRA;aap@aap.com.br;2821011900
425;ANTÔNIO AUTOPEÇAS;-20.8449717;-41.1318546;AVENIDA JONES DOS SANTOS NEVES;101;KM 90;MARIA ORTIZ;CACHOEIRO DE ITAPEMIRIM;29300500;ES;PIOLHO;aap@aap.com.br;2821011900
426;ANTÔNIO AUTOPEÇAS;-20.8369629;-41.1581280;RODOVIA CACHOEIRO ALEGRE;S/N;;BNH;CACHOEIRO DE ITAPEMIRIM;29313656;ES;MADEIRA;aap@aap.com.br;2821010700
427;ANTÔNIO AUTOPEÇAS;-20.8455669;-41.1295786;RUA ANTONIO VIEIRA;S/N;;MARIA ORTIZ;CACHOEIRO DE ITAPEMIRIM;29300650;ES;CÉSAR;cesar.atacado@aap.com.br;2821011900
428;ANTÔNIO AUTOPEÇAS;-20.8369629;-41.1581280;RODOVIA CACHOEIRO ALEGRE;S/N;;BNH;CACHOEIRO DE ITAPEMIRIM;29313656;ES;WILLIAN;aap@aap.com.br;2821010700
429;ANTÔNIO AUTOPEÇAS;-20.7913783;-40.8041757;RODOVIA BR 101 KM 374;S/N;;CENTRO;ICONHA;29280000;ES;ROBSON;aap@aap.com.br;2835375500
430;ANTÔNIO AUTOPEÇAS;-20.8447969;-41.1307873;AVENIDA ARISTIDES CAMPOS;12;;SANTO ANTÔNIO;CACHOEIRO DE ITAPEMIRIM;29300700;ES;WILSON;aap@aap.com.br;2821011922
431;ANTÔNIO AUTOPEÇAS;-21.0304290;-40.8175328;AVENIDA RUBENS RANGEL;S/N;;SANTA RITA I;MARATAÍZES;29345000;ES;TONINHO;aap@aap.com.br;2835321492
432;ANTÔNIO AUTOPEÇAS;-20.3261000;-41.1371047;AVENIDA EVANDI AMERICO COMARELA;1125;;CENTRO;VENDA NOVA DO IMIGRANTE;29375000;ES;MAURINHO;aap@aap.com.br;2835462750
433;ANTÔNIO AUTOPEÇAS;-20.6108007;-41.2045480;AVENIDA NOSSA SENHORA DA PENHA;814;LOTE NOSSA S. APARECIDA;CENTRO;CASTELO;29360000;ES;WILKY;aap@aap.com.br;2835426927
434;ANTÔNIO AUTOPEÇAS;-20.3109527;-40.3161232;AVENIDA VITÓRIA;1909;;NAZARETH;VITÓRIA;29041230;ES;ARIZO;aap@aap.com.br;2733236406
435;ANTÔNIO AUTOPEÇAS;-20.2518131;-40.3729187;RODOVIA GOVERNADOR MARIO COVAS BR 101 NORTE;S/N;KM 266;PLANALTO DE CARAPINA;SERRA;29175578;ES;ELTON;aap@aap.com.br;2733388854
436;ANTÔNIO AUTOPEÇAS;-20.3459570;-40.3161210;AVENIDA CARLOS LINDEMBERG;2275;;IBES;VILA VELHA;29108335;ES;FLAVIO;aap@aap.com.br;2721228999
437;RAPOSO AUTOPEÇAS II;-23.5474976;-46.8858347;ESTRADA VELHA DE ITAPEVI;4528;;JARDIM PAULISTA;BARUERI;6444000;SP;VALDIR;valdir@raposoautopecas.com;1130907032
438;COELHOS CAR;-22.8306201;-43.0025423;RUA CAPITÃO JUVENAL FIGUEIREDO;71;;COELHO;SÃO GONÇALO;24742202;RJ;CHARLES;coelhocarautopecas@gmail.com;2124883358
439;NACIONAL AUTOPEÇAS;-20.1871758;-40.2679355;RODOVIA BR 101 NORTE, KM 267;S/N;;CARAPINA;SERRA;29160900;ES;ROGÉRIO;dnapl@napl.com.br;2721211313
440;NACIONAL AUTOPEÇAS;-20.3407278;-40.3962828;RODOVIA BR 262;4836;KM 5;VILA CAPIXABA;CARIACICA;29148022;ES;LUCIANO;luciano@napl.com.br;2721235678
441;NACIONAL AUTOPEÇAS;-20.3374990;-40.2918671;RUA ANTONIO ATAIDE;901;;DIVINO ESPIRITO SANTO;VILA VELHA;29107215;ES;IDALECIO;dnapl20@napl.com.br;2721211313
442;NACIONAL AUTOPEÇAS;-20.3466174;-40.3172304;AVENIDA CARLOS LINDEMBERG;2345;LOJA 2;IBES;VILA VELHA;29108335;ES;IDALECIO;vanildo@napl.com.br;2721211380
443;MOTOCAPICHABA AUTOPEÇAS;-19.5283175;-40.6326649;PRAÇA ALMIRANTE BARROSO;52;;LACÊ;COLATINA;29703055;ES;EDUARDO;compras@motocap.com.br;2721012255
444;RV AUTOPEÇAS;-23.4983230;-46.6404330;AVENIDA IMIRIM;428;;IMIRIM;SÃO PAULO;2465000;SP;RICARDO;ricardo@rvautopecas.com.br;1142104600
445;PASOLA AUTOPEÇAS;-20.2144604;-40.2673571;AVENIDA SÃO JOSE;121;;JARDIM LIMOEIRO;SERRA;29164037;ES;ZICO;pasola@pasola.com.br;2740099300
446;SOARES AUTOPEÇAS;-9.5553195;-35.7569196;AVENIDA MENINO MARCELO;3003;;CIDADE UNIVERSITÁRIA;MACEIÓ;57060972;AL;FABIO;soaresaraujo@hotmail.com;8233342733
447;VANDO AUTOPEÇAS;-7.8701950;-34.9066770;AVENIDA BARÃO DE VERA CRUZ;504;ANEXO D;CRUZ DE REBOUÇAS;IGARASSU;53625015;PE;EVANDRO;vandoautopecas@hotmail.com;8135433005
448;MARTINS PÁDUA;-21.5399838;-42.1802674;RUA CORONEL OLIVIER;204;;CENTRO;SANTO ANTÔNIO DE PÁDUA;28470000;RJ;ADINIEL;martinpaduapecas@gmail.com;2238510074
449;SETE LAGOAS;-22.7215173;-43.5572815;RUA VEREADOR MARINHO HEMETÉRIO OLIVEIRA;560;;CENTRO;QUEIMADOS;26320010;RJ;MÁRCIO;autopecassetelagoas@hotmail.com;2126652829
450;FORTBRAZ AUTOPEÇAS;-16.6702526;-49.3130866;RUA DOS MISSIONARIOS;1312;;RODOVIÁRIO;GOIÂNIA;74430360;GO;MARCUS;fortbraz.financeiro@gmail.com;6232714566
451;MALACHIAS PEÇAS AUTOMOTIVAS;-21.9938189;-47.4267560;RUA SIQUEIRA CAMPOS;1123;;CENTRO;PIRASSUNUNGA;13630085;SP;LEVINO;malachias.dani.adm@gmail.com;1935658288
452;PAUMART PEÇAS;-22.8986650;-43.2173410;RUA ESCOBAR;75;A;SÃO CRISTOVÃO;RIO DE JANEIRO;20940190;RJ;CARLOS;paumart@gmail.com;2125895521
453;VP DISTRIBUIDORA DE PEÇAS;-15.7954562;-48.0309518;RUA 12 CHÁCARA 143;S/N;;VICENTE PIRES;BRASÍLIA;72007640;DF;RENATO;renato.redepecas@gmail.com;6135475747
454;FERRARI AUTOPEÇAS E MECANICA;-18.7090838;-40.3978516;AVENIDA SÃO MATEUS;16/32;;BEIRA RIO;NOVA VENÉCIA;29830000;ES;GUILHERME;mecanicaferrarinv@hotmail.com;2737521537
455;ECONOMICAR AUTOPEÇAS;-22.0310773;-47.8847213;RUA NICODEMO SENAPESCHI;152;;VILA IRENE;SÃO CARLOS;13570730;SP;MARCIO;economicarautopecas@terra.com.br;1633689153
456;VIX PEÇAS;-20.2890561;-40.3047998;RUA DONA MARIA ROSA;348;LJS 1 E 2;SANTA LUIZA;VITÓRIA;29045370;ES;IVAN;vixpecas@yahoo.com;2733153290
457;MROS MOTO PEÇAS;-9.7578634;-36.6521075;RUA MARECHAL DEODORO DA FONSECA;394;QUADRA 70;OURO PRETO;ARAPIRACA;57301185;AL;MIKAEL;mros_motopecas@hotmail.com;8287295335
458;MROS MOTO PEÇAS;-9.7630140;-36.6561433;RUA DOM JONAS BATINGA;464;LOTE 81;OURO PRETO;ARAPIRACA;57301130;AL;GOMES;mros_motopecas@hotmail.com;8281323358
459;VIEIRA AUTOPEÇAS;-22.8787831;-42.3822771;RODOVIA AMARAL PEIXOTO 71745;71745;KM 71;BACAXÁ;SAQUAREMA;28990000;RJ;GABRIEL;autopecasvieira@gmail.com;2226533122
460;AJAUTOPEÇAS;-22.7414425;-43.4081294;AVENIDA RETIRO DA IMPRENSA;2026;;HELIOPOLIS;BELFORD ROXO;26120252;RJ;GERALDO;autopecasajauto@gmail.com;2141258255
461;MALACHIAS PEÇAS AUTOMOTIVAS;-21.9159048;-47.6202675;RUA CORONEL ARTHUR WHITAKER;1316;;JARDIM BELEM;DESCALVADO;13690000;SP;LEVINO;malachias.dani.adm@gmail.com;1935831563
462;GLOBAUTO;-22.8858262;-43.1212347;RUA BARÃO DO AMAZONAS;212;LOJA;CENTRO;NITERÓI;24031110;RJ;GISELE;compras@globauto.com.br;2127174911
463;TITAN MOTOS;-22.7500710;-48.5717566;PRAÇA CORONEL RAPHAEL DE MOURA CAMPOS;92;;CENTRO;BOTUCATU;18600430;SP;WILLIAM;titan_motosloja2@hotmail.com;1438156880
464;ZAP AUTOPEÇAS;-20.3475400;-40.3186214;AVENIDA CARLOS LINDEMBERG;2339;;NOSSA SENHA DA PENHA;VILA VELHA;29110175;ES;LUIZ;financeiro@zapautopecas.com.br;2730648650
465;BP AUTOPEÇAS;-20.6613065;-40.5018427;RODOVIA JONES DOS SANTOS NEVES;345;;MUQUIÇABA;GUARAPARI;29215002;ES;FABIO;b.p.autopecas@veloxmail.com.br;2732611278
466;MIRACAR AUTOPEÇAS;-22.8318685;-43.0035142;RUA CAPITÃO JUVENAL FIGUEIREDO;219;;COELHO;SÃO GONÇALO;24742202;RJ;ULISSES;contato@miracarauto.com.br;2127011884
467;EDGAR AUTOPEÇAS;-20.4638806;-41.4135345;PRAÇA DIVINO ESPIRITO SANTO;46;;CENTRO;MUNIZ FREIRE;29390000;ES;CLEVINHO;eap.fabiano@hotmail.com;2835441226
468;EDGAR AUTOPEÇAS;-20.4638806;-41.4135345;RUA ALBERTO ODORICO DA SILVA;S/N;LJ 17;PIAÇU;MUNIZ FREIRE;29386000;ES;FABIANO;eap.fabiano@hotmail.com;2835445207
469;EDGAR AUTOPEÇAS;-20.7619998;-41.5211300;RODOVIA BR 482;S/N;KM 1;CENTRO;ALEGRE;29500000;ES;ACACIO;eap.acassio@gmail.com;2835521357
470;ALONSO AUTOPEÇAS;-20.4638806;-41.4135345;RUA ORLANDO BERNADINHO DE SOUZA;319;;CENTRO;MUNIZ FREIRE;29380000;ES;CLEVINHO;eap.acassio@gmail.com;2835441226
471;ZAMPERLINI AUTOPEÇAS;-20.2146444;-40.2686649;RUA JOSE DE ALENCAR;126;;PLANALTO DE CARAPINA;SERRA;29162709;ES;ROBSON;carlosrogerio@zamperliniltda.com;2721048999
472;SMPA AUTOPEÇAS;-19.9961271;-40.7442141;RODOVIA GALERANO AFONSO VENTURINI;2880;;SÃO LUIZ;SANTA MARIA DE JETIBÁ;29645000;ES;ZICO;smapsm@uol.com.br;2732632517
473;RETRO AUTOPEÇAS;-15.8039339;-48.0890362;SETOR QNH AREA ESP. 36 GALPAO B SETOR H NORTE;S/N;SETOR H NORTE;TAGUATÍNGA;BRASÍLIA;72130700;DF;MARCOS;retroautopecas@gmail.com;6193926161
474;BRAZLÂNDIA AUTOPEÇAS;-15.7081548;-47.9146971;QUADRA QUADRA 45 CONJ C LOTE 15;S/N;VILA SÃO JOSÉ;BRAZLÂNDIA;BRASÍLIA;72745003;DF;LUCIANO;lucianodorneles65@gmail.com;6130115446
475;KM AUTOPEÇAS;-22.8102404;-42.3459333;RODOVIA RJ 124;S/N;;TREVO DE SÃO VICENTE;ARARUAMA;28970000;RJ;VINICIUS;km.pecas2020@gmail.com;2226734272
476;A. A. BANGU;-22.8801111;-43.4730879;RUA DA FEIRA;666;;BANGU;RIO DE JANEIRO;21820030;RJ;MARCOS;aabangu@aabangu.com.br;2133312012
477;J F R MARCOJE AUTOPEÇAS;-22.8304930;-43.0022836;RUA CAPITÃO JUVENAL FIGUEIREDO;47;;COELHO;SÃO GONÇALO;24742202;RJ;MARCOJE;jfrmarcoje@gmail.com;2126014689
478;GARAGEM DAS VANS;-19.8723196;-43.9073008;RUA JOSÉ MOREIRA BARBOSA;290;;SÃO MARCOS;BELO HORIZONTE;31920390;MG;IGOR;garagemdasvans@gmail.com;3125204913
479;HJL DIST. DE PEÇAS;-15.8051657;-47.8903834;SETOR SOF CONJUNTO D LOJA 70;S/N;SETOR DE OFICINAS;PLANALTINA;BRASÍLIA;73340040;DF;JOAO LUCAS;vendas@hjldistribuidora.com.br;6133883853
480;ÂNCORA AUTOPEÇAS;-15.8059362;-48.0844912;SETOR SHN AREA ESPECIAL 32 LJS 01 A 04;S/N;SETOR H NORTE;TAGUATÍNGA;BRASÍLIA;72130711;DF;JAIME;compras@ancoraautopecas.com.br;6130483040
481;GRUPO S&A PEÇAS AUTOMOTIVAS;-7.9920193;-34.8422368;AVENIDA BRASIL;135;;RIO DOCE;OLINDA;54150470;PE;ESDON;vendas@gruposeapecas.com;8130142296
482;SUPER MOTOS;-23.9806380;-46.2077548;RUA RAIMUNDO MANOEL DELGADO;71;;PARQUE ENSEADA;GUARUJÁ;11443660;SP;WILSON;supermotoss@hotmail.com;1333513774
483;DR AUTOPEÇAS;-28.3885247;-53.9065403;AVENIDA CORONEL DICO;469;;CENTRO;IJUÍ;98700000;RS;CRISTIANO;compras@drautopecas.com;5533316222
484;DR AUTOPEÇAS;-28.3021062;-54.2658555;AVENIDA GETÚLIO VARGAS;1610;;CENTRO;SANTO ÂNGELO;98801544;RS;MARCIO;gerenciasantoangelo@drautopecas.com;5533130700
485;UNIDOS AUTOPEÇAS;-3.1312724;-59.9925046;RUA ADALBERTO VALE;256;;CRESPO;MANAUS;69073162;AM;JOSIAS DINIZ;comercialmpaz@gmail.com;9232377379
486;BRASIL PEÇAS;-18.9363350;-48.3106608;AVENIDA INDAIA;645;;PLANALTO;UBERLÂNDIA;38413111;MG;ARNALDO;brasilpecasdistribuidora@gmail.com;3432384545
487;MARCELO AUTOPEÇAS;-19.8847667;-44.0155407;RUA LISBOA;137;;PARQUE RECREIO;CONTAGEM;32110300;MG;MARCELO;maracahipe.alexandra@gmail.com;3137863504
488;TUPEÇAS LTDA;-22.8987887;-43.2173994;RUA ESCOBAR;67;;SÃO CRISTOVÃO;RIO DE JANEIRO;20940190;RJ;THIAGO;tupecasltda@hotmail.com;2125897258
489;PECITA PEÇAS;-22.8720875;-43.7751625;RUA DOUTOR CURVELO CAVALCANTE;26;;CENTRO;ITAGUAÍ;23810200;RJ;ERNESTO ROCHA;pecitaautopecas@gmail.com;2126883245
490;ROCHA AUTOPEÇAS;-21.7740957;-48.1589600;AVENIDA RAUL THOBIAS MONTEIRO;585;;JARDIM PAULISTANO;ARARAQUARA;14810238;SP;RODRIGO;vendas@rochaautopecas.com.br;(16) 97405-6041
491;PC AUTOPEÇAS;-19.8868477;-44.0167061;AVENIDA ABÍLIO MACHADO;4410;;RESSACA;CONTAGEM;32110010;MG;PABLO;financeiro1@1100autopecas.com.br;3135828555
492;FAÉ AUTOPEÇAS;-20.3196711;-40.3385246;AVENIDA VITORIA;1975;;JUCUTUQUARA;VITÓRIA;29040333;ES;NANCIF;fap@faepecas.com.br;2732327050
493;MOTO GAGO;-22.1266908;-51.3858339;AVENIDA MANOEL GOULART;106;;VILA NOVA;PRESIDENTE PRUDENTE;19010270;SP;EVANDRO;motogagoprudente@hotmail.com;1832215266
494;ALVORADA AUTOPEÇAS;-21.2121536;-41.8730021;RUA CORONEL JOSÉ BASTOS;733;;CASTELO BRANCO;ITAPERUNA;28300000;RJ;LINDENBERGUE;lagealeixo@hotmail.com;2238241131
495;ANTÔNIO LINHARES;-19.3745133;-40.0658970;AVENIDA SAMUEL BATISTA CRUZ;S/N;;CENTRO;LINHARES;29902530;ES;ELIAS;aap@aap.com.br;2733716102
496;HR AUTOPEÇAS;-7.2167713;-35.8905399;RUA LUIS SOARES;102;;CENTRO;CAMPINA GRANDE;58400016;PB;HERBERT;hr02importados@gmail.com;8330992954
497;UNIVERSOKAR;-3.7865805;-38.5665131;AVENIDA GODOFREDO MACIEL;1181;;MARAPONGA;FORTALEZA;60710001;CE;CARLOS OU HALLAN;universokar@hotmail.com;8530859386
498;ORIGINAL AUTOPEÇAS;-22.5667464;-43.6879485;ESTRADA RJ 127;18818;LOJA 02;BARREIRA;PARACAMBI;26600000;RJ;CRISTIAN;originalpecas@gmail.com;2126671944
499;LIBERAL AUTOPEÇAS;-7.1806859;-48.2208871;AVENIDA CONEGO JOÃO LIMA;243;;ENTRONCAMENTO;ARAGUAÍNA;78050010;TO;CRISTIANO;liberalautopecas@bol.com.br;6334214870
500;DISPPAR AUTOPEÇAS;-15.7975154;-47.8918874;QUADRA QUADRA 34 CONJUNTO C LOTE 25;S/N;SETOR DE OFICINAS;PARANOÁ;BRASÍLIA;71570340;DF;LUCIMAR;dispparpecas@gmail.com;6133692244
501;AUTOPEÇAS 2 IRMÃOS;-20.4410897;-54.6011649;AVENIDA CORONEL ANTONINO;633;;CORONEL ANTONINO;CAMPO GRANDE;79022000;MS;MATEUS;mateus2irmaos@hothmail.com;6733516393
502;AUTOPEÇAS PALMA;-10.1894132;-48.3274913;AVENIDA 104 SUL RUA SE 07;S/N;LT 21;CENTRO;PALMAS;77020016;TO;LUIZ;vendas@autopecaspalma.com.br;6332297000
503;CASTRILLON AUTOPEÇAS;-15.6514510;-55.9942640;AVENIDA AYRTON SENNA DA SILVA;733;;PASCOAL RAMOS;CUIABÁ;78098110;MT;KATIUSCI;gerencia.cba@castrillon.com.br;6533142205
504;CASTRILLON AUTOPEÇAS;-15.6274545;-58.1852293;AVENIDA SÂO PAULO;573;;CENTRO;SÃO JOSÉ DOS QUATRO MARCOS;78285000;MT;JAIRO;gerencia.qma@castrillon.com.br;6532514350
505;CASTRILLON AUTOPEÇAS;-15.6923306;-58.0860639;AVENIDA TANCREDO NEVES;3899;;CENTRO;MIRASSOL D´OESTE;78280000;MT;JESSÉ;gerencia.mdo@castrillon.com.br;6532417200
506;CASTRILLON AUTOPEÇAS;-15.2267419;-59.3251696;AVENIDA TANCREDO NEVES;1887;;JARDIM MARÍLIA;PONTES E LACERDA;78250000;MT;JEFERSON;gerencia.pl@castrillon.com.br;6532668500
507;CASTRILLON AUTOPEÇAS;-15.6460436;-56.1544017;AVENIDA JÚLIO CAMPOS;3863;;JARDIM GLÓRIA;VÁRZEA GRANDE;78140400;MT;ANTÔNIO;gerencia.vge@castrillon.com.br;6536881500
508;CASTRILLON AUTOPEÇAS;-16.4708766;-54.6524840;AVENIDA PRESIDENTE MÉDICE;3225;;CIDADE SALMEM;RONDONÓPOLIS;78705000;MT;MARCOS;gerencia.roo@castrillon.com.br;6534391500
509;CASTRILLON AUTOPEÇAS;-11.8800224;-55.5007624;AVENIDA COLONIZADOR ENIO PEPINO;967;;SETOR INDUSTRIAL;SINÓP;78557477;MT;AUGUSTO;gerencia.snp@castrillon.com.br;6535115500
510;CASTRILLON AUTOPEÇAS;-12.6601651;-55.7907483;RODOVIA BER 163, KM 740;9497;;SETOR INDUSTRIAL;SORRISO;78890000;MT;EVELIN;gerencia.sor@castrillon.com.br;6639078900
511;CASTRILLON AUTOPEÇAS;-9.9492882;-54.9135688;RUA DAS PALMEIRAS;325;;JARDIM GUARANORTE;GUARANTÃ DO NORTE;78520000;MT;ANTÔNIO;gerencia.gua@castrillon.com.br;6635525200
512;CASTRILLON AUTOPEÇAS;-14.6308753;-57.5061806;AVENIDA LIONS INTERNACIONAL;380W;;CHACARÁ 109;TANGARÁ DA SERRA;78300000;MT;RAUL;gerencia.tga@castrillon.com.br;6633112600
513;CASTRILLON AUTOPEÇAS;-15.5674998;-54.3046921;RUA DO COMÉRCIO;1535;;PARQUE CASTELÂNDIA;PRIMAVERA DO LESTE;78850000;MT;GLEITON;gerencia.pva@castrillon.com.br;6635004000
514;CASTRILLON AUTOPEÇAS;-15.8862582;-52.2700622;AVENIDA MINISTRO JOÃO ALBERTO;1707;;TRÊVO;BARRA DO GARÇAS;78600000;MT;LEANDRO;gerencia.bg@castrilon.com.br;6634020500
515;CASTRILLON AUTOPEÇAS;-13.6505683;-57.8945337;AVENIDA ROTARY INTERNACIONAL;200;;ALVORADA;CAMPO NOVO DO PARECIS;78360000;MT;LINCON;gerencia.cnp@castrillon.com.br;6533825850
516;CASTRILLON AUTOPEÇAS;-15.6364686;-56.0447658;AVENIDA FERNADO CORRÊA DA COSTA;5980;;VISTA ALEGRE;CUIABÁ;78085700;MT;ALBERTO;gerencia.cba@castrillon.com.br;6533142200
517;CASTRILLON AUTOPEÇAS;-15.5484102;-55.1629875;AVENIDA SENADOR ATILIO SANTANA;510;;JUCIARA;CAMPO VERDE;78840000;MT;AROLDO;gerencia.cve@castrillon.com.br;6634195500
518;CASTRILLON AUTOPEÇAS;-13.8123913;-56.0743369;RUA PERIMETRAL DAS SAMAMBAIAS;1075N;;RESERVA TÉCNICA;NOVA MUTUM;78450000;MT;ROBERTO;gerencia.nmt@castrillon.com.br;6633087100
519;CASTRILLON AUTOPEÇAS;-15.6514510;-55.9942640;AVENIDA AYRTON SENNA DA SILVA;733;;PASCOAL RAMOS;CUIABÁ;78098000;MT;KATIUSCI;gerencia.cdf@castrillon.com.br;6536130400
520;CASTRILLON AUTOPEÇAS;-15.6198231;-56.0874341;AVENIDA CARMINDO DE CAMPOS;2142;;JARDIM PETRÓPOLIS;CUIABÁ;78070100;MT;GIOVANI;gerencia.car@castrillon.com.br;6536164000
521;CASTRILLON AUTOPEÇAS;-15.5623469;-56.0452558;RUA PROFESSOR ALICE FREIRE S. PEREIRA;1010;;CPA III;CUIABÁ;78058510;MT;WANDERSSON;gerencia.cpa@castrillon.com.br;6533180400
522;CASTRILLON AUTOPEÇAS;-16.0828152;-57.6979530;AVENIDA SÃO LUIZ;873;;JARDIM SÃO LUIZ;CÁCERES;78200000;MT;ANDRÉ;gerencia.cac@castrillon.com.br;6532112250
523;CASTRILLON AUTOPEÇAS;-11.2621266;-57.5116681;AVENIDA AYTON SENNA;180;;CENTRO;JUARA;78575000;MT;ARNALDO;gerencia.jua@castrillon.com.br;6635566100
524;CASTRILLON AUTOPEÇAS;-15.6212561;-56.1193853;AVENIDA MIGUEL SÚTIL;S/N;;PORTO;CUIABÁ;78025700;MT;LINCON;gerencia.rei@castrillon.com;6533880250
525;CASTRILLON AUTOPEÇAS;-13.9398971;-52.4465474;AVENIDA INDUSTRIAL;458;;INDUSTRIAL 1;ÁGUA BOA;78635000;MT;RONAN;gerente.aba@castrillon.com.br;6634686700
526;CASTRILLON AUTOPEÇAS;-10.6569293;-51.5703740;AVENIDA BRASIL;S/N;QUADRA 38 LOTE 01;JARDIM DO EDEN;CONFRESA;78652000;MT;FELEX;gerencia.con@castrillon.com.br;6635643398
527;CASTRILLON AUTOPEÇAS;-11.4239036;-58.7550187;AVENIDA JK;2170N;;SETOR DE SERVIÇOS;JUÍNA;78320000;MT;ALEXANDRE;gerencia.jna@castrillon.com.br;6635240300
528;CASTRILLON AUTOPEÇAS;-10.8083533;-55.4449626;RODOVIA MT 320;1093;SETOR LESTE, LT 716B;PERÍMETRO URBANO;COLÍDER;78500000;MT;SÉRGIO;gerencia.col@castrillon.com.br;6635415400
529;CASTRILLON AUTOPEÇAS;-13.5389612;-58.8040890;AVENIDA ENGENHEIRO JOSÉ DA SILVA;20;;ÁGUA CLARA;SAPEZAL;78365000;MT;LEANDRO;gerencia.sap@castrillon.com.br;6533833388
530;KAMPEÃO AUTOPEÇAS;-15.7087030;-47.9143752;SETOR SOF NORTE QD 05 CJ A LJ 36;S/N;SETOR SOF NORTE;ASA NORTE;BRASÍLIA;70632500;DF;HIAGO;hiago.ferreira@kampeao.com.br;6134038900
531;KARPEÇAS AUTOPEÇAS;-15.7727749;-47.8907279;AVENIDA SHCGN 705 BL.D LJ.41;S/N;W3 NORTE;ASA NORTE;BRASÍLIA;70730548;DF;DANIEL;daniel.oliveira@kampeão.com.br;6133489300
532;ROMERO AUTOPEÇAS;-22.6087098;-43.1778676;RUA GUARANY;108;;PIABETA;MAGÉ;25931782;RJ;UANDERSON;romeroautopecas@gmail.com;2126595158
533;RIO PRETO MOTO PEÇAS;-20.7917145;-49.3603374;AVENIDA NOSSA SENHORA DA PAZ;1012;;JARDIM ALTO ALEGRE;SÃO JOSÉ DO RIO PRETO;15055500;SP;LUCAS;furlanzago@hotmail.com;1732249703
534;MOTO MARIO;-22.6485794;-50.4321490;AVENIDA DOM ANTONIO;1395;;VILA TÊNIS CLUBE;ASSIS;19806173;SP;ALINE;contatofilial3@gmail.com;1833212701
535;LIONS AUTOPEÇAS;-23.6637414;-46.5628423;AVENIDA SENADOR VERGUEIRO;3706;;RUDGE RAMOS;SÃO BERNARDO DO CAMPO;9600004;SP;VALDIR;lionspecas@ig.com.br;1143686604
536;AUTO GIRO;-22.5481879;-42.9845293;RODOVIA RIO FRIBURGO;294;;PARADA MODELO;GUAPIMIRIM;25940050;RJ;GILSON;autogiro@gmail.com;2126324238
537;ZAFRA COMERCIO DE AUTOPEÇAS;-23.5893269;-46.5829442;RUA IBITIRAMA;935;;VILA PRUDENTE;SÃO PAULO;3134001;SP;ALEX;compras1@zafraautopecas.com.br;1123420268
538;GLOBAUTO AUTOPEÇAS;-22.8301722;-43.0032495;RUA RUA CAPITÃO JUVENAL FIGUEIREDO;130;;JARDIM ALCANTARA;SÃO GONÇALO;24740081;RJ;GISELE;gisele@globautopecas.com.br;2134780100
539;C P LOJA DO PEDRO;-22.8812290;-43.1102034;AVENIDA FELICIANO SODRE;642;;FONSECA;NITERÓI;24030011;RJ;FABIANO;lojadopedro@click.com.br;2126526759
540;RPF AUTOPEÇAS;-20.0403629;-40.3926611;RODOVIA BR 101;S/N;KM 8,5;JARDIM LIMOEIRO;SERRA;29164270;ES;SELCIMAR;comprasrpf@hotmail.com;2733281648
541;MEGA AUTOPEÇAS;-22.8403053;-43.0140043;RUA CAPITAO JUVENAL FIGUEIREDO;58;LJ 02;COELHO;SÃO GONÇALO;24744560;RJ;DAVID;genericarrj@gmail.com;2137107347
542;ELIPEÇAS;-3.7312310;-38.5371665;RUA PRINCESA ISABEL;1184;;CENTRO;FORTALEZA;60015060;CE;LINCON;elipecas.ce@hotmail.com;8532524861
543;TEO PEÇAS E SERVIÇOS;-7.7624169;-34.8301832;AVENIDA JOÃO PESSOA GUERRA;1812;;RIO ÂMBAR;ILHA DE ITAMARACÁ;53900000;PE;TEO;teo.autopecasitamaraca@hotmail.com;8197710063
544;SARTORI AUTOPEÇAS;-20.3417180;-40.3942392;AVENIDA JERUSALEM;24;;CAMPO GRANDE;CARIACICA;29146390;ES;VIVALDO;sartoriautopecas@terra.com.br;2733437725
545;FURONTO DISTRIBUIDORA DE PEÇAS;-19.9016525;-43.9361613;RUA GUANABARA;323;;CONCÓRDIA;BELO HORIZONTE;31110650;MG;MAURICIO;mauricio@sakurabh.com.br;3136586532
546;AUTOPEÇAS REAL;-9.7473353;-36.6323530;RODOVIA AL 110;2305;;CANAFISTULA;ARAPIRACA;57302045;AL;CLAUDIA;autopreal@autopreal.com.br;8235222020
547;NASA AUTOPEÇAS;-18.6412938;-48.1844819;RUA ADALARDO CUNHA;792;;ROSARIO;ARAGUARI;38440032;MG;THIAGO;nasaautopecas@yahoo.com.br;3432421005
548;DURO AUTOPEÇAS;-22.8991120;-43.2169250;RUA ESCOBAR;49;;SÃO CRISTOVÃO;RIO DE JANEIRO;20940190;RJ;ALESSANDRA;financeiro@duroautopecas.com.br;2125896131
549;AGA DIESEL;-22.8985352;-43.2175182;RUA ESCOBAR;81;;SÃO CRISTOVÃO;RIO DE JANEIRO;20940190;RJ;JULIO;aga.sales@hotmail.com;2125895778
550;TAVARES AUTOPEÇAS;-19.9526057;-43.9820912;RUA ÚRSULA PAULINO;355;;BETÂNIA;BELO HORIZONTE;30580000;MG;ALEX;alexromualdo@yahoo.com.br;3133743544
551;PRPK AUTOPEÇAS;-23.6222668;-46.6201058;AVENIDA CURSINO;2341;;JARDIM SAÚDE;SÃO PAULO;4133200;SP;PAULO;prpk@prpk.com.br;1150734744
552;PRPK AUTOPEÇAS;-23.6911500;-46.5883667;AVENIDA PIRAPORINHA;1555;;VILA NOGUEIRA;DIADEMA;9950000;SP;CAÍQUE;gerha@gerha.com.br;1140667393
553;MATROCAR AUTOPEÇAS;-23.4730747;-46.5335411;AVENIDA GUARULHOS;579;;VILA VICENTINA;GUARULHOS;7023000;SP;AGNALDO;matrocar@matrocar.com.br;1124756955
554;TOYO AUTOPEÇAS;-23.5334065;-46.4780166;AVENIDA ESPERANTINA;937;;PARQUE DAS PAINEIRAS;SÃO PAULO;3692000;SP;MAYCON;toyoautopecas@hotmail.com;1122803883
555;FGF AUTO MECANICA E PEÇAS;-21.5887034;-48.8121202;AVENIDA JOSE FORTUNA;897;;CENTRO;ITÁPOLIS;14900000;SP;FARNCISCO;fgfautomecanica@hotmail.com;1632621545
556;IGUATEMI AUTOPEÇAS;-23.0996667;-48.9208289;RUA RIO GRANDE DO SUL;1939;;CENTRO;AVARÉ;18701190;SP;DANIEL;apiguatemi@ig.com.br;1437322525
557;AUTO Z AUTOPEÇAS;-23.6678990;-46.5070427;AVENIDA QUEIRÓS FILHO;434;;PARQUE INDUSTRIÁRIO;SANTO ANDRÉ;9121587;SP;NÉLIO;nelio.baptista@redeautoz.com.br;1139272000
558;JAÇACAR AUTOPEÇAS;-23.4667607;-46.5860562;RUA BENJAMIM PEREIRA;829;;VILA NELSON;SÃO PAULO;2274001;SP;JOSÉ ANTONIO;jantonio@jacacar.com.br;1122498700
559;JF COMÉRCIO DE PEÇAS;-20.2977707;-49.7328307;RUA SÃO JOÃO;661;;CENTRO;AMÉRICO DE CAMPOS;15550000;SP;JÚNIOR;jfautopecas1979@hotmail.com;1734451150
560;KAVEM AUTOPEÇAS;-23.4816037;-47.4700241;RUA DUQUE ESTRADA;239;;VILA GOMES;SOROCABA;18075090;SP;OSMAR;osmar@kavem.com.br;1532191900
561;ROSAS DE OURO AUTOPEÇAS;-23.4675361;-46.6776598;AVENIDA DEPUTADO CANTIDIO SAMPAIO;1122;;VILA SOUZA;SÃO PAULO;2860001;SP;DEUZIMAR;rosasdeouroautopecas@gmail.com;1138516620
562;DISPEMEC AUTOPEÇAS;-23.1976111;-45.8874795;RUA PARAIBUNA;640;;JARDIM SÃO DIMAS;SÃO JOSÉ DOS CAMPOS;12245021;SP;ANSELMO;vendas@dispemec.com.br;1221395822
563;DISPEMEC AUTOPEÇAS;-23.1804227;-45.8500536;AVENIDA PRESIDENTE JUSCELINO KUBITSHECK;8148;;VILA INDUSTRIAL;SÃO JOSÉ DOS CAMPOS;12220000;SP;JOSÉ;vendas@dispemec.com.br;1221395833
564;DISPEMEC AUTOPEÇAS;-23.2969584;-45.9592785;AVENIDA SIQUEIRA CAMPOS;605;;JARDIM ESPER;JACAREÍ;12307000;SP;SUELI;vendas@dispemec.com.br;1221395844
565;SUPLAUTO AUTOPEÇAS;-23.0309396;-45.5579788;RUA DOUTOR JORGE WINTHER;524;;CENTRO;TAUBATÉ;12010150;SP;LÚCIO;suplauto@bol.com.br;1221257800
566;CARRERA MOTOS;-23.5381135;-46.6422975;RUA GENERAL OSÓRIO;453;;SANTA EFIGÊNIA;SÃO PAULO;1213010;SP;WILSON;carreramotos@bol.com.br;1133372053
567;CARRERA MOTOS;-23.5381189;-46.6422168;RUA GENERAL OSÓRIO;421;;SANTA EFIGÊNIA;SÃO PAULO;1212003;SP;WILSON;carreramotos@bol.com.br;1132211774
568;PALMARES AUTOPEÇAS;-23.6527350;-46.5625482;RUA AFONSINA;214;;VILA PALMARES;SANTO ANDRÉ;9061000;SP;RENATO;autopecaspalmares@gmail.com;1144215666
569;AUTOPEÇAS VIGETTI;-21.3165629;-49.0551411;RUA MARECHAL DEODORO;495;;CENTRO;ITAJOBI;15840000;SP;MATEUS;autopecasvigetti@gmail.com;1735461089
570;DEDEIA AUTOPEÇAS;-23.4842726;-46.6421036;RUA CONSELHEIRO MOREIRA DE BARROS;2369;;LAUZANE PAULISTA;SÃO PAULO;2430001;SP;MARCIO;compra.dedeia@gmail.com;1122369274
571;TEKPEÇAS AUTOPEÇAS;-23.7155285;-46.5514645;AVENIDA BRIGADEIRO FARIA LIMA;1941;;CENTRO;SÃO BERNARDO DO CAMPO;9720010;SP;MARCIA;compras@tekpecas.com.br;1143358787
572;PARANÁ AUTOPEÇAS;-22.3138959;-49.0710953;RUA ARAÚJO LEITE;315;;CENTRO;BAURU;17010160;SP;SANDRO;paranapecasleal@uol.com.br;1421097544
573;AGAPITO AUTOPEÇAS;-23.9917344;-48.3298449;RUA CAPITÃO CALIXTO;169;;JARDIM LARANJEIRAS;CAPÃO BONITO;18300900;SP;EDSON;agapitocobrancacb@outlook.com;1535421033
574;AUTOPEÇAS CASTELO BRANCO;-23.7239996;-46.5798390;AVENIDA HUMBERTO DE ALENCAR CASTELO BRANCO;3954;;ASSUNÇÃO;SÃO BERNARDO DO CAMPO;9850000;SP;ANTÔNIO  / LEONARDO;autopecascastelobranco@hotmail.com.br;1143529878
575;GUTOS CAR AUTOPEÇAS;-23.5167197;-46.8425492;AVENIDA DEPUTADO EMÍLIO CARLOS;643;;VILA CALDAS;CARAPICUÍBA;6310160;SP;AUGUSTO;augusto_lessa@uol.com.br;1141816624
576;YOKOTA AUTOPEÇAS;-23.5947222;-46.4877778;AVENIDA MATEO BEI;1329;;SÃO MATEUS;SÃO PAULO;3949011;SP;EDELCIO;vendas@yokotaautopecas.com.br;1121982500
577;YOKOTA AUTOPEÇAS;-23.6707110;-46.5134422;AVENIDA DOM PEDRO I;701;;VILA AMÉRICA;SANTO ANDRÉ;9110001;SP;ELIANE;vendas@yokotaautopecas.com.br;1128962700
578;SBS MOTOS;-21.1723488;-47.8096608;RUA MARIANA JUNQUEIRA;291;;CENTRO;RIBEIRÃO PRETO;14015010;SP;SANDRA;vendasweb@sbsmotos.com.br;1639772777
579;SBS MOTOS;-21.2045271;-47.8209733;AVENIDA INDEPENDÊNCIA;3550;;RESIDENCIAL FLÓRIDA;RIBEIRÃO PRETO;14020160;SP;SANDRA;vendasweb@sbsmotos.com.br;1639772777
580;SBS MOTOS;-21.1371317;-47.7606677;ESTRADA ANTÔNIA MUGNATTO MARINCEK;1250;;JARDIM AEROPORTO;RIBEIRÃO PRETO;14078405;SP;SANDRA;vendasweb@sbsmotos.com.br;1639772777
581;SBS MOTOS;-21.1708060;-47.7886730;RUA JOÃO BIM;1285;;JARDIM PAULISTANO;RIBEIRÃO PRETO;14090340;SP;SANDRA;vendasweb@sbsmotos.com.br;1639772777
582;SBS MOTOS;-21.1401066;-47.8342269;AVENIDA LUIZ GALVÃO CEZAR;563;;PLANALTO VERDE;RIBEIRÃO PRETO;14056000;SP;SANDRA;vendasweb@sbsmotos.com.br;1639772777
583;SBS MOTOS;-21.1278332;-47.8109175;RUA JAVARI;4400;;IPIRANGA;RIBEIRÃO PRETO;14060640;SP;SANDRA;vendasweb@sbsmotos.com.br;1639772777
584;SBS MOTOS;-21.1934715;-47.7407281;AVENIDA HENRI NESTLÉ;1685;;JARDIM DAS PALMEIRAS;RIBEIRÃO PRETO;14094000;SP;SANDRA;vendasweb@sbsmotos.com.br;1639772777
585;MOTO MARIO;-22.1222009;-51.3823998;AVENIDA BRASIL;831;;CENTRO;PRESIDENTE PRUDENTE;19010031;SP;JORGE;contato@motomario.com.br;1833116000
586;TONINHO AUTOPEÇAS;-22.1468444;-51.3978704;AVENIDA JOAQUIM CONSTANTINO;867;;VILA FORMOSA;PRESIDENTE PRUDENTE;19050220;SP;MARCO;marcoaurelio_cortez@hotmail.com;1821015977
587;DIAPEL AUTOPEÇAS;-23.6096065;-46.5740342;RUA PERNAMBUCO;316;;CENTRO;SÃO CAETANO DO SUL;9521140;SP;EDSON;diapelpecas@gmail.com;1142284067
588;JOSECAR AUTOPEÇAS;-23.4982726;-46.6980082;AVENIDA ITABERABA;341;;FREGUESIA DO Ó;SÃO PAULO;2734000;SP;ROSÂNGELA;rbrito@josecar.com.br;1139332299
589;JOSECAR AUTOPEÇAS;-23.2058361;-46.8861276;RUA BOM JESUS DE PIRAPORA;1500;;JARDIM PETRÓPOLIS;JUNDIAÍ;13207060;SP;CÁSSIO;cassio.rezende@josecar.com.br;1145882000
590;JOSECAR AUTOPEÇAS;-23.5548230;-46.5757638;AVENIDA VEREADOR ABEL FERREIRA;55;;VILA REGENTE FEIJÓ;SÃO PAULO;3340010;SP;REGINALDO;vendastatuape@josecar.com.br;1120952299
591;JOSECAR AUTOPEÇAS;-23.5419940;-46.8005907;AVENIDA GENERAL PEDRO PINHO;1249;;PESTANA;OSASCO;6122160;SP;JOSÉ LUIS;jraimundo@josecar.com.br;1136532299
592;JOSECAR AUTOPEÇAS;-23.5234151;-46.7090395;RUA DOM JOAO V;465;;LAPA;SÃO PAULO;5075060;SP;EDGAR;edgar.aquino@josecar.com.br;1136492299
593;JOSECAR AUTOPEÇAS;-23.4807320;-46.6220603;AVENIDA ÁGUA FRIA;901;;ÁGUA FRIA;SÃO PAULO;2333001;SP;JAIRO;gerenteaguafria@josecar.com.br;1152255225
594;JOSECAR AUTOPEÇAS;-23.1242896;-46.5647964;AVENIDA DONA GERTRUDES;963;;ALVINÓPOLIS;ATIBAIA;12942540;SP;ELIAS;vendas.atibaia@josecar.com.br;1152255225
595;JOSECAR AUTOPEÇAS;-23.1555499;-47.0515637;AVENIDA EDUARDO ANIBAL LOURENÇO;64;;PARQUE DAS VINHAS;ITUPEVA;13295000;SP;MATHEUS;vendasitupeva@josecar.com.br;1129612800
596;SUPER M AUTOPEÇAS;-22.1305638;-51.3869243;AVENIDA BRASIL;1845;;VILA SÃO JORGE;PRESIDENTE PRUDENTE;19013000;SP;LUIS;supermmescoloti@hotmail.com;1832220818
597;AUTOPEÇAS TUNICAR;-20.5405150;-47.4078180;AVENIDA DOUTOR ANTÔNIO BARBOZA FILHO;1426;;CENTRO;FRANCA;14400005;SP;TUNICO;compras@tunicar.com.br;1621032700
598;VICENTÃO AUTOPEÇAS;-23.9522621;-46.3786163;AVENIDA CAPITÃO LUIS HORNEAUX DE MOURA;438;;JARDIM PARAÍSO;SÃO VICENTE;11370500;SP;JANAINA;janaina@vicentao.com.br;1335634108
599;VIMAP AUTOPEÇAS;-23.4881946;-46.7304034;AVENIDA MUTINGA;356;;JARDIM LIBANO;SÃO PAULO;5154000;SP;JOSÉ LUIS;vimap.dist@gmail.com;1139094000
600;DARIO AUTOPEÇAS;-22.3518208;-48.7767984;AVENIDA TIRADENTES;344;;CENTRO;PEDERNEIRAS;17280000;SP;MARCELO;compras@dariopecas.com.br;1432841566
601;DARIO AUTOPEÇAS;-22.3196185;-49.0636786;RUA PRIMEIRO DE AGOSTO;1566;;VILA CARDIA;BAURU;17013010;SP;CARLOS;dariopecas@uol.com.br;1432125577
602;O BARATEIRO;-22.7450757;-50.3879599;RUA CORONEL VALENCIO CARNEIRO;35;;CENTRO;CÂNDIDO MOTA;19880000;SP;ALTAIR;obarateirocm@hotmail.com;1833411060
603;JR AUTOPEÇAS;-20.5255595;-47.3659133;AVENIDA BRASIL;2216;;VILA APARECIDA;FRANCA;14401234;SP;EDNALDO;pico@jrautolatas.com.br;1637127000
604;SERGINHO MOTOPEÇAS;-23.0282960;-45.5541955;PRAÇA DOUTOR EUZÉBIO CÂMARA LEAL;66;;CENTRO;TAUBATÉ;12010210;SP;JÚLIO;atendimento@serginhomotos.com.br;1236327800
605;GISELA AUTOPEÇAS;-23.6264660;-46.5022890;RUA ORATÓRIO;3902;;PARQUE NOVO ORATÓRIO;SANTO ANDRÉ;9260510;SP;LUIZ;luiz.galhardo@giselaautopecas.com.br;1144720788
606;SANTIAUTOPEÇAS;-22.1305638;-51.3869243;AVENIDA BRASIL;1995;;VILA SÃO JORGE;PRESIDENTE PRUDENTE;19013000;SP;CLÁUDIO;santiauto@stetnet.com.br;1832226229
607;AUTOPEÇAS CAUCAIA;-23.6869333;-47.0219373;AVENIDA INOCÊNCIO PIRES DE OLIVEIRA;134;A;CAUCAIA DO ALTO;COTIA;6725105;SP;VICTOR;apcaucaia@terra.com.br;1146110480
608;ENVIA PEÇAS;-23.7678267;-53.3012031;AVENIDA PRESIDENTE CASTELO BRANCO;5228;;ZONA 1;UMUARAMA;87501170;PR;RENATO;gerente.umuarama@fortlubbrasil.com.br;4433616700
609;SCALLA AUTOPEÇAS;-23.6731670;-46.4512189;RUA ALONSO VASCONCELOS PACHECO;821;;VILA BOCAINA;MAUÁ;9310695;SP;FELIPE;felipelourencetti@hotmail.com;1145142527
610;AUTOPEÇAS DE PAULI LTDA;-21.4607000;-47.0031581;AVENIDA TIRADENTES;214;;SANTA CECÍLIA;MOCOCA;13733400;SP;JOÃO;autopwcasdepauli@hotmail.com;1936564052
611;UTIPEÇAS AUTOPEÇAS;-23.6295920;-46.5320162;AVENIDA UTINGA;220;;UTINGA;SANTO ANDRÉ;9220610;SP;JAIRO;jairoyoshida@hotmail.com;1149971155
612;MÔNACO PEÇAS;-22.2738022;-51.4945801;RUA TIRADENTES;474;;CENTRO;PIRAPOZINHO;19200000;SP;NILDE;monacopecas@hotmail.com;1832691689
613;MEDICE AUTOPEÇAS;-23.7262724;-46.5619023;AVENIDA CAPITÃO CASA;914;;DOS CASAS;SÃO BERNARDO DO CAMPO;9812000;SP;LUCIANO;autopecasmedice@hotmail.com;1143155518
614;MULTI PEÇAS ASSEF;-22.2771260;-51.5011271;RUA RUI BARBOSA;1238;;CENTRO;PIRAPOZINHO;19200000;SP;VINICIUS;multicotacao@icenet.com.br;1832691677
615;AUTOPEÇAS IDEAL;-23.9690466;-46.3125634;AVENIDA PEDRO LESSA;2247;;APARECIDA;SANTOS;11025003;SP;DIEGO;contato@autopecasideal.com.br;1332314129
616;AUTOPEÇAS CHEVRON;-20.7917145;-49.3603374;AVENIDA NOSSA SENHORA DA PAZ;1012;;JARDIM ALTO ALEGRE;SÃO JOSÉ DO RIO PRETO;15055500;SP;WILLIAN;autochevron@hotmail.com;1732249703
617;SERMI AUTOPEÇAS;-21.3372338;-47.7262199;RUA HILÁRIO PESSARELO;97;;SUMARÉ;CRAVINHOS;14140000;SP;ERIC;comprasermi@yahoo.com.br;1639519191
618;SERMI AUTOPEÇAS;-21.7092577;-47.2710210;RUA CAMPOS SALES;360;;CENTRO;TAMBAÚ;13710000;SP;ERIC;comprasermi@yahoo.com.br;1936734602
619;SERMI AUTOPEÇAS;-21.8260648;-47.2481327;RUA LUÍS BIGNELI;58;;JARDIM PRIMAVERA;SANTA CRUZ DAS PALMEIRAS;14270000;SP;ERIC;comprasermi@yahoo.com.br;1639541658
620;SERMI AUTOPEÇAS;-21.7448175;-48.1585936;RUA MAURÍCIO GALLI;3385;;JARDIM IMPERADOR;ARARAQUARA;14806245;SP;ERIC;comprasermi@yahoo.com.br;1633571771
621;SERMI AUTOPEÇAS;-21.3367264;-47.7268125;RUA XV DE NOVEMBRO;1068;;CENTRO;CRAVINHOS;14140000;SP;ERIC;comprasermi@yahoo.com.br;1639519192
622;LUIZ AUTOPEÇAS;-22.2114329;-49.6580879;RUA JOSE AUGUSTO ESCOBAR;49;;CENTRO;GARÇA;17400000;SP;TONY;laptozato@hotmail.com;1434710922
623;53 AUTOPEÇAS;-23.7199787;-46.5476565;RUA JOSÉ BONIFÁCIO;662;;CENTRO;SÃO BERNARDO DO CAMPO;9721161;SP;RUBENS;vendas@freios53.com.br;1141281780
624;CARBWEL AUTOPEÇAS;-23.4824430;-46.6735354;AVENIDA DEPUTADO EMÍLIO CARLOS;2847;;LIMÃO;SÃO PAULO;2721200;SP;CARLOS;carbwel@carbwel.com.br;1122569500
625;MALACHIAS PEÇAS AUTOMOTIVAS;-21.9939252;-47.4266351;RUA SIQUEIRA CAMPOS;1133;;CENTRO;PIRASSUNUNGA;13630085;SP;LEVINO;malachias.dani.adm@gmail.com;1935658288
626;AGAPITO AUTOPEÇAS;-23.5870835;-48.0536775;RUA PRUDENTE DE MORAES;415;;CENTRO;ITAPETININGA;18200040;SP;ALEX;alexagapito@agapito.com.br;1532710757
627;SWAT AUTOPEÇAS;-22.1353146;-51.3893835;AVENIDA BRASIL;2297;;VILA INDUSTRIAL;PRESIDENTE PRUDENTE;19013001;SP;ALESSANDRO;swatpecas@hotmail.com;1832222470
628;AUTOPEÇAS VENTURINI;-20.4085412;-49.9771767;AVENIDA BRASIL;4882;;JARDIM SÃO JUDAS TADEU;VOTUPORANGA;15500051;SP;EDGARD;venturinicaixa@hotmail.com;1734267580
629;RATEIRO AUTOPEÇAS;-23.4927926;-46.7002435;AVENIDA MINISTRO PETRONIO POERTELA;766;;FREGUESIA DO Ó;SÃO PAULO;2959000;SP;PAULO;silvio@rateiro.com.br;1139765407
630;AGAESSE AUTOPEÇAS;-23.0319405;-45.5583380;RUA HUMAITÁ;90;;CENTRO;TAUBATÉ;12010750;SP;FABIO;zimbocompras@uol.com.br;1236253322
631;EDSIVER AUTOPEÇAS;-23.7185700;-46.5484535;RUA GENERAL OSÓRIO;255;;CENTRO;SÃO BERNARDO DO CAMPO;9715380;SP;ROGÉRIO;edsiverpecas@gmail.com;1143351022
632;GIAN AUTOPEÇAS;-23.5127918;-46.6589727;RUA DOUTOR CÉSAR CASTIGLIONI JUNIOR;46;;CASA VERDE;SÃO PAULO;2515000;SP;MILTON;marcelo@autogian.com.br;1137972100
633;AUTOPEÇAS SAKUMA;-24.4960202;-47.8423671;RUA SINFRÔNIO COSTA;779;;CENTRO;REGISTRO;11900000;SP;JOSÉ;autosakuma@hotmail.com;1338213385
634;SAÍDA MOTOPEÇAS;-23.4930109;-47.4349081;AVENIDA SÃO PAULO;1940;;ALEM PONTE;SOROCABA;18013004;SP;MENDONÇA;saidamotos@gmail.com;1532273804
635;AUTO K PEÇAS;-21.4871768;-51.5391416;AVENIDA PRESIDENTE ROOSEVELT;1168;;CENTRO;DRACENA;17900000;SP;PEDRO;autokpecas@yahoo.com.br;1838212535
636;SCALA AUTOPEÇAS;-21.4918533;-51.5328327;RUA MARECHAL RONDON;201;;CENTRO;DRACENA;19700000;SP;MIGUEL;scalaautopecas@hotmail.com;1838214299
637;PINGO D' OURO AUTOPEÇAS;-23.4324668;-46.5099680;RUA SATURNO;179;;JARDIM SANTA MARIA;GUARULHOS;7133430;SP;EDNALDO;vendas@autopecaspingodouro.com.br;1124022916
638;NR AUTOPEÇAS;-23.5909547;-46.5999560;RUA MANIFESTO;1993;;IPIRANGA;SÃO PAULO;4209002;SP;ARMANDO;nrautopecas@yahoo.com.br;1129142269
639;VIPEÇAS AUTOPEÇAS;-23.6790575;-46.5097159;AVENIDA DOM PEDRO I;1705;;VILA PIRES;SANTO ANDRÉ;9130015;SP;RICARDO;vipecasvilapires@hotmail.com;1144522555
640;PAKATO MOTOPEÇAS;-23.6269118;-46.5354074;AVENIDA UTINGA;654;;VILA METALÚRGICA;SANTO ANDRÉ;9220610;SP;APARECIDO;pakato@pakato.com.br;1149971388
641;GLOBO MOTO PEÇAS;-22.3214151;-49.0692835;RUA ARAUJO LEITE;1150;;CENTRO;BAURU;17010160;SP;ERIKA;globomotospeleja@uol.com.br;1432226789
642;BARATÃO MOTOPEÇAS;-23.6839139;-46.5400365;RUA CAIUBÍ;330;;JARDIM PILAR;SANTO ANDRÉ;9185610;SP;REGINALDO;baratao330@gmail.com;1143164844
643;OPÇÃO AUTOPEÇAS;-23.0308704;-45.5547731;AVENIDA DESEMBARGADOR PAULO DE OLIVEIRA COSTA;720;;CENTRO;TAUBATÉ;12010230;SP;PAULO;vendas@autopecasopcao.com.br;1236326259
644;ROCHA AUTOPEÇAS;-22.8848336;-47.0634704;RUA DOUTOR MELCHERT;267;;VILA NOVA;CAMPINAS;13075100;SP;ROBSON;rochalj01@rochaautopecas.com.br;1921042700
645;ROCHA AUTOPEÇAS;-23.0863582;-47.2086179;RUA HUMAITÁ;1337;;VILA VITÓRIA II;INDAIATUBA;13339140;SP;SERGIO;rochalj02@rochaautopecas.com.br;1938755544
646;ATLANTA AUTOPEÇAS;-23.5178263;-46.4791732;ESTRADA DE MOGI DAS CRUZES;2210;;BURGO PAULISTA;SÃO PAULO;3890100;SP;AMAURI;orcamento@atlantapecas.com.br;1137564000
647;ATLANTA AUTOPEÇAS;-23.4723448;-46.4231946;ESTRADA PRESIDENTE JUSCELINO KUBTISCHEK DE OLIVEIRA;5308;SHOPPING BONSUCESSO;JARDIM ALBERTINA;GUARULHOS;7252000;SP;AMAURI;orcamento@atlantapecas.com.br;1124898383
648;ATLANTA AUTOPEÇAS;-23.5361770;-46.4282573;ESTRADA ITAQUERA-GUAIANASES;1920;MERCADO D'AVO;JARDIM HELENA;SÃO PAULO;8420000;SP;AMAURI;orcamento@atlantapecas.com.br;1125516666
649;ATLANTA AUTOPEÇAS;-23.4929958;-46.4375350;AVENIDA SÃO MIGUEL;5430;;PONTE RASA;SÃO PAULO;3970100;SP;AMAURI;orcamento@atlantapecas.com.br;1120402022
650;ATLANTA AUTOPEÇAS;-23.4960988;-46.3483928;AVENIDA ÍTALO ADAMI;1809;SHOPPING PATEO ITAQUA;VILA ZEFERINA;SÃO PAULO;8573000;SP;AMAURI;orcamento@atlantapecas.com.br;1142402220
651;LEOMAX AUTOPEÇAS;-18.8964539;-48.2814429;AVENIDA MORUM BERNARDINO;281;;ROOSEVELT;UBERLÂNDIA;38401098;MG;LEOBERTO;leomaxautopecas@hotmail.com;3432191400
652;NOKINHOS AUTOPEÇAS;-22.7228938;-43.3155256;AVENIDA GOVERNADOR LEONEL DE MOURA BRISOLA;9660;;SÃO BENTO;DUQUE DE CAXIAS;25045002;RJ;ALAN;nokinhos@hotmail.com;2131344168
653;AGAPITO AUTOPEÇAS;-23.5787882;-48.0276246;AVENIDA JOSÉ DE ALMEIDA CARVALHO;1140;;VILA LEONOR;ITAPETININGA;18213145;SP;FÁBIO;agapitojunior@terra.com.br;1533732100
654;MOLINA AUTOPEÇAS;-23.6124502;-46.4948336;AVENIDA SAPOPEMBA;11837;;JARDIM SAPOPEMBA;SÃO PAULO;3989010;SP;HENRIQUE;sac@autopecasmolina.com.br;1120148640
655;ECONOMICAR AUTOPEÇAS;-22.0264706;-47.8904941;AVENIDA SÃO CARLOS;272;;CENTRO;SÃO CARLOS;13570660;SP;MARCIO;economicarautopecas@terra.com.br;1633689153
656;AUTOPEÇAS SANTOS;-22.1202971;-45.0435970;AVENIDA DAMIÃO JUNQUEIRA DE SOUZA;663;LOJA;FEDERAL;SÃO LOURENÇO;37470000;MG;ALAN;alan_santoss@hotmail.com;3533324044
657;SEBASTIÃO CELSO MIRANDA;-18.9131533;-48.3262250;AVENIDA JOSE FONSE E SILVA;46;;LUIZOTE DE FREITAS;UBERLÂNDIA;38414016;MG;CELSO;sebastiao.pecas@yahoo.com.br;3432388596
658;AUTOPEÇAS PRINCAR;-21.7524968;-48.1630656;RUA MAURÍCIO GALLI;1761;;JARDIM IMPERADOR;ARARAQUARA;14806155;SP;CARLOS;princar@princar.com.br;1621099090
659;AUTOPEÇAS PRINCAR;-21.7991163;-48.1789160;RUA SETE DE SETEMBRO;845;;CENTRO;ARARAQUARA;14800390;SP;CARLOS;princar@princar.com.br;1621099090
660;AUTOPEÇAS PRINCAR;-22.2992266;-48.5673912;RUA BENJAMIN CONSTANT;911;;VILA JAÚ;JAÚ;17205180;SP;CARLOS;princar@princar.com.br;1621099090
661;AUTOPEÇAS PRINCAR;-21.6088966;-48.3604178;RUA SINHARINHA FROTA;1398;;NOVA MATÃO;MATÃO;15990370;SP;CARLOS;princar@princar.com.br;1621099090
662;YOSHIO AUTOPEÇAS;-23.6639299;-46.5156067;AVENIDA QUEIRÓS DOS SANTOS;1968;;CASA BRANCA;SANTO ANDRÉ;9015311;SP;RILDO;yoshioautopecas@ig.com.br;1144367655
663;DUAUTO AUTOPEÇAS;-15.7731210;-47.8751462;SETOR SCLRN 706, BLOCO -B - LOJA 51;S/N;W3 NORTE;ASA NORTE;BRASÍLIA;70740523;DF;FREDERICO;duauto@gmail.com;6139622422
664;RODRIGUES AUTOPEÇAS;-23.6565655;-46.7628995;ESTRADA ITAPECERICA;3421;;CAPÃO REDONDO;SÃO PAULO;5835005;SP;RODRIGO;atendimento@autopecasrodrigues.com.br;1155113917
665;POTIKAR AUTOPEÇAS;-22.7069563;-43.4308617;RUA CAMERON;20;;MIGUEL COUTO;NOVA IGUAÇU;26070482;RJ;APARECIDA;potikar2@hotmail.com;2127791380
666;DMB PEÇAS E ACESSORIOS;-22.8811638;-43.1100031;AVENIDA FELICIANO SODRE;658;;FONSECA;NITERÓI;24030-011;RJ;PEDRO;lojadopedro@click.com.br;(21)2625-6955
667;SUPER AMIGÃO AUTOPEÇAS;-23.5404249;-46.1893173;AVENIDA FRANCISCO RIBEIRO NOGUEIRA;3107;;MOGI MODERNO;MOGI DAS CRUZES;8717000;SP;CELSO;haybero@hotmail.com;1147963964
668;AUTOPEÇAS BANDEIRANTE;-20.2126308;-50.9274901;AVENIDA NAVARRO DE ANDRADE;251;;CENTRO;SANTA FÉ DO SUL;15775000;SP;VALMIR E FERNANDO;autopecasbandeiramte@gmail.com;1736311082
669;MULTI PEÇAS;-22.6504515;-50.4178647;AVENIDA GETÚLIO VARGAS;406;;VILA NOVA SANTANA;ASSIS;19807130;SP;FABIO;divolks@hotmail.com;1833242104
670;JODON AUTOPEÇAS;-23.4919201;-46.8816006;ESTRADA DOS ROMEIROS;1703;;JARDIM REGINA ALICE;BARUERI;6412000;SP;KELMA;kelma_oliveira@yahoo.com.br;1141613918
671;AUTOPEÇAS KRAMBECK;-26.8127909;-49.2833382;RUA CURITIBA;89;;DAS CAPITAIS;TIMBÓ;89120000;SC;WILSON;junior@krambeck.com.br;4732814100
672;AUTOPEÇAS KRAMBECK;-26.8814272;-49.2452466;RODOVIA BR 470;504;KM 70;BENEDITO;INDAIAL;89130000;SC;WILSON;junior@krambeck.com.br;4733338532
673;AUTOPEÇAS KRAMBECK DIESEL;-26.8335109;-49.2670179;RUA BOLÍVIA;1700;;QUINTINO;TIMBÓ;89120000;SC;WILSON;junior@krambeck.com.br;4732814170
674;AUTOPEÇAS KRAMBECK;-26.8911973;-49.0715701;RODOVIA PAUL FRITZ KUEHNRICH;1057;;ITOUPAVA NORTE;BLUMENAU;89052381;SC;GUSTAVO;junior@krambeck.com.br;4733806400
675;JAÚ AUTOPEÇAS;-25.4952719;-54.5233357;RUA CARLOS SOTTOMAIOR;753;;PORTES;FOZ DO IGUAÇU;85865250;PR;HÉLIO;helio_jau@hotmail.com;4535288844
676;AUTOPEÇAS ANDORINHAS;-23.4139165;-51.4328821;RUA ANDORINHAS;559;;CENTRO;ARAPONGAS;86701190;PR;LEANDRO;autoandorinhas@hotmail.com;4332522233
677;ASUPEL AUTOPEÇAS;-24.9525477;-53.5057225;AVENIDA BRASIL;4387;;CENTRO;CASCAVEL;85816290;PR;ALEXANDRA;vendascascavel1@asupel.com.br;4532251416
678;ASUPEL AUTOPEÇAS;-25.5113115;-54.5853540;AVENIDA JUCELINO KUBITSCHEK;4129;;CENTRO;FOZ DO IGUAÇU;85865000;PR;HILARIO;asupel@asupel.com.br;4530263600
679;V BRONDANI;-24.2970277;-53.8357331;AVENIDA PRESIDENTE KENNEDY;2530;;CENTRO;PALOTINA;85950000;PR;MARCIO;financeiro@vbrondani.com.br;4436497575
680;GEVASCO AUTOPEÇAS;-23.3029844;-51.1629348;RUA GUAPORÉ;525;;VILA ADOLFO;LONDRINA;86026010;PR;EDER;eder.silva@gevasco.com.br;4333733664
681;DISAUTO;-27.8019525;-50.3051850;AVENIDA LUIZ DE CAMÕES;987;;CORAL;LAGES;88523000;SC;RODRIGO;marketing@disauto.com.br;4932511933
682;DISAUTO;-27.1737973;-51.5109431;RUA MANOEL ANTONIO PEREZ;75;;CENTRO;JOAÇABA;89600000;SC;ADEMIR;ademir@disauto.com.br;4935514500
683;DISAUTO;-26.9030628;-48.7145478;RODOVIA BR 101;7075;KM 119;ESPINHEIROS;ITAJAÍ;88317001;SC;ROBERTO;roberto@disauto.com.br;4733492233
684;DISAUTO;-28.4668650;-49.0172195;AVENIDA PATRICIO LIMA;1630;;HUMAITA;TUBARÃO;88708025;SC;ELIO;elio@disauto.com.br;4836316100
685;DISAUTO;-27.7839590;-50.2572441;RODOVIA BR 282;S/N;KM 218;SÃO PAULO;LAGES;88506600;SC;RODRIGO;marketing@disauto.com.br;4932515300
686;DISAUTO;-23.3824070;-51.9140526;AVENIDA MORANGUEIRA;3880;;JARDIM ALVORADA;MARINGÁ;87035060;PR;TULIO;tulio@disauto.com.br;4432627786
687;DISAUTO;-26.2880005;-48.8861928;RODOVIA BR 101;43000;KM 43;NOVA BRASILIA;JOINVILLE;89233020;SC;ROBERTO;roberto@disauto.com.br;4734517933
688;DISAUTO;-27.1933423;-49.6248004;RODOVIA BR 470;5400;;VALADA ITOUPAVA;RIO DO SUL;89162710;SC;CRISTIANO;admriodosul@disauto.com.br;4735316802
689;DISAUTO;-26.1914482;-50.3725700;RODOVIA SC 477;321;;INDUSTRIAL 2;CANOINHAS;89460970;SC;CESARIO;cesario@disauto.com.br;4736216513
690;BELENZIER AUTOPEÇAS;-24.7308758;-53.7392645;RUA XV DE NOVEMBRO;1080;;CENTRO;TOLEDO;85900200;PR;LIEZER;lieser@belenzier.com.br;4532522992
691;BRASIL AUTOPEÇAS;-23.7578839;-53.3089127;AVENIDA BRASIL;3530;;ZONA VII;UMUARAMA;87501000;PR;FERNANDO;okamoto_20@uol.com.br;4436219100
692;PLANALTO AUTOPEÇAS;-3.0784214;-60.0515753;RUA PROFESSOR ABÍLIO ALENCAR;424;;ALVORADA;MANAUS;69042010;AM;CLAUDIO BELINI;julioplanalto@live.com;9232287488
693;ROZIMBO PEÇAS;-26.2312700;-52.6721159;AVENIDA TUPI;2828;;CENTRO;PATO BRANCO;85501970;PR;FRANCIS;gerente@rozimbo.com.br;4632202233
694;LISCAR AUTOPEÇAS;-24.9446094;-53.4390672;AVENIDA BARÃO DO RIO BRANCO;245;;SÃO CRISTOVÃO;CASCAVEL;85812230;PR;ALEXANDRA;liscar@liscar.com.br;4532253161
695;CASA DO FIAT;-18.9137376;-48.2895639;AVENIDA FERNANDO VILELA;1615;;MARTINS;UBERLÂNDIA;38400458;MG;FÁBIO;casadofiatudi@terra.com.br;3432372000
696;MUNDIAL AUTOPEÇAS;-17.3161733;-48.2809963;AVENIDA CRISTOFARO PAULO REZENDE;2203;;JARDIM JOÃO MONTEIRO;PIRES DO RIO;75200000;GO;CARLUCIO;mundial_ap@hotmail.com;6434612290
697;FABIANI;-27.6338773;-52.2703144;RUA EMÍLIO GRANDÓ;43;;CENTRO;ERECHIM;99700000;RS;ASSIS;compras@fabianipecas.com.br;5433211610
698;PEDRINHO AUTOPEÇAS;-27.3610866;-53.3895870;VIA BR-386 KM 33;401;;SÃO FRANCISCO DE PAULA;FREDERICO WESTPHALEN;98400000;RS;WALTER;pedrinhofinanceiro@yahoo.com.br;5537444101
699;PEDRINHO AUTOPEÇAS;-27.3561855;-53.3958197;RUA JOSÉ CAÑELLAS;56;;CENTRO;FREDERICO WESTPHALEN;98400000;RS;WALTER;walzamba@hotmil.com;5537444088
700;VERAPEÇAS;-28.9399887;-51.5512931;AVENIDA OSVALDO ARANHA;425;;CENTRO;VERANÓPOLIS;95330000;RS;GABRIELA;verapecas.autopecas@gmail.com;5434411332
701;JOCLA AUTOPEÇAS;-29.1454200;-51.1852359;RUA AMADEO ROSSI;2467;;SÃO JOSÉ;CAXIAS DO SUL;95043040;RS;CHARLES;jocla@jocla.com.br;5432234977
702;JOCLA AUTOPEÇAS;-29.1895069;-51.1992280;RUA ERNESTO CASARA;877;;KAYSER;CAXIAS DO SUL;95039040;RS;ERICK;compras@jocla.com.br;5432071067
703;AUTO ESPORTE MATRIZ;-28.2639929;-52.4047202;RUA BENTO GONÇALVES;139;;CENTRO;PASSO FUNDO;99010010;RS;CASSIANO;cassiano@autoesporte.com.br;5433132500
704;AUTO ESPORTE CARAZINHO;-28.2896895;-52.7944830;AVENIDA FLORES DA CUNHA;2131;;CENTRO;CARAZINHO;99500000;RS;ERNO;carazinho@autoesporte.com.br;5433303022
705;AUTO ESPORTE ERECHIM;-27.6355525;-52.2761792;RUA ARATIBA;84;;CENTRO;ERECHIM;99025000;RS;ADRIANI;erechim@autoesporte.com.br;5433210303
706;ACESSOCAR;-27.0356615;-52.6341921;RUA PLINIO ARLINDO NES;3501;;BELVEDERE;CHAPECÓ;89901873;SC;TEREZA;coordenacao.vendas@acessocar.com.br;4933110500
707;AUTOPEÇAS GIRUAUTO;-22.1368735;-51.3868423;AVENIDA BRASIL;1735;;VILA SÃO JORGE;PRESIDENTE PRUDENTE;19013220;SP;EDIVALDO;autopecasgiruauto@gmail.com;1832223772
708;FUKUNAGA AUTOPEÇAS;-23.6234374;-46.5399065;AVENIDA DA PAZ;824;;UTINGA;SANTO ANDRÉ;9220310;SP;ROBERTO;fukunagaautopecas@uol.com.br;1144637990
709;PAMPA AUTOPEÇAS;-12.4301857;-49.1221414;RUA RUA BASILIO DE OLIVEIRA;575;QD A LT 03;CENTRO;ALVORADA;77480000;TO;LUIZ;pampaautopecas@hotmail.com;6333531559
710;AUTOMOTIVA AUTOPEÇAS;-16.6616103;-49.2442955;RUA E-06;214;QUADRA 2 LOTE 28;VILA LUCY;GOIÂNIA;74000000;GO;LEONEL;automotivaautopecas@hotmail.com;6232876689
711;AUTOPEÇAS MESCOLOTI;-22.1224691;-51.3954677;AVENIDA MANOEL GOULARTE;1189;;CENTRO;PRESIDENTE PRUDENTE;19015240;SP;GUILHERME;mescolotipecas@hotmail.com;1832222124
712;COFER AUTOPEÇAS;-13.2753398;-50.1680878;AVENIDA JONAS BATISTA FRANCO NETO;20;;CENTRO;SÃO MIGUEL DO ARAGUAIA;76590000;GO;JONAS;coferpecas@gmail.com;6233641765
713;AUTOPEÇAS CAIAPÓ;-16.4423996;-51.1189651;AVENIDA PARÁ;1151;QUADRA 67 LT 14;CENTRO;IPORÁ;76200000;GO;JOSE LUIS;mccaiapoltda@hotmail.com;6436741803
714;MARKA AUTOPEÇAS;-22.2966275;-42.5391569;ALAMEDA BARAO DE NOVA FRIBURGO;129;;OLARIA;NOVA FRIBURGO;28623060;RJ;KARINA;marka@gigalink.com.br;2225265565
715;SÓ INJEÇÃO;-16.7295383;-49.3073352;AVENIDA DAS BANDEIRA;1472;;VILA MAUÁ;GOIÂNIA;74343100;GO;RENATO;renato@soinjecao.com.br;6232875656
716;SÓ INJEÇÃO;-16.7058165;-49.3172030;AVENIDA BELLÍNI;315;QUADRA 68 LOTE 11;JARDIM EUROPA;GOIÂNIA;74325250;GO;RENATO;renato@soinjecao.com.br;6232875656
717;AUTOPEÇAS TROPICAL;-2.4289723;-54.7201384;RUA BORGES LEAL;2266;;APARECIDA;SANTARÉM;68040-075;PA;JOÃO PAULO;joaopaulotropical@gmail.com;(93) 3523-3655
718;PEMAZA AUTOPEÇAS;-10.8855226;-61.9359634;AVENIDA TRANSCONTINENTAL;740;;PRIMAVERA;JI-PARANÁ;76914874;RO;CLEDIVALDO;pemaza@pemaza.com.br;6934214011
719;PEMAZA AUTOPEÇAS;-12.7389494;-60.1359270;AVENIDA CELSO MAZZUTI;4185;;CENTRO;VILHENA;76980753;RO;RICARDO;pemaza02@pemaza.com.br;6933212615
720;PEMAZA AUTOPEÇAS;-11.4405289;-61.4511682;AVENIDA CASTELO BRANCO;19526;;LIBERDADE;CACOAL;76960970;RO;ZANILTO;pemaza03@pemaza.com.br;6934412339
721;PEMAZA AUTOPEÇAS;-8.7730092;-63.8793827;RUA DA BEIRA;5721;;NOVA PORTO VELHO;PORTO VELHO;76820005;RO;MARCELO;pemaza04@pemaza.com.br;6932175803
722;PEMAZA AUTOPEÇAS;-9.9098866;-63.0551547;AVENIDA MASSANGANA;2425;QUADRA 2. LOTE 01;APÔIO BR 364;ARIQUEMES;76870201;RO;ELEXANDRO;pemaza05@pemaza.com.br;6935354516
723;PEMAZA AUTOPEÇAS;-10.4388444;-62.4709553;AVENIDA MARECHAL RONDON;2724;;CENTRO;JARU;76890000;RO;UÉLIO;pemaza06@pemaza.com.br;6935212750
724;PEMAZA AUTOPEÇAS;-11.6793562;-61.1870691;AVENIDA MARECHAL RONDON;1433;;CENTRO;PIMENTA BUENO;76970000;RO;CELSO;pemaza07@pemaza.com.br;6934512419
725;PEMAZA AUTOPEÇAS;-11.7263340;-61.7726667;AVENIDA 25 DE AGOSTO;4397;;CENTRO;ROLIM DE MOURA;76940000;RO;CARLOS;pemaza09@pemaza.com.br;6934422211
726;PEMAZA AUTOPEÇAS;-13.1203305;-60.5376118;AVENIDA PAULO DE ASSIS RIBEIRO;4804;;CENTRO;COLORADO DO OESTE;76993000;RO;ARI JOSÉ;pemaza10@pemaza.com.br;6933412419
727;PEMAZA AUTOPEÇAS;-13.1881059;-60.8209731;AVENIDA INTEGRAÇÃO NACIONAL;1556;SETOR B;CENTRO;CEREJEIRAS;76997000;RO;SÉRGIO;pemaza11@pemaza.com.br;6933422419
728;PEMAZA AUTOPEÇAS;-11.1812118;-61.9022374;RODOVIA BR364, 310;351;;ZONA RURAL;PRESIDENTE MÉDICI;76916000;RO;CLEITON;pemaza12@pemaza.com.br;6934712795
729;PEMAZA AUTOPEÇAS;-10.7820191;-65.3348297;AVENIDA 15 DE NOVEMBRO;1860;;SERRARIA;GUAJARÁ-MIRIM;76850000;RO;DEJAIR;pemaza13@pemaza.com.br;6935411199
730;PEMAZA AUTOPEÇAS;-10.7137619;-62.2508431;RUA MARTINHO LUTERO;1060;QUADRA 37;SETOR 01;OURO PRETO DO OESTE;76920000;RO;EDMILSON;pemaza14@pemaza.com.br;6934612811
731;PEMAZA AUTOPEÇAS;-10.8866615;-61.9342286;AVENIDA TRANSCONTINENTAL;990;;PRIMAVERA;JI-PARANÁ;76914874;RO;UESLEI;pemaza15@pemaza.com.br;6934164341
732;PEMAZA AUTOPEÇAS;-10.8722075;-61.9601885;AVENIDA MARECHAL RONDON;2425;;02 DE ABRIL;JI-PARANÁ;76900862;RO;GUILHERME;pemaza16@pemaza.com.br;6934164322
733;PEMAZA AUTOPEÇAS;-9.3689197;-62.5830424;AVENIDA CUJUBIM;1680;;CENTRO;CUJUBIM;76864000;RO;SANDRO;pemaza19@pemaza.com.br;6935822364
734;PEMAZA AUTOPEÇAS;-11.4417584;-61.4507979;AVENIDA CASTELO BRANCO;19427;;LIBERDADE;CACOAL;76967515;RO;GILSON;pemaza20@pemaza.com.br;6934414126
735;PEMAZA AUTOPEÇAS;-10.2137168;-63.8250775;AVENIDA AIRTON SENA;1072;;SETOR 01;BURITIS;76880000;RO;GEOVANE;pemaza21@pemaza.com.br;6932382201
736;PEMAZA AUTOPEÇAS;-10.4394288;-62.4700752;AVENIDA JK;1449;;CENTRO;JARU;76890000;RO;JOSÉ SOARES;pemaza22@pemaza.com.br;6935212237
737;PEMAZA AUTOPEÇAS;-8.7680414;-63.8896667;AVENIDA NAÇÕES UNIDAS;932;;MATO GROSSO;PORTO VELHO;76804420;RO;WILTON;pemaza23@pemaza.com.br;6932172802
738;PEMAZA AUTOPEÇAS;-11.7016552;-62.7188171;AVENIDA JOÃO BATISTA DE FIGUEREDO;2230;;CENTRO;SÃO MIGUEL DO GUAPORÉ;76932000;RO;EDILSON;pemaza24@pemaza.com.br;6936422141
739;PEMAZA AUTOPEÇAS;-9.9877319;-67.8078077;VIA CHICO MENDES;812;;TRIÂNGULO VELHO;RIO BRANCO;69906210;AC;ANDERSON;pemaza24@pemaza.com.br;6832215559
740;PEMAZA AUTOPEÇAS;-9.4291243;-62.0082418;RUA RODOVIA RO 133;3247;;SETOR 02;MACHADINHO D´OESTE;76868000;RO;ROBERTO;pemaza27@pemaza.com.br;6935812307
741;PEMAZA AUTOPEÇAS;-12.0600752;-63.5691858;AVENIDA TANCREDO NEVES;3017;;CENTRO;SÃO FRANCISCO DO GUAPORÉ;76935000;RO;JAIR;pemaza28@pemaza.com.br;6936212306
742;PEMAZA AUTOPEÇAS;-11.5253749;-61.0110417;AVENIDA 7 DE SETEMBRO;3046;;CAIXA DÁGUA;ESPIGÃO D´OESTE;76974000;RO;MORONI;pemaza30@pemaza.com.br;6934811772
743;PEMAZA AUTOPEÇAS;-9.9098796;-63.0547267;AVENIDA MASSANGANA;2456;BLOCO 09, LOTE 05;SETOR DE ÁREAS ESPECIAIS;ARIQUEMES;76870210;RO;LEANDRO;pemaza08@pemaza.com.br;6935364056
744;PEMAZA AUTOPEÇAS;-9.9134309;-63.0492054;AVENIDA CANAÃ;1685;;ÁREAS ESPECIAIS;ARIQUEMES;76870249;RO;ROBERTO;pemaza26@pemaza.com.br;6935352719
745;PEMAZA AUTOPEÇAS;-9.6581507;-65.7320402;RUA DA BEIRA;S/N;;CENTRO;VISTA ALEGRE DO ABUNÃ;76846000;RO;WELTON;pemaza31@pemaza.com.br;6932511441
746;PEMAZA AUTOPEÇAS;-9.7156540;-63.3191316;AVENIDA GOVERNADOR JORGE TEIXEIRA;3144;;CENTRO;ALTO PARAÍSO;76862000;RO;CLEBER;pemaza32@pemaza.com.br;6935343380
747;PEMAZA AUTOPEÇAS;-11.0038469;-68.7465720;AVENIDA DOUTOR MANOEL MARINHO MONTE;712;;TRÊS BOTEQUINS;BRASILÉIA;69932000;AC;LUAN;pemaza44@pemaza.com.br;6835464345
748;PEMAZA AUTOPEÇAS;-7.6272405;-72.6859982;RUA TARAUACÁ;415;;AABB;CRUZEIRO DO SUL;69980000;AC;DANIEL;pemaza46@pemaza.com.br;6833221213
749;PEMAZA AUTOPEÇAS;-9.9740249;-67.8098191;AVENIDA CEARÁ;3616;;7º BEC;RIO BRANCO;69918111;AC;ADILSON;pemaza42@pemaza.com.br;6832264567
750;PEMAZA AUTOPEÇAS;-9.9675408;-67.8194872;AVENIDA NAÇÕES UNIDAS;1321;;BOSQUE;RIO BRANCO;69900460;AC;ELIAS;pemaza@43pemaza.com.br;6832275213
751;PEMAZA AUTOPEÇAS;-9.9785692;-67.8050801;VIA CHICO MENDES;74;;TRIÂNGULO VELHO;RIO BRANCO;69906210;AC;VAGNER;pemaza41@pemaza.com.br;6832212731
752;PEMAZA AUTOPEÇAS;-8.7942029;-63.6974131;RUA CHICO MENDES;1511;;NOVO HORIZONTE;CANDEIAS DO JAMARI;76860000;RO;OBEDE;pemaza33@pemaza.com.br;6932301111
753;PEMAZA AUTOPEÇAS;-11.0320723;-62.6710271;RUA RIO BRANCO;2845;;CENTRO;MIRANTE DA SERRA;76926000;RO;ADENILSON;pemaza34@pemaza.com.br;6934632563
754;PEMAZA AUTOPEÇAS;-10.3555923;-64.6214281;AVENIDA DESIDÉRIO DOMINGOS LOPES;3229;;CIDADE NOVA;NOVA MAMORÉ;76857000;RO;MÁRCIO;pemaza35@pemaza.com.br;6935443105
755;PEMAZA AUTOPEÇAS;-9.1922723;-63.1877341;AVENIDA CASTELO BRANCO;1898;;CENTRO;ITAPUÃ DO OESTE;76861000;RO;IVANILDO;pemaza36@pemaza.com.br;6932312664
756;PEMAZA AUTOPEÇAS;-8.7816923;-63.8744897;AVENIDA JATUARANA;6267;;FLORESTA;PORTO VELHO;76806099;RO;KESLLEN;pemaza37@pemaza.com.br;6932279473
757;PEMAZA AUTOPEÇAS;-8.7647419;-63.8436806;AVENIDA MAMORÉ;3433;;LAGOINHA;PORTO VELHO;76829863;RO;CLEITON;pemaza39@pemaza.com.br;6932149589
758;PEMAZA AUTOPEÇAS;-12.6070550;-62.1688572;AVENIDA RONDÔNIA;4403;;LIBERDADE;ALTA FLORESTA D´OESTE;76954000;RO;JOÍLSON;pemaza17@pemaza.com.br;6936414389
759;PEMAZA AUTOPEÇAS;-8.7731471;-63.8285603;RUA ROSALINA GOMES;1976;;SÃO FRANCISCO;PORTO VELHO;76813336;RO;JANDERSON;pemaza38@pemaza.com.br;6932265569
760;PEMAZA AUTOPEÇAS;-9.4606706;-59.2241635;AVENIDA DOS PINHAIS;130;;CENTRO;COLNIZA;78335000;MT;DANIEL;pemaza71@pemaza.com.br;6635711084
761;PEMAZA AUTOPEÇAS;-11.7257273;-62.3144917;AVENIDA JUCELINO KUBITSCHEK;2922;SETOR 02;CENTRO;NOVA BRASILÂNDIA D´OESTE;76958000;RO;FLÁVIO;pemaza18@pemaza.com.br;6934182256
762;REFRIGERACÃO PLANALTO;-15.8895805;-52.2654779;RUA BANDEIRANTES;321;;CENTRO;BARRA DO GARÇAS;78600000;MT;VINÍCIUS;gerencia@refrigeracaoplanato.com.br;6634014589
763;TEMPRACAR;-22.8477380;-43.0924630;RUA DOUTOR ALBERTO TORRES;835;LOJA;VILA LAGE;SÃO GONÇALO;24.426-260;RJ;FABIANO;tempracardemarica@gmail.com;2137032013
764;PADRE CÍCERO;-3.8368317;-38.5582642;AVENIDA N;1561;;PREFEITO JOSÉ WALTER;FORTALEZA;60750740;CE;SIMON OU ANDRÉ;filial20@pecicero.com.br;8534999000
765;AUTOPEÇAS CABECEIRA;-17.8190262;-50.6022290;AVENIDA ZECA VALERIANO;0;QUADRA 4 LOTE 6;PLANALTO;SANTA HELENA;75920000;GO;ODISOM;netin.02@hotmail.com;6436415042
766;CASTRILLON AUTOPEÇAS;-17.7798828;-50.9144050;RUA 20;2678;;JARDIM GOIÁS;RIO VERDE;75903320;GO;VANESSA;castrillon.rve@castrillon.com.br;6436221560
767;CASTRILLON AUTOPEÇAS;-16.6754065;-49.3070691;RUA DA IMPRENSA;25;QUADRA 02 LOTE 40;VILA AURORA;GOIÂNIA;74425068;GO;FABRÍCIO;adm.gna@castrillon.com.br;6232982000
768;CASTRILLON AUTOPEÇAS;-17.8965754;-51.7203760;AVENIDA GOIÁS;2356;;JARDIM RIO CLARO;JATAÍ;75802110;GO;ARIANE;gerencia.jat@castrillon.com.br;6436061650
769;CASTRILLON AUTOPEÇAS;-17.7902077;-50.9157995;RUA BORBA GATO;0;QD 09  LT 07;PARQUE BANDEIRANTE;RIO VERDE;75900000;GO;ROGÉRIO;gerencia.rve@castrillon.com;6436216887
770;CASTRILLON AUTOPEÇAS;-16.6979159;-49.3281458;ALAMEDA CÂMARA FILHO;1294;QD 137 LT 03;PARQUE OESTE INDUSTRIAL;GOIÂNIA;74373150;GO;LINDOMAR;gerencia.goi@castrillon.com.br;6232436100
771;CASTRILLON AUTOPEÇAS;-16.8237016;-49.2773310;AVENIDA INDEPÊNDENCIA;0;QD 01 LT 06 E 07;JARDIM MONTE CRISTO;APARECIDA DE GOIÂNIA;74968350;GO;LARA;gerencia.apa@castrillon.com.br;6232833617
772;TEMPRACAR;-22.8295465;-43.0025819;RUA CAPITAO JUVENAL FIGUEIREDO;30;;JARDIM ALCANTARA;SÃO GONÇALO;24.744-560;RJ;FABIANO;tempracardemarica@gmail.com;(21) 2604-6909
773;SÓ INJEÇÃO;-17.7860483;-50.9074854;AVENIDA PRESIDENTE VARGAS;3200;;CENTRO;RIO VERDE;75900000;GO;WELBERT;renatovendas@soinjecao.com.br;6436225656
774;RONDOMINAS AUTOPEÇAS;0.0833944;-51.0853856;RUA ACAI;531;;ENFRAERO;MACAPÁ;68908833;AP;DANIEL;rodominas@rodominasautopecas.com.br;9632242721
775;CICLO MOTOS;-17.7927647;-50.9195819;RUA PARANÁ;113;;PAUZANES;RIO VERDE;75904210;GO;DIEGO;ciclomotosrv@gmail.com;6436234175
776;MARANELLO AUTOPEÇAS;-18.4469593;-50.4321281;VIA LEOCARDIO DE SOUZA REIS;92;;ONÍCIO RESENDE;QUIRINÓPOLIS;75860000;GO;EDILSON;maranelloautocenter@gmail.com;6436513634
777;EMEU PEÇAS E SERVIÇOS;-13.5531390;-52.2715621;AVENIDA SANTA CATARINA;317;;CENTRO;CANARANA;78640000;MT;TATIANA;emeu_autopecas@hotmail.com;6634782361
778;SÓ FIAT;-15.8922732;-52.2579865;RUA GOIÁS;276;;CENTRO;BARRA DO GARÇAS;78600000;MT;RENATO;renatoleandrovaladao@gmail.com;6634011263
779;RODOCAR PNEUS;-16.4324196;-51.1195882;AVENIDA JOSE CÂNDIDO VIEIRA;1632;;MATO GROSSO;IPORÁ;76200000;GO;REJANE;rodocapneus@hotmail.com;6436741188
780;GLOBAUTO DIST AUTOPEÇAS;-22.8652943;-43.4218971;RODOVIA GOVERNADOR MARIO COCAS BR101;S/N;KM 297 LOJA 2;MANILHA;ITABORAÍ;24855140;RJ;GISELE;gisele@globautopecas.com.br;(21) 2716-3351
781;LSR SOLUÇÕES;-16.6616103;-49.2442955;RUA E-06;214;QUADRA 2 LOTE 28;VILA LUCY;GOIÂNIA;74000000;GO;LEONEL;lsrautomotiva@hotmail.com;6232876689
782;CAVAGUTI CAMINHÕES;-22.7365076;-43.4524067;ESTRADA GONÇALVES DIAS;S/N;LOTE 7;POSSE;NOVA IGUAÇU;26020330;RJ;WELINGTON;vendas.ni@cavaguticaminhes.com.br;2127005000
783;AUTOPEÇAS TJ;-18.5413325;-53.1324573;AVENIDA JOSÉ FERREIRA DA COSTA;935;;CENTRO;COSTA RICA;79550000;MS;THIAGO;thiagotjj@gmail.com;6732471078
784;CASTRILLON AUTOPEÇAS;-9.8849458;-56.0861244;AVENIDA LUDOVICO DA RIVA NETO;1150;;CENTRO;ALTA FLORESTA;78580000;MT;CLEBER;gerencia.af@castrillon.com.br;6635123850
785;MEVIL AUTOPEÇAS;-16.4333777;-51.1341726;RUA ELIAS ARAÚJO ROCHA;S/N;QUADRA 4 LOTE 53;POR DO SOL;IPORÁ;76200000;GO;LEONEL;leaoelima@hotmail.com;6436031283
786;FLÁVIO AUTOPEÇAS;-17.7935004;-50.9139296;AVENIDA BORBA GATO;415;QUADRA 23 LOTE 08;PARQUE BANDEIRANTES;RIO VERDE;75905760;GO;FLÁVIO;flavioalves@flavioautopecas.com;6421410619
787;ALIANCA DE ITABORAI AUTOPEÇAS;-22.7463938;-42.8563092;AVENIDA  22 DE MAIO;S/N;LOTES 1 E 2 QDR 01;NANCILANDIA;ITABORAÍ;24800001;RJ;HARISON;aliancaautoparts@gmail.com;2126357187
788;CENTER CAR AUTOPEÇAS;-16.5221502;-50.3685690;RUA RIO DA PRATA;270;QD. 13 LT. 22;CENTRO;SÃO LUÍS DE MONTES BELOS;76100000;GO;ANTÔNIO;centerscap@hotmail.com;6436711094
789;PLANET MOTOS;-30.0368176;-51.2089887;AVENIDA BRASIL;1092;;SÃO GERALDO;PORTO ALEGRE;96503472;RS;GABRIEL;planetmotosch@gmail.com;5137243272
790;RAMOS E COPINI;-27.3626781;-53.3996497;RUA MAURÍCIO CARDESO;806;;APARECIDA;FREDERICO WESTPHALEN;98400000;RS;JÚLIO;gerenciafw@ramosecopini.com.br;5537449055
791;RAMOS E COPINI;-27.4834661;-53.4005829;AVENIDA GENERAL FLÔRES DA CUNHA;976;;CENTRO;SEBERI;98380000;RS;LAURO;gerenciaseberi@ramosecopini.com.br;5537462600
792;RAMOS E COPINI;-27.8864793;-53.3050338;AVENIDA INDEPENDÊNCIA;245;;VILA VELHA;PALMEIRA DAS MISSÕES;98300000;RS;RICARDO;gerenciapalmeira@ramosecopini.com.br;5537428222
793;RAMOS E COPINI;-28.6468036;-53.5953651;AVENIDA SATURNINO DE BRITO;214;;CONCEIÇÃO;CRUZ ALTA;98040070;RS;MARIO;gerenciacruzalta@ramosecopinicom.br;5533212244
794;RAMOS E COPINI;-28.8167969;-52.5101673;AVENIDA MARECHAL FLORIANO PEIXOTO;2365;;CENTRO;SOLEDADE;99300000;RS;GIL;gerenciasoledade@ramosecopini.com.br;5433819800
795;RAMOS E COPINI;-29.7003717;-53.8313161;AVENIDA GOVENADOR WALTER JOBIM;235;;PATRONATO;SANTA MARIA;97105100;RS;EMANUEL;gerenciasantamaria@ramosecopini.com.br;5530256655
796;RAMOS E COPINI;-28.2906569;-53.5071700;RUA KONRAD ADENAUER;60;;CENTRO;PANAMBI;98280000;RS;GERSON;gerenciapanambi@ramosecopini.com.br;5533769700
797;RAMOS E COPINI;-28.3005935;-52.7990014;AVENIDA FLORES DA CUNHA;3367;;GLÓRIA;CARAZINHO;99500000;RS;PAULO;gerenciacarazinho@ramosecopini.com.br;5433298922
798;AUTOPEÇAS MILENIUM;-25.5325252;-54.5870245;AVENIDA JUSCELINO KUBITSCHEK;1389;;VILA PORTES;FOZ DO IGUAÇU;85865000;PR;SILVA;mileniumfalls@hotmail.com;4530252001
799;AUTOPEÇAS MILENIUM;-25.4939374;-54.5571196;AVENIDA SILVIO AMÉRICO SASDELLI;2691;;VILA RESIDENCIAL A;FOZ DO IGUAÇU;85869580;PR;ROGERIO;mileniumfalls@hotmail.com;4530253063
800;HOLZ AUTOPEÇAS;-24.0342943;-52.3822283;RUA MATO GROSSO;3083;;ANTÔNIO TOLEDO SILVEIRA;CAMPO MOURÃO;87303005;PR;ADRIANO;holzdistribuidora@hotmail.com;4435235454
801;AUTOPEÇAS MARCÃO;-24.5646096;-54.0592657;RUA PRESIDENTE CASTELO BRANCO;55;;CENTRO;MARECHAL CÂNDIDO RONDON;85960000;PR;MARCÃO;mecanicamarcao3@hotmail.com;4532542514
802;AUTOPEÇAS HYANNIS;-25.5313633;-49.2582188;RUA IZAAC FERREIRA DA CRUZ;4694;;SÍTIO CERCADO;CURITIBA;81910000;PR;MISAEL;hyannisautopecas@hotmail.com;4133791200
803;VARGAS MOTOPEÇAS;-25.4728358;-49.2510656;AVENIDA MARECHAL FLORIANO PEIXOTO;5085;;HAUER;CURITIBA;81610000;PR;ALEXANDRE;vargas@vargasmotos.com.br;4132766666
804;VARGAS MOTOPEÇAS;-25.4360900;-49.2677334;AVENIDA VISCONDE DE GUARAPUAVA;2696;;CENTRO;CURITIBA;80010100;PR;ALEXANDRE;vargas@vargasmotos.com.br;4130832700
805;VARGAS MOTOPEÇAS;-25.5238417;-49.2545139;RUA FRANCISCO DEROSSO;4093;;XAXIM;CURITIBA;81830285;PR;ALEXANDRE;vargas@vargasmotos.com.br;4132581988
806;VARGAS MOTOPEÇAS;-25.4752617;-49.2998914;RUA JOÃO BETTEGA;581;;PORTÃO;CURITIBA;81070000;PR;ALEXANDRE;vargas@vargasmotos.com.br;4133292828
807;ALTESE AUTOPEÇAS - FIAT;-22.8339951;-43.2805916;AVENIDA LOBO JÚNIOR;1583;;PENHA CIRCULAR;RIO DE JANEIRO;21020123;RJ;CALL CENTER;altese@altese.com.br;2121225333
808;ALTESE AUTOPEÇAS - GM;-22.8294752;-43.2774197;AVENIDA LOBO JÚNIOR;980;;PENHA CIRCULAR;RIO DE JANEIRO;21020125;RJ;CALL CENTER;altese@altese.com.br;2121225333
809;ALTESE AUTOPEÇAS - VW;-22.8299748;-43.2770421;AVENIDA LOBO JÚNIOR;1011;;PENHA CIRCULAR;RIO DE JANEIRO;21020124;RJ;CALL CENTER;altese@altese.com.br;2121225333
810;ALTESE AUTOPEÇAS - FORD;-22.8286607;-43.2768216;AVENIDA LOBO JÚNIOR;874;;PENHA CIRCULAR;RIO DE JANEIRO;21020125;RJ;CALL CENTER;altese@altese.com.br;2121225333
811;ALTESE AUTOPEÇAS - BARRA;-22.9703085;-43.3619125;AVENIDA AYRTON SENNA;4701;LOJA 101;BARRA;RIO DE JANEIRO;22775004;RJ;CALL CENTER;altese@altese.com.br;2121225333
812;ALTESE AUTOPEÇAS - RECREIO;-23.0143752;-43.4644670;AVENIDA DAS AMÉRICAS;15455;LOJA B;RECREIO;RIO DE JANEIRO;22790701;RJ;CALL CENTER;altese@altese.com.br;2121225333
813;CELINHO AUTOPEÇAS;-22.2224963;-45.9241940;RUA CORONEL JOAQUIM ROBERTO DUARTE;403;;MARIA FRANCO;POUSO ALEGRE;37553533;MG;ANDRÉ;andre@grupocelinho.com.br;3534238355
814;CELINHO AUTOPEÇAS;-22.2573780;-45.9257520;AVENIDA MOISES LOPES;509;;FRANCISCA AUGUSTA;POUSO ALEGRE;37557051;MG;WAGNER;gerencia.eca@grupocelinho.com.br;3534228355
815;CELINHO AUTOPEÇAS;-22.4292103;-45.4625903;RUA JORGE BRAGA;500;;AVENIDA;ITAJUBÁ;37505052;MG;RENATA;renatagrupocelinho@hotmail.com;3536212050
816;MJ TERRA AUTOPEÇAS;-22.8544725;-43.3507349;ESTRADA DO BARRO VERMELHO;15;;ROCHA MIRANDA;RIO DE JANEIRO;21540500;RJ;LUCIANO;mjterra.financeiro@gmail.com;2133902023
817;MJ TERRA AUTOPEÇAS;-22.8525432;-43.3497439;AVENIDA DOS ITALIANOS;461;;ROCHA MIRANDA;RIO DE JANEIRO;21510102;RJ;ROBERTO;mjterra.financeiro@gmail.com;2134501750
818;MJ TERRA AUTOPEÇAS;-22.9187148;-43.3609543;AVENIDA GEREMÁRIO DANTAS;100;"lj ""A"" - TANQUE";JACAREPAGUÁ;RIO DE JANEIRO;22735015;RJ;FÁBIO;agualevadaautopecas02@gmail.com;2136272342
819;AUTO ZICCO;-22.8287530;-43.2769117;AVENIDA LOBO JÚNIOR;890;GALPÃO;PENHA CIRCULAR;RIO DE JANEIRO;21020125;RJ;RENATO;mcw@mcw2010.com;2126699606
820;AUTO ZICCO;-22.8288747;-43.2768988;AVENIDA LOBO JÚNIOR;898;;PENHA CIRCULAR;RIO DE JANEIRO;21020125;RJ;RENATO;mcw@mcw2010.com;2126674411
821;AUTO PRISCAR;-22.9107485;-43.3779305;ESTRADA DO CAFUNDÁ;1874;TANQUE;JACAREPAGUÁ;RIO DE JANEIRO;22725031;RJ;RENATO;mcw@mcw2010.com;2132587441
822;AUTO MARICLAR;-22.7438441;-43.4536653;AVENIDA DOUTOR SALLES TEIXEIRA;526;;MOQUETA;NOVA IGUAÇU;26285005;RJ;RENATO;mcw@mcw2010.com;2132587441
823;GUTO AUTOPEÇAS;-22.8577993;-43.3537824;RUA PICUI;869;;ROCHA MIRANDA;RIO DE JANEIRO;21550380;RJ;MEIRELES;atendimento@gutoautopecas.com.br;2124503173
824;GUTO IMPORTS;-22.8569188;-43.3538374;LARGO DO SAPÊ;75;;ROCHA MIRANDA;RIO DE JANEIRO;21550380;RJ;MEIRELES;atendimento@gutoautopecas.com.br;2124503173
825;IMPORT AUTOPEÇAS;-22.8288984;-43.2762496;AVENIDA LOBO JÚNIOR;861;;PENHA CIRCULAR;RIO DE JANEIRO;21020124;RJ;LEANDRO;importvans@hotmail.com;2125601994
826;IMPORT VANS;-22.9592961;-43.3869634;ESTRADA DOS BANDEIRANTES;4888;CURICICA;JACAREPAGUÁ;RIO DE JANEIRO;22775114;RJ;LEANDRO;importvans@hotmail.com;2121475082
827;LISBOA AUTOPEÇAS;-22.8333950;-43.2802025;AVENIDA LOBO JÚNIOR;1495;;PENHA CIRCULAR;RIO DE JANEIRO;21020123;RJ;MICHEL;vendas@lisboafiat.com.br;2130401400
828;MSD DIESEL PEÇAS;-22.8333950;-43.2802025;AVENIDA LOBO JÚNIOR;1495;GALPÃO;PENHA CIRCULAR;RIO DE JANEIRO;21020123;RJ;MICHEL;vendas@lisboafiat.com.br;2130401400
829;1001 AUTOPEÇAS;-22.8695005;-43.3387928;RUA CONSELHEIRO GALVÃO;168;;ROCHA MIRANDA;RIO DE JANEIRO;21550380;RJ;HOMERO;1001autopecasrm@bol.com.br;2124503173
830;DUAUTOPEÇAS;-22.6089789;-46.0587986;RUA CORONEL LAMBERT;411;;CENTRO;CAMBUÍ;37600000;MG;CLAUDINEI;duauto@micropic.com.br;3534311630
831;JOAQUIM SIQUEIRA AUTOPEÇAS;-21.5655700;-45.4355130;RUA UBERLÂNDIA;42;;PARQUE OZANAN;VARGINHA;37004670;MG;NATAN;autopecasjoaquimsiqueira@yahoo.com.br;3532142000
832;ELLUS AUTOPEÇAS;-22.8307362;-43.2778716;AVENIDA LOBO JÚNIOR;1133;LOJA B;PENHA CIRCULAR;RIO DE JANEIRO;21020124;RJ;ANTÔNIO;ellusautopecas@gmail.com;2131701053
833;EVOQUE AUTOPEÇAS;-22.8300503;-43.2773372;AVENIDA LOBO JÚNIOR;1031;;PENHA CIRCULAR;RIO DE JANEIRO;21020125;RJ;RAFAEL;vendas@evoquepecas.com.br;2131701987
834;PROEZA AUTOPEÇAS;-22.8323720;-43.2793565;AVENIDA LOBO JÚNIOR;1347;;PENHA CIRCULAR;RIO DE JANEIRO;21020123;RJ;MÁRIO;dsproeza@hotmail.com;2138848488
835;MM AUTOPEÇAS;-22.8289229;-43.2770226;AVENIDA LOBO JÚNIOR;910;;PENHA CIRCULAR;RIO DE JANEIRO;21020121;RJ;FLÁVIO;eletromecanicamm@gmail.com;2122905759
836;DEKAR PEÇAS;-19.9632389;-44.0163680;AVENIDA TITO FULGÊNCIO;734;;JARDIM INDUSTRIAL;CONTAGEM;32215000;MG;SIMONE;sac@dekarpecas.com.br;3125595959
837;INOVAR-R AUTOPEÇAS;-19.8979408;-43.9032181;AVENIDA ITAITUBA;204;;SÃO GERALDO;BELO HORIZONTE;31060420;MG;ADSON;ari@ancora-mg.com.br;3134889911
838;AUTOPEÇAS PRIMAVERA;-16.5988221;-49.3488542;AVENIDA COMERCIAL;S/N;QD 01 Lt 01;CONJUNTO PRIMAVERA;GOIÂNIA;74477228;GO;LUCAS;lucasvilanova389@hotmail.com;6235816319
839;MINAS AUTOPEÇAS;-15.7081511;-47.9146954;AVENIDA SCLRN QUADRA 703 BLOCO A LOJA;57;W3 NORTE;ASA NORTE;BRASÍLIA;70750010;DF;MARCIO;orcamentomasa@gmail.com;6133263118
840;JK AUTOPEÇAS;-15.7613108;-47.8933863;AVENIDA SHCGN-CLR QUADRA 705 BLOCO F LOJA;45;W3 NORTE;ASA NORTE;BRASÍLIA;70730568;DF;RIVAEL;autopecasjk.df@gmail.com;6139658002
841;DUAUTO AUTOPEÇAS;-15.7087030;-47.9143752;SETOR SOF/NORTE QUADRA 04 CONJUNTO D LOJA;6;SETOR SOF NORTE;ASA NORTE;BRASÍLIA;70634440;DF;MARCIO;marcioduauto@gmail.com;6184180023
842;FORTE AUTOPEÇAS;-15.8777690;-47.9947018;QUADRA QE 40 CONJUNTO C LOTE 09 LOJA;2;SETOR DE OFICINAS;GUARÁ II;BRASÍLIA;71070032;DF;ADAILTON;adailtondamacenalima234@gmail.com;6133815661
843;MINAS AUTOPEÇAS;-15.8425633;-47.9849092;QUADRA QE 40 CONJUNTO D LOTE;34;SETOR DE OFICINAS;GUARÁ II;BRASÍLIA;71070042;DF;LUCAS;minasautopecas@gmail.com;6132011333
844;SAM PEÇAS;-15.8359093;-47.9866796;ÁREA ÁREA ESPECIAL 2A CONJUNTO E LOTE 03 LOJA;1;SETOR DE OFICINAS;GUARÁ II;BRASÍLIA;71070625;DF;SAMUEL;sampecas123@gmail.com;6185117483
845;AUTOPEÇAS KIMIÊ;-15.8403144;-47.9863274;QUADRA QE 40 CONJUNTO C LOTE;14;SETOR DE OFICINAS;GUARÁ II;BRASÍLIA;71070032;DF;JOSÉ CARLOS;mecanica_kimie@hotmail.com;6174007602
846;CASTRILLON AUTOPEÇAS;-16.3415405;-48.9538587;AVENIDA BRASIL;1560;;CIDADE JARDIM;ANÁPOLIS;75080240;GO;FELIPE;gerencia.an2@castillon.com.br;6233290700
847;CHEVROFIAT AUTOPEÇAS;-11.7244438;-49.0613827;RUA 31 DE MARÇO ENTRE GOIÁS E MARANHÃO;2610;;CENTRO;GURUPI;77410010;TO;JOÃO VITORIO;chevrofiat@hotmail.com;6333122212
848;UNIÃO AUTOMOTIVA;-17.7460709;-48.6262549;AVENIDA CORONEL BENTO GODOY;856;QD SR4 LT 01;ITANHANGÁ;CALDAS NOVAS;75690000;GO;RODOLFHO;uniaoap@hotmail.com;6434532152
849;AUTOPEÇAS CLAYTON;-17.7176023;-48.1575851;PRAÇA RUI BARBOSA;49;;CENTRO;IPAMERI;75780000;GO;CLAYTON;apecautopecas@gmail.com;6434517188
850;AGUIA AUTOPEÇAS;-17.7568248;-48.6194623;AVENIDA ANTÔNIO SANCHES FERNANDES;S/N;QD GL1 LT 7B;ITAICI ll;CALDAS NOVAS;75690000;GO;MAURINHO;aguiaautopecas@yahoo.com.br;6434537499
851;MEBRA AUTOPEÇAS;-17.7329396;-49.0990312;RUA PARAÍBA;158;;CENTRO;MORRINHOS;75650000;GO;NILO;mebra10@hotmail.com;6434132133
852;NEVE AUTOPEÇAS;-17.0316337;-48.6531303;RODOVIA GO 139;S/N;KM 18;ZONA RURAL;SÃO MIGUEL DO PASSA QUATRO;75185000;GO;ARÉDIO;neveautopecas@hotmail.com;6434071131
853;AUTOPEÇAS SAMPAIO;-17.3048915;-49.0261732;RUA RUI BRASIL CAVALCANTE;375;;CENTRO;PIRACANJUBA;75640000;GO;JÚNIOR;autopecassampaio@hotmail.com;6434051899
854;DINÂNICA AUTOPEÇAS;-18.0126210;-49.3613256;RUA JURUÁ;608;;CENTRO;GOIATUBA;75600000;GO;DEUSMAR;dinamicapecas@yahoo.com.br;6434951061
855;BGP AUTOPEÇAS;-16.7163416;-49.2547424;AVENIDA QUARTA RADIAL;329;QD 87 LT 14;PEDRO LUDOVICO;GOIÂNIA;74830130;GO;BATISTA;bgpbatista@gmail.com;6232555353
856;BRANCO AUTOPEÇAS;-16.6666330;-49.2678074;RUA 15 A;349;QD 66 LT 02;AEROPORTO;GOIÂNIA;74070010;GO;BRANCO;jldistribuidora1@hotmail.com;6232254499
857;AUTOPEÇAS TAKAGI;-16.6270276;-49.3262499;AVENIDA MANGALÔ;370;QD 33 LT 07;MORADA DO SOL;GOIÂNIA;74475115;GO;TIAGO;tiago@takagi.com.br;6234241010
858;AUTOPEÇAS NEVES;-16.6139074;-49.3442245;AVENIDA DO POVO;1585;QD 51 LT 19;JARDIM LIBERDADE;GOIÂNIA;74480110;GO;ODETE;autopecasneves.odete01@gmail.com;6232982082
859;CASTRILLON AUTOPEÇAS;-16.3286490;-48.9534080;AVENIDA BRASIL;5540;;PARQUE SÃO JOÃO;ANÁPOLIS;75126207;GO;LUCIANO;gerencia.ana@castrillon.com.br;6239027200
860;CASTRILLON AUTOPEÇAS;-15.3119243;-49.1170006;AVENIDA GOIÁS NORTE;1975;;SÃO CRISTOVÃO;GOIANÉSIA;76381122;GO;RAFAEL;gerencia.goa@castrillon.com.br;6233898400
861;CASTRILLON AUTOPEÇAS;-13.4329160;-49.1424015;RUA 1;S/N;QD 01 LT 11,12;SETOR BOM JESUS;PORANGATU;76550000;GO;FABRÍCIO;gerencia.prt@castrillon.com.br;6233620500
862;AUTOPEÇAS JAICAR;-16.3599239;-48.9610923;AVENIDA BRASIL SUL;4113;QD 03 LT 07;SETOR SUL JAMIL MIGUEL;ANÁPOLIS;74124145;GO;WANDERLEI;wanderlei.jaicar@gmail.com;6234162803
863;AUTOPEÇAS JAICAR;-16.3415405;-48.9538587;AVENIDA BRASIL;1682;;CIDADE JARDIM;ANÁPOLIS;75080240;GO;LUCIENE;lucienejaicar@gmail.com;6234162816
864;CENTER PEÇAS E SERVIÇOS;-17.4459946;-51.1706225;AVENIDA EMÍLIO DA SILVEIRA LEAO;S/N;QD 14 LT 3;SANTA LUZIA;MONTIVIDIU;75915000;GO;OZIEL;centerpeças24@gmail.com;6436291309
865;DINÂMIKA AUTOPEÇAS;-16.6672866;-49.3238486;AVENIDA DOS PIRINEUS;428;QD 29A LT 22;RODOVIÁRIO;GOIÂNIA;74430140;GO;NELSON;dinamikaautopecasnj@gmail.com;6232951919
866;MC MÁQUINAS AUTOPEÇAS;-16.8055432;-49.9245118;AVENIDA HUMBERTO MENDONÇA;0;QD. 14 LT. 04;VILA AURORA;PALMEIRAS DE GOIÁS;76190000;GO;CLAYTON;mccotacao@gmail.com;6435713864
867;FUTURA CAMINHÕES;-18.4459463;-50.4375963;AVENIDA JUSCELINO KUBITSCHEK;23;QD 12 LT 12;PRIMAVERA;QUIRINÓPOLIS;75860000;GO;WANDO;furacaocaminhoeseonibus@hotmail.com;6436512266
868;ESTRELA DIESEL PEÇAS E SERVIÇOS;-18.4473782;-50.4374349;VIA LEOCÁDIO DE SOUZA REIS;43;KM 07;CENTRO;QUIRINÓPOLIS;75860000;GO;VINÍCIUS;estreladiesel@hotmail.com;6436511013
869;DR AUTO CENTER;-16.8058864;-49.9234298;RUA W1;S/N;QUADRA 20 LOTE 06;PARQUE AMAZONAS;PALMEIRAS DE GOIÁS;76190000;GO;RONEZ;drpalmeiras@yahoo.com.br;6435711466
870;WILLIAN AUTOPEÇAS;-16.8108691;-49.9148872;AVENIDA HUMBERTO MENDONÇA;S/N;QD 35 A LT 01;SÃO JOSÉ;PALMEIRAS DE GOIÁS;76190000;GO;WILLIAN;willianautopecas@uol.com.br;6435711998
871;POLIPEÇAS AUTOPEÇAS;-17.7926581;-50.9137989;RUA 4;S/N;QUADRA 1 LOTE 8;ALVORADA;RIO VERDE;75905660;GO;FÁBIO;fabiopolipecas@hotmail.com;6436128323
872;COOPERVEL AUTOPEÇAS E SERVIÇOS;-16.3581163;-49.5023864;AVENIDA BERNARDO SAYÃO;2778-A;;CENTRO;INHUMAS;75400000;GO;WILLIAN;coopervel@terra.com.br;6235112041
873;NOVA CAR;-17.9002365;-51.7247631;RUA JOAQUIM TOMAZ HONORATO;262;;JARDIM RIO CLARO;JATAÍ;75802020;GO;LAURA;novacar@gmail.com;6436326171
874;F&F AUTOPEÇAS;-23.5478340;-46.4262883;RUA LUIS MATEUS;619;;JARDIM SÃO PEDRO;SÃO PAULO;8420750;SP;RENATO;renatoluizp@hotmail.com;1125522858
875;SHOP CAR DISTRIBUIDORA DE PEÇAS;-20.0851342;-47.7896567;RUA OSWALDO CAMPOS;892;;JARDIM ARLINDO ALVES ALMEIDA;ARAMINA;14550000;SP;SERGIO;shopcarloja@hotmail.com;1637521405
876;ESSENCIAL AUTOPEÇAS;-20.3336799;-47.7955360;AVENIDA DOUTOR JOSÉ ANIBAL SOARES DE OLIVEIRA;1620;;CENTRO;ITUVERAVA;14500000;SP;VALDEIR;valdeir.carmo@hotmail,com;1638393131
877;AUTOPEÇAS LIDER;-20.2040852;-50.9266247;AVENIDA NAVARRO DE ANDRADE;1199;;CENTRO;SANTA FÉ DO SUL;15775000;SP;JOÃO;autopecas-lider@hotmail.com;1736311055
878;VM AUTOPEÇAS;-20.3344186;-47.7940296;AVENIDA DOUTOR JOSÉ ANIBAL SOARES DE OLIVEIRA;1463;;CENTRO;ITUVERAVA;14500000;SP;WILLIAN;williamvmpecas@gmail.com;1638305000
879;AUTOPEÇAS EQUIPEÇAS;-21.9306622;-50.5110767;RUA CARIJOS;559;;CENTRO;TUPÃ;17601-010;SP;MARIA DE FATIMA;equipecastupa@hotmail.com;(14) 3496-2585
880;ZAMAI AUTOPEÇAS;-21.9289494;-50.5175009;RUA CHERENTES;5;;CENTRO;TUPÃ;17600-090;SP;DENIZE;zamaiautopecas@hotmail.com;(14) 3496-7503
881;MULTI PEÇAS;-22.2320465;-50.8879562;RUA CORONEL GALDINO DE ALMEIDA;989;;CENTRO;RANCHARIA;18600000;SP;ALEX;ar8235215@gmail.com;1897014039
882;AUTOPEÇAS RECORD;-21.9297155;-50.5124472;RUA CARIJÓS;390;;CENTRO;TUPÃ;17601010;SP;VAGNER;recordpecas@terra.com.br;1434967000
883;SERGIO AUTOPEÇAS;-21.9344680;-50.5188580;AVENIDA TAMOIOS;1585;;CENTRO;TUPÃ;17600000;SP;VITOR;sergioaut.pecas@hotmail.com;1434961031
884;ALCEU AUTOPEÇAS;-21.9285331;-50.5277097;RUA NHAMBIQUARAS;836;;PARQUE DAS NAÇÕES;TUPÃ;17606000;SP;GUSTAVO;alceuautopecas@yahoo.com.br;1434912205
885;STILUS AUTOPEÇAS;-22.4251686;-50.5829903;AVENIDA SIQUEIRA CAMPOS;1860;;VILA NOVA;PARAGUAÇU PAULISTA;19700000;SP;LUCIMAR;lucimarrezendeppta@hotmail.com;1833617769
886;FRAZATTO AUTOPEÇAS;-21.2966051;-50.3559760;RUA JOSÉ ESTRADA;1657;;CENTRO;BIRIGUI;16204017;SP;MARCELO;frazatto@frazatto.com.br;1836412662
887;JONEICAR AUTOPEÇAS;-21.2860901;-50.3417446;RUA BARÃO DO RIO BRANCO;17;;CENTRO;BIRIGUI;16200000;SP;JOÃO HENRIQUE;joneicar@hotmail.com;1836424218
888;AUTOPEÇAS ET CAR;-22.4299318;-50.5841466;RUA DOMINGOS PAULINO VIEIRA;1073;;VILA ATHAIDE;PARAGUAÇU PAULISTA;19700000;SP;EDILSON;et_car@hotmail.com;1833614900
889;AUTOPEÇAS KB;-22.1259696;-51.3844651;AVENIDA BRASIL;1148;;VILA NOVA;PRESIDENTE PRUDENTE;19010032;SP;JOSÉ PEREIRA;autopecaskb@hotmail.com;1832232788
890;MARCÃO AUTOPEÇAS;-21.6787663;-51.0665666;RUA DA LIBERDADE;60;;VILA JAMIL DE LIMA;ADAMANTINA;17800000;SP;MARCOS;marcaoautopecas.adamantina@hotmail.com;1835229011
891;JOCAR AUTOPEÇAS;-23.4443878;-46.4480971;RODOVIA PRESIDENTE DUTRA;214;SMART OUTLET LOJA 403;CUMBICA;GUARULHOS;7210000;SP;MOÍSES;sac@jocar.com.br;1137970777
892;CAZÉ AUTOPEÇAS;-23.6288905;-46.7959560;RUA DAS OLARIAS;1005;;JARDIM SÃO SALVADOR;TABOÃO DA SERRA;6775005;SP;HELENO;cazeautopecas@yahoo.com.br;1141371488
893;DETROIT AUTOPEÇAS;-23.5169826;-46.1901237;AVENIDA FRANCISCO RODRIGUES FILHO;686;;VILA SARAH;MOGI DAS CRUZES;8840000;SP;ALLAN;allan@detroitautopecas.com.br;1147911330
894;GTS MOTOS;-23.4283441;-46.4990379;RUA JAMIL JOÃO ZARIF;59;;JARDIM SÃO JOSÉ;GUARULHOS;7143000;SP;RAFAEL;gts.motos@terra.com.br;1124518886
895;GTS MOTOS;-23.4432480;-46.5489709;RUA CACHOEIRA;768;;PICANÇO;GUARULHOS;7080000;SP;RAFAEL;gts.motos@terra.com.br;1124518886
896;GTS MOTOS;-23.4429769;-46.5490569;RUA CACHOEIRA;804;;JARDIM ROSA DE FRANÇA;GUARULHOS;7080000;SP;RAFAEL;gts.motos@terra.com.br;1124518886
897;MPS PARTS;-23.4276995;-46.5244701;RUA MILTON ANTÔNIO DE MAGALHÃES FIUSA;270;;JARDIM ADRIANA;GUARULHOS;7135060;SP;PAULO;mpspartsautopecas@gmail.com;1124116898
898;MERCADO PEÇAS BODÃO;-23.6031414;-46.9214198;AVENIDA PROFESSOR JOSÉ BARRETO;771;;VILA SÃO FRANCISCO;COTIA;6730001;SP;ALEXANDRE;mercadodepecasbodao@outlook.com;1141489300
899;MERCADO PEÇAS BODÃO;-23.5998436;-46.8965522;RODOVIA RAPOSO TAVARES;30650;;JARDIM DO RIO COTIA;COTIA;6705030;SP;FABIO;mercadodepecasbodao@outlook.com;1141489300
900;MERCADO PEÇAS BODÃO;-23.6112170;-47.0378645;RODOVIA BUNJIRO NAKAO;46127;;JARDIM MARGARIDA;COTIA;6730000;SP;VICTOR;mercadodepecasbodao@outlook.com;1141489300
901;MERCADO PEÇAS BODÃO;-23.6082804;-46.9464995;ESTRADA MORRO GRANDE;103;;PARQUE SANTA RITA DE CÁSSIA;COTIA;6700650;SP;ALEXANDRE;mercadodepecasbodao@outlook.com;1141489300
902;JÓIA AUTOPEÇAS;-23.6768023;-46.4607976;AVENIDA DOM JOSÉ GASPAR;908;;JARDIM HAYDEE;MAUÁ;9370670;SP;EDUARDO;joiaap@uol.com.br;1145131551
903;ELVYS AUTOPEÇAS;-23.6659580;-46.4405409;AVENIDA ITAPARK;5025;A;JARDIM ITAPARK;MAUÁ;9350000;SP;ELIAS;elvysautopecas@gmail.com;1145194090
904;MILLENIUM AUTOPEÇAS;-22.5729981;-44.9562933;RUA ENGENHEIRO ANTÔNIO PENIDO;1163;;VILA CANEVARI;CRUZEIRO;12710000;SP;FERNANDO;milleniumpneuscompras@gmail.com;1232118323
905;CDC AUTOPEÇAS;-23.0358069;-45.5567516;AVENIDA DESEMBARGADOR PAULO DE OLIVEIRA COSTA;68;;CENTRO;TAUBATÉ;12010230;SP;CARLOS;contato@cdcautopecas.com.br;1234138312
906;IWAMOTO AUTOPEÇAS;-22.9337196;-45.4622522;AVENIDA NOSSA SENHORA DO BOM SUCESSO;956;;CENTRO;PINDAMONHANGABA;12420010;SP;RAFAEL;iwamotoautopecas@hotmail.com;1236431944
907;MULT PEÇAS AUTOPEÇAS;-23.0437039;-45.5571836;AVENIDA DOUTOR FELIX GUISARD FILHO;551;;MONTE BELO;TAUBATÉ;12090600;SP;LUIZ;luizmultpecas@gmail.com;1234116330
908;MULT PEÇAS AUTOPEÇAS;-22.8213884;-45.2039109;AVENIDA PADROEIRA DO BRASIL;69;;FIGUEIRA;GUARATINGUETÁ;12504100;SP;RENAN;comprasmpguara@gmail.com;1221030300
909;LANIL AUTOPEÇAS;-22.3309354;-49.0487204;RUA JOSE DE AZEVEDO MARQUES;249;;VILA ENGLER;BAURU;17047110;SP;EDUARDO;lanilpecas@outlook.com;1432032038
910;AUTOPEÇAS PIRAJUENSE;-23.2163388;-49.3781610;AVENIDA HUMBERTO MARTIGNONI;126;;CENTRO;PIRAJU;18800000;SP;DITO;ap.pirajuense@hotmail.com;1433512888
911;CODIL AUTOPEÇAS;-23.9876918;-48.8932718;RUA HIGINO MARQUES;1339;;JARDIM MARINGÁ;ITAPEVA;18407120;SP;ROBSON;codil.itapeva@hotmail.com;1535223416
912;CASA DAS ENGRENAGENS;-22.9845741;-49.8660659;RUA DO EXPEDICIONÁRIO;969;;CENTRO;OURINHOS;19900041;SP;MURILO;casadasengrenagens@hotmail.com;1433262128
913;CASA DAS LONAS;-23.1059371;-48.9361132;AVENIDA JOSELYR MOURA BASTOS;396;;JARDIM PAINEIRAS;AVARÉ;18705760;SP;FABIANO;casalona_avare@hotmail.com;1437319235
914;AUGUSTO AUTOPEÇAS;-21.7435403;-48.6914978;RUA JOSE RODRIGUES DE CAMARGO;81;;JARDIM PLANALTO II;TABATINGA;14910000;SP;OSEAS;augustopecas@yahoo.com;1633853013
915;AUGUSTO AUTOPEÇAS;-21.7522139;-48.8407794;AVENIDA ENGENHEIRO IVANIL FRANCISCHINI;3140;;JARDIM SANTO ANDRÉ;IBITINGA;14940000;SP;LUCAS;augustopecas@yahoo.com;1633415050
916;IGUATEMI AUTOPEÇAS;-23.1061634;-48.9365713;AVENIDA JOSELYR MOURA BASTOS;356;;JARDIM PAINEIRAS;AVARÉ;18705760;SP;JULIANO;apiguatemi3@ig.com.br;1437322662
917;AUTOPEÇAS MARTINS;-23.2165816;-49.3781757;AVENIDA HUMBERTO MARTIGNONI;808;;CENTRO;PIRAJU;18800000;SP;LUCAS;caixa@autopecasmartins.com.br;1433514099
918;AUTOPEÇAS BAURU;-22.3194832;-49.0723228;RUA PRESIDENTE KENNEDY;551;;CENTRO;BAURU;17010030;SP;GILSON;autopecasbauru@hotmail.com;1432331111
919;NUNO AUTOPEÇAS;-22.3123230;-49.0718699;AVENIDA NUNO DE ASSIS;1079;;CENTRO;BAURU;17010120;SP;REINALDO;nunoautopecas@hotmail.com;1432064284
920;AUTOPEÇAS MIRO;-22.3181564;-49.0691308;AVENIDA NAÇÕES UNIDAS;720;;CENTRO;BAURU;17010130;SP;VINICIUS;autopecasmirobauru@hotmail.com;1432323335
921;AUTOPEÇAS MIRO;-22.3510695;-48.7769554;AVENIDA TIRADENTES;259;;CENTRO;PEDERNEIRAS;17280000;SP;OVILÇO;autopecasmiro@yahoo.com;1432523311
922;MOTO FAR;-23.3907205;-49.5101311;RUA ZICO LEONEL;368;;CENTRO;FARTURA;18870000;SP;AGNALDO;agnaldo.apolonio@hotmail.com;1433823687
923;3 DIESEL AUTOPEÇAS;-22.1854606;-47.3968214;AVENIDA JOAQUIM LOPES AGUILAR;1299;;VILA SÃO JOÃO;LEME;13614009;SP;ARISTON;comprs@3diesel.com.br;1935547474
924;RECOMPEÇAS;-22.1808648;-47.3843496;RUA MAJOR REFAEL LEME;22;;CENTRO;LEME;13610130;SP;RODRIGO;compras@recompecas.com.br;1935715420
925;BETÃO AUTOPEÇAS;-21.4581266;-47.0035850;AVENIDA TIRADENTES;516;;VILA SANTA CECÍLIA;MOCOCA;13733015;SP;ROBERTO;gerencia@grupolucatelli.com.br;1933652184
926;BETÃO AUTOPEÇAS;-21.8214691;-47.2568082;AVENIDA CONSTANTINO STOCCO;782;;JARDIM SANTA CECÍLIA;SANTA CRUZ DAS PALMEIRAS;13650000;SP;ROBERTO;gerencia@grupolucatelli.com.br;1936729222
927;BETÃO AUTOPEÇAS;-22.1807582;-47.3920089;AVENIDA JOAQUIM LOPES AGUILAR;1105;;VILA SANTUCCI;LEME;13617362;SP;ROBERTO;gerencia@grupolucatelli.com.br;1935546570
928;BETÃO AUTOPEÇAS;-21.7781167;-47.0749903;RUA CELINA SOARES;20;;CENTRO;CASA BRANCA;13700000;SP;ROBERTO;gerencia@grupolucatelli.com.br;1936716180
929;BETÃO AUTOPEÇAS;-22.0163479;-47.4203680;RUA FELIPE BOLLER JÚNIOR;4020;;JARDIM SÃO FERNANDO;PIRASSUNUNGA;13631120;SP;ROBERTO;gerencia@grupolucatelli.com.br;1935655959
930;BETÃO AUTOPEÇAS;-21.7015418;-47.2806487;AVENIDA PREFEITO THEODOMIRO CELESTINO;908;;CENTRO;TAMBAÚ;13710000;SP;ROBERTO;gerencia@grupolucatelli.com.br;1936734097
931;BETÃO AUTOPEÇAS;-21.8581255;-47.4867046;RUA NELSON PEREIRA LOPES;766;;CENTRO;PORTO FERREIRA;13660000;SP;ROBERTO;gerencia@grupolucatelli.com.br;1935853311
932;RIVERA AUTOPEÇAS;-22.3603680;-47.3661249;AVENIDA LORETO;979;;JARDIM FLORENÇO;ARARAS;13607200;SP;ROMUALDO;vendas@riverapecas.com;1935471100
933;RIVERA AUTOPEÇAS;-22.1888868;-47.3752326;AVENIDA VISCONDE NOVA GRANADA;933;;JARDIM SÃO FRANCISCO;LEME;13610200;SP;ROMUALDO;vendas@riverapecas.com;1935551101
934;INOVA AUTOPEÇAS;-22.9728532;-47.1457273;AVENIDA ARYMANA;648;;PARQUE UNIVERSITÁRIO;CAMPINAS;13056464;SP;HULLYAN;inovaautopecas@hotmail.com;1933253715
935;AUTOPEÇAS PAULISTA;-23.3436549;-47.8495870;RUA CAPITÃO LISBOA;274;;CENTRO;TATUÍ;18270070;SP;CARLOS ALBERTO;contatopaulistapecas@gmail.com;1532511071
936;BAHIA AUTOPEÇAS;-23.6804796;-46.6388384;AVENIDA CUPECÊ;5381;;CIDADE ADEMAR;SÃO PAULO;4365001;SP;WASHIGTON;compras@bahiapeças.com.br;1156219420
937;BRASKAPE AUTOPEÇAS;-23.6316098;-46.7021391;RUA AMERICO BRASILIENSE;1591;;CHÁCARA SANTO ANTÔNIO;SÃO PAULO;4715005;SP;KAUÊ;braskape@braskape.com.br;1151801690
938;BRASKAPE AUTOPEÇAS;-23.6035527;-46.6914186;RUA GUARARAPES;1696;;BROOKLIN;SÃO PAULO;4561003;SP;JACSON;braskape@braskape.com.br;1151051560
939;DAP AUTOPEÇAS;-23.6896172;-46.5829175;AVENIDA FAGUNDES DE OLIVEIRA;305;;PIRAPORINHA;DIADEMA;9950300;SP;FABIO;compras@dapautopeças.com.br;1140611655
940;IMPÉRIO MOTOS;-23.5375350;-46.6428340;RUA GUAIANASES;472;;CAMPOS ELÍSEOS;SÃO PAULO;1204000;SP;SERGIO;imperiomotoca@gmail.com;1133381481
941;KARBO AUTOPEÇAS;-23.6895281;-46.6158924;AVENIDA SETE DE SETEMBRO;747;;CENTRO;DIADEMA;9912010;SP;LACERDA;karbo.autopecas@gmail.com;1141733805
942;LICOMAIA AUTOPEÇAS;-23.6999631;-46.6139259;AVENIDA LICOMAIA;401;;VILA CONCEIÇÃO;DIADEMA;9881420;SP;PAULO;vendas05.licomaia@gmail.com;1140512380
943;MARACÁ AUTOPEÇAS;-23.6809941;-46.7694892;AVENIDA COMENDADOR SANTANA;263;;CAPÃO REDONDO;SÃO PAULO;5866000;SP;DAMIÃO;sac@maracaautopecas.com.br;1158735000
944;MARINO VANS AUTOPEÇAS;-23.6589086;-46.5674557;AVENIDA SENADOR VERGUEIRO;4411;;RUDGE RAMOS;SÃO BERNARDO DO CAMPO;9605000;SP;MARINO;vendas.marinovans@gmail.com;1143624124
945;MULTPEÇAS AUTOPEÇAS;-23.6321054;-46.7014391;RUA AMÉRICO BRASILIENSE;1517;;CHÁCARA SANTO ANTÔNIO;SÃO PAULO;4715003;SP;RODRIGO;compras@multpecas.com.br;1151808077
946;NORI AUTOPEÇAS;-23.8782318;-47.9921886;RUA EXPEDICIONÁRIOS;535;;CENTRO;SÃO MIGUEL ARCANJO;18230000;SP;FÁBIO;noriautopecas@hotmail.com;1532791234
947;NOVA SATURNO AUTOPEÇAS;-23.7016029;-46.5764580;AVENIDA ROBERT KENNEDY;1291;;PLANALTO;SÃO BERNARDO DO CAMPO;9895003;SP;DENIS;novasaturnoautopecas@uol.com.br;1143416242
948;REDE X AUTOPEÇAS;-23.6694981;-46.6493338;AVENIDA CUPECÊ;3786;;JARDIM PRUDÊNCIA;SÃO PAULO;4366001;SP;EDSON;vendasredex@hotmail.com;1156251891
949;YAPAL AUTOPEÇAS;-23.6676908;-46.6110344;AVENIDA ÁGUA FUNDA;88;;TABOÃO;SÃO BERNARDO DO CAMPO;9669100;SP;HUDSON;comprasyapal@gmail.com;1141784436
950;AUTOPARTS AUTOPEÇAS;-23.5332532;-47.1361008;RUA SOTERO DE SOUZA;273;;CENTRO;SÃO ROQUE;18130200;SP;LEANDRO;autoparts.sr@gmail.com;1147841211
951;CAR POINT AUTOPEÇAS;-23.5224608;-46.8914262;RUA BRIGADEIRO MANOEL RODRIGUES JORDÃO;141;;JARDIM SILVEIRA;BARUERI;6433010;SP;ROGÉRIO;carpointautopecas@yahoo.com;1143279075
952;JOCAR AUTOPEÇAS;-23.5235349;-46.6865776;RUA GUAICURUS;87;;LAPA;SÃO PAULO;5033000;SP;IGOR FÉLIX;sac@jocar.com.br;1137970777
953;JOCAR AUTOPEÇAS;-23.5729215;-46.7385749;AVENIDA CORIFEU DE AZEVEDO MARQUES;2657;;BUTANTÃ;SÃO PAULO;5339000;SP;ALEX;sac@jocar.com.br;1137970777
954;JOCAR AUTOPEÇAS;-23.4957283;-46.7085349;AVENIDA GENERAL EDGAR FACÓ;1225;;PIRITUBA;SÃO PAULO;2924000;SP;CLAUDINEI;sac@jocar.com.br;1137970777
955;RONI CHAVES;-29.1533433;-51.1493111;RODOVIA BR 116;16865;KM 147;PRESIDENTE VARGAS;CAXIAS DO SUL;95059520;RS;MARCOS;marcos.cassol@ronichaves.com.br;5430266555
956;RONI CHAVES;-31.7444639;-52.3982633;AVENIDA CIDADE LISBOA;1077;;FRAGATA;PELOTAS;96045010;RS;MIRIAN;mirian.rojahn@ronichaves.com.br;5330265155
957;RONI CHAVES;-29.9068086;-51.1761069;AVENIDA GETÚLIO VARGAS;6617;;CENTRO;CANOAS;92010011;RS;LEILA;leila.theobld@ronichaves.com.br;5130520996
958;RONI CHAVES;-28.2576236;-52.4526097;RUA ALONSO DE CAMARGO;1430;;INTEGRAÇÃO;PASSO FUNDO;99032040;RS;BENTO;bento.ferreira@ronichaves.com.br;5433106555
959;RONI CHAVES;-28.4207562;-53.9188787;RODOVIA RS 522;280;KM 01;DISTRITO INDUSTRIAL;IJUÍ;88803470;RS;ALEXANDRE;alexandre.mendes@ronichaves.com.br;5530401030
960;SOCCOL BARBIERI;-27.6571246;-52.2790951;RUA VALENTIN ZAMBONATO;181;;CENTRO;ERECHIM;99700392;RS;ALESSANDRO;alessandro@soccolbarbieri.com.br;5435209500
961;SOCCOL BARBIERI;-28.2677358;-52.3911580;RUA DUQUE DE CAXIAS;1145;;VILA NOVA;PASSO FUNDO;99070210;RS;LUIZ;gonzaga@soccolbarbieri.com.br;5433169500
962;SOCCOL BARBIERI;-29.9953951;-51.1457981;AVENIDA SERTÓRIO;5950;PAVILHÕES 17 E 18;SARANDI;PORTO ALEGRE;91060590;RS;ALEXSANDRO;alex@soccolbarbieri.com.br;5133499700
963;CHICO AMORTECEDOR;-29.4529430;-51.9627043;RUA JOSEPHINA PEDÓ;30;;SÃO CRISTOVÃO;LAJEADO;95913170;RS;EDER;capalongaamortecedores@gmail.com;5137482220
964;AUTOPEÇAS PADDOCK;-27.0640138;-48.8786577;RODOVIA ANTONIO HEIL;107;;CENTRO;BRUSQUE;88353100;SC;RODRIGO;contato@paddockautocenter.com.br;4733511021
965;VILA NORI;-25.4588002;-49.3154820;RUA JOÃO ALENCAR GUIMARÃES;1219;;SANTA QUITÉRIA;CURITIBA;80310420;PR;MARCELO;vilanori@vilanori.com.br;4130692069
966;VILA NORI;-25.3294868;-49.2736329;RUA ANTONIO JOHNSON;3761;;CACHOEIRA;ALMIRANTE TAMANDARÉ;83503000;PR;MARCIO;vilanori@vilanori.com.br;4136982069
967;VILA NORI;-25.3984391;-49.3402811;AVENIDA MANOEL RIBAS;7320;;BUTIATUVINHA;CURITIBA;82400000;PR;MARCELO;vilanori@vilanori.com.br;4130742069
968;VILA NORI;-25.3442310;-49.2987874;RUA VEREADOR WADISLAU BUGALSKI;4235;;BOTIATUBA;ALMIRANTE TAMANDARÉ;83511000;PR;MARLENE;vilanori@vilanori.com.br;4136578330
969;AUTOPEÇAS TOME;-25.2233001;-49.3489784;AVENIDA CRISPIM FURQUIM DE SIQUEIRA;365;;CENTRO;ITAPERUÇU;83560000;PR;TOMÉ;tome.financeiro@hotmail.com;4136032832
970;RONI CHAVES;-28.7276657;-49.3703468;RODOVIA LUIZ ROSSO;3675;;PRIMEIRA LINHA;CRICIÚMA;88803470;SC;JOÃO;compras@ronichaves.com.br;4830459555
971;SOCCOL BARBIERI;-26.8850370;-49.1062605;RUA DOUTOR FRTIZ MUELLER;540;;SALTO;BLUMENAU;89031620;SC;NETO;alexsandro@soccolbarbieri.com.br;4732218000
972;RODRIGUES PNEUS;-25.4540928;-52.9132415;AVENIDA IPÊ;3666;;CENTRO;QUEDAS DO IGUAÇU;85460000;PR;EDIPO;rodrigues_pneus@hotmail.com;4635324426
973;PUJANTE AUTOPEÇAS;-23.4156844;-51.9222476;AVENIDA COLOMBO;4080;;ZONA 7;MARINGÁ;87030120;PR;HUMBERTO;coordenador.mga@pujanteautopecas.com.br;4440099200
974;AUTOPEÇAS PABOCAR;-27.0898251;-52.6312344;RUA ALBERTO SANTOS DUMONT;1275;;SÃO CRISTOVÃO;CHAPECÓ;89803350;SC;ADAIR;pabocar@bol.com.br;4933221377
975;PALMAVEL;-26.4887095;-51.9880652;RUA MANOEL INÁCIO DE LOYOLA;1200;;CENTRO;PALMAS;85555000;PR;FLAVIO;palmavelpecas@hotmail.com;4632631680
976;AUTOPEÇAS UBA;-24.2436030;-51.6737205;AVENIDA BRASIL;805;;CENTRO;IVAIPORÃ;86870000;PR;HUGO;ubapecas@uol.com;4334724633
977;PARENTE AUTOPEÇAS;-22.8381722;-51.9726688;AVENIDA PARANÁ;1146;;CENTRO;COLORADO;86690-000;PR;DIEGO;parente_pecaseservicos@hotmail.com;4433232145
978;AUTOPEÇAS JORDÃO;-25.8418958;-51.9791849;TRAVESSA DOS CAMARÕES;S/N;;SEGREDO;RESERVA DO IGUAÇU;85195000;PR;VOLMIR;mecanica.jordao@hotmail.com;4236751113
979;ANTÔNIO AUTOPEÇAS;-19.4644403;-42.5377735;AVENIDA JUSCELINO KUBITSCHECK;860;;JARDIM PANORAMA;IPATINGA;35164245;MG;JUNIOR;caixaipatinga@aap.com.br;3138230722
980;ATUAL AUTOPEÇAS;-19.8248360;-43.9551517;AVENIDA DOM PEDRO PRIMEIRO;3000;;PLANALTO;BELO HORIZONTE;31720000;MG;BRUNO;compras@atualautopecas.com.br;3134438352
981;JARDEL AUTOPEÇAS;-19.8283379;-43.8896753;AVENIDA DOIS MIL TREZENTOS E DOIS;70;;SÃO GERALDO;BELO HORIZONTE;31920012;MG;JARDEL;financeirojardelbh@gmail.com;3134871000
982;BETESDA AUTOPEÇAS;-19.8272007;-43.9636123;PRAÇA JOSÉ BELÉM BARBOSA;10;;SÃO JOÃO BATISTA;BELO HORIZONTE;31515390;MG;OMAR;betesdaautopeca.adm@gmail.com;3134274902
983;REY MACO CHAM AUTOPEÇAS;-22.9512140;-46.5471886;AVENIDA DOUTOR CÂNDIDO FONTOURA DA SILVEIRA;219;;LAVAPÉS;BRAGANÇA PAULISTA;12903020;SP;MARCOS;reymacocham@uol.com.br;1140339006
984;REY MACO CHAM AUTOPEÇAS;-22.9360958;-46.5338081;AVENIDA LINDÓIA;656;;MATADOURO;BRAGANÇA PAULISTA;12910220;SP;MARCELO;reymacocham@uol.com.br;1140354614
985;REY MACO CHAM AUTOPEÇAS;-22.9322669;-46.5356077;AVENIDA DOS IMIGRANTES;5004;;POPO;BRAGANÇA PAULISTA;12926210;SP;ALEXANDRE;reymacocham@uol.com.br;1140339006
986;REY MACO CHAM AUTOPEÇAS;-22.9368056;-46.5344079;RUA VINTE UM DE ABRIL;455;;MATADOURO;BRAGANÇA PAULISTA;12910-020;SP;ALEXANDRE;reymacocham@uol.com.br;1140352619
987;NILO AUTOPEÇAS;-23.3173346;-46.5841679;AVENIDA TABELIÃO PASSARELA;206;;CENTRO;MAIRIPORÃ;7600027;SP;FERNANDO;gerentema@niloautopecas.net.br;1144198444
988;MERCADOCAR AUTOPEÇAS;-23.5754926;-46.5016718;AVENIDA ARICANDUVA;6049;;VILA ARICANDUVA;SÃO PAULO;3527000;SP;ELIAKIM;mercadocar@marcadocar.com.br;1122065000
989;MERCADOCAR AUTOPEÇAS;-23.4960944;-46.4030622;AVENIDA MARECHAL TITO;5699;;ITAIM PAULISTA;SÃO PAULO;8115100;SP;FABIANO;mercadocar@marcadocar.com.br;1122065000
990;JULIANO AUTOPEÇAS;-20.3130096;-48.3096399;RUA OITO;257;;CENTRO;GUAÍRA;15790000;SP;JULIANO;julianoantnonioguaira@gmail.com;1799790597
991;ADAUTO AUTOPEÇAS;-21.0657572;-49.6768408;AVENIDA JOAQUIM MOREIRA DA SILVA;2450;;SÃO JOSÉ;JOSÉ BONIFÁCIO;15200000;SP;CLAYTON;claytongumarques@hotmail.com;1732659999
992;DAMCOL AUTOPEÇAS;-21.4636997;-49.2192591;AVENIDA JOSÉ WILLBALDO DE FREITAS;440;;CENTRO;NOVO HORIZONTE;14960000;SP;ADRIANO;dario.nh@terra.com.br;1735423611
993;BIXIGA AUTOPEÇAS;-21.0669520;-50.1390406;AVENIDA BENEDITO ALVES RANGEL;1520;;CENTRO;BURITAMA;15290000;SP;ANDERSON;dusalomao20@gmail.com;1836912031
994;MULT PEÇAS AUTOPEÇAS;-21.4714561;-49.2267028;AVENIDA DOMINGOS BARALDO;2114;;CENTRO;NOVO HORIZONTE;14960000;SP;VINICIUS;semensatonabeiro@yahoo.com.br;1735421127
995;PNEU ILHA - PNEU E PEÇAS;-20.4322854;-51.3483370;AVENIDA BRASIL SUL;811A;;ZONA SUL;ILHA SOLTEIRA;15385000;SP;CESAR;pneuilha@hotmail.com;1837423688
996;DONATO AUTOPEÇAS;-21.1266708;-51.1048235;RUA RAFAEL PEREIRA;654;;CENTRO;MIRANDÓPOLIS;16800000;SP;DANILO;donato.autopecas@hotmail.com;1837013278
997;AUTOPEÇAS CHEVETE;-20.8890427;-51.3714301;AVENIDA GUANABARA;2440;;STELLA MARIS;ANDRADINA;16900000;SP;JOÃO PRETTE JUNIOR;oficinachevete@terra.com.br;1837223362
998;PONTIM AUTOPEÇAS;-20.8894083;-51.3710653;RUA PAULO AFONSO;1151;;STELLA MARIS;ANDRADINA;16900000;SP;LUIZ PONTIM;pontimautopecas@hotmail.com;1837225252
999;NICO AUTOPEÇAS;-21.7235163;-50.7201055;RUA PROFESSOR SUD MENUCCI;30;;CENTRO;RINÓPOLIS;17740000;SP;MALVINA;nicoautopecas@hotmail.com;1835831350
1000;MARIA CHICA AUTOPEÇAS;-21.4164397;-50.0787349;AVENIDA MARGINAL MARIA CHICA;1316;;CENTRO;PENÁPOLIS;16300000;SP;WESLEY;wesley.mariachica@outlook.com;1836521525
1001;APA AUTOPEÇAS;-21.4209516;-50.0800842;AVENIDA MANOEL BENTO DA CRUZ;71;;CENTRO;PENÁPOLIS;16300000;SP;WALDOMIRO;apacotacao@gmail.com;1836523063
1002;AUTOPEÇAS MACETÃO;-21.1330633;-51.1042152;RUA DAS NAÇÕES UNIDAS;333;;CENTRO;MIRANDÓPOLIS;16800000;SP;FABIO;apmacetaofiscal@gmail.com;1837011920
1003;GILBERTO AUTOPEÇAS;-22.1454834;-51.1736852;RUA NOVE DE JULHO;461;;CENTRO;MARTINÓPOLIS;19500000;SP;GILBERTO;duloveci_ap@hotmail.com;1832751364
1004;RODOPEÇAS;-21.9230463;-50.7362460;RUA DUQUE DE CAXIAS;845;;CENTRO;BASTOS;17690000;SP;LAUDEMIR;nair.galetti@hotmail.com;1434781128
1005;LOZANO AUTOPEÇAS;-21.9710393;-51.6527604;AVENIDA JOSÉ BONIFÁCIO;301;B;CENTRO;SANTO ANASTÁCIO;19360000;SP;SEBASTIÃO;lozanoautopecas@gmail.com;1832632800
1006;VALCIR AUTOPEÇAS;-21.8857677;-51.8372716;AVENIDA JORGE TIBIRIÇÁ;1321;;CENTRO;PRESIDENTE VENCESLAU;19400000;SP;VALCIR;valcirpecas2009@hotmail.com;1832722740
1007;RAVI AUTOPEÇAS;-21.9713808;-51.6538430;AVENIDA NOVE DE JULIO;38;;CENTRO;SANTO ANASTÁCIO;19360000;SP;VITOR;ravi.auto.pecas@hotmail.com;1832632250
1008;MARCÃO AUTOPEÇAS;-20.8902778;-51.3722222;AVENIDA GUANABARA;2290;;STELLA MARIS;ANDRADINA;16901100;SP;MARCOS;contato@marcaoautopecas.com.br;1837223464
1009;ANDRADE AUTOPEÇAS;-21.9179675;-50.7323812;RUA BARÃO DO RIO BRANCO;479;;CENTRO;BASTOS;17690000;SP;VANESSA;andradeautopecasbastos@outlook.com;1434782254
1010;ZEZINHO AUTOPEÇAS;-21.6773782;-51.0678105;AVENIDA MARECHAL CASTELO BRANCO;519;;VILA JAMIL DE LIMA;ADAMANTINA;17800000;SP;LUCIANO;lucianolotti@hotmail.com;1835213879
1011;UNIVERSO AUTOPEÇAS;-21.6841739;-51.0741720;RUA JOAQUIM NABUCO;226;;CENTRO;ADAMANTINA;17800000;SP;ALEXANDRE;autopuniverso@uol.com.br;1835211367
1012;JR CHUVISCO AUTOPEÇAS;-23.7108980;-46.8563492;RUA PARAÍBA;397;;PARQUE PARAÍSO;ITAPECERICA DA SERRA;6852060;SP;RILDO;autopecasjrc@uol.com.br;1146671429
1013;DIMAR AUTO E MOTO PEÇAS;-24.1777324;-46.7853398;RUA MARGINAL;702;;CIDADE ANCHIETA;ITANHAÉM;11740000;SP;JAMES;sac@autopecasdimar.com.br;1334275651
1014;DIMAR AUTO E MOTO PEÇAS;-24.1269889;-46.6918867;AVENIDA NOSSA SENHORA DE FÁTIMA;629;;AGENOR DE CAMPOS;MONGAGUÁ;11730000;SP;JAMES;sac@autopecasdimar.com.br;1334275651
1015;LG AUTOPEÇAS;-24.5009590;-47.8408542;AVENIDA HAGUEMU MATSUZAWA;387;;VILA RIBEIRÓPOLIS;REGISTRO;11900000;SP;LEANDRO;lgautopecas1162@gmail.com;1338221162
1016;NOVA LEÕES AUTOPEÇAS;-23.4458634;-46.5475090;RUA CACHOEIRA;444;;JARDIM ROSA DE FRANÇA;GUARULHOS;7080000;SP;BERNAVA;novaleoes2018@gmail.com;1124528939
1017;REVANCAR AUTOPEÇAS;-23.4136797;-46.4576197;AVENIDA MULUNGU;2507;;JARDIM SÃO JOÃO;GUARULHOS;7151380;SP;RENATO;revancar@yhaoo.com.br;1124664350
1018;RIALAN AUTOPEÇAS;-23.9261481;-46.4068341;RUA ESTADOS UNIDOS;40;;PARQUE SÃO LUÍZ;CUBATÃO;11533040;SP;EDSON;edson@rialanlitoral.com.br;1333652099
1019;RIALAN AUTOPEÇAS;-23.9600269;-46.2864628;AVENIDA SANTOS DUMONT;2397;;JARDIM BOA ESPERANÇA;GUARUJÁ;11460004;SP;BRUNO;bruno@rialanlitoral.com.br;1333821707
1020;ROTARY AUTOPEÇAS;-23.6478588;-46.8036032;AVENIDA JOÃO PAULO II;1018;;JARDIM SANTA TEREZA;EMBU DAS ARTES;6813015;SP;WASHINGTON;rotaryautopecas@gmail.com;1147820237
1021;ZONA DO CARRO;-23.4569804;-46.5618649;AVENIDA DOUTOR TIMÓTEO PENTEADO;4093;;VILA GALVÃO;GUARULHOS;7061003;SP;DANIEL;vendas@zonadocarro.com.br;1143727843
1022;CAP CARLITO AUTOPEÇAS;-23.9281752;-46.4021289;AVENIDA NOSSA SENHORA DE FÁTIMA;750;;JARDIM CASQUEIRO;CUBATÃO;11533030;SP;VERÔNICA;contato@capnet.com.br;1330234466
1023;MERCADOCAR AUTOPEÇAS;-23.4627918;-46.5255930;AVENIDA TIRADENTES;1872;;CENTRO;GUARULHOS;7113001;SP;SANDRA;sdomeciano@mercadocar.com.br;1122065000
1024;JÚNIOR MOTOS;-23.4162582;-46.4570172;AVENIDA MARCIAL LOURENÇO SERÓDIO;631;;CIDADE SERÓDIO;GUARULHOS;7151370;SP;JUNIOR;juniormotos77@hotmail.com;1124664237
1025;RIALAN AUTOPEÇAS;-23.6863462;-46.4690020;AVENIDA PAPA JOÃO XXIII;2257;A;PARQUE SÃO VICENTE;MAUÁ;9370800;SP;MÁRCIO;marcio@rialanlitoral.com.br;1140101650
1026;NOVA AUTOPEÇAS;-23.1742938;-45.8219608;AVENIDA DAS ROSAS;560;;JARDIM MOTORAMA;SÃO JOSÉ DOS CAMPOS;12224000;SP;ANDERSON;anderson.novaautopecas@yahoo.com;1239022353
1027;NOVA AUTOPEÇAS;-23.1740192;-45.8218503;AVENIDA DAS ROSAS;581;;JARDIM MOTORAMA;SÃO JOSÉ DOS CAMPOS;12224000;SP;ANDERSON;anderson.novaautopecas@yahoo.com;1239022353
1028;MERCADOCAR AUTOPEÇAS;-23.6655707;-46.5312313;AVENIDA RAMIRO COLLEONI;595;;CENTRO;SANTO ANDRÉ;9040160;SP;MARCO;sac.abc@mercadocar.com.br;1122065000
1029;RODOPEX AUTOMOTIVA;-22.4346229;-48.1673140;RUA DOM PEDRO I;111;;JARDIM PAULO LUPINO;TORRINHA;17360000;SP;SILVIO;financeiro@rodopex.com.br;1436561600
1030;GINEZ AUTOPEÇAS;-23.4925699;-48.4088575;RUA LUDOVICO HOMEM DE GOIS;302;;CENTRO;ANGATUBA;18240000;SP;GIOVANA;ginezangatuba@hotmail.com;1532559700
1031;MAQ MOTOS;-23.0968323;-48.9234245;RUA SÃO PAULO;1661;;CENTRO;AVARÉ;18700070;SP;LAURY;laury.seiji@terra.com.br;1437320544
1032;ROLACAR AUTOPEÇAS;-22.3113730;-49.0687230;AVENIDA DOUTOR NUNO DE ASSIS;1285;;CENTRO;BAURU;17020310;SP;ANDRÉ;rolacarautopecas@hotmail.com;1432010400
1033;BERIMBAU AUTOPEÇAS;-22.8699303;-48.4571379;RUA DOUTOR JAGUARIBE;1023;;VILA ANTÁRTICA;BOTUCATU;18608155;SP;ABELARDO;abelardo@grupoberimbau.com.br;1438113719
1034;COMAUTO AUTOPEÇAS;-22.2076196;-49.9540735;AVENIDA CASTRO ALVES;112;;CENTRO;MARÍLIA;17506000;SP;GILSON;gilson@comautopecas.com.br;1433115555
1035;MOTO SHOP BAURU;-22.3183636;-49.0697496;RUA ARAÚJO LEITE;819;;CENTRO;BAURU;17010160;SP;LINDOMAR;motoshopbauru@gmail.com;1432321997
1036;FARIA AUTOPEÇAS;-21.9893393;-49.4564044;RUA CONSELHEIRO RODRIGUES ALVES;134;;CENTRO;PIRAJUÍ;16600007;SP;CARLOS;fariautopecas150@hotmail.com;1435722253
1037;MARQUINHO AUTOPEÇAS;-22.2882637;-48.5652824;RUA PAISSANDU;1630;;VILA CARVALHO;JAÚ;17205110;SP;MARCO ROBERTO;marquinhoautopecasjau@gmail.com;1436244177
1038;AUTOPEÇAS SÃO CARLOS;-23.4229444;-49.0866478;AVENIDA ANTÔNIO JUSTINO VIEIRA;355;;JARDIM VILA RICA;ITAÍ;18730080;SP;JONAS;autosaocarlos@gmail.com;1437611026
1039;AUTOPEÇAS FABRI;-24.1082645;-49.3264271;RUA PRIMEIRO DE MAIO;662;;VILA OSÓRIO;ITARARÉ;18460000;SP;DENILSON;fabripecasvendas@hotmail.com;1535324647
1040;AUTOPEÇAS BRASILÂNDIA;-22.4793598;-48.5693572;RUA VALENTIN STEVANATO;122;;DISTRITO INDUSTRIAL;BARRA BONITA;17340000;SP;FABIANO;fabianocestari@hotmail.com;1436042400
1041;LURRICAR AUTOPEÇAS;-22.9001575;-49.6300278;RUA MARECHAL BITENCOURT;791;;CENTRO;SANTA CRUZ DO RIO PARDO;18900000;SP;LUIZ;lurricar@lurricar.com.br;1433721213
1042;3T AUTO PARTS LTDA;-22.1784564;-47.3901448;AVENIDA JOAQUIM LOPES ÁGUILA;1289;;VILA SÃO JOÃO;LEME;13614086;SP;ARISTON;compras@3tautoparts.com.br;1935715420
1043;AUTOPEÇAS JAPÁO;-21.1891165;-47.8285969;AVENIDA PIO XII;651;;VILA VIRGÍNIA;RIBEIRÃO PRETO;14030250;SP;FABIO;autopecasjapao@hotmail.com;1636375474
1044;SEMPRINI AUTOPEÇAS;-21.1559236;-47.8192311;AVENIDA DOM PEDRO I;726;;IPIRANGA;RIBEIRÃO PRETO;14055630;SP;MARCELO;sempriniautopecas@uol.com.br;1630234565
1045;ORIGINAL AUTO PARTES;-22.9206385;-47.0575037;AVENIDA MARECHAL CARMONA;840;;VILA SÃO JORGE;CAMPINAS;13041311;SP;EDNEY;financeiro@autopartesoriginal.com.br;1932327633
1046;DELTA AUTOPEÇAS;-22.9304171;-47.0998645;AVENIDA PRESIDENTE JUSCELINO;465;;JARDIM CAMPOS ELÍSEOS;CAMPINAS;13060858;SP;EDSON;contato@deltaautopecas.com.br;1933977577
1047;CAMPOS AUTOPEÇAS;-23.6923566;-46.6627450;ESTRADA DO ALVARENGA;1290;;JARDIM DA PEDREIRA;SÃO PAULO;4462000;SP;THIAGO;vendas@camposautopecas.com.br;1156131540
1048;CARRACING AUTOPEÇAS;-23.5833086;-46.7156515;AVENIDA PROFESSOR FRANCISCO MORATO;1714;;BUTANTÃ;SÃO PAULO;5512200;SP;GILBERTO;gilberto@carracing.com.br;1155550405
1049;CHOWA AUTOPEÇAS;-23.7739415;-46.7208669;RUA SADAMU INOUE;25;;JARDIM CASA GRANDE;SÃO PAULO;4685005;SP;VINICIUS;autopecaschowa@gmail.com;1159222054
1050;FEMATH AUTOPEÇAS;-23.7000628;-46.6136664;AVENIDA LICO MAIA;426;;VILA CONCEIÇÃO;DIADEMA;9981420;SP;MARCOS;femathautopecas@gmail.com;1140561940
1051;GINEZ AUTOPEÇAS;-23.5894826;-48.0581419;AVENIDA CINCO DE NOVEMBRO;163;;VILA NASTRI;ITAPETININGA;18270320;SP;DAVI;ginezescritorio@hotmail.com;1534721919
1052;KENNEDY AUTOPEÇAS;-23.7152729;-46.7064957;AVENIDA ATLÂNTICA;5535;ESQUINA RUA PARACAIMA 27;CIDADE DUTRA;SÃO PAULO;4805290;SP;THIAGO;contato@kennedyautopecas.com.br;1156685555
1053;NERY AUTOPEÇAS;-23.7172222;-46.6238889;AVENIDA NOSSA SENHORA DOS NAVEGANTES;237;;ELDORADO;DIADEMA;9972260;SP;CLAUDIO;autopecasnery@bol.com.br;1140435209
1054;RURELLI AUTOPEÇAS;-23.6624289;-46.7809493;ESTRADA ITAPECERICA;5572;;JARDIM ALVORADA;SÃO PAULO;5858000;SP;RUBENS;rurelli_pecas@hotmail.com;1158215099
1055;NILO AUTOPEÇAS;-23.2818016;-46.7460921;RUA VINTE E UM DE MARÇO;248;SALÃO 2;BELEM ESTAÇÃO;FRANCISCO MORATO;7901040;SP;ROBSON;gerentemo@niloautopecas.net.br;1144889900
1056;NILO AUTOPEÇAS;-23.3195763;-46.7257610;RUA HAMILTON PRADO;870;;CENTRO;FRANCO DA ROCHA;7801000;SP;ELIVELTON;gerentefc@niloautopecas.net.br;1148118111
1057;MERCADOCAR AUTOPEÇAS;-23.4780581;-46.6109887;AVENIDA NOVA CANTAREIRA;2203;;TUCURUVI;SÃO PAULO;2331003;SP;LUCAS;dlucas@mercadocar.com.br;1122065000
1058;MERCADOCAR AUTOPEÇAS;-23.5190702;-46.6782300;AVENIDA MARQUES DE SÃO VICENTE;2055;;BARRA FUNDA;SÃO PAULO;1139003;SP;WAGNER;wcampos@mercadocar.com.br;1122065000
1059;MERCADOCAR AUTOPEÇAS;-23.5191302;-46.6770069;AVENIDA MARQUES DE SÃO VICENTE;1697;;BARRA FUNDA;SÃO PAULO;1139003;SP;RODRIGO;afernando@mercadocar.com.br;1122065000
1060;CHINA AUTOPEÇAS;-23.4889244;-46.6508994;AVENIDA ENGENHEIRO CAETANO ÁLVARES;3808;;IMIRIM;SÃO PAULO;2413000;SP;EDSON;apchina7@gmail.com;1122385060
1061;SIBELI AUTOPEÇAS;-23.5167677;-46.8421439;AVENIDA DEPUTADO EMÍLI0 CARLOS;600;;CENTRO;CARAPICUÍBA;6310160;SP;AGUINALDO;financeiro@sibeli.com.br;1141828699
1062;SERGINHO AUTOPEÇAS;-23.4691559;-46.6618655;AVENIDA PARADA PINTO;869;;VILA NOVA CACHOEIRINHA;SÃO PAULO;2611003;SP;SERGIO;sueluis@hotmail.com;1122363767
1063;MATURO AUTOPEÇAS;-23.5303194;-46.6877186;RUA DESEMBARGADOR DO VALE;731;;VILA POMPEIA;SÃO PAULO;5010040;SP;MARCELO;marcelo@maturo.com.br;1138034890
1064;ORIENTAL AUTOPEÇAS;-23.5525963;-46.7495803;AVENIDA PRESIDENTE ALTINO;324;;JARAGUÁ;SÃO PAULO;5323000;SP;RICARDO;oriental-pecas@uol.com.br;1137146211
1065;SANVIER AUTOPEÇAS;-23.5236552;-46.8918570;AVENIDA MUNICIPAL;418;;JARDIM SILVEIRA;BARUERI;6433000;SP;PÉRICLES;apsanvier@gmail.com;1141940426
1066;EXCELSIOR;-30.0029312;-51.1874115;AVENIDA SERTÓRIO;1777;;SÃO JOÃO;PORTO ALEGRE;91020030;RS;MAXÍMO;faleconosco@excelsiorpneus.com.br;5133631777
1067;EXCELSIOR;-29.9976541;-51.1957987;AVENIDA FARRAPOS;4211;;SÃO GERALDO;PORTO ALEGRE;90220000;RS;ALCEU;faleconosco@excelsiorpneus.com.br;5133631777
1068;EXCELSIOR;-30.0872730;-51.2407485;AVENIDA ICARAÍ;990;;CRISTAL;PORTO ALEGRE;90810000;RS;NORONHA;faleconosco@excelsiorpneus.com.br;5133631777
1069;EXCELSIOR;-30.0454441;-51.2100883;AVENIDA IPIRANGA;1800;;SANTANA;PORTO ALEGRE;90160091;RS;ANDERSON;faleconosco@excelsiorpneus.com.br;5133631777
1070;EXCELSIOR;-29.9433855;-51.1766100;AVENIDA GETÚLIO VARGAS;2633;;CENTRO;CANOAS;92010013;RS;DANIEL;faleconosco@excelsiorpneus.com.br;5133631777
1071;EXCELSIOR;-29.9499950;-51.0998756;AVENIDA GENERAL FLORES DA CUNHA;1400;;CENTRO;CACHOEIRINHA;94910001;RS;JAIR;faleconosco@excelsiorpneus.com.br;5133631777
1072;EXCELSIOR;-29.6930556;-51.1288889;RUA PRIMEIRO DE MARÇO;988;;CENTRO;NOVO HAMBURGO;93320010;RS;CAMILA;faleconosco@excelsiorpneus.com.br;5133631777
1073;AUTO SINOS;-29.7103227;-51.1343451;RUA PRIMEIRO DE MARÇO;2971;;IDEAL;NOVO HAMBURGO;93332043;RS;LUCAS;autosinos@sinos.net;5135871879
1074;REDE AUTOPEÇAS;-29.1501252;-51.1898073;AVENIDA RUBEM BENTO ALVES;3921;;SANTA CATARINA;CAXIAS DO SUL;95032440;RS;PAULO;redeautopecas@terra.com.br;5432041000
1075;AUTOPEÇAS ARAUCÁRIAS;-25.5720012;-49.3858966;RODOVIA BR 476;7073;KM 155;CENTRO;ARAUCÁRIA;83702602;PR;CARLOS;vendas@autopecasaraucarias.com.br;4136141800
1076;AUTOPEÇAS BMK;-25.6926172;-48.4834135;RODOVIA ENGENHEIRO ARGUS THA HEYN;895;PR 407;PRAIA DE LESTE;PONTAL DO PARANÁ;83255000;PR;BRUNO;autopecasbmk@gmail.com;4134584572
1077;AUTOPEÇAS FORPARTS;-26.2683130;-48.8449099;RUA TENENTE ANTÔNIO JOÃO;898;;BOM RETIRO;JOINVILLE;89222401;SC;CASSIANO;sac@forparts.com.br;4734357999
1078;M AUTOPEÇAS;-25.6371712;-49.2985617;AVENIDA BRASIL;2083;;NAÇÕES;FAZENDA RIO GRANDE;83820262;PR;WELLINGTON;autopecas@grupomilani.com.br;4136081975
1079;AUTOPEÇAS REAL;-25.0855919;-50.1747272;PRAÇA GETULIO VARGAS;70;;NOVA RUSSIA;PONTA GROSSA;84070000;PR;DIOVANE;realestoque@hotmail.com;4232250555
1080;MOTO & CIA;-25.4082077;-52.4137953;RUA SETE DE SETEMBRO;2139;;CENTRO;LARANJEIRAS DO SUL;85301070;PR;FRANCIS MIKE;motoecia@gmail.com;4236356296
1081;ROTA WEST MOTO PEÇAS;-24.9615235;-53.4537520;RUA MARANHÃO;384;;CENTRO;CASCAVEL;85801051;PR;LORIVAL;compras@rotawest.com.br;4530352009
1082;MOTOVEL MOTO PEÇAS;-24.9838530;-53.4524224;RUA RIO DA PAZ;56;;NOVA CIDADE;CASCAVEL;85803100;PR;ADRIANO;motovel2009@hotmail.com;4532244603
1083;FAUSTO PNEUS AUTOPEÇAS;-25.3959933;-52.4113100;RUA IVAN FERREIRA DO AMARAL FILHO;83;;SÃO FRANCISCO;LARANJEIRAS DO SUL;85303000;PR;ALINE;faustopneuslaranjeiras@gmail.com;4236351089
1084;FAUSTO PNEUS AUTOPEÇAS;-25.5709088;-52.0500315;RUA MANOEL LOPES DE OLIVEIRA;186;;CENTRO;CANDÓI;85140000;PR;FAUSTO;faustocandoi03@hotmail.com;4236381003
1085;DELTA AUTOPEÇAS;-25.5071738;-54.5862613;RUA SANTO RAFAGNIN;1110;;VILA PORTES;FOZ DO IGUAÇU;85865370;PR;MARCOS;veridianagiollo@hotmail.com;4535288080
1086;NOGUEIRA AUTOPEÇAS;-3.1314886;-59.9895695;AVENIDA SILVES;918;A/2;CRESPO;MANAUS;69073175;AM;WILLIAM;williamapmanoa@gmail.com;9230303320
1087;DUMOTOS;-3.0272558;-60.0011489;AVENIDA FRANCISCO QUAIROZ;110;;COLÔNIA SANTO ANTÔNIO;MANAUS;69093000;AM;ELISON;dumotosmultimarcas@gmail.com;9230852231
1088;MARQUES MOTO E ELÉTRICA;-3.0241743;-60.0011419;AVENIDA FRANCISCO QUAIROZ;138;A/2;COLÔNIA SANTO ANTÔNIO;MANAUS;69093000;AM;FABIO;contato@marquesmoto.com;9235813943
1089;MARQUES MOTO E ELÉTRICA;-3.0738127;-60.0364549;AVENIDA DESEMBARGADOR JOÃO MACHADO;6342;;ALVORADA;MANAUS;69043000;AM;LUIZ;contato@marquesmoto.com;9232331515
1090;MARQUES MOTO E ELÉTRICA;-3.1072030;-60.0530599;AVENIDA BRASIL;29;;VILA DA PRATA;MANAUS;69030665;AM;JUNIOR;contato@marquesmoto.com;9233451055
1091;WMS AUTOPEÇAS;-17.3939149;-50.3817631;AVENIDA RIO BRANCO;102;;CENTRO;ACREÚNA;75960000;GO;WAGNER;wmspecasacreuna@gmail.com;6436451805
1092;UNICAR PEÇAS;-18.4432393;-50.4378116;AVENIDA JK;56;;JARDIM PRIMAVERA;QUIRINÓPOLIS;75860000;GO;VINICIUS;vinicius.unicar@hotmail.com;6436513069
1093;UNICAR PEÇAS;-18.4424954;-50.4380907;AVENIDA JK;S/N;QUADRA 25 LOTE 10 E 11;JARDIM PRIMAVERA;QUIRINÓPOLIS;75860000;GO;VINICIUS;vinicius.unicar@hotmail.com;6436513069
1094;FUSCAR AUTOPEÇAS;-15.8955691;-52.2528239;AVENIDA MINISTRO JOÃO ALBERTO;3;;CENTRO;PONTAL DO ARAGUAIA;78698000;MT;JOSÉ;fuscarautopecas@hotmail.com;6634012810
1095;AUTOPEÇAS INDIARA;-17.1415084;-49.9892880;AVENIDA PEDRO LUDOVICO TEIXEIRA;S/N;QD P LOTE 12;ALTO DA PRIMAVERA;INDIARA;75955000;GO;RENATO;mvvgomesautopecas@gmail.com;6435472027
1096;ALTERNATIVA AUTOPEÇAS;-16.6703487;-49.3039697;AVENIDA DOM EMANUEL;256;QD 11 LT 01A SALA 04;RODOVIÁRIO;GOIÂNIA;74430180;GO;WELLINGTON;compras@alternativaautopecas.com.br;6232513930
1097;ALTERNATIVA AUTOPEÇAS;-16.7084941;-49.2853114;AVENIDA T 9;2665;QD273 LT 17 SL 01;JARDIM AMERICA;GOIÂNIA;74255220;GO;WELLINGTON;compras@alternativaautopecas.com.br;6232513930
1098;ALTERNATIVA AUTOPEÇAS;-16.7462463;-49.2977871;AVENIDA RIO VERDE;S/N;QUADRA 94 LOTE 09 SALA 01;SETOR DOS AFONSOS;GOIÂNIA;74915420;GO;WELLINGTON;compras@alternativaautopecas.com.br;6232808400
1099;AUTOPEÇAS NACIONAL;-15.3891819;-49.9338049;AVENIDA FARNESE RABELO;300;;CENTRO;ITAPURANGA;76680000;GO;VINICIUS;autop.nacional@brturbo.com.br;6233551226
1100;AUTOPEÇAS NACIONAL;-15.5599279;-49.9428044;RUA 55;55;QUADRA 1 LOTE 12 SALA 3;JOAQUIM DA SILVA MOR;ITAPURANGA;76680000;GO;VINICIUS;autop.nacional@brturbo.com.br;6233551226
1101;AUTOPEÇAS REBOUÇAS;-15.8726606;-50.8693955;AVENIDA ALMIRANTE SALDANHA;1001;QUADRA 10 LOTE 17;VILA MARAJOARA;JUSSARA;76270000;GO;WILSON;autorebnoucas@hotmail.com;6236731628
1102;DINÂMICA MOTORES;-18.4473593;-50.4375945;VIA LEOCARDIO DE SOUSA REIS;41;;PARQUE PRIMAVERA;QUIRINÓPOLIS;75860000;GO;STEFANO;dinamicamotores@hotmail.com;6436511012
1103;GILCAR AUTOPEÇAS E ACESSÓRIOS;-15.7899389;-47.9770562;QUADRA 08 BLOCO 05 LOTE;6;LOJA 01;SOBRADINHO;BRASÍLIA;73005505;DF;RAIMUNDO;pinheirosoaresauto@hotmail.com;6133878413
1104;BIRIGÓ IMPORT AUTOPEÇAS;-15.7672338;-47.8931686;QUADRA 08 BLOCO 03 LOTE;3;LOJA 01;SOBRADINHO;BRASÍLIA;73005503;DF;EDMAR;birigoimport@gmail.com;6135916453
1105;BIRIGÓ AUTOPEÇAS;-15.8704317;-47.8715536;QUADRA 08 BLOCO 05 LOTE;7;LOJA 01;SOBRADINHO;BRASÍLIA;73035090;DF;MAURY;mrsiraci@yahoo.com.br;6135911519
1106;RM PEÇAS E SERVIÇOS;-15.7497618;-48.2821519;QUADRA 48 CONJUNTO A LOTE;37;SETOR 1;PARQUE DA BARRAGEM;ÁGUAS LINDAS DE GOIÁS;72911205;GO;RUCIKELLY;rmpecas2017@hotmail.com;6136136388
1107;I9 AUTOPEÇAS;-15.7497618;-48.2821519;QUADRA 48 CONJUNTO A LOTE;41;SETOR 1;PARQUE DA BARRAGEM;ÁGUAS LINDAS DE GOIÁS;72911205;GO;TIAGO;tiagoribeiroangelim@outlook.com;6136180513
1108;FEDERAL AUTOPEÇAS;-15.7282003;-48.2850563;QUADRA 48 CONJUNTO A LOTE;21;SETOR 1;PARQUE DA BARRAGEM;ÁGUAS LINDAS DE GOIÁS;72910000;GO;ERIOVALDO;federalpecas@gmail.com;6136181698
1109;OFICINACAR PEÇAS E SERVIÇOS;-15.8206164;-48.1081132;QUADRA QNN 02 CONJUNTO A LOTE;46;LOJA 01;CEILÂNDIA SUL;BRASÍLIA;72220021;DF;ALEX;alexcarvalho.iesb@gmail.com;6133782065
1110;AUTOPEÇAS 2 IRMÃOS;-9.8879022;-56.0880969;AVENIDA ARIOSTO DA RIVA;1465;;CENTRO;ALTA FLORESTA;78580000;MT;IZAIAS;moretticompras@hotmail.com;6635212990
1111;AUTOPEÇAS 2 IRMÃOS;-10.8045969;-55.4630258;RUA COLONIZADOR ROQUE GUEDES;1080;;JARDIM ELDORADO;COLÍDER;78500000;MT;ANTÔNIO;antonio.ap2irmaos@terra.com.br;6635414444
1112;AUTOPEÇAS 2 IRMÃOS;-9.9503660;-54.9119068;RUA DAS LARANJEIRAS;915;;PERÍMETRO URBANO;GUARANTÃ DO NORTE;78250000;MT;JOSIMAR;financeiroguaranta@autopecasdoisirmaos.com;6635523000
1113;AUTOPEÇAS 2 IRMÃOS;-11.8825149;-55.5020825;AVENIDA DOS JATOBAS;79;;SETOR INDUSTRIAL SUL;SINÓP;78557474;MT;JAILTO;comprassinop@autopecasdoisirmaos.com;6630155101
1114;AUTOPEÇAS 2 IRMÃOS;-20.4724229;-54.6173354;AVENIDA CALOGERAS;1128;;CENTRO;CAMPO GRANDE;79004381;MS;ONIVALDO;nivaldo2irmaos@hotmail.com;6733216393
1115;AUTOPEÇAS 2 IRMÃOS;-20.4560281;-54.6418451;AVENIDA JULIO DE CASTILHOS;1218;;VILA SOBRINHO;CAMPO GRANDE;79113000;MS;URIDE;urides2irmaos@hotmail.com;6733615551
1116;EDSON AUTOPEÇAS;-15.6458824;-56.1533128;AVENIDA GOVERNADOR JÚLIO JOSÉ DE CAMPOS;3768;;JARDIM GLÓRIA;VÁRZEA GRANDE;78140400;MT;REGINALDO;financeirovg@edsonautopecasmt.com.br;6636861805
1117;EDSON AUTOPEÇAS;-15.6329545;-56.0494761;AVENIDA FERNANDO CORREA DA COSTA;5398;;VISTA ALEGRE;CUIABÁ;78085700;MT;JORDECINO;vendasedsonvg@gmail.com;6536651805
1118;EDSON AUTOPEÇAS;-15.5963940;-56.0785690;AVENIDA MIGUEL SUTIL;4961;;BARRO DURO;CUIABÁ;78010500;MT;AUGUSTO;edsonautopecas@terra.com.br;6533226286
1119;EDSON AUTOPEÇAS;-15.6104440;-56.1000241;AVENIDA TENENTE CORONEL DUARTE;1949;;DOM AQUINO;CUIABÁ;78015285;MT;JORDELINO;nairinhalslp@hotmail.com;6533221805
1120;AUTOPEÇAS ASTEPE;-16.4084225;-49.2195065;AVENIDA JK;1205;;CENTRO;NERÓPOLIS;75460000;GO;LAURO;lauromarinhoastepe@hotmail.com;6235131180
1121;AUTOPEÇAS PERREIRA;-16.4063154;-49.2197304;AVENIDA JK;S/N;QD 07 LT 06;JARDIM PARAISO;NERÓPOLIS;75460000;GO;VININCÍUS;autopecasperreira@live.com;6235134597
1122;AUTOPEÇAS MEGA CAR;-16.4063154;-49.2197304;AVENIDA JK;S/N;QD 28 LT 01;JARDIM PARAISO;NERÓPOLIS;75460000;GO;GUTO;autopecasmegacar@gmail.com;6285467828
1123;SCAMPEÇAS;-16.6220126;-49.2639832;RUA 5;S/N;QD C LT 01F;CHÁCARAS RETIRO;GOIÂNIA;74665838;GO;NEILON;scampecas@hotmail.com;6232982082
1124;AUTOPEÇAS DO OSWALDO;-16.6223578;-49.2174643;AVENIDA VERA CRUZ;1134;;JARDIM GUANABARA;GOIÂNIA;74675830;GO;MARDEN;madenaugusto@bol.com.br;6232071302
1125;AUTOPEÇAS GUANABARA;-16.6261474;-49.2323430;AVENIDA SÃO FRANCISCO;1701;;SANTA GENOVEVA;GOIÂNIA;74672010;GO;ADELMO;guanabara-autopecas@hotmail.com;6232071438
1126;AUTOPEÇAS FILADÉLFIA;-10.6934581;-40.1043057;RUA DO CONTORNO;S/N;;CONTORNO;FILADÉLFIA;44775000;BA;DAIANA;pn.autopecas@yahoo.com.br;7435512662
1127;MICA MOTOS;-12.8567844;-38.4767596;AVENIDA AFRÂNIO PEIXOTO;27;;COUTOS;SALVADOR;40750090;BA;ADEMIR;ademirpereiradesantana@hotmail.com;(71) 98553-3664
1128;RONI AUTOPEÇAS;-17.0243560;-39.5401590;RUA VISCONDE DE CAIRU;304;;SANTO ANTÔNIO DO MONTE;ITAMARAJU;45836000;BA;ANTONIO;roni.itamaraju@roni.com.br;7332638200
1129;O ATACADÃO AUTOPEÇAS;-12.9383626;-38.4932974;AVENIDA AFRÂNIO PEIXOTO;297;;ITACARANHA;SALVADOR;40713580;BA;JASON;oatacadaoautopecas@gmail.com;7130342645
1130;AG  AUTOPEÇAS;-12.9037406;-38.4751676;AVENIDA SUBURBANA;71;;ITACARANHA;SALVADOR;40713580;BA;NEIDE;neidegarcez@ig.com.br;7133981246
1131;SANTOS ALVES AUTOPEÇA;-12.8508790;-38.4561596;RODOVIA BA-528;4;;FAZENDA COUTOS;SALVADOR;40730325;BA;HENRIQUE;sa.autopecas@outlook.com;7134083035
1132;BRUNO AUTOPEÇAS;-12.9413618;-38.4474854;AVENIDA SÃO LUIS;37;;PARIPE;SALVADOR;41301110;BA;BRUNO;autopecasbrunos@gmail.com;7135210512
1133;ANTONIO AUTOPEÇAS;-12.9413618;-38.4474854;AVENIDA SÃO LUIS;37;;PARIPE;SALVADOR;41301110;BA;ANTONIO;antoniojcsilva66@hotmail.com;7132115911
1134;GALVÃO COMÉRCIO E SERVIÇOS PARA AUTOS;-12.9685576;-39.2702183;RUA 31 DE MARÇO;164;;ANDAIA;SANTO ANTÔNIO DE JESUS;44572520;BA;AIRAM;galvaoautopecas@yahoo.com.br;7536316119
1135;SOKERO MOTOS;-12.9468931;-38.4826411;AVENIDA GENERAL SAN MARTIN;185;;FAZENDA GRANDE DO RETIRO;SALVADOR;40355000;BA;LUCILIA;sokeromotos@gmail.com;(71) 99232-2650
1136;O VAREJÃO AUTOPEÇAS;-13.2264241;-39.5121889;AVENIDA CRUZEIRO;1173;;CENTRO;MUTUÍPE;45480000;BA;MESSIAS;amg@ovarejao.com.br;7536324585
1137;AURI AUTOEÇAS;-5.8144391;-35.2314836;AVENIDA CORONEL ESTEVAM;3314;;NOSSA SENHORA DE NAZARE;NATAL;59062200;RN;FLAMEL;auri@auriautopecas.com.br;8432039600
1138;AURI AUTOEÇAS;-5.8161560;-35.2321027;AVENIDA CORONEL ESTEVAM;3500;;NOSSA SENHORA DE NAZARE;NATAL;59062200;RN;ALLAN;auri@auriautopecas.com.br;8430870000
1139;AURI AUTOEÇAS;-5.8706575;-35.2194041;AVENIDA DÃO SILVEIRA;5964;;CANDELARIA;NATAL;59066180;RN;OSVALDO;auri@auriautopecas.com.br;8432183452
1140;AURI AUTOEÇAS;-5.7645989;-35.2543768;AVENIDA DOUTOR JOÃO MEDEIROS FILHOS;1270;;POTENGI;NATAL;59108550;RN;LUCAS;auri@auriautopecas.com.br;8432050000
1141;AURI AUTOEÇAS;-5.9268068;-35.2673871;RUA DOUTOR GENTIL FERREIRA DE SOUZA;1;;COHABINAL;PARNAMIRIM;59140720;RN;FELIPE;auri@auriautopecas.com.br;8436479400
1142;AURI AUTOEÇAS;-5.2020287;-37.3378262;AVENIDA PRESIDENTE DUTRA;993;;ILHA DE SANTA LUZIA;MOSSORÓ;59625000;RN;RICARDO;auri@auriautopecas.com.br;8433185800
1143;AURI AUTOEÇAS;-6.2811555;-35.2017481;RUA LUIZ BELARMINO DA COSTA;2029;;ESTAÇÃO;GOIANINHA;59173000;RN;NATHAN;auri@auriautopecas.com.br;8432432401
1144;AURI AUTOEÇAS;-7.1574087;-34.8387855;RUA WALFREDO MACEDO BRANDÃO;1000;;JARDIM;JOÃO PESSOA;58052200;PB;JADEANE;auri@auriautopecas.com.br;8332557000
1145;AURI AUTOEÇAS;-5.7632379;-35.2880088;AVENIDA RUY PEREIRA DOS SANTOS;23;;OLHO D´AGUA;SÃO GONÇALO DO AMARANTE;59255444;RN;BRUNO;auri@auriautopecas.com.br;8432237496
1146;AURI AUTOEÇAS;-5.8041918;-35.2072151;AVENIDA PRUDENTE DE MORAIS;2461;LOTE 17;BARRO VERMELHO;NATAL;59022550;RN;IARA;auri@auriautopecas.com.br;8430870187
1147;AURI AUTOEÇAS;-7.1367353;-34.9210599;AVENIDA FRANCISCO MARQUES DA FONSECA;3951;;ALTO DA BOA VISTA;BAYEUX;58113030;PB;DAYANE;auri@auriautopecas.com.br;8332557002
1148;MAS AUTO SERVIÇO;-8.0870843;-34.9099698;RUA DEOLINDO TAVARES;171;;IMBIRIBEIRA;RECIFE;51170070;PE;MARCONI;marconiautoservicos@hotmail.com;8133391542
1149;RALLY MOTOS COMÉRCIO;-7.2170023;-35.8864450;RUA JOÃO SUASSUNA;93;;CENTRO;CAMPINA GRANDE;58400036;PB;EPAMINÔNDAS;epaminondas@rallymotos.net;8330632222
1150;AUTOPEÇAS ROCHA;-9.3726915;-37.2463947;PRAÇA SENADOR ENÉAS ARAUJO;35;;CENTRO;SANTANA DO IPANEMA;57500000;AL;LUCAS;cintrarocha@hotmail.com;(82) 99969-5446
1151;CEBOLA AUTOPEÇAS;-9.3798892;-37.9968851;RUA FLORIANO PEIXOTO;253;;CENTRO;DELMIRO GOUVEIA;57480000;AL;MÁRCIO;cebola.autopecas@hotmail.com;(82) 99900-9375
1152;CASCATINHA AUTOPEÇAS;-6.7669331;-37.7953066;RUA ODILON LOPES;876;;CENTRO;POMBAL;58840000;PB;CASCATINHA;ffautopecaspb@gmail.com;8334313102
1153;OFICINA SAPÉ AUTOPEÇAS;-7.1175607;-35.2395444;RODOVIA PB 073;S/N;KM 11;CENTRO;SAPÉ;58340000;PB;JIMMY;oficinasapeautopecas@hotmail.com;8332832565
1154;MOTO PEÇAS UNIVERSO;-7.2262179;-37.2537740;RUA PADRE VICENTE XAVIER;77;;CENTRO;TEIXEIRA;58735000;PB;KELSON;mpuniverso@hotmail.com;(83) 99655-9007
1155;CAPITAL MOTOS;-7.1183529;-34.8887240;RUA PADRE AZEVEDO;385;;VARADOURO;JOÃO PESSOA;58010360;PB;JAM;capitalmotoscompras@gmail.com;8332416986
1156;RADICAL MOTOS;-7.1182196;-34.8884244;RUA PADRE AZEVEDO;419;;VARADOURO;JOÃO PESSOA;58010360;PB;JAM;radicalmotoscompras@gmail.com;8331130943
1157;VENCEREMOS AUTOPEÇAS;-7.0252849;-37.2788121;RUA MAJOR WANDERLEY;64;;CENTRO;PATOS;58700220;PB;JOSINALDO;venceremos.autopecas@gmail.com;8334221350
1158;VIL MARCOS AUTOPEÇAS;-8.5130526;-35.1253071;RUA MARIA FIRMINA;209;;CAMELA;IPOJUCA;55590000;PE;MARCOS;mariaasenet30@hotmail.com;8135514099
1159;AUTOPEÇAS KOMBI CAR;-8.0826445;-34.9440373;RUA LORENA;104;CASA B;JARDIM SÃO PAULO;RECIFE;50790030;PE;ERON;eron_alex@hotmail.com;8130390611
1160;CENTRAL DAS PEÇAS;-8.0157530;-34.8680195;AVENIDA PRESIDENTE KENNEDY;1354;;PEIXINHOS;OLINDA;53230630;PE;MARINHO;centraldaspecas_me@hotmail.com;8132431806
1161;GRUPO S A BATERIAS;-9.6689221;-35.7481383;AVENIDA SIQUEIRA CAMPOS;839;;PRADO;MACEIÓ;57010000;AL;THIAGO;gruposamaceio@gmail.com;8230332114
1162;AUTO CEZAR;-9.5736242;-35.7728741;AVENIDA DURVAL DE GOES MONTEIRO;3837;;TABULEIRO DOS MARTINS;MACEIÓ;57061000;AL;JEFFERSON;apcezar@ig.com.br;8233246398
1163;ITAUPEÇAS;-7.1169690;-34.8892542;RUA MACIEL PINHEIRO;350;;VARADOURO;JOÃO PESSOA;58010130;PB;VALFRIDO;itaupecas@hotmail.com;8332229231
1164;NOVA AUTOPEÇAS;-1.3780870;-48.3951187;RODOVIA BR 316 KM 05;587;;ÁGUAS LINDAS;ANANINDEUA;68020631;PA;FERREIRA;jose.ferreira@novaautopecas.com.br;9132029200
1165;NOVA DIESEL;-1.3866273;-48.4079474;RODOVIA BR 316 KM 03;333;;GUANABARA;ANANINDEUA;67043970;PA;WALTER;comercial@novaautopecas.com.br;9132059200
1166;NOVA AUTOPEÇAS;-1.2970090;-47.9348727;AVENIDA PRESIDENTE GETÚLIO VARGAS;1399;;NOVA OLINDA;CASTANHAL;68740005;PA;FERREIRA;jose.ferreira@novaautopecas.com.br;9132059200
1167;NOVA AUTOPEÇAS GUAJARÁ;-1.3491133;-48.3926369;TRAVESSA SN 21;32;RUA 4;COQUEIRO;ANANINDEUA;67143810;PA;WALTER;comercial@novaautopecas.com.br;9132059200
1168;PONTO DA VAN AUTOPEÇAS;-1.3866273;-48.4079474;RODOVIA BR 316 KM 03;5500;;COQUEIRO;ANANINDEUA;67015220;PA;ANTONIO;pontodavan@hotmail.com;9132350294
1169;PONTO DA VAN AUTOPEÇAS;-3.6668569;-45.3769915;AVENIDA MARECHAL CASTELO BRANCO;3636;;JARDIM NOVA ERA;SANTA INÊS;65306000;MA;ANDREZA;andrezafarias@pontodavan.com.br;9182900012
1170;PONTO DA VAN AUTOPEÇAS;-1.3059591;-48.4727327;TRAVESSA DOS BERREDOS;482B;CONJUNTO AUGUSTO MONTENEGRO QUADRA 8;AGULHA (ICOARACI);BELÉM;66811005;PA;INGRID;pontodavan@hotmail.com;9132278601
1171;PONTO DA VAN AUTOPEÇAS;-1.2966310;-47.9292870;AVENIDA PRESIDENTE GETÚLIO VARGAS;2051;;CENTRO;CASTANHAL;68740005;PA;LUCIANE;pontodavan@hotmail.com;9137218407
1172;AUTOPEÇAS CIDADE NOVA;-1.3518116;-48.3982237;TRAVESSA WE 70;752;CONJUNTO CIDADE NOVA VII;COQUEIRO;ANANINDEUA;67140000;PA;FERNANDO;apcnova_752@htomail.com;9132630840
1173;AUTOPEÇAS REGIONAL;-1.3421532;-48.4677466;ESTRADA DO TAPANÃ;38;;TAPANÃ(ICOARACI);BELÉM;66825010;PA;ALISON;apcnova_752@htomail.com;9182238322
1174;DAL COMÉRCIO DE AUTOPEÇAS;-1.2981491;-48.4849265;AVENIDA DOUTOR LOPO DE CASTRO;517;;CRUZEIRO DE ICOARACI;BELÉM;66810000;PA;MATHEUS;auto2014icoaraci@outlook.com;9132478400
1175;AUTOPEÇAS REGIS;-1.4501022;-48.4660570;RUA DEODORO MENDONÇA;376;;SÃO BRAZ;BELÉM;66090150;PA;JOÃO;autoregis_376@hotmail.com;9132260814
1176;PNEUS JACK AUTOPEÇAS;-1.4591786;-48.4734386;RUA DOS PARIQUIS;3424;;CREMAÇÃO;BELÉM;66040045;PA;JÚNIOR;apcnova_752@htomail.com;9132270870
1177;RONDÃO MOTO CENTER;-1.4072332;-48.4397026;AVENIDA PEDRO ALVARES CABRAL;1921;;MARAMBAIA;BELÉM;66613150;PA;SANDRO MARQUES;rondaomotos55@gmail.com;9132445194
1178;RONDÃO PEÇAS;-1.1299790;-47.6202840;AVENIDA JOÃO PESSOA;3491;;CENTRO;IGARAPÉ-AÇU;68726000;PA;JOÃO;rondaomotos55@gmail.com;9132445194
1179;RONDÃO MOTO CENTER;-1.3446785;-48.3969533;TRAVESSA WE 84;1272;CONJUNTO CIDADE NOVA VI;CIDADE NOVA;ANANINDEUA;67140250;PA;WELLINGTON;hondao22@hotmail.com;9132352029
1180;RONDÃO MOTO CENTER;-1.4670505;-48.4762766;AVENIDA ALCINDO CACELA;3371;;CONDOR;BELÉM;66065213;PA;VALÉRIA;rondaoac@hotmail.com;9132491776
1181;RONDÃO MOTO CENTER;-1.2963859;-48.1613991;AVENIDA BENJAMIN CONSTANT;1316;;CENTRO;SANTA IZABEL DO PARÁ;68790000;PA;ADRIANA;rondaofinanceiro@hotmail.com;9132381919
1182;RONDÃO MOTOS;-1.2920199;-47.9241662;RUA PAES DE CARVALHO;3051;;CENTRO;CASTANHAL;68743060;PA;MARCOS;rondaomotos55@gmail.com;9137442236
1183;BRASIL AUTOPEÇAS;-23.1166859;-46.5668678;RUA ENGENHEIRO SILVIO ALVIM SOARES;481;;ALVINÓPOLIS;ATIBAIA;12942520;SP;GUSTAVO;contato@autopecasbrasil.com.br;1144141500
1184;LEVES E PESADOS AUTOPEÇAS;-23.5496552;-46.4997558;AVENIDA ITAQUERA;2695;;JARDIM MARINGÁ;SÃO PAULO;3526000;SP;VALTER;vendas@levesepesados.com.br;1127443333
1185;DOMÍNIO AUTOPEÇAS;-23.5335942;-46.4984450;RUA PINHAL;283;;CIDADE PATRIARCA;SÃO PAULO;3564040;SP;BRUNO;contato@autopecasdominio.com.br;1121323400
1186;DOMÍNIO AUTOPEÇAS;-23.5677318;-46.5098882;AVENIDA RIO DAS PEDRAS;1553;;JARDIM ARICANDUVA;SÃO PAULO;3453100;SP;BRUNO;contato@autopecasdominio.com.br;1131230800
1187;CARECA AUTOPEÇAS;-23.5480599;-46.4616141;AVENIDA ITAQUERA;7438;;ITAQUERA;SÃO PAULO;8295000;SP;MINEIRO;contato@carecaautopecas.com.br;1126820000
1188;CARECA AUTOPEÇAS;-23.5216329;-46.5170705;AVENIDA AMADOR BUENO DA VEIGA;3043;;PENHA;SÃO PAULO;3653000;SP;RAFAEL;contato@carecaautopecas.com.br;1126820000
1189;CARECA AUTOPEÇAS;-23.5953361;-46.4509807;AVENIDA RAGUEB CHOHFI;3602;;JARDIM IGUATEMI;SÃO PAULO;8341410;SP;JOELMA;contato@carecaautopecas.com.br;1126820000
1190;SÃO BENTO AUTOPEÇAS;-23.5329630;-46.4299763;RUA DAMASIO PINTO;2219;;PARADA XV DE NOVEMBRO;SÃO PAULO;8247000;SP;SEVERINO;irmaosbento.adm@gmail.com;1122861082
1191;SÃO BENTO AUTOPEÇAS;-23.5389427;-46.4091595;RUA GENERAL AMERICANO FREIRE;100;;GUAIANAZES;SÃO PAULO;8440300;SP;RONI;irmaosbento.adm@gmail.com;1120797691
1192;AUTOPEÇAS BRAGHIM;-20.4434834;-48.0132924;RUA AMÉRICO BRASILIENSE;606;;CENTRO;IPUÃ;14610000;SP;BRAGHIM;braghimautopecas@hotmail.com;1638323067
1193;GIBA AUTOPEÇAS;-20.4241181;-49.9627833;AVENIDA JOÃO GONÇALVES LEITE;4565;;JARDIM ALVORADA;VOTUPORANGA;15505000;SP;GIBA;gibaautopecas@outlook.com;1734236894
1194;ABC AUTOPEÇAS;-20.3354416;-47.7880722;AVENIDA DOUTOR JOSÉ ANIBAL SOARES DE OLIVEIRA;809;;CENTRO;ITUVERAVA;14500000;SP;VAGNER;abcpecasgm@gmail.com;1637295675
1195;AUTOPEÇAS AGUAPEI;-21.2102511;-50.4602360;AVENIDA GOVERNADOR MARIO COVAS;3898;;JARDIM AMÉRICA;ARAÇATUBA;16071003;SP;VLADIMEIR;apaguapei@yahoo.com.br;1836229000
1196;PALÁCIO DAS PEÇAS;-21.2921460;-50.3375699;RUA NOVE DE JULHO;25;;CENTRO;ARAÇATUBA;16200280;SP;CARLOS;palaciodaspecas@hotmail.com;1836444348
1197;PAMPA CAR AUTOPEÇAS;-21.2138589;-50.4615589;RUA CUSSY DE ALMEIDA JÚNIOR;3049;;JARDIM DO PRADO;ARAÇATUBA;16025050;SP;ARMANDO;pampacaradm@hotmail.com;1836361010
1198;FLORIPEÇAS;-21.6162345;-51.1698746;AVENIDA JOSÉ FROIO;312;;CENTRO;FLÓRIDA PAULISTA;17830000;SP;JUCILEIA;floripecasmarcelo@hotmail.com;1835811245
1199;ZEZINHO AUTOPEÇAS;-21.7897774;-50.8797413;AVENIDA D0UTOR MIRANDA;1153;;CENTRO;OSVALDO CRUZ;17700000;SP;JOSÉ DENI MARANI;josedenimarani@terra.com.br;1835283831
1200;REGIS AUTOPEÇAS;-21.5080712;-51.4343964;AVENIDA SETE DE SETEMBRO;1074;;CENTRO;JUNQUEIRÓPOLIS;17890000;SP;MARCIO;regis_autopecas2020@hotmail.com;1838411067
1201;MIRO AUTOPEÇAS;-21.5078108;-51.4347209;AVENIDA SETE DE SETEMBRO;1118;;CENTRO;JUNQUEIRÓPOLIS;17890000;SP;MARCELO;miroautopecasjunk@hotmail.com;1838411505
1202;AUTOPEÇAS LIDER;-21.3895677;-51.5750528;AVENIDA NOVE DE JULHO;297;;CENTRO;TUPI PAULISTA;17930000;SP;MARCOS;liderautopecastp@terra.com.br;1838511980
1203;NETO & LOPES AUTOPEÇAS;-21.7217198;-51.0197783;RUA DORIVAL RODRIGUES DE BARROS;1666;;CENTRO;LUCÉLIA;17780000;SP;JOÃO;netoelopes@outlook.com;1835512082
1204;AUTOPEÇAS PACAEMBU;-21.5629969;-51.2643574;RUA DEPUTADO CASTRO CARVALHO;575;;CENTRO;PACAEMBU;17860000;SP;ENZO;autopecaspacaembu.jj@hotmail.com;1838621211
1205;AUTOPEÇAS CONTINENTAL;-22.7871505;-50.2213726;AVENIDA REGINALDA LEÃO;323;;CENTRO;PALMITAL;19970000;SP;LEONARDO;aecontinental@hotmail.com;1833511519
1206;AUTOPEÇAS CENTRAL;-22.7837064;-50.2212192;RUA JOAQUIM NASCIMENTO LOURENÇO;206;;CENTRO;PALMITAL;19970000;SP;LUIZ MARTINS;apcentralmartins@gmail.com;1833513986
1207;AUTOPEÇAS IEPÊ;-22.6578610;-51.0780480;RUA JOÃO GARCIA DE OLIVEIRA;17;;CENTRO;IEPÊ;19650000;SP;RODOLFO;autopecasiepe@hotmail.com;1832641564
1208;AUTOPEÇAS ESTRELA D'OESTE;-21.6822615;-51.0707276;AVENIDA ANTONIO LIVIRON;798;;CENTRO;ADAMANTINA;17800000;SP;RODRIGO;estrela.doeste@hotmail.com;1835214838
1209;FERRARI AUTOPEÇAS;-21.6907770;-51.0770461;AVENIDA DOUTOR ADHEMAR DE BARROS;675;;CENTRO;ADAMANTINA;17800000;SP;SEVERINO;ferrariadamantina@hotmail.com;1835215010
1210;SATÉLITE AUTOPEÇAS;-21.6798681;-51.0694094;AVENIDA MARECHAL CASTELO BRANCO;245;;VILA JAMIL DE LIMA;ADAMANTINA;17800000;SP;SILAS;satelite.adamantina@gmail.com;1835214147
1211;MARCO PEÇAS;-21.2045701;-50.4523759;RUA PORANGABA;480;;JARDIM INDÚSTRIAL;ARAÇATUBA;16035310;SP;MARCOS QUIRINO;marcopecas@terra.com.br;1835193575
1212;BOYA AUTOPEÇAS;-21.2991752;-50.3584661;AVENIDA SÃO FRANSCICO;1780;;CENTRO;BIRIGUI;16200000;SP;CARLOS;boya@boya.com.br;1836422226
1213;BRASIL AUTOPEÇAS;-21.2103003;-50.4533290;RUA MARECHAL DEODOROK;1501;;SÃO JOÃO;ARAÇATUBA;16025020;SP;VALDIR;brasil_autopecas@hotmail.com;1836257918
1214;CENTRAL AUTOPEÇAS;-21.2994930;-50.3418776;AVENIDA SAUDADES;1433;;CENTRAL;BIRIGUI;16200008;SP;NAIM;centralautopecas1433@gmail.com;1836421666
1215;GOLDEN CAR AUTOPEÇAS;-23.6231041;-46.5393349;AVENIDA DA PAZ;894;;VILA METALÚRGICA;SANTO ANDRÉ;9220310;SP;JEFERSON;goldencar872@gmail.com;1149765916
1216;IZOPE AUTOPEÇAS;-23.6691943;-46.5201540;RUA CORONEL SEABRA;385;;VILA MARINA;SANTO ANDRÉ;9176000;SP;ITAMAR;izopeautopecas@gmail.com;1144516360
1217;ODORIZI AUTOPEÇAS;-22.5749543;-44.9566998;RUA ENGENHEIRO ANTONIO PENIDO;954;;VILA CANEVARI;CRUZEIRO;12710000;SP;BRUNO;odoriziautocenter@yahoo.com.br;1231443670
1218;POLY AUTOPEÇAS;-22.9442597;-45.4625030;RUA LUIZA MARCONDES DE OLIVEIRA;108;;PARQUE DAS NAÇÕES;PINDAMONHANGABA;12420360;SP;VINICIUS;polyautopecas@hotmail.com;1236434410
1219;GRILLO AUTOPEÇAS;-22.7326975;-45.5845920;AVENIDA FREI ORESTES GIRARDI;2309;;VILA JAGUARIBE;CAMPOS DO JORDÃO;12460000;SP;ZENI;zenigrillo@terra.com.br;1236689122
1220;VALDO AUTOPEÇAS;-23.5270263;-49.2441350;AVENIDA SILVANO DE PAULA BUENO;279;;CENTRO;TAQUARITUBA;18740000;SP;VALDO;autopecasvaldo@yahoo.com.br;1437621633
1221;ROBINHO AUTOPEÇAS;-22.2216033;-49.9550813;RUA CORONEL GALDINO DE ALMEIDA;728;;CENTRO;MARÍLIA;17502030;SP;ROBINHO;robinhoautopecas21@gmail.com;1434020500
1222;VICAR AUTOPEÇAS;-22.8992661;-49.6307456;RUA MARECHAL BITENCOURT;935;;CENTRO;SANTA CRUZ DO RIO PARDO;18900077;SP;IVAN;vicarautopecas@uol.com.br;1433721033
1223;SERVIPEX AUTOPEÇAS;-23.9864468;-48.8879961;AVENIDA MARIO COVAS;1287;;JARDIM MARINGÁ;ITAPEVA;18400500;SP;ADILSON;servipexpecas@hotmail.com;1535214690
1224;SERVIPEX AUTOPEÇAS;-23.9872813;-48.8810558;PRAÇA VINTE DE SETEMBRO;122;;CENTRO;ITAPEVA;18400230;SP;ADILSON;servipexpecas@hotmail.com;1535220425
1225;JULIANO MOTO PEÇAS;-22.3175867;-49.0673748;RUA MARCONDES SALGADO;940;;CHÁCARA DAS FLORES;BAURU;17013113;SP;JULIANO;facomotos@gmail.com;1432454235
1226;SANTA LAURA PEÇAS;-22.3192023;-49.0700869;RUA PREDIDENTE KENNEDY;768;;CENTRO;BAURU;17010030;SP;PERSIO;s.laurapecas@gmail.com;1432324650
1227;AMÉRICA AUTOPEÇAS;-21.7660384;-48.8245221;AVENIDA ENGENHEIRO IVANIL FRANCISCHINI;13381;;JARDIM AMÉRICA;IBITINGA;14940000;SP;ODAIR;autopecasamerica@outlook.com;1633427457
1228;VITOR AUTOPEÇAS;-22.3158448;-49.0716115;RUA ANTÔNIO ALVES;405;;CENTRO;BAURU;17010170;SP;FERNANDO;vitorautopecas@hotmail.com;1433665144
1229;JAHU AUTOPEÇAS;-22.2997684;-48.5650373;RUA TENENTE LOPES;1469;;VILA NOVA;JAÚ;17202130;SP;FERRARI;jahuautopecas@hotmail.com;1436215195
1230;LENÇÓIS AUTOPEÇAS;-22.6066111;-48.7852302;AVENIDA JOÃO PACCOLA;1353;;VILA ANTONIETA II;LENÇÓIS PAULISTA;18681210;SP;ALAN;lencoispecas@gmail.com;1434361710
1231;DINHO AUTOPEÇAS;-22.3005371;-48.5676731;AVENIDA ZEZINHO MAGALHÃES;835;;JARDIM ESTÁDIO;JAÚ;17203380;SP;DINHO;cinara@dinhoautopecas.com.br;1436245022
1232;RIVERA AUTOPEÇAS;-22.3713346;-47.3926914;AVENIDA PADRE ALARICO ZACHARIAS;1276;;JARDIM BEVELDERE;ARARAS;13601200;SP;ROMUALDO;vendas@riverapecas.com;1935429797
1233;APIAÍ AUTOPEÇAS;-24.5090492;-48.8463899;RUA 1 DE MAIO;421;;CENTRO;APIAÍ;18320000;SP;MARCIA;marcia_.luciano@hotmail.com;1535521556
1234;BECKER AUTOPEÇAS;-23.7159774;-47.4156124;RUA CAPITÃO MORAES;84;;CENTRO;PIEDADE;18170000;SP;MOISES;nilzabeckercosta@hotmail.com;1532441004
1235;BWA AUTOPEÇAS;-23.5847513;-46.6278372;AVENIDA LINS DE VASCONCELOS;2576;;VILA MARIANA;SÃO PAULO;4112001;SP;AMANDA;atendimento@rumoautopecas.com.br;1133893253
1236;CASTRO AUTOPEÇAS;-23.5962155;-46.6009433;RUA SILVA BUENO;1998;;IPIRANGA;SÃO PAULO;4208001;SP;MARCELO;ecomerce@castro.com.br;1120676816
1237;EDUARDO AUTOPEÇAS;-23.5094277;-47.4781541;RUA VISCONDE DO RIO BRANCO;548;;VILA JARDINI;SOROCABA;18044000;SP;EDUARDO;eduardo-autopecas@outlook.com;1533183262
1238;ENDURO MOTO PEÇAS;-23.5899565;-46.6000508;RUA MANIFESTO;1885;;IPIRANGA;SÃO PAULO;4209002;SP;FELIPE;pedido@enduromotos.com.br;1129143054
1239;IRMÃOS ROMANO AUTOPEÇAS;-23.4613432;-47.4799015;AVENIDA ITAVUVU;2679;;VILA OLÍMPIA;SOROCABA;18075042;SP;CLOVIS;irmaosromano@uol.com.br;1532263454
1240;ORLEON MOTOS;-23.5384723;-46.6428227;RUA GENERAL OSÓRIO;521;;SANTA EFIGÊNIA;SÃO PAULO;1213001;SP;ADRIANO;vendas@orleonmotos.com.br;1132252233
1241;ROMANO AUTOPEÇAS;-23.4775119;-47.4850117;AVENIDA IPANEMA;1951;;JARDIM PLANALTO;SOROCABA;18070631;SP;LUCAS;romanoromano2@hotmail.com;1532233040
1242;TRENTIN VANS AUTOPEÇAS;-23.6511765;-46.5705619;RUA MARABÁ;165;;RUDGE RAMOS;SÃO PAULO;9635040;SP;RAFAEL;rafael@trentindistribuidora.com.br;1143654944
1243;TREVO AUTOPEÇAS;-23.4579373;-47.4800548;AVENIDA ITAVUVU;3062;;JARDIM SANTA CECÍLIA;SOROCABA;18078005;SP;CARLOS;trevocarlos@hotmail.com;1533021685
1244;WLADVAN AUTOPEÇAS;-23.6090465;-46.7511457;AVENIDA ANTONIO SALES PENTEADO;81;;JARDIM TABOÃO;SÃO PAULO;5742070;SP;ANDERSON;wladvan2@hotmail.com;1158441400
1245;ELISETE AUTOPEÇAS;-23.2278381;-47.9518546;RUA MARCOLINO JECA DE CAMARGO;870;;CENTRO;CESÁRIO LANGE;18285000;SP;ALTAIR;autopecaselisete@hotmail.com;1532461449
1246;SCARIO AUTOPEÇAS;-23.4354031;-46.7910779;RUA DELSUC ALVES DE MAGALHÃES;502;;JARDIM BRITÂNIA;SÃO PAULO;5268010;SP;RENATO;contato@scarioautopecas.com.br;1139122203
1247;SCARIO AUTOPEÇAS;-23.4066543;-46.8643866;AVENIDA TENENTE MARQUÊS;4471;;POLVILHO;SANTANA DE PARNAÍBA;7790845;SP;ANDERSON;contato@scarioautopecas.com.br;1142104445
1248;SCARIO AUTOPEÇAS;-23.3200109;-46.7252546;RUA DOUTOR HAMILTON PRADO;815;;CENTRO;FRANCO DA ROCHA;7801000;SP;MESSIAS;contato@scarioautopecas.com.br;1145800008
1249;TRÊS IRMÃS AUTOPEÇAS;-23.4071304;-46.8588814;AVENIDA TENENTE MARQUES;3885;;POLVILHO;CAJAMAR;7770000;SP;CINTHIA;autopecastresirmasl1@gmail.com;1144481863
1250;PERFIL AUTOPEÇAS;-23.5511216;-46.7788998;AVENIDA ANALICE SAKATAUSKAS;580;;BELA VISTA;OSASCO;6060006;SP;RAFAEL;perfilautopecas@hotmail.com;1136814459
1251;IMPORTS AUTOPEÇAS;-22.8774286;-43.4464032;RUA FRANCISCO REAL;61;;PADRE MIGUEL;RIO DE JANEIRO;21715421;RJ;CARLOS;import.s@hotmail.com;2135181351
1252;NATIONALE AUTOPEÇAS;-22.8776271;-43.4466477;RUA FRANCISCO REAL;115;;PADRE MIGUEL;RIO DE JANEIRO;21715421;RJ;CARLOS;nationaleautopecas@gmail.com;2134375448
1253;D'LEMOS AUTOPEÇAS;-22.3885229;-41.7855280;RUA EVALDO COSTA;400;;CENTRO;MACAÉ;27940410;RJ;ROGÉRIO;dlemosdemacae@hotmail.com;2227726848
1254;CALPEN AUTOPEÇAS;-21.1251051;-42.3824265;AVENIDA RIO BAHIA;5475;;BARRA;MURIAÉ;36888040;RJ;ADEILDO;muriae@calpen.com.br;3236964200
1255;ANTÔNIO AUTOPEÇAS;-22.8896349;-42.0327160;AVENIDA TEIXEIRA E SOUZA;1777;;BRAGA;CABO FRIO;28905100;RJ;JOCEIR;cabofrio@aap.com.br;2226499450
1256;ANTÔNIO AUTOPEÇAS;-22.3878374;-41.7813637;AVENIDA CARLOS AUGUSTO TINOCO GARCIA;1150;;VISCONDE DE ARAÚJO;MACAÉ;27937590;RJ;ROBSON;gerenciamacae@aap.com.br;2227576250
1257;ANTÔNIO AUTOPEÇAS;-21.7523823;-41.3266156;AVENIDA QUINZE DE NOVEMBRO;133;;CENTRO;CAMPOS DOS GOYTACAZES;28035100;RJ;MARCELO;compras.campos@aapg.com.br;2221011950
1258;ANTÔNIO AUTOPEÇAS;-22.7498531;-43.4420856;RUA ARGENTINA;110;;METROPOLE;NOVA IGUAÇU;26215240;RJ;ALAN;vendas.f20@aap.com.br;2137733119
1259;ANTÔNIO AUTOPEÇAS;-22.3534263;-42.7076107;AVENIDA RIO BAHIA;231;LOJA 01;BARRA;MURIAÉ;36884114;RJ;GUILHERME;caixamuriae@aap.com.br;3237210753
1260;ZANELLI AUTOPEÇAS;-22.3394520;-41.7489812;AVENIDA RUI BARBOSA;2069;;ALTO CAJUEIRO;MACAÉ;27955520;RJ;NETO;zanelliautopecas@grupozanelli.com;2227622508
1261;SUPERFREIOS - ÂNCORA;-21.7538672;-43.3487755;RUA PROFESSOR OSVALDO VELOSO;80;;CENTRO;JUIZ DE FORA;36090090;MG;LUIZ FERNANDO;superfreios@superfreios.com.br;3232154475
1262;AUTOPEÇAS GONÇALVES;-19.8118377;-43.9608313;AVENIDA VILARINHO;2230;;VENDA NOVA;BELO HORIZONTE;31615250;MG;MAURO;apgl25@hotmail.com;3134514870
1263;AUTOPEÇAS GONÇALVES;-19.8713939;-43.6622022;AVENIDA JOÃO PINHEIRO;5041;;EUROPEU;CAETÉ;34800000;MG;MAURO;apgoncalvesltda@hotmail.com;3136511633
1264;4 RODAS AUTOPEÇAS;-19.7670883;-44.1349957;AVENIDA OSWALDO ALVES ARAÚJO;510;;VENEZA;RIBEIRÃO DAS NEVES;33820530;MG;DÉBORA;quatrorodasescapamentos@yahoo.com.br;3136252639
1265;LACERDA MAGALHÃES AUTOPEÇAS;-20.0932838;-44.5970681;AVENIDA MANOEL DA CUSTÓDIA;1675;;VILA NAZARÉ;ITAÚNA;35680403;MG;ANDRÉ;financeiro.extremeca@gmail.com;3732416665
1266;FORPEL - FORNECEDORA DE PEÇAS;-19.8694444;-44.6125104;AVENIDA PROFESSOR MELLO CANÇADO;1062;;BELVEDERE;PARÁ DE MINAS;35661300;MG;MARCUS;compras@paratruck.net.br;3732365757
1267;ÂNCORA;-19.8740198;-43.9939392;AVENIDA PRESIDENTE TANCREDO NEVES;4775;;CASTELO;BELO HORIZONTE;31330430;MG;TIAGO;tiago.campos@redeancora.com.br;3134187870
1268;AUTOPEÇAS RONDOMIG;-19.8377315;-43.1793564;AVENIDA ARMANDO FAJARDO;4614;;CRUZEIRO CELESTE;JOÃO MONLEVADE;35931073;MG;JOSÉ GERALDO;rondomig@hotmail.com;3138525132
1269;AUDIPEÇAS ITAÚNA;-20.0667482;-44.5787211;AVENIDA BRASÍLIA;161;;UNIVERSITÁRIO;ITAÚNA;35681155;MG;ELOS SANDRO;audipecas@hotmail.com;3732421868
1270;BOCAIÚVA AUTOPEÇAS;-17.1139046;-43.8195914;AVENIDA LUIZ ANTÔNIO MONTEIRO;1580;;ESPLANADA;BOCAIÚVA;39390000;MG;ANDREY;boc_autopecas@yahoo.com.br;3832514777
1271;AUTOPEÇAS FERREIRA SÁ;-18.2456729;-43.6028035;AVENIDA SÍLVIO FELÍCIO SANTOS;128;;CENTRO;DIAMANTINA;39100000;MG;DANTE;apferreirasa@gmail.com;3835311003
1272;CASA DAS PECAS FORMIGUENSE - EUFRÁSIO AUTOPEÇAS;-20.4649336;-45.4262800;AVENIDA BRASIL;544;;VILA MARIA CRISTINA;FORMIGA;35570000;MG;LUIZ GUSTAVO;vendas@eufrasioautopecas.com.br;3733221010
1273;LBR GOMES AUTOPEÇAS;-18.8884054;-48.2930231;RUA SIMÃO PEDRO;375;;MARAVILHA;UBERLÂNDIA;38401476;MG;DILSON JR;lider.autopecas@yahoo.com.br;3432104510
1274;AUTOPEÇAS RODA MAIS;-18.9037889;-48.2938346;RUA OSMAR SALES MONTEIRO;780;;ROOSEVELT;UBERLÂNDIA;38401036;MG;JULIO CESAR;juliomotores2@gmail.com;3432151183
1275;RODA MAIS AUTOPEÇAS;-18.9717746;-48.3659517;RUA DO SUIRIRI;184;;PEQUIS;UBERLÂNDIA;38421000;MG;JULIO CESAR;juliomotores2@gmail.com;3432151183
1276;AUTOPEÇAS CLV;-18.7269616;-47.4956501;RUA ITALAIA;10;A;MONTREAL;MONTE CARMELO;3850000;MG;DILSON JR;lider.autopecas@yahoo.com.br;3432156022
1277;KM AUTOPEÇAS;-15.6339255;-56.0479901;AVENIDA FERNANDO CORREA DA COSTA;5570;;VISTA ALEGRE;CUIABÁ;78085700;MT;ADILSON JAMARINO;kmpecasadilson@gmail.com;6536613600
1278;SANDRO AUTOPEÇAS;-15.6177578;-56.0909735;AVENIDA CARMINDO DE CAMPOS;2598;;DOM AQUINO;CUIABÁ;78015020;MT;ALESSANDRO;sandroautopecasmt@gmail.com;6536232576
1279;FEASA AUTOPEÇAS;-15.6168963;-56.0926332;AVENIDA CARMINDO DE CAMPOS;2802;;DOM AQUINO;CUIABÁ;78015020;MT;WLADEMIR;feasaautopecas@gmail.com;6536348870
1280;CLAUDIO PEÇAS;-14.6314777;-57.5033117;AVENIDA LIONS INTERNACIONAL;61W;;JARDIM MONTE LIBANO;TANGARÁ DA SERRA;78300000;MT;REGINALDO;vendas.tga@claudiopecas.com.br;6533262300
1281;CLAUDIO PEÇAS;-22.9068467;-43.1728965;RUA RIO DE JANEIRO;1225;;CIDADE PRIMAVERA I;PRIMAVERA DO LESTE;78850000;MT;GILSON;gilsonpoletto@claudiopecas.com.br;6635002200
1282;CLAUDIO PEÇAS;-15.8178374;-54.3966522;RODOVIA MT 130;KM 82;;LAGOA II;POXORÉU;78800000;MT;LUIZ SÉRGIO;luizsergio@claudiopecas.com.br;6634362400
1283;CLAUDIO PEÇAS;-13.3906941;-54.2593118;AVENIDA BRASIL;2055;;CENTRO;PARANATINGA;78870000;MT;GEAN DE SOUZA;geancarlossilva@claudiopecas.co.br;6635732600
1284;CLAUDIO PEÇAS;-15.5500596;-55.1658259;AVENIDA SENADOR ATILIO FONTANA;2284;;LOTEAMENTO INDUSTRIAL;CAMPO VERDE;78840000;MT;LEANDRO ALMEIDA;leandroalmeida@claudiopecas.com.br;6634199100
1285;CLAUDIO PEÇAS;-13.6462726;-57.8966524;AVENIDA OLACYR FRANCISCO DE MORAES;1709NW;;JARDIM PRIMAVERA;CAMPO NOVO DO PARECIS;78360000;MT;RAFAEL MORAES;vendas.cnp@claudiopecas.com.br;6533822900
1286;JAICAR AUTOPEÇAS;-16.6921771;-49.1064501;AVENIDA DOM EMANUEL;86;QD 01 LT 12;DAS INDUSTRIAS;SENADOR CANEDO;75250000;GO;GIOVANY;giosantcar@gmail.com;6230104192
1287;KARANGÃO AUTOPEÇAS;-10.2186532;-48.3339017;AVENIDA JOAQUIM TEOTÔNIO SEGURADO;S/N;601 SUL LT 08;CENTRO;PALMAS;77016330;TO;RICARDO;comercial@karangao.com.br;6332361700
1288;CONNECT PEÇAS AUTOMOTIVA;-16.7043227;-49.1091817;AVENIDA PROGRESSO;994;;SETOR COMERCIAL;SENADOR CANEDO;75250095;GO;ANTÔNIO CARLOS;fernandonaslima@hotmail.com;6235423542
1289;NR AUTOPEÇAS;-16.9546301;-48.9638441;AVENIDA GILSON ALVES SOUZA;88;;LUCIA ALICE;BELA VISTA DE GOIÁS;75240000;GO;CARLOS;autopecasnr@gmail.com;6235511975
1290;AUTOPEÇAS WL;-16.9716255;-48.9514109;AVENIDA SENADOR PEDRO LUDOVICO;310;;CENTRO;BELA VISTA DE GOIÁS;75240000;GO;CARLOS;autopecaswl@gmail.com;6435111325
1291;AUTOPEÇAS BIC;-16.9786903;-48.9512074;RUA RENATO CAMILO;7;;SANTA CRUZ;BELA VISTA DE GOIÁS;75240000;GO;CLEOMAR;cleomarrv@hotmail.com;6235521581
1292;ESCAP CENTER PEÇAS;-18.4066773;-49.2113392;RUA BELA VISTA;549;;CENTRO;ITUMBIARA;75513538;GO;MORAES;moraesautocenter@gmail.com;6434337924
1293;GATO PEÇAS E SERVIÇOS;-18.4177705;-49.2187891;RUA RUI ALMEIDA;130;;CENTRO;ITUMBIARA;75503090;GO;LEANDRO;gatoautocenterad@hotmail.com;6434312100
1294;MITCAR PEÇAS;-18.4122621;-49.2394973;AVENIDA DONA BERCHOLINA;415;;NOVO HORIZONTE;ITUMBIARA;75532255;GO;ROGERIO;miticarautocenter@gmail.com;6434313221
1295;CHEVROCAR PEÇAS E SERVIÇOS;-18.4099691;-49.2129467;AVENIDA AFONSO PENA;832;;CENTRO;ITUMBIARA;75503380;GO;PEDRO;chevrocariub@hotmail.com;6434332525
1296;MULTICAR PEÇAS;-16.6986935;-49.2184070;AVENIDA F;1123;QD A LT 10;ÁGUA BRANCA;GOIÂNIA;74723100;GO;NILSON;multicarveiculosltda62@gmail.com;6232843478
1297;AUTOPEÇAS E MECÂNICA PEIXOTO;-16.6710215;-49.2533767;AVENIDA PARANAÍBA;341;QD 64 LT 128;CENTRO;GOIÂNIA;74020010;GO;CARLOS;peixotoautoservice@hotmail.com;6232250776
1298;MC CAR PEÇAS;-16.7005148;-49.2669334;RUA T-53;309;;MARISTA;GOIÂNIA;74150310;GO;MURILO;duilio@mccar.com.br;6232812852
1299;AUTO ESCAP PEÇAS;-16.6868006;-49.2700066;AVENIDA ASSIS CHATEAUBRIAND;1233;;OESTE;GOIÂNIA;74130011;GO;CAMILLA;camilafsales@hotmail.com;6234124722
1300;DW ESCAP PEÇAS E SERVIÇOS;-16.6870134;-49.2748539;AVENIDA ASSIS CHATEAUBRIAND;1729;;OESTE;GOIÂNIA;74130015;GO;GERALDA;scapkarpneus@hotmail.com;6232519105
1301;COMODORO AUTOPEÇAS;-16.6605430;-49.2466171;AVENIDA 5ª AVENIDA;1136;;LESTE VILA NOVA;GOIÂNIA;74643030;GO;OLIMPIO;financeiro@comodoroautopecas.com;6232617073
1302;STOP CENTER PEÇAS;-16.6608244;-49.2485368;AVENIDA INDEPENDÊNCIA;3057;;LESTE VILA NOVA;GOIÂNIA;74645010;GO;ELIAS;topcenterpneus@gmail.com.br;6232137999
1303;HS AUTOPEÇAS;-16.9672889;-48.9619464;RUA GERCIVAL JOSÉ MOURA;S/N;QD 19 LT 6;OESTE;BELA VISTA DE GOIÁS;75240000;GO;MARCIO;hsautopecas2015@gmail.com;6435511009
1304;PRIMO PEÇAS E SERVIÇOS;-16.6873930;-49.1082259;RUA TCHECOSLOVAQUIA;S/N;QD 7 LT 25;ALVORADA;SENADOR CANEDO;75259837;GO;GUSTAVO;primocar04@hotmail.com;6293134998
1305;GL AUTOPEÇAS;-16.7042805;-49.0954156;RUA ADEMAR BARRO;S/N;QD 1 LT 28;JARDIM TODOS OS SANTOS;SENADOR CANEDO;75261405;GO;FABIO;glautopecas@hotmail.com;6235121416
1306;DALLUF PEÇAS;-16.7042805;-49.0954156;RUA ADEMAR BARRO;S/N;QD 1 LT 08;JARDIM TODOS OS SANTOS;SENADOR CANEDO;75261405;GO;RUBENS;ddalluf@gmail.com;6230104846
1307;MGL DISTRIBUIDORA PEÇAS;-16.6868491;-49.2707899;AVENIDA CIRCULAR;S/N;QD 86 LT 09;PEDRO LUDOVICO;GOIÂNIA;74823959;GO;GEOVANE;compras@autopecasmega.com.br;6232422121
1308;MARTINS PEÇAS;-16.7159973;-49.2543617;AVENIDA 4 RADIAL;277;;PEDRO LUDOVICO;GOIÂNIA;74830130;GO;SERGIO;financeiromartinspecas@gmail.com;6230181818
1309;BRASAUTO AUTOPEÇAS;-16.6723504;-49.2825039;AVENIDA INDEPENDÊNCIA;7213;;FUNCIONÁRIOS;GOIÂNIA;74543020;GO;WALLACE;caixabrasauto@outlook.com;6232335266
1310;MEGA MOTOS;-18.4105676;-49.2161583;RUA BOA VISTA;415;;CENTRO;ITUMBIARA;75503505;GO;WILLIAN;wrmegamotos@hotmail.com;6434305907
1311;MEGA MOTOS;-18.4058893;-49.2108966;AVENIDA AFONSO PENA;1299;;CENTRO;ITUMBIARA;75503380;GO;WILLIAN;wrmegamotos@hotmail.com;6434305907
1312;MOTO MIL;-16.6653060;-49.2915928;AVENIDA SERGIPE;271;;CAMPINAS;GOIÂNIA;74520010;GO;SULDOMAR;motomilgoiania@hotmail.com;6232916494
1313;MEGA MOTOS;-18.4145093;-49.2176627;AVENIDA SAUDADE;101;;CENTRO;ITUMBIARA;75503315;GO;WILLIAN;wrmegamotos@hotmail.com;6434305907
1314;INDY AUTOPEÇAS;-18.4064038;-49.2110805;AVENIDA AFONSO PENA;1240;;CENTRO;ITUMBIARA;75510360;GO;ANTÔNIO;indyautopecas@hotmail.com;6434316006
1315;AME;-16.5268884;-50.3712843;RUA JURUEMA;336 A;;ALVORADA;SÃO LUÍS DE MONTES BELOS;76100-000;GO;IONE;ame_volks@yahoo.com.br;(64) 3671-1798
1316;STOPCAR AUTOPEÇAS E MECÂNICA;-15.8741206;-50.8692176;AVENIDA JOSE BONIFÁCIO;1292;;VILA MARAJOARA;JUSSARA;74270-000;GO;ANTÔNIO;stopcar_automecanica@hotmail.com;(62) 3373-3030
1317;LUMA AUTOPEÇAS;-16.6489782;-49.4994090;RUA ALEIXO ANTÔNIO ALVES;1076;;SETOR OESTE;TRINDADE;75380-000;GO;HELDER;contato@autopecasluma.com.br;(62) 3506-5272
1318;RIBEIRÃO AUTOPEÇAS;-17.3935474;-50.3813260;AVENIDA ARAGUAIA;5;;CENTRO;ACREÚNA;75960-000;GO;ANTÔNIO;atpribeirao@yahoo.com.br;(64) 3645-1877
1319;LAZINHO AUTOPEÇAS;-16.3468262;-48.9446783;AVENIDA SEBASTIÃO PEDRO JUNQUEIRA;1665;;JARDIM AMÉRICA;ANÁPOLIS;75115665;GO;GABRIEL;lem.pecas@gmail.com;6233142181
1320;JUNTALEX;-16.3576374;-48.9616508;AVENIDA BRASIL SUL;559;;VILA GOIÁS;ANÁPOLIS;75115260;GO;DIEGO;juntalex@hotmail.com;6230996241
1321;ROLAFER;-16.3362190;-48.9521260;AVENIDA BRASIL SUL;743;;VILA JUSSARA;ANÁPOLIS;75123390;GO;ALEX;rolafer@ig.com.br;6233142021
1322;LATOCAR;-16.3231156;-48.9544712;AVENIDA XAVIER DE ALMEIDA;137;;CIDADE JARDIM;ANÁPOLIS;75020130;GO;RICARDO;latocar@hotmail.com;6233214033
1323;VIP AUTO CAR;-16.4037685;-49.2196549;RUA SATURNINO JOSÉ DE ARAÚJO;S/N;QD 05 LT 01;BOTAFOGO 01;NERÓPOLIS;75460000;GO;SUELY;vip-centroautomotivo@hotmail.com;6235131264
1324;ZEMA AUTOPEÇAS;-16.3318645;-48.9583003;RUA JOAQUIM INÁCIO;886;;CENTRO;ANÁPOLIS;75024040;GO;MAURÍCIO;zemaauto@hotmail.com;6233112632
1325;ZEZÃO AUTOPEÇAS;-16.3314000;-48.9588130;RUA 14 DE JULHO;1349;;CENTRO;ANÁPOLIS;75043040;GO;ZEZÃO;zezaoautopecas@gmail.com;6230992220
1326;OFERTÃO DAS PEÇAS;-16.3218506;-48.9484645;AVENIDA FAYAD HANNA;220;;CIDADE JARDIM;ANÁPOLIS;75080410;GO;LEONARDO;ofertao2@hotmail.com;6233245080
1327;UNIÃO AUTOPEÇAS;-16.3157274;-48.9445982;AVENIDA BRASIL NORTE;1570;QD 25 LT 2;CIDADE JARDIM;ANÁPOLIS;75080240;GO;CARLINHOS;uniaopecas@hotmail.com;6233113005
1328;AUTOPEÇAS RIBEIRO;-16.4093877;-49.2198366;AVENIDA JK;1444;;PARQUE DAS AMÉRICAS;NERÓPOLIS;75460000;GO;EVALDO;autopecaseeletricaribeiro@hotmail.com;6235131363
1329;FEDERAL AUTOPEÇAS;-16.0753576;-47.9860661;QUADRA 03 LOTE 34;S/N;LOJA 01;VALPARAISO II;VALPARAÍSO DE GOIÁS;72870103;GO;FERNANDO RUICCI;mundial@hotmail.com;6136273948
1330;CENTRAL AUTOPEÇAS;-16.0514980;-47.9754804;RUA 06 QUADRA 05 LOTE 10;S/N;LOJA 02;PARQUE RIO BRANCO;VALPARAÍSO DE GOIÁS;72870064;GO;VANDO;matheusautopecaseireli@hotmail.com;6136277260
1331;VITÓRIA AUTOPEÇAS;-16.0957750;-48.0328409;QUADRA 14 LOTE 01 E 02;S/N;AVENIDA COMERCIAL;PARQUE RIO BRANCO;VALPARAÍSO DE GOIÁS;72870086;GO;ROMERITO DA SILVA;autoeletricavitoria@gmail.com;6136296462
1332;BORJÃO AUTOPEÇAS;-16.0557866;-48.0352528;QUADRA 475 LOTE 02;S/N;AVENIDA COMERCIAL;PARQUE ESTRELA D'ALVA - PEDREGAL;NOVO GAMA;72860438;GO;EDIR DA SILVA;financeirobap@gmail.com;6136282860
1333;CLEBER AUTOPEÇAS;-15.8672060;-47.9627053;QUADRA CL118 LOTE G;S/N;LOJA 02;SANTA MARIA;BRASÍLIA;72548200;DF;GUILHERME CÂMARA;cleberautopecas@gmail.com;6135796279
1334;GARRA AUTOPEÇAS;-15.5541744;-47.3273709;AVENIDA LAGOA FEIA;974;LOJA 03;FORMOSINHA;FORMOSA;73813370;GO;ADEMAR CAVEIRINHA;caveirinhapecas@gmail.com;6136422276
1335;GUARÁ AUTOPEÇAS;-15.5523490;-47.3287126;AVENIDA LAGOA FEIA;978;;FORMOSINHA;FORMOSA;73813370;GO;EDSON CEZÁRIO;guaraautopecas@hotmail.com;6136422840
1336;AUTOPEÇAS PELICANO;-15.5512479;-47.3274760;AVENIDA BRASÍLIA;1195;;FORMOSINHA;FORMOSA;73813010;GO;DOMINGOS P NEVES;ap.pelicano@gmail.com;6198442978
1337;AMARAL AUTOPEÇAS;-15.5503269;-47.3293293;AVENIDA BRASÍLIA;999;;FORMOSINHA;FORMOSA;73813010;GO;ANDERSON (AMARAL);amaral.autopecas@gmail.com;6136425553
1338;MARCELINO AUTOPEÇAS;-3.7243006;-38.5859373;AVENIDA CORONEL DE CARVALHO;1943;;BARRA DO CEARÁ;FORTALEZA;60341641;CE;MARCELINO;marcelinopecasce@gmail.com;8532286703
1339;AUTOPEÇAS IPARANA;-3.6960163;-43.5751119;RODOVIA BR 222;S/N;POSTO IPARANA;PARQUE SOLEDADE;CAUCAIA;61600000;CE;DANILO NICOLAU;autopecasiparana@hotmail.com;8533422132
1340;AUTOPEÇAS ARTUR E JÚNIOR;-3.7243006;-38.5859373;AVENIDA CORONEL DE CARVALHO;1969;;BARRA DO CEARÁ;FORTALEZA;60341641;CE;ALMIR FILHO;almirfilho10@hotmail.com;8532824989
1341;ÁGUIA AUTOPEÇAS;-3.7327203;-38.5270134;AVENIDA CORONEL DE CARVALHO;117;;JARDIM IRACEMA;FORTALEZA;60341630;CE;ANTÔNIO ANDRÉ;contato@aguiacentroautomotivo.com;8532374982
1342;AVENIDA PEÇAS;-3.7243006;-38.5859373;AVENIDA CORONEL DE CARVALHO;1999;;BARRA DO CEARÁ;FORTALEZA;60341641;CE;TARCISIO RAMOS;tarcisio63ramos@gmail.com;8586853099
1343;BAJARÁ AUTOPEÇAS;-3.7250669;-38.5538624;AVENIDA SARGENTO HERMINIO;1468;;MONTE CASTELO;FORTALEZA;60350501;CE;JEAN KLEBER;jean_kle@hotmail.com;8532437107
1344;AUTOPEÇAS TAMPA;-3.7809843;-38.5795413;AVENIDA AUGUSTO DOS ANJOS;936;LOJA 2;JOÃO XXIII;FORTALEZA;60720600;CE;RIAN MOURA;autopecastampa@gmail.com;8532323877
1345;EVALDO AUTOPEÇAS;-3.7555781;-38.5065074;RUA SÃO JOÃO DO TAUAPE;1322;;PIO XII;FORTALEZA;60130371;CE;EVALDO;evaldoautopecas@veloxmail.com.br;8534888989
1346;EXPRESS BATERIAS;-7.1678328;-34.8574575;AVENIDA HILTON SOUTO MAIOS;621;SALA 101;JOSÉ AMÉRICO DE ALMEIDA;JOÃO PESSOA;58073010;PB;AGASSIS;expressbateriasjoseamerico@gmail.com;8387017472
1347;EXPRESS BATERIAS;-7.1249410;-34.8665210;AVENIDA MAROQUINHA RAMOS;612;SALA 001;TORRE;JOÃO PESSOA;58040270;PB;EDSON;expressbaterias@hotmail.com;8388303170
1348;EXPRESS BATERIAS;-7.0845444;-34.8406427;RUA FRANCISCO LEOCÁDIO RIBEIRO COUTINHO;55;;AEROCLUBE;JOÃO PESSOA;58036450;PB;LUCAS;expressbateriasbessa@gmail.com;8387874947
1349;EXPRESS BATERIAS;-7.1651754;-34.8343466;RUA PREFEITO LUIZ ALBERTO MOREIRA COUTINHO;310;;MANGABEIRA;JOÃO PESSOA;58058800;PB;JOSÉ;expressbateriasmangabeira@gmail.com;8399297143
1350;AUTOPEÇAS REAL;-7.9509312;-36.2021067;AVENIDA PREFEITO BRAZ DE LIRA;148;;MALAQUIAS CARDOSO;SANTA CRUZ DO CAPIBARIBE;55190356;PE;KÁKÁ;autopecasrealsantacruz@yahoo.com.br;8137313231
1351;STAR AUTOPEÇAS;-9.6690598;-35.7483501;AVENIDA SIQUEIRA CAMPOS;867;;PRADO;MACEIÓ;57010000;AL;WESLEY;ligia_ocezar@hotmail.com;8230328045
1352;LUA AUTOPEÇAS;-9.7482516;-36.6642412;RUA EXPEDICIONÁRIO BRASILEIROS;75;;CENTRO;ARAPIRACA;57300590;AL;EDNALDO;contato@luaautopecas.com.br;8235211265
1353;LOURINHO AUTOPEÇAS;-9.5532402;-37.3825490;RUA MANOEL MARCIANO;1351;;CENTRO;SÃO JOSÉ DA TAPERA;57445000;AL;NAIRO;lourinho.autopecas@hotmail.com;8291732297
1354;AUTOPEÇAS MIELE;-9.5281665;-37.2953869;AVENIDA DOIS DE DEZEMBRO;948;;CENTRO;OLHO D´ÁGUA DAS FLORES;57442000;AL;DANILO;pereiraemeloltda@gmail.com;8293326009
1355;NÔ AUTOPEÇAS;-9.3805217;-37.9975223;RUA FLORIANO PEIXOTO;199;;CENTRO;DELMIRO GOUVEIA;57480000;AL;LUCAS;no_autopecas@outlook.com;8299220263
1356;OLIVEIRA MOTOS ACESSÓRIOS;-12.9409086;-38.4526433;ESTRADA DAS BARREIRAS;1520;;BARREIRAS;SALVADOR;41195000;BA;GILMAR;oliveira_motoseservicos@hotmail.com;7132430710
1357;FUTURA MOTO PEÇAS;-12.9356118;-38.4920058;AVENIDA AFRÂNIO PEIXOTO;36;;ITACARANHA;SALVADOR;40713580;BA;DANILO;futuramotopecas@gmail.com;7130132234
1358;R.A MOTOS;-16.4443537;-39.0653656;RUA DO COQUEIRO;145;;ARRAIAL DA AJUDA;PORTO SEGURO;45816000;BA;ADRIANA;ramotos.adriana@hotmail.com;7335752314
1359;ESPLANADA COMÉRCIO DE PEÇAS;-11.7969473;-37.9439967;AVENIDA MARIO ANDREAZZA;546;;CENTRO;ESPLANADA;48370000;BA;MAURICIO;esplanadaautocenter@gmail.com;7534271017
1360;SÃO BENTO AUTOPEÇAS;-23.5119692;-46.3388526;AVENIDA NOVE DE JULHO;1320;;VILA DAS ACÁCIAS;SÃO PAULO;8557100;SP;SEVERINO;irmaosbento.adm@gmail.com;1146369058
1361;SÃO BENTO AUTOPEÇAS;-23.5397917;-46.4260327;ESTRADA ITAQUERA-GUAIANASES;2233;;JARDIM HELENA;SÃO PAULO;8420000;SP;SEVERINO;irmaosbento.adm@gmail.com;1120169363
1362;TOTAL LATAS AUTOPEÇAS;-23.4646675;-46.3367849;RUA SANTA HELENA;10;;CAMPO DA VENDA;ITAQUAQUECETUBA;8599490;SP;VALDEMIR;admmaster2@totallatas.com.br;1147596099
1363;TOTAL LATAS AUTOPEÇAS;-23.4974949;-46.3947469;AVENIDA MARECHAL TITO;5148;;ITAIM PAULISTA;SÃO PAULO;8115000;SP;MARCOS;admmaster5@hotmail.com;1125668862
1364;TOTAL LATAS AUTOPEÇAS;-23.4955222;-46.4301682;AVENIDA MARECHAL TITO;1662;;SÃO MIGUEL PAULISTA;SÃO PAULO;8022000;SP;JEFFERSON;admmastersm@totallatas.com.br;1129564459
1365;M REIS AUTOPEÇAS;-23.4885334;-46.4155248;AVENIDA PROFESSOR ALÍPIO DE BARROS;503;;SÃO MIGUEL PAULISTA;SÃO PAULO;8080000;SP;HENRIQUE;mreissp@hotmail.com;1125812247
1366;MUNDIAL MOTOS;-21.9381556;-50.5175817;AVENIDA TABAJARAS;1511;;CENTRO;TUPÃ;17604020;SP;ERIVELTO;mundial.motos.nfe@gmail.com;1434968440
1367;AUTOPEÇAS UNIDOS;-20.8868161;-51.3696222;AVENIDA GUANABARA;2734;;STELLA MARIS;ANDRADINA;16901100;SP;EDILSON;edilson.brancounidos@hotmail.com;1837223436
1368;AUTOPEÇAS BORGES;-22.7896037;-50.2123924;RUA MANOEL LEÃO REGO;31;;CENTRO;PALMITAL;19970000;SP;NELSON;nelson.bb@hotmail.com;1833512420
1369;AUTOPEÇAS QUATA;-22.2482918;-50.7000882;AVENIDA COMENDADOR JOSÉ GIORGI;686;;CENTRO;QUATÁ;19780000;SP;WILLIAN;autopace@hotmail.com;1833661817
1370;AUTOPEÇAS MAIS BATARO;-22.7466382;-50.5820848;RUA JAGUARIBE;108;;VILA ÁGUA BONITA;TARUMÃ;19820000;SP;FERNANDO;fer_maisbarato@hotmail.com;1833292527
1371;AUTOPEÇAS ABN;-21.4185342;-50.0815796;AVENIDA MARGEM MARIA CHICA;1001;;JARDIM SÃO FRANCISCO;PENÁPOLIS;16300000;SP;ALBERTO;abnautopecas1490@gmail.com;1836521490
1372;MEGA AUTOPEÇAS;-21.2043438;-50.4479331;RUA MARCILO DIAS;401;;SÃO VICENTE;ARAÇATUBA;16050095;SP;FABIO;compras.megapecas@gmail.com;1821025555
1373;NALDO AUTOPEÇAS;-21.9711068;-51.6545040;AVENIDA JOSÉ BONIFÁCIO;126;;CENTRO;SANTO ANASTÁCIO;19360000;SP;REGINALDO;naldoautopecas@hotmail.com;1832631162
1374;DIMECOL AUTOPEÇAS;-21.2134533;-50.4550375;AVENIDA CUSSY DE ALMEIDA;2363;;VILA CARVALHO;ARAÇATUBA;16025050;SP;ANDRÉ;compras1@dimecolautopecas.com.br;1821032644
1375;WLADVAN AUTOPEÇAS;-23.6025853;-46.9157810;AVENIDA PROFESSOR JOAQUIM JOSÉ BARRETO;1281;;CENTRO;COTIA;6700170;SP;RAFAEL;wladvan2@hotmail.com;1141484570
1376;VILCLER AUTOPEÇAS;-23.3224519;-46.2283861;RUA PADRE JOÃO ORLANDO DA CRUZ;100;;CENTRO;SANTA ISABEL;7500000;SP;NILSON;vilcleroficina@hotmail.com;1146564707
1377;PERIM AUTOPEÇAS;-23.4608333;-46.4722222;RUA CLEMENTINA;45;;CIDADE INDUSTRIAL SATÉLITE;GUARULHOS;7222040;SP;ISAEL;guarulhos@perimpecas.com.br;1124134000
1378;PERIM AUTOPEÇAS;-23.9409714;-46.3189439;PRAÇA IGUATEMI MARTINS;179;;VILA NOVA;SANTOS;11013310;SP;RENATA;santos@perimpecas.com.br;1332294100
1379;DINIZ MOTO PEÇAS;-24.4981407;-47.8437421;RUA JOSÉ DIAS ARAÚJO;12;;VILA RIBEIRÓPOLIS;REGISTRO;11900000;SP;DINIZ;diniz.motocar@gmail.com;1338212835
1380;SHOPPING DOS UTILITÁRIOS;-23.4439600;-46.4080900;ESTRADA PRESIDENTE JUSCELINO KUBITSCHEK DE OLIVEIRA;2196;;JARDIM ALBERTINA;GUARULHOS;7252000;SP;FAGNER;shoppingdasvans@dmatias.com.br;1124849061
1381;TOTAL LATAS AUTOPEÇAS;-23.5371888;-46.3015123;RUA DOUTOR PRUDENTE DE MORAES;1180;;VILA AMORIM;SUZANO;8610005;SP;DAVID;admmaster@totallatas.com.br;1147596099
1382;TOTAL LATAS AUTOPEÇAS;-23.5184714;-46.1942257;AVENIDA FRANCISCO RODRIGUES FILHO;143;;JARDIM MOGILAR;MOGI DAS CRUZES;8844000;SP;DAVI;admmastermg@totallatas.com.br;1147596116
1383;PERIM AUTOPEÇAS;-23.1130135;-45.7096234;AVENIDA HENRY NESTLÉ;870;;VILA GALVÃO;CAÇAPAVA;12286140;SP;RULIAN;cacapava@perimpecas.com.br;1236580100
1384;SOMMER MOTOS;-23.6527492;-46.5627842;RUA LAURO MULLER;1064;;SACADURA CABRAL;SANTO ANDRÉ;9061260;SP;ALTEMIR;sommermotos@hotmail.com;1123241950
1385;CHICO AUTOPEÇAS;-22.9441874;-45.4625629;RUA LUIZA MARCONDES DE OLIVEIRA;98;;ALTO DO CARDOSO;PINDAMONHANGABA;12420360;SP;MATHEUS;chico.autopecas@outlook.com;1236424600
1386;NOREIKA AUTOPEÇAS;-23.6925990;-46.4424145;RUA GUATEMALA;487;;PARQUE DAS AMÉRICAS;MAUÁ;9351090;SP;MÁRCIO;noreikapecas@gmail.com;1145162630
1387;RIBEIRÃO AUTOPEÇAS;-23.7077382;-46.4013410;AVENIDA FRANCISCO MONTEIRO;1255;;VILA AMÉLIA;RIBEIRÃO PIRES;9406300;SP;MÁRCIO;nfe@ribeiraoautopecas.com.br;1148271477
1388;ANCHIETA AUTOPEÇAS;-23.6248435;-46.5415605;AVENIDA DOS ESTADOS;2132;;VILA METALÚRGICA;SANTO ANDRÉ;9220570;SP;LEWIR;renan@anchietapecas.com.br;1120669709
1389;VIA RICA AUTOPEÇAS;-23.6634615;-46.4750128;AVENIDA JOÃO RAMALHO;1105;;VILA NOÊMIA;MAUÁ;9371520;SP;RICARDO;viaricaautopecas@gmail.com;1145450920
1390;GAGLIARDI AUTOPEÇAS;-21.7372182;-49.3561130;RUA MAURO BENEDITO ALMEIDA CARDIA;249;;CENTRO;PONGAÍ;16660000;SP;TATIANA;gagliardiautopecas@yahoo.com;1435811857
1391;ROLAMAR AUTOPEÇAS;-22.5181078;-48.7206668;RUA ANTONIO ALVES;1681;;JARDIM PLANALTO;MACATUBA;17293206;SP;FERNANDO;rolamarmacatuba@hotmail.com;1432982210
1392;ELINEU AUTOPEÇAS;-22.4973946;-48.5504404;RUA PASCHOAL BUONAROTTI;96;;VILA NARCISA;BARRA BONITA;17340000;SP;CESAR;vendas@elineu.com.br;1436410397
1393;TOTAL AUTOPEÇAS;-24.1105062;-49.3256858;RUA PRIMEIRO DE MAIO;450;;VILA OSÓRIO;ITARARÉ;18460000;SP;CASSIANO;cassiano.pecas@outlook.com;1535321635
1394;AUTOPEÇAS MOREIRA;-22.3654700;-48.3867724;AVENIDA JOÃO ZAGO;180;;JARDIM MARINA;DOIS CÓRREGOS;17300000;SP;MARCEL;jrmoreirapecas@hotmail.com;1436522211
1395;CEMACAR AUTOPEÇAS;-21.5898271;-48.8162775;AVENIDA CAPITÃO VENÂNCIO DE OLIVEIRA MACHADO;1280;;JARDIM KARINA;ITÁPOLIS;14900000;SP;ALEXANDRE;cemacaritpolis@hotmail.com;1632623874
1396;MARINELLI AUTO PÇAS;-22.4117654;-49.1390281;RUA DONA JAMILE HADADE MALUF;45;;CENTRO;PIRATININGA;17490000;SP;ARLINDO;mf@hotmail.com;1432653010
1397;MOTO RACING;-22.1430186;-48.5246779;RUA OSÓRIO FERREIRA DIAS;170;;CENTRO;BOCAINA;17240000;SP;CARLOS;vinicius.franhan@hotmail.com;1436661742
1398;DETONA AUTOPEÇAS;-22.4714346;-48.9877984;RUA XV DE NOVEMBRO;521;;CENTRO;AGUDOS;17120000;SP;WAGNER;wagnaopecas@gmail.com;1432610513
1399;DITO AUTOPEÇAS;-23.9786933;-48.8784993;AVENIDA JOSÉ ERMÍRIO DE MORAES;2129;;CENTRO;ITAPEVA;18400510;SP;DITO;ditoautopecas@outlook.com;1535214882
1400;PIPO AUTOPEÇAS;-22.3082003;-48.5741573;AVENIDA ANTONIO HENRIQUE GALERANI PELEGRINA;505;;ZONA INDUSTRIAL;JAÚ;17203580;SP;PIPO;contato@pipopecas.com.br;1421046116
1401;RODA MOTOS;-22.3164960;-49.0635220;RUA MARCONDES SALGADO;1373;;VILA CARDIA;BAURU;17013231;SP;DANI;rodamotos@hotmail.com;1432122497
1402;SANTA CRUZ AUTOPEÇAS;-22.2867784;-48.1297547;AVENIDA LORIVAL JAUBERT DA SILVA BRAGA;530;;CENTRO;BROTAS;17380000;SP;PAULO;dottoauto@gmail.com;1436532298
1403;EDU AUTOPEÇAS;-22.3157744;-49.0728131;RUA INCONFIDÊNCIA;205;;CENTRO;BAURU;17010070;SP;MARCIO;eduardorolamentos_bauru@gmail.com;1431022828
1404;AUTOPEÇAS FERRARI;-22.3192714;-49.0717969;RUA GUSTAVO MACIEL;561;;CENTRO;BAURU;17010180;SP;JUNIOR;-;1432324074
1405;LENHARO AUTOPEÇAS;-22.3291929;-49.0497667;RUA ANTONIO GOBETE;464;;JARDIM CONTORNO;BAURU;17047011;SP;VANDERLEI;compras.lenharo@terra.com.br;1431032499
1406;AUTOPEÇAS FALCÃO;-22.3283281;-49.0852152;RUA CAMPOS SALLES;238;;VILA FALCÃO;BAURU;17050000;SP;MARCEL;apfalcaobauru@hotmail.com;1432277727
1407;AUTOPEÇAS LUSIMAR;-22.3288224;-49.0990115;RUA SALVADOR FILARDI;4100;;VILA SOUTO;BAURU;17051110;SP;MARCIA;marcia_escudero@hotmai.com;1432382292
1408;AGENOR MOTOS;-22.6005213;-48.7802004;RUA MARCOS VINICIUS VILAÇA;10;;CECAP;LENÇÓIS PAULISTA;18681380;SP;AGENOR;710agenorloja@gmail.com;1432641969
1409;JM AUTOPEÇAS;-23.4202927;-49.0920605;RUA MANOEL JOAQUIM GARCIA;1264;;CENTRO;ITAÍ;18730000;SP;JOSÉ MARIA;jmautopeca@uol.com.br;1437611548
1410;AUTOPEÇAS BOTUCATU;-22.8689569;-48.4605119;AVENIDA LEONARDO VILLAS BOAS;3002;;VILA NOVA;BOTUCATU;18608227;SP;MARCOS;botucatudistribuidora@hotmail.com;1434402104
1411;BROTAS AUTOPEÇAS;-22.2798173;-48.1253643;AVENIDA DANTE MARTINELLI;91;;VILA SÃO JOÃO;BROTAS;17380000;SP;REINALDO;brotaspeca@terra.com.br;1436531601
1412;ROLAMAR AUTOPEÇAS;-22.6019157;-48.8117179;AVENIDA PADRE SALUSTIO RODRIGUES MACHADO;1464;;JARDIM UBIRAMA;LENÇÓIS PAULISTA;18683471;SP;ROBSON;robson@rolamar.com.br;1432693500
1413;VICARI AUTOPEÇAS;-21.9907344;-49.4551936;RUA BARÃO DO RIO BRANCO;427;;CENTRO;PIRAJUÍ;16600000;SP;RODRIGO;vicariautopecas@hotmail.com;1435722883
1414;PAULINHO MOTOS;-22.8833518;-48.4547593;RUA DOS COSTAS;594;;VILA SÃO LÚCIO;BOTUCATU;18603191;SP;TATI;tati.paulinhomotos@hotmail.com;1438824298
1415;AUTOPEÇAS LINHEIRA MASTER;-23.1003025;-48.6039510;RUA SÃO JOÃO;359;;VILA PRETE;ITATINGA;18690000;SP;CRISTIAN;linheira.master@hotmail.com;1438483533
1416;AUTOPEÇAS  LINHEIRA;-23.1063361;-48.6167937;RUA BENEDITO DIAS DE ALMEIDA;163;;CENTRO;ITATINGA;18690000;SP;PAULO;financeiro2.linheira@hotmail.com;1438481421
1417;DORIVAL AUTOPEÇAS;-21.1597298;-47.8180766;RUA MATO GROSSO;370;;IPIRANGA;RIBEIRÃO PRETO;14055620;SP;GUSTAVO;vendas3@dorivalautopecas.com.br;1639636414
1418;SELEGATO AUTOPEÇAS;-22.1204928;-46.6844151;RUA JOSIAS APARECIDO DIOGO BUENO;210;;CENTRO;SANTO ANTÔNIO DO JARDIM;13995000;SP;FABIO;sac@selegato.com.br;1936611000
1419;SELEGATO AUTOPEÇAS;-22.1963350;-46.7593926;AVENIDA WASHINGTON LUIZ;640;;JARDIM DAS ROSAS;ESPÍRITO SANTO DO PINHAL;13990000;SP;FABIO;sac@selegato.com.br;1936611000
1420;SELEGATO AUTOPEÇAS;-21.9752119;-46.7930737;AVENIDA BRASÍLIA;859;;VILA ZANETI;SÃO JOÃO DA BOA VISTA;13870590;SP;FABIO;sac@selegato.com.br;1936611000
1421;SELEGATO AUTOPEÇAS;-22.1960290;-46.7591491;RUA AMADEU MARTINELLI;195;;JARDIM DAS ROSAS;ESPÍRITO SANTO DO PINHAL;13990000;SP;FABIO;sac@selegato.com.br;1936611000
1422;AUTOPARTS PEÇAS;-21.7770625;-48.1688416;RUA MAURO PINHEIRO;31;;VILA FERROVIÁRIA;ARARAQUARA;14802355;SP;ALEXANDRE;compras.autoparts@gmail.com;1633576547
1423;CARNIEL AUTOPEÇAS;-21.2068405;-47.7964044;RUA NEWTON STILAC LEAL;110;;ITAMARATI;RIBEIRÃO PRETO;14020660;SP;FREDERICO;carniel@carnielautopecas.com.br;1636232631
1424;CHEFOR AUTOPEÇAS;-21.8032630;-48.1961298;AVENIDA PRESIDENTE VARGAS;2608;;QUITANDINHA;ARARAQUARA;14801000;SP;LUIS;cheforpecas@terra.com.br;1633335565
1425;GR CAR AUTOPEÇAS;-21.4062665;-48.5094245;AVENIDA PAULO ROBERTO SCANDAR;225;;CENTRO;TAQUARITINGA;15900000;SP;GUILHERME;gr.car@hotmail.com;1632533188
1426;IP AUTOPEÇAS;-21.4858050;-47.3669579;RUA MAJOR JOÃO GARCIA DUARTE;394;;JARDIM PLANALTO;SANTA ROSA DE VITERBO;14270000;SP;PAULO;adm@ipautopecas.com.br;1639543620
1427;PANTERA AUTOPEÇAS;-21.7031809;-47.4763478;RUA JOÃO NOGUEIRA;425;;BELÉM;SANTA RITA DO PASSA QUATRO;13670000;SP;ROBERTO;jrutinetti@netsite.com.br;1635821365
1428;TECIANO AUTOPEÇAS;-21.7321985;-48.1023307;AVENIDA LUIS DOSUALDO;100;;JARDIM AMÉRICA;AMÉRICO BRASILIENSE;14820000;SP;JOSE LUIZ;teciano@teciano.com.br;1633939699
1429;PERIM AUTOPEÇAS;-21.1401703;-47.7875556;RUA ITANHAÉM;1338;;VILA CARVALHO;RIBEIRÃO PRETO;14075050;SP;JULIO;contato@perimpecas.com.br;1639698686
1430;PERIM AUTOPEÇAS;-22.8507802;-47.1596895;RUA BATISTA RAFFI;1173;;JARDIM APARECIDA;CAMPINAS;13068601;SP;VALTER;campinas@perimpecas.com.br;1937815010
1431;AUTOPEÇAS OURO VERDE;-22.9659714;-47.1328782;RUA RAFAEL IORIO;10;;JARDIM CRISTINA;CAMPINAS;13054021;SP;ELIELSON;compras.elielson@autopecasouroverde.com.br;1932666369
1432;AUTOPEÇAS IPIRANGA;-22.7474221;-47.3607214;RUA IPOJUCA;735;;JARDIM IPIRANGA;AMERICANA;13468580;SP;RUDNEI;rosaesilvapecas@hotmail.com;1934059333
1433;BEIJA FLOR AUTOPEÇAS;-23.7700442;-46.7145943;AVENIDA PAULO GUILGUER REIMBERG;374;;SANTO AMARO;SÃO PAULO;4858070;SP;WAGNER;beijaflorautopecas@gmail.com;1155275180
1434;BOM CAMINHO AUTOPEÇAS;-23.5330777;-47.1566418;RODOVIA RAPOSO TAVARES;2016;KM 64;VILA NOVA SÃO ROQUE;SÃO ROQUE;18131220;SP;JORGE;apbomcaminho@terra.com.br;1147124053
1435;MEDCAR AUTOPEÇAS;-23.6407079;-46.6075421;AVENIDA PADRE ARLINDO VIEIRA;2428;;JARDIM CLIMAX;SÃO PAULO;4166003;SP;ADRIANO;sorayaelkak@ig.com.br;1123351918
1436;MERCADOCAR AUTOPEÇAS;-23.6636823;-46.7089125;AVENIDA VITOR MANZINI;420;;SANTO AMARO;SÃO PAULO;4745060;SP;DIEGO;sac.sa@mercadocar.com.br;1122065000
1437;PERIM AUTOPEÇAS;-23.5915036;-46.5974133;AVENIDA JUNTAS PROVISÓRIAS;527;;IPIRANGA;SÃO PAULO;4214050;SP;ELISABETE;saopaulo@perimpecas.com.br;1120671000
1438;PERIM AUTOPEÇAS;-23.7504095;-46.5821558;RUA LUIGI BATISTINI;813;;BATISTINI;SÃO PAULO;9842020;SP;EMERSON;sbc@perimpecas.com.br;1143461010
1439;PERIM AUTOPEÇAS;-23.5921729;-46.7665401;RODOVIA RAPOSO TAVARES;10457;KM 101;PARQUE RESERVA FAZENDA IMPERIAL;SÃO PAULO;18052775;SP;TERCIO;sorocaba@perimpecas.com.br;1530421818
1440;AUTOPEÇAS ATLÂNTICO;-23.6183256;-46.5748015;AVENIDA SENADOR ROBERTO SIMONSEN;576;;SANTO ANTÔNIO;SÃO CAETANO DO SUL;9530401;SP;DOMINGOS;a.p.atlantico@gmail.com;1135656251
1441;AUTOPEÇAS 2000;-23.6484689;-46.6453699;RODOVIA CANJERANAS;111;;JABAQUARA;SÃO PAULO;4349020;SP;ABEL;2000ltda@uol.com.br;1150115157
1442;AUTOPEÇAS MACEDO;-23.6146764;-46.6374033;RUA CARNEIRO DA CUNHA;155;;SAÚDE;SÃO PAULO;4144000;SP;RICARDO;macedopecas2015@gmail.com;1150818293
1443;SARATANI AUTOPEÇAS;-23.5860009;-46.6366610;RUA DOMINGOS DE MORAIS;1084;;VILA MARIANA;SÃO PAULO;4010100;SP;CELSO;saratani@saratani.com.br;1150807575
1444;PERIM AUTOPEÇAS;-23.5207927;-46.7917589;RUA ANHANGUERA;157;;JARDIM PIRATININGA;OSASCO;6230110;SP;MARLUZ;osasco@perimpecas.com.br;1139337474
1445;PERIM AUTOPEÇAS;-23.5238018;-46.5871778;RUA CARMÓPOLIS DE MINAS;393;;VILA MARIA;SÃO PAULO;2116010;SP;SILVIO;vilamaria@perimpecas.com.br;1148582458
1446;SUPER PEÇAS AUTOPEÇAS;-23.5314169;-46.7938393;RUA PROFESSOR JOSÉ AZEVEDO MINHOTO;509;;KM 18;OSASCO;6114000;SP;LEONARDO;vendas@superpecas.com.br;1136525900
1447;FREIO 90 AUTOPEÇAS;-23.5884126;-46.7330792;AVENIDA ELISEU DE ALMEIDA;2722;;BUTANTÃ;SÃO PAULO;5533000;SP;RENATO;vendas.freio90@gmail.com;1137424003
1448;KAIQUE AUTOPEÇAS;-22.6216135;-43.2397760;AVENIDA AUTOMOVEL CLUBE;19;;SANTA CRUZ DA SERRA;DUQUE DE CAXIAS;25260000;RJ;ABEL;kaique.c.auto@bol.com.br;2126995471
1449;IMPORT AUTOPEÇAS;-22.7797592;-43.3048783;AVENIDA DUQUE DE CAXIAS;821;;ITATIAIA;DUQUE DE CAXIAS;25070140;RJ;RONI;fap2autopecas@gmail.com;2138480015
1450;REIVAN PEÇAS;-22.6630642;-43.2851026;AVENIDA WASHINGTON LUIZ;14333;LOJA D;CHACARA DE PETROPOLIS;DUQUE DE CAXIAS;25213005;RJ;ESTER;caxias@reivanpecas.com.br;2127765889
1451;FILHÃO AUTOPEÇAS;-22.6202717;-43.2110948;AVENIDA AUTOMOVEL CLUBE;S/N;QUADRA 40 LOTE 576;SANTA CRUZ DA SERRA;DUQUE DE CAXIAS;25255030;RJ;MARCOS;mark.al@ig.com.br;2126757186
1452;TIGRÃO AUTOPEÇAS;-22.7797592;-43.3048783;AVENIDA DUQUE DE CAXIAS;866;LOJA A;IATIAIA;DUQUE DE CAXIAS;25070140;RJ;MARCIO;vendatigrao11@gmail.com;2127716776
1453;PRACARRO AUTOPEÇAS;-22.6293778;-43.2535675;AVENIDA AUTOMOVEL CLUBE;14;;SANTA CRUZ DA SERRA;DUQUE DE CAXIAS;25255030;RJ;NELSON;pracarro@yahoo.com.br;2126797940
1454;RAMAR DIESEL;-22.7619376;-43.2873473;RODOVIA WASHINGTON LUIZ;5525;;JARDIM GRAMACHO;DUQUE DE CAXIAS;25050009;RJ;MARCELO;vendascaxias@ramardiesel.com.br;2127717249
1455;RAMAR DE IGUAÇU;-22.7592947;-43.4264031;RODOVIA PRESUDENTE DUTRA;12930;KM 13;POSTO 13;NOVA IGUAÇU;26010700;RJ;LUCIANO;vendasni@ramardiesel.com.br;2127672474
1456;AUTOPEÇAS RAMAR DE BANGU;-22.8608255;-43.4556250;AVENIDA BRASIL;31991;;BANGU;RIO DE JANEIRO;21860570;RJ;CARLOS;bangu@ramardiesel.com.br;2134639121
1457;RAMAR DIESEL;-22.8188381;-43.6534197;RUA CÂNDIDA MARIA DA CONCEIÇÃO;1;;CAMPO LINDO;SEROPÉDICA;23890000;RJ;TARCISO;ramardieselseropedica@ig.com.br;2126821888
1458;FUSCÃO PRETO AUTOPEÇAS;-22.8665742;-43.7606841;ESTRADA DEPUTADO OCTAVIO CABRAL;11;;JARDIM AMERICA;ITAGUAÍ;23810305;RJ;WANDERSON;compras6@fuscaopreto.com.br;2135843020
1459;FUSCÃO PRETO AUTOPEÇAS;-22.7564550;-43.4464245;AVENIDA NILO PEÇANHA;578;;CENTRO;NOVA IGUAÇU;26210010;RJ;EDUARDO;compras6@fuscaopreto.com.br;2126673683
1460;ELETRICAL;-22.7572868;-43.4473856;AVENIDA NILO PEÇANHA;439;;CENTRO;NOVA IGUAÇU;26210011;RJ;EDUARDO;compras6@fuscaopreto.com.br;2127671632
1461;LARRUBIA AUTOPEÇAS;-22.9143830;-43.5484379;RUA OLINDA ELLIS;710;;CAMPO GRANDE;RIO DE JANEIRO;23017120;RJ;AUGUSTO;larrubiacg@gmail.com;2134073585
1462;LARRUBIA 2 AUTOPEÇAS;-22.9638416;-43.6152956;ESTRADA DO MAGARÇA;5323;;CAMPO GRANDE;RIO DE JANEIRO;23035380;RJ;MARCIO;larrubiacg@gmail.com;2123943887
1463;JOVAN AUTOPEÇAS;-22.8853930;-43.5690617;ESTRADA RIO - SÃO PAULO;1684;;CAMPO GRANDE;RIO DE JANEIRO;23087005;RJ;RAIMUNDO;jovan.autopecas@hotmail.com;2124115281
1464;REIS AUTOPEÇAS;-22.6202717;-43.2110948;AVENIDA AUTOMÓVEL CLUBE;S/N;;SANTA CRUZ DA SERRA;DUQUE DE CAXIAS;25255030;RJ;ELIANE;rsantospcd@hotmail.com;2126758229
1465;REIS AUTOPEÇAS;-22.6769808;-43.2489058;AVENIDA PRESIDENTE ROSEVELT;10;;SARACURUNA;DUQUE DE CAXIAS;25212390;RJ;ALEXANDRE;jrdeoliveira@hotmail.com;2126787124
1466;AUTOPEÇAS TIGRÃO;-19.5906966;-46.9397257;RUA ANTÔNIO CARLOS;158;A;CENTRO;ARAXÁ;38183083;MG;RENATO;tigraocentro@hotmail.com;3436612088
1467;AUTOPEÇAS TIGRÃO;-19.4982944;-46.5486159;AVENIDA BARTOLOMEU RIBEIRO DE PAIVA;467;;SÃO BENEDITO;IBIÁ;38950000;MG;RENATO;tigraoibia@hotmail.com;3436613594
1468;AUTOPEÇAS TIGRÃO;-19.5938966;-46.9396772;AVENIDA GETÚLIO VARGAS;163;;CENTRO;ARAXÁ;38183192;MG;RENATO;aptigraorenato@hotmail.com;3436612088
1469;AUTOPEÇAS TIGRÃO;-19.5920242;-46.9305764;AVENIDA DAMASO DRUMOND;615;;CENTRO;ARAXÁ;38183063;MG;EDUARDO;autopecastigrao@hotmial.com;3436626299
1470;BH PEÇAS;-18.9242192;-48.2258145;AVENIDA SEGISMUNDO PEREIRA;3515;;SANTA MONICA;UBERLÂNDIA;38408170;MG;FLÁVIO;bhpecas@hotmail.com;3432107759
1471;ATUAL AUTOPEÇAS;-18.6026886;-46.5171162;RUA DONA LUIZA;1107;;CENTRO;PATOS DE MINAS;38700164;MG;WELLINGTON;atualpatosautopecas@hotmail.com;3438254545
1472;AUTOPEÇAS MUNDIAL;-18.9705737;-49.4609163;RUA VINTE E SEIS;563;;CENTRO;ITUIUTABA;38300080;MG;MARCELO;apmundial@hotmail.com;3432610394
1473;FERREIRA AUTOPEÇAS;-19.3769113;-48.9605972;AVENIDA BRASILIA;733;;EDNA;PRATA;38140000;MG;ANA;ferreira1877@hotmail.com;3434311877
1474;SANTA FÉ AUTOPEÇAS;-21.2445586;-45.0156955;RUA TONIQUINHO PEREIRA;754;;SERRA AZUL;LAVRAS;37200000;MG;PAULO HENRIQUE;santafeautopeca@hotmail.com;3538210045
1475;VIRTUAL AUTOPEÇAS VENDA NOVA;-19.9653789;-44.2033227;AVENIDA EDMÉIA MATTOS LAZZAROTTI;929;;DE CAMÃO;BETIM;32603075;MG;JOSÉ CARLOS;gerenciaunidade.betim@virtualautopecas.com.br;3134180705
1476;CASA DOS PARAFUSOS;-16.7206253;-43.8644954;AVENIDA ARMÊNIO VELOSO;200 A 234;;CENTRO;MONTES CLAROS;39400040;MG;ELIAS;cdpltda2@gmail.com;3832219000
1477;VIRTUAL AUTOPEÇAS VENDA NOVA;-19.8285432;-43.9633854;RUA DOUTOR ÁLVARO CAMARGOS;1680;;SÃO JOÃO BATISTA;BELO HORIZONTE;31515252;MG;ANDERSON;pedro@virtualautopecas.com.br;3134180705
1478;ARAGUAIA AUTOPEÇAS;-20.6571913;-43.7981606;RUA DIAS DE SOUZA;494;;LOURDES;CONSELHEIRO LAFAIETE;36408000;MG;EDGAR;araguaiapecas01@gmail.com;3137635418
1479;MUTUM BATERIAS;-19.8407419;-43.9251041;AVENIDA SARAMENHA;790;;GUARANI;BELO HORIZONTE;31840220;MG;BRÁZ ANTÔNIO;mutumbaterias@hotmail.com;3134364468
1480;AUTOPEÇAS ZEZO;-25.0846222;-50.1764611;PRAÇA GETÚLIO VARGAS;48;;NOVA RUSSIA;PONTA GROSSA;84070000;PR;FÁBIO;zezoautopecas@hotmail.com;4232257441
1481;AUTOPEÇAS JPARTS;-28.6855789;-49.3892321;AVENIDA CENTENÁRIO;1250;;SANTA BÁRBARA;CRICIÚMA;88804001;SC;JUREMA;financeiro1.adm@hotmail.com;4834336367
1482;AUTOPEÇAS CAMPONOVENSE;-25.5002472;-49.2959125;AVENIDA WINSTON CHURCHILL;495;;CAPÃO RASO;CURITIBA;81150050;PR;ELIZEU;camponovense@hotmail.com;4132473160
1483;AUTOMECRI;-26.7117038;-48.9093922;RUA PROFESSOR SIMÃO HESS;715;;VILA DO SALTO;LUIZ ALVES;89128000;SC;VANDERLEI;contato@automecri.com.br;4733771233
1484;AUTOPEÇAS POSITIVA;-25.4588459;-49.0981270;RODOVIA JOÃO LEOPOLDO JACOMEL;1780;;JARDIM ESMERALDA;PIRAQUARA;83302000;PR;JEFERSON;estelaiearaujo@hotmail.com;4130346910
1485;AUTOPEÇAS POSITIVA;-25.4674278;-49.2092239;RUA FILIPINAS;444;;CAJURU;CURITIBA;82960180;PR;GILSON;estelaiearaujo@hotmail.com;4131488600
1486;AUTOPEÇAS POSITIVA;-25.4345661;-49.1761613;RODOVIA JOÃO LEOPOLDO JACOMEL;11217;;PINEVILLE;PINHAIS;83320005;PR;JOSÉ CARLOS;estelaiearaujo@hotmail.com;4130336900
1487;AUTOPEÇAS 3 IRMÃOS;-25.5173105;-49.2555958;RUA FRANCISCO DEROSSO;3385;;XAXIM;CURITIBA;81720000;PR;BRUNO;compras.3irmaos@hotmail.com;4133787178
1488;AUTOPEÇAS SANTA FELICIDADE;-25.4161641;-49.2964621;AVENIDA MANOEL RIBAS;2199;;MERCÊS;CURITIBA;80810000;PR;MARCOS;vendas@santaautopecas.com.br;4133353355
1489;AUTOPEÇAS SANTA FELICIDADE;-25.4026509;-49.3316985;AVENIDA VEREADOR TOALDO TULIO;80;;SANTA FELICIDADE;CURITIBA;82320010;PR;VICTOR;vendas@santaautopecas.com.br;4133722929
1490;VENAFRE AUTOPEÇAS;-29.9993339;-51.1333872;AVENIDA SERTÓRIO;7290;LOJA 02;SARANDI;PORTO ALEGRE;91140620;RS;JOSÉ;venafreap@hotmail.com;5133645259
1491;KRAEMER COMÉRCIO DE PEÇAS;-30.0145400;-51.2047825;AVENIDA FARRAPOS;2029;;FLORESTA;PORTO ALEGRE;90220006;RS;PRISCILA;financeiro@kraemerfilter.com.br;5130843999
1492;CASA DA SUSPENSÃO;-29.9997372;-51.1341001;AVENIDA SERTÓRIO;7255;;SARANDI;PORTO ALEGRE;91130721;RS;FERNANDO;casadasuspensao@live.com;5133714568
1493;J P AUTOPEÇAS;-29.9993634;-51.1333320;AVENIDA SERTÓRIO;7300;;SARANDI;PORTO ALEGRE;91130720;RS;ANTONIO;jtotateautopecas@hotmail.com;5133643838
1494;FUSION AUTOPEÇAS;-24.9454153;-53.4350073;RUA LINS;111;;SÃO CRISTÓVÃO;CASCAVEL;85818290;PR;ANDRÉ;fusionpecas@hotmail.com;4530354262
1495;COPEÇAS;-25.6200963;-53.7586120;AVENIDA BRASIL;1199;;CENTRO;CAPANEMA;85760000;PR;TATIANO;copini@ampernet.com.br;4635521411
1496;COCKSTONE AUTOPEÇAS;-25.3787711;-52.1213773;RUA DOZE DE MAIO;S/N;;CENTRO;CANTAGALO;85160000;PR;LUIZ EDUARDO;vendas@cockstone.com.br;4236361212
1497;MOTOCENTER;-24.9713566;-53.4545085;RUA DOUTOR SANDINO ERASMO DE AMORIM;1628;;MARIA LUIZA;CASCAVEL;85803710;PR;LUCIMARA;motocentercacavel@hotmail.com;4532236571
1498;DESTAK MOTOS;-24.1854908;-53.0244542;AVENIDA DEZENOVE DE AGOSTO;517;;JARDIM LINDÓIA;GOIOERÊ;87360000;PR;ELIZEU;destakmotos@outlook.com;4435225905
1499;APS MOTOPEÇAS;-12.9146145;-38.4649665;AVENIDA MARIA LÚCIA;99;;SÃO MARCOS;SALVADOR;41250280;BA;ANTONIO;apsmotopecas@gmail.com;7132124961
1500;AUTOPEÇAS RIBEIRO;-13.0088285;-41.3711799;RUA DA RODAGEM;S/N;;CENTRO;MUCUGÊ;46750000;BA;EVANDRO;evandrotorneiro@hotmail.com;7533382306
1501;FERA MOTOPEÇAS;-12.7007673;-38.3275462;RUA JOSÉ NUNES DE MATOS;S/N;;CENTRO;CAMAÇARI;42800003;BA;BRAGA;faturamento@feramotopecas.com;7136276766
1502;WEDSON MOTOS;-12.9155836;-38.4336639;AVENIDA ALIOMAR BALEEIRO;2514;;PAU DA LIMA;SALVADOR;41245020;BA;WEDSON;wedson121merces@gmail.com;7132121685
1503;LORAH MOTOS;-12.9198187;-38.4788283;RUA BOA VENTURA;1126;;BOA VISTA DO LOBATO;SALVADOR;40487020;BA;ALAN;lorahmotos@gmail.com;7192933878
1504;MATEUS MOTOS;-9.4216455;-40.5011798;AVENIDA ADOLFO VIANA;89;;CENTRO;JUAZEIRO;48903580;BA;MATEUS;mateusmotos@gmail.com;7436111010
1505;MICA MOTOS;-12.6935977;-38.3315106;AVENIDA CONCÊNTRICA;118;;ALTO DA CRUZ;CAMAÇARI;42803121;BA;ALMIR;micamotos15@hotmail.com;7491644175
1506;MOTO PREÇOS PEÇAS E SERVIÇOS;-12.9734667;-38.4996801;RUA DJALMA DUTRA;117;;MATATU;SALVADOR;40255000;BA;FLÁVIO;motopreco@uol.com.br;7133226102
1507;NEM MOTOS;-12.2478474;-38.9665339;RUA VOLUNTÁRIOS DA PÁTRIA;199;;BARAÚNA;FEIRA DE SANTANA;44018000;BA;ADENOR;nemmotos@hotmail.com;7532210604
1508;NETOS MOTOS;-12.9766464;-39.2744933;AVENIDA VEREADOR JOÃO SILVA;1155;;ANDAIA;SANTO ANTÔNIO DE JESUS;44572570;BA;JOSÉ;netosmotos@hotmail.com;7536314122
1509;RIBEIRO MOTOS;-12.9173029;-38.4182470;AVENIDA ALIOMAR BALEEIRO;5;;VILA CANÁRIA;SALVADOR;41390710;BA;HÉLIO;ribeiropneu@hotmail.com;7133922748
1510;ROGER MOTOS;-12.9164704;-38.4284922;AVENIDA ALIOMAR BALEEIRO;38-A;;VILA CANÁRIA;SALVADOR;41390710;BA;ROGÉRIO;motobahia@yahoo.com.br;7132125069
1511;SALVADOR MOTO PEÇAS;-12.9891900;-38.5064675;AVENIDA VASCO DA GAMA;374;;BROTAS;SALVADOR;40286000;BA;TADEU;tadeucardozo@gmail.com;7132616358
1512;SILVEIRA MOTOS;-12.9529915;-38.4886035;RUA DOUTOR EDUARDO SANTOS;262;;PERO VAZ;SALVADOR;40340070;BA;MARCELO;silveiraservboy@uol.com.br;7133883780
1513;SILVEIRA MOTOS;-12.9712694;-38.4990298;RUA DJALMA DUTRA;100;;NAZARÉ;SALVADOR;40240080;BA;MARCELO;silveiraservboy@uol.com.br;7132935680
1514;SILVEIRA MOTOS;-12.9463657;-38.4830314;AVENIDA GENERAL SAN MARTIN;168;;FAZENDA GRANDE DO RETIRO;SALVADOR;40355000;BA;MARCELO;silveiraservboy@uol.com.br;7132362003
1515;PARCERIA AUTOPEÇAS;-8.1955287;-35.5649148;AVENIDA CICERO BATISTA DE OLIVEIRA;S/N;;SÃO JOSE;GRAVATÁ;55643495;PE;JOAO HENRIQUE;jksromario@hotmail.com;8131554229
1516;TONI MOTOS;-3.7247745;-38.5477831;AVENIDA SARGENTO HERMINIO;791;;MONTE CASTELO;FORTALEZA;60326515;CE;PEDRO MILLEN;pedromillen791@gmail.com;8588457754
1517;LOURO MOTOS;-4.8566660;-39.5774260;RUA ANTONIO COSTA VIEIRA;1216;;CENTRO;MADALENA;63860000;CE;EVELANE;louromotos.e@gmail.com;8881154011
1518;SUPER MOTOS;-3.7321059;-38.5317649;RUA CLARINDO DE QUEIROZ;852;LOJA 02;CENTRO;FORTALEZA;60035130;CE;MARCOS MENEZES;supermotosms@hotmail.com;8532523881
1519;ALEX AUTOPEÇAS;-17.7883359;-50.9124500;RUA GENERAL OSÓRIO;15;;NOVA VILA MARIA;RIO VERDE;76100000;GO;ALEX;alexdocarmo39@gmail.com;6436235492
1520;COMETA AUTOPEÇAS;-19.6650654;-51.1925931;AVENIDA TRÊS LAGOAS;2793;;CENTRO;PARANAÍBA;79500000;MS;AILTON;cometapecas@terra.com.br;6736683705
1521;COMETA AUTOPEÇAS;-18.5502552;-53.1269782;AVENIDA VEREADOR KENDI NAKAI;66;;CENTRO;COSTA RICA;79000000;MS;AILTON;financeirocometa@hotmail.com;6732472100
1522;FIBREQUE AUTOPEÇAS;-16.6687512;-49.3040854;AVENIDA ANHANGUERA;10211;;RODOVIÁRIO;GOIÂNIA;74430030;GO;ANTÔNIO CARLOS;fibreque@gmail.com;6232952800
1523;MULTI DIESEL PEÇAS E ACESSÓRIOS;-17.9133833;-51.7209443;RUA JERONIMO VILELA;561;QD 8 LT 21;JARDIM RIO CLARO;JATAÍ;75804244;GO;HAROLDO;multidiesel@bol.com.br;6436363153
1524;AUTO CENTER PEÇAS E SERVIÇOS;-16.3711135;-49.4932334;AVENIDA BERNARDO SAYÃO;S/N;QD 121 LT 11A;SANTA TEREZINHA;INHUMAS;75400000;GO;KLEBER;kleberpp@yahoo.com.br;6235141794
1525;RENAP PNEUS E PEÇAS;-16.5218794;-50.3770534;RUA MARAJÓ;S/N;QD 02 LT 02;LEDIO DE PAULA;SÃO LUÍS DE MONTES BELOS;76100000;GO;ROBERT;renapatendimento@gmail.com;6436711509
1526;RENAP PNEUS E PEÇAS;-16.4469242;-51.1261679;AVENIDA DOUTOR NETO;110;;CENTRO;IPORÁ;76200000;GO;VINICIUS;renapipora@gmail.com;6436711207
1527;AUTOPEÇAS UNIÃO;-12.5477829;-55.7119588;AVENIDA PERIMETRAL SUDESTE;11331;;CENTRO;SORRISO;78890000;MT;ROGÉRIO;etoque01@uniaopecasmt.com.br;6665442857
1528;AUTOPEÇAS UNIÃO;-13.0697428;-55.9268464;AVENIDA AMAZONAS;2059-S;;MENINO DEUS;LUCAS DO RIO VERDE;78455000;MT;FABIO;estoque02@uniaopecasmt.com.br;6535496656
1529;AUTOPEÇAS UNIÃO;-12.5673460;-55.7234400;AVENIDA IDEMAR RIEDI;8850;;LOTE VALO;SORRISO;78890000;MT;OXTO;estoque03@uniaopecasmt.com.br;6635441535
1530;AUTOPEÇAS UNIÃO;-13.8152026;-56.0754361;AVENIDA PERIMETRAL DAS SAMAMBAIAS;725-N;;RESERVA TECNICA;NOVA MUTUM;78450000;MT;EDSON;estoque04@uniaopecasmt.com.br;6533081818
1531;AUTOPEÇAS UNIÃO;-14.4570969;-56.8441121;RUA JANIO QUADROS;1809-E;;SÃO MATEUS I;ARENÁPOLIS;78420000;MT;PAULO;estoque05@uniaopecasmt.com.br;6533431535
1532;AUTOPEÇAS UNIÃO;-11.2599316;-57.5119279;AVENIDA RIO ARINOS;839-S;;CENTRO;JUARA;78575000;MT;JOÃO;estoque06@uniaopecasmt.com.br;6635561589
1533;MOTOS CIA;-3.0726365;-60.0436652;AVENIDA DESEMBARGADOR JOÃO MACHADO;205;;ALVORADA;MANAUS;69044-000;AM;JOÃO BOSCO;motoscialtda@uol.com.br;(92) 3030-9220
1534;PINTO AUTOPEÇAS;-3.1252720;-59.9984230;AVENIDA TEFÉ;11;;RAIZ;MANAUS;69065-020;AM;JUNIOR;pintopecas@hotmail.com;(92) 3663-2318
1535;MARQUES MOTOS;-3.0737945;-60.0407714;AVENIDA DESEMBARGADOR JOÃO MACHADO;5871;;ALVORADA;MANAUS;69043-000;AM;FABIO;amarquesmotos@hotmail.com;(92) 3214-2810
1536;CAXANGÁ FIAT;-3.1245143;-60.0132533;RUA VISCONDE DE PORTO ALEGRE;1324;;PRAÇA 14 DE JANEIRO;MANAUS;69020-130;AM;ALTAIR;caxangafiat@hotmail.com;(92) 3232-0942
1537;GUTO MOTO PEÇAS;-3.0126119;-60.0056433;RUA YANIMAMI;192;LT RECREIO CANAÃ;COLÔNIA TERRA NOVA;MANAUS;69093-590;AM;IVANIA;gutomotos2@gmail.com;(92) 3081-4336
1538;TOP CAR AUTOPEÇAS;-15.8551352;-48.0300225;RUA 04 CHÁCARA 06A LOTE 11;S/N;LOJA 01 E 02;VICENTE PIRES;BRASÍLIA;72001240;DF;CÉSAR;ckarmecanica@gmail.com;6185867407
1539;MONTANA AUTOPEÇAS;-15.7997348;-48.0429865;RUA 07 CHÁCARA 327 LOTE 15B;S/N;;VICENTE PIRES;BRASÍLIA;72110970;DF;HUMBERTO RAMON;montanaup@hotmail.com;6135470104
1540;HERIK AUTOPEÇAS;-15.7975154;-47.8918874;QUADRA 06 LOTES 06 E 07;S/N;SETOR VEREDAS;BRAZLÂNDIA;BRASÍLIA;72725060;DF;HERIK;herikautopecas@hotmail.com;6133911329
1541;LUCIANO AUTOPEÇAS;-15.8320452;-48.0770123;QUADRA 08 SETOR NORTE BLOCO A;S/N;LOJA 01;BRAZLÂNDIA;BRASÍLIA;72710080;DF;ANDERSON;lucianoautopecas.gerencia@hotmail.com;6196551257
1542;LUCIANO AUTOPEÇAS;-15.7081513;-47.9146951;ALAMEDA GRAVATÁ QUADRA 301 CONJUNTO 03 LOTE 01;S/N;;AGUAS CLARAS;BRASÍLIA;71901320;DF;LUCIANO;lucianoautopecas.gerencia@hotmail.com;6130483311
1543;BIGAS AUTOPEÇAS;-15.6730240;-48.2001807;QUADRA 06 LOTES 37 E 38;S/N;;BRAZLÂNDIA;BRASÍLIA;72705010;DF;FRANCISCO WILSON;bigasautopecas@gmail.com;6184822411
1544;MUNDIAL AUTOPEÇAS;-15.7081548;-47.9146971;SETOR SHN QUADRA 47;S/N;LOJA 03;TAGUATÍNGA NORTE;BRASÍLIA;72130700;DF;ALISSON VIEIRA;mundial.cap@hotmail.com;6195997717
1545;TOTAL DIESEL AUTOPEÇAS;-15.7893342;-47.8879347;SETOR SHN ÁREA ESPECIAL 38;S/N;LOJA 01;TAGUATÍNGA NORTE;BRASÍLIA;72130700;DF;FABIO RODRIGUES;totaldieselmec@hotmail.com;6133540191
1546;BRASIL PEÇAS;-15.8701583;-48.0589015;QUADRA QS 122 CONJUNTO 02 LOTE 01;S/N;LOJA 03;SAMAMBAIA NORTE;BRASÍLIA;72304522;DF;GLADSTON RIBEIRO;adm.brasilpecas@gmail.com;6130490214
1547;REAL ACESSÓRIOS SAMAMBAIA;-15.8701583;-48.0589015;QUADRA QS 122 CONJUNTO 02 LOTE 03;S/N;LOJA 01;SAMAMBAIA NORTE;BRASÍLIA;72304522;DF;HELDER MENDES;hmfacessorios@hotmail.com;6130414040
1548;CENTRO OESTE AUTOPEÇAS;-15.8555317;-47.9521476;QUADRA QNO 09 CONJUNTO H LOTE 36 E 37;S/N;;CEILÂNDIA NORTE;BRASÍLIA;72252098;DF;WERIQUE FARIAS;centrooeste.autopecas@gmail.com;6135856451
1549;SKINÃO AUTOPEÇAS;-15.8011260;-48.1285288;QUADRA QNO 08 CONJUNTO A ÁREA ESPECIAL 20;S/N;;CEILÂNDIA NORTE;BRASÍLIA;72251801;DF;EVARISTO DE ALMEIDA;jr35candeas@yahoo.com.br;6199847405
1550;RODOAUTO AUTOPEÇAS;-15.7975154;-47.8918874;SETOR SOF CONJUNTO D LOTE 56 / 60;S/N;SETOR DE OFICINA;PLANALTINA;BRASÍLIA;73340040;DF;SEBASTIÃO SILVA;rodoauto@yahoo.com.br;6133892376
1551;BRUTUS AUTOPEÇAS;-15.6051138;-47.6820455;SETOR SOF CONJUNTO D LOTE 66;S/N;SETOR DE OFICINA;PLANALTINA;BRASÍLIA;73340040;DF;KEMERSON COSTA;kemersoncostapaulino@hotmail.com;6130497878
1552;MUNDIAL AUTOPEÇAS;-16.0753576;-47.9860661;QUADRA 03 LOTE 34;S/N;LOJA 01;VALPARAISO;VALPARAÍSO DE GOIÁS;72870103;GO;FERNANDO;mundial@hotmail.com;6136273948
1553;JB PEÇAS E SERVIÇOS;-16.6761128;-49.2666249;RUA 4;1585;;AEROPORTO;GOIÂNIA;74075050;GO;HUGO;jbspneus@gmail.com;6232250515
1554;AUTOPEÇAS PALMELO;-17.3268069;-48.4273508;RODOVIA GO - 020;510;;VILA GONÇALVES;PALMELO;75210000;GO;JOÃO BORGES;autopecasemecpalmelo@hotmail.com;6492937921
1555;FARIAS AUTOPEÇAS;-16.7533849;-48.5197908;AVENIDA ENGENHEIRO CALIL ELIAS NETO;1090;;VILA MICHELLE;VIANÓPOLIS;75260000;GO;LUCA;fariaautopecasvps@gmail.com64;6433351849
1556;MDN AUTOPEÇAS;-17.3112328;-48.2820954;AVENIDA EGIDIO FRANCISCO RODRIGUES;150;;CENTRO;PIRES DO RIO;75200000;GO;LÁZARO;mdn.autopecas@hotmail.com;6499502850
1557;TECNOCAR PEÇAS E SERVIÇOS;-17.0357247;-48.3027095;RUA PIO JOSÉ DA SILVA;S/N;QD 05 LT 24;CAMPO FORMOSO;ORIZONA;75280000;GO;ISAC GIDEÃO;isacgg9@gmail.com;6499224858
1558;HOKMA PEÇAS;-17.0315904;-48.3050647;AVENIDA EGIRINEU TEIXEIRA;S/N;QD 01 LT 18;CINELÂNIDA;ORIZONA;75280000;GO;ADEILSON;tuanecontart@hotmail.com;6434741587
1559;CARRITEL AUTOPEÇAS;-17.2999039;-48.2857313;AVENIDA LINO SAMPAIO;105;;CENTRO;PIRES DO RIO;75200000;GO;FRANCISCO;franciscojosedesousa@yahoo.com.br;6432617009
1560;HOKMA PEÇAS E PNEUS;-17.3161140;-48.2807879;AVENIDA CRISTOFARO REZENDE;167;;NOSSA SENHORA FATIMA;PIRES DO RIO;75200000;GO;TUANE;hokmacentroautomotivo@hotmail.co;6434611682
1561;S.O.S AUTOPEÇAS;-17.3118472;-48.2816566;AVENIDA EGIDIO FRANCISCO RODRIGUES;157;;NOSSA SENHORA FATIMA;PIRES DO RIO;75200000;GO;ELIZANIA;sos.app@hotmail.com;6443612850
1562;MENDES AUTOPEÇAS;-17.0335851;-48.3156028;AVENIDA AGERINEU TEIXEIRA;71;;CENTRO;ORIZONA;75280000;GO;SIDNEY;mendesautopecas25@hotmail.com;6434741207
1563;AUTOPEÇAS CARDOSO;-17.3094476;-48.2792183;AVENIDA MARTA RASSI;33;;JARDIM GOÍAS;PIRES DO RIO;75200000;GO;LUIZ ANTÔNIO;autopecascardoso10@gmail.com;6434618845
1564;A NACIONAL AUTOPEÇAS;-17.0323183;-48.3022371;RUA SANTANA;8;;CENTRO;ORIZONA;75280000;GO;VILSON;autopecasorizona@hotmail.com;6434741210
1565;PEDRINHO AUTOPEÇAS;-16.7513660;-48.5190723;AVENIDA ENGENHEIRO CALIL ELIAS NETO;878;;MANOEL GOLVEIA;VIANÓPOLIS;75260000;GO;PEDRO;pedrinhoautopecasvps@hotmail.com;6233352567
1566;GOIÁS PNEUS E PEÇAS;-16.6716592;-48.6149673;AVENIDA DOM BOSCO;S/N;QD 12 LT 537;RESIDENCIAL ANCHIETA;SILVÂNIA;75180000;GO;ELIAS;goiaspneussil@gmail.com;6233351826
1567;DAVESO AUTOPEÇAS;-16.6619201;-48.6105109;AVENIDA DOM BOSCO;173;;CENTRO;SILVÂNIA;75180000;GO;LOURDES;davesopecas@hotmail.com;6233321444
1568;EXCELLENCY PEÇAS;-16.6716592;-48.6149673;AVENIDA DOM BOSCO;S/N;QD 12 LT 337;RESIDENCIAL ANCHIETA;SILVÂNIA;75180000;GO;MARCIO;marcio@excellencyengenharia.com.b;6233322416
1569;BONFIM AUTOPEÇAS;-16.6596506;-48.6098813;AVENIDA DOM BOSCO;14;QD 13 LT 439;NOSSA SENHORA FATIMA;SILVÂNIA;75180000;GO;THAIS;ba.bonfimautopecas@gmail.com;6233321318
1570;AUTOPEÇAS SANCHES;-16.6717643;-48.6151585;AVENIDA DOM BOSCO;1530;;RESIDENCIAL ANCHIETA;SILVÂNIA;75180000;GO;SANCHES;elsonsanches3756@gmail.com;6233322270
1571;TIÃO PNEUS;-16.6195353;-48.7436474;RUA BAHIA;218;;CENTRO;LEOPOLDO DE BULHÕES;75190000;GO;SEBASTIÃO;tiaopneus_@hotmail.com;6233371278
1572;STILO CAR PEÇAS;-17.2993340;-48.2784175;AVENIDA LINO SAMPAIO;162;;COLEGIAL;PIRES DO RIO;75200000;GO;RENATO;stilocar2010@hotmail.com;6434617704
1573;SM AUTOPEÇAS;-17.3103273;-48.2820964;AVENIDA COSME JOSÉ DO NASCIMENTO;19;;CENTRO;PIRES DO RIO;75200000;GO;LUCAS;lucas.estrella@hotmail.com;6496421478
1574;TEKO PEÇAS E PNEUS;-17.3052037;-48.2824048;AVENIDA EGIDIO FRANCISCO RODRIGUES;70;;CENTRO;PIRES DO RIO;75200000;GO;RUDINEI;teko.pneus@hotmail.com;6434616300
1575;HOKMA PEÇAS;-16.7549701;-48.5195153;RUA LAERTE MENDONÇA TELHO;S/N;QD 01 LT 06;MANSÕES SUL;VIANÓPOLIS;75260000;GO;ADEILSON;tuanecontart@hotmail.com;6492891428
1576;AUTORAMA PEÇAS;-16.7268951;-49.3512735;AVENIDA VILLE;S/N;QD 43 LT 05;MOINHO DOS VENTOS;GOIÂNIA;74371580;GO;WALLACE;caixabrasauto@outlook.com;6232335266
1577;MORAES AUTOPEÇAS;-15.7397842;-49.3264216;AVENIDA ARRHENIUS FREITAS;1196;;CENTRO;JARAGUÁ;76330000;GO;PAULO CEZAR;paulo-cezar59@hotmail.com;6233261341
1578;AUTO OMAR;-15.7535844;-49.3318248;AVENIDA BERNARDO SAYÃO;991;;CENTRO;JARAGUÁ;76330000;GO;PABLO;automar1972@gmail.com;6233261272
1579;AUTOPEÇAS SANTO ANTÔNIO;-15.7535069;-49.3320534;AVENIDA BERNARDO SAYÃO;506;;CENTRO;JARAGUÁ;76330000;GO;PEDRO HENRIQUE;autopecas_stoantonio@hotmail.com;6285668689
1580;EUROPEÇAS;-15.7534298;-49.3323117;RUA 10;81;QD 25 LT 09;CENTRO;JARAGUÁ;76330000;GO;DIVINO;europecasltda@gmail.com;6233263931
1581;INJET CAR;-15.7576375;-49.3338689;AVENIDA PRESIDENTE KENNEDY;176;QD 10 LT 01;CENTRO;JARAGUÁ;76330000;GO;JAIME;jaimeedna78@hotmail.com;6233262314
1582;MIATI AUTOPEÇAS;-23.4952069;-46.4090704;AVENIDA MARECHAL TITO;3658;;ITAIM PAULISTA;SÃO PAULO;8115000;SP;MARCELO;miati@terra.com.br;1125612002
1583;PICOLO AUTOPEÇAS;-23.6028872;-46.5272629;AVENIDA ORATÓRIO;4917;;JARDIM GUAIRACA;SÃO PAULO;3221200;SP;CESAR;contato@autopecaspicolo.com.br;1121432307
1584;MESTRE DAS VANS AUTOPEÇAS;-23.5018061;-46.4765565;AVENIDA PARANAGUÁ;465;;VILA PARANAGUÁ;SÃO PAULO;3806010;SP;FERNANDO;mestredasvans@mestredasvans.com.br;1125450844
1585;CASTELHANO AUTOPEÇAS;-23.5058500;-46.5283834;AVENIDA CANGAÍBA;2849;;CANGAÍBA;SÃO PAULO;3711001;SP;JUNIOR;atendimento@castelhanoautopecas.com.br;1129583840
1586;SS PARTS AUTOPEÇAS;-22.9463909;-46.5401572;RUA DOUTOR FREITAS;250;;MATADOURO;BRAGANÇA PAULISTA;12903010;SP;LETICIA;ss-parts@hotmail.com;1140323657
1587;TILL CAR AUTOPEÇAS;-23.4869097;-46.3816947;AVENIDA MARECHAL TITO;6418;A;ITAIM PAULISTA;SÃO PAULO;8115000;SP;ELIAS;tillcar@terra.com.br;1125618146
1588;TORRE FORTE AUTOPEÇAS;-23.5051420;-46.4564017;RUA AMÉRICO SUGAI;529;A;VILA JACUÍ;SÃO PAULO;8060380;SP;VICTOR;torrefortesac@gmail.com;1142831937
1589;INJESAN AUTOPEÇAS;-23.5614540;-46.5218958;AVENIDA JOÃO XXIII;2598;;VILA FORMOSA;SÃO PAULO;3361001;SP;OCTAVIO MASSIEL;injesandistribuidora@outlook.com;1123386874
1590;IPIRANGA PEÇAS E SERVIÇOS;-20.2778363;-50.2232396;AVENIDA LITÉRIO GRECCO;35;;JARDIM IGUATEMI;FERNANDÓPOLIS;15606341;SP;RICARDO;oficinaipiranga@gmail.com;1734425977
1591;VARGAS MOTO PEÇAS;-20.8347712;-49.3715218;RUA JOSÉ POLACHINI SOBRINHO;1864;;JARDIM URANO;SÃO JOSÉ DO RIO PRETO;15084160;SP;REGINALDO;vargasmoto@hotmail.com;1732278497
1592;CAVAZZANA AUTOPEÇAS;-20.8100086;-49.4922443;AVENIDA MODESTO JOSÉ MOREIRA JÚNIOR;3809;;PORTAL DA CIDADE AMIGA;MIRASSOL;15133272;SP;NELSON;mercia@cavazzanaautopecas.com.br;1732421825
1593;MONTEIRO AUTOPEÇAS;-21.0499084;-49.6931017;AVENIDA ROMEU RODRIGUES FIGUEIREDO;78;;VILA SAUDADE;JOSÉ BONIFÁCIO;15200000;SP;HENRIQUE;gu_monteiro@terra.com.br;1732451898
1594;DIOGO AUTOPEÇAS;-20.7985851;-49.9619943;AVENIDA CAMILO FIGUEIREDO;1285;;CENTRO;MACAUBAL;15270000;SP;FABIANO;diogoautopecas@gmail.com;1797881788
1595;AUTOPEÇAS PIVARO;-20.6280667;-49.6475412;RUA CAPITÃO HERÔNIMO FORTUNATO;235;;CENTRO;TANABI;15170000;SP;SERGIO;pivaroautocenter@hotmail.com;1732721099
1596;AUTOPEÇAS PIVARO;-20.7662018;-49.7086149;AVENIDA SANTOS DUMONT;220;;RECANTO DAS ÁGUAS;MONTE APRAZÍVEL;15150000;SP;RAFAELA;pivaroautopecas@hotmail.com;1732752720
1597;EDUARDO AUTOPEÇAS;-21.1451492;-49.0000898;RUA BRASIL;1526;;JARDIM BRASIL;CATANDUVA;15800000;SP;EDUARDO;eduardoautopecas@hotmaiil.com;1735222413
1598;JUNINHO AUTOPEÇAS;-21.1270264;-48.9817977;RUA OLÍMPIA;363;;VILA GUZZO;CATANDUVA;15803025;SP;BRENO;juninhoautopecascat@gmail.com;1735235220
1599;AUTOPEÇAS ALIANÇA;-20.4217946;-49.9629517;RUA TOCANTINS;4419;;SANTA MARIA;VOTUPORANGA;15505189;SP;AMAURI;aliancanfp@hotmail.com;1734059730
1600;EDER AUTOPEÇAS;-21.0440145;-49.6962525;AVENIDA JOSÉ ANTONIO PINTO;849;;JARDIM INDEPENDÊNCIA;JOSÉ BONIFÁCIO;15200000;SP;EDERSON;edersoncastilla@hotmail.com;1732653154
1601;AUTOPEÇAS PINHEIRO;-20.2784173;-50.2561799;RUA PADRE CANÍSIO;390;;PARQUE VILA NOVA;FERNANDÓPOLIS;15600000;SP;RODRIGO;apecaspinheiro@hotmail.com;1734634686
1602;AUTOBOSCOLI;-21.8891644;-51.8405308;AVENIDA TIRADENTES;1504;;VILA MARIA ZÉLIA;PRESIDENTE VENCESLAU;19400000;SP;FERNANDO;amboscoli@gmail.com;1832711719
1603;BR DISTRIBUIDORA DE PEÇAS;-22.1462645;-51.3995169;AVENIDA JOAQUIM CONSTANTINO;1043;;VILA FORMOSA;PRESIDENTE PRUDENTE;19050220;SP;DAVID;compras@grupobrpecas.com.br;1839087400
1604;RODOESTE DIESEL PEÇAS;-22.1323117;-51.4234838;RUA JOSEFINA ÂNGELA DE OLIVEIRA;160;;RESIDENCIAL FLORENZA;PRESIDENTE PRUDENTE;19062000;SP;ALAN;rodoestediesel@hotmail.com;1832030252
1605;GALESI AUTOPEÇAS;-23.1740804;-45.8220430;AVENIDA DAS ROSAS;571;;JARDIM MOTORAMA;SÃO JOSÉ DOS CAMPOS;12224000;SP;ANDERSON;anderson.novaautopecas@yahoo.com;1239022353
1606;AUTO GERAL;-23.2564487;-47.3031295;AVENIDA DOUTOR OCTAVIANO PEREIRA MENDES;1333;;CENTRO;ITU;13301000;SP;DEVANIR;ecommerce@autogeral.com.br;1140137777
1607;AUTO GERAL;-23.2010498;-47.2980210;AVENIDA DOM PEDRO II;1090;;CENTRO;SALTO;13320241;SP;DEVANIR;ecommerce@autogeral.com.br;1146029999
1608;AUTO GERAL;-23.2731184;-47.3086405;AVENIDA CAETANO RUGGIERI;3000;;NOSSA SENHORA CANDELÁRIA;ITU;13310160;SP;MURILO;ecommerce@autogeral.com.br;1140227777
1609;AUTO GERAL;-23.0922141;-47.2143179;AVENIDA FRANCISCO DE PAULA LEITE;160;;CENTRO;INDAIATUBA;13345115;SP;DEVANIR;ecommerce@autogeral.com.br;1938257777
1610;SIGMA AUTOPEÇAS;-23.6891946;-46.7013881;AVENIDA RIO BONITO;1945;;SOCORRO;SÃO PAULO;4776003;SP;JEFERSON;contato@sigmaautoparts.com.br;1144409411
1611;SIGMA AUTOPEÇAS;-23.7859709;-46.7262170;ESTRADA ECOTURÍSTICO DE PARELHEIROS;6170;;PARELHEIROS;SÃO PAULO;4880085;SP;LEANDRO;contato@sigmaautoparts.com.br;1128896520
1612;MANABU TAKAFUJI AUTOPEÇAS;-23.6630664;-47.2162193;RUA VINTE E QUATRO DE MARÇO;87;;CENTRO;IBIÚNA;18150000;SP;ERNESTO;manabutakafuji@yahoo.com.br;1532412570
1613;AUTO GERAL;-23.5150640;-47.4889189;AVENIDA DOUTOR ARMANDO PANNUNZIO;225;;JARDIM EUROPA;SOROCABA;18050000;SP;DOUGLAS;ecommerce@autogeral.com.br;1534127777
1614;AUTO GERAL;-23.2147526;-47.5202542;AVENIDA DOUTOR ANTONIO PIRES DE ALMEIDA;630;;VILA TUANI;PORTO FELIZ;18540000;SP;LUCAS;ecommerce@autogeral.com.br;1532628888
1615;AUTO GERAL;-23.4726761;-47.4764332;AVENIDA ITAVUVU;1370;;JARDIM MARIA ANTONIA;SOROCABA;18076005;SP;GABRIEL;ecommerce@autogeral.com.br;1534127777
1616;AUTO GERAL;-23.3552212;-47.8622228;RUA ONZE DE AGOSTO;1815;;JARDIM LUCILA;TATUÍ;18277000;SP;LEANDRO;ecommerce@autogeral.com.br;1532599999
1617;AUTO GERAL;-23.2912460;-47.6786095;RUA MARIA SCOMPARIM MODOLO;341;;JARDIM AMÉRICA;BOITUVA;18556000;SP;ANDERSON;ecommerce@autogeral.com.br;1532621888
1618;PORTO PEÇAS;-23.2785207;-47.6732960;RUA MANOEL DOS SANTOS FREIRE;611;;CENTRO;BOITUVA;18550073;SP;TUCO;portopecasboituva@gmail.com;1532631801
1619;DHL AUTOPEÇAS;-23.7008936;-46.5903716;AVENIDA CASA GRANDE;1332;;CASA GRANDE;DIADEMA;9961350;SP;DOUGLAS;dhl.pecas@hotmail.com;1140698387
1620;JAIR CAR AUTOPEÇAS;-23.5399066;-46.8659013;ESTRADA DOS PINHEIROS;351;;JARDIM PAULISTA;BARUERI;6449000;SP;ISMAEL;jaircarviana@hotmail.com;1141621717
1621;JAIR CAR AUTOPEÇAS;-23.5403093;-46.8824624;ESTRADA VELHA DE ITAPEVI;3488;;VILA MILITAR;BARUERI;64440000;SP;JÉSSICA;jaircar.paulista@gmail.com;1141946012
1622;AUTO GERAL;-23.2452290;-47.0606969;RUA AMAZONAS;137;;JACARÉ;CABREÚVA;13315000;SP;MURILO;ecommerce@autogeral.com.br;1130422012
1623;MESTRE DAS VANS AUTOPEÇAS;-24.0442296;-46.5233512;AVENIDA PRESIDENTE KENNEDY;12155;;VILA CAIÇARA;PRAIA GRANDE;11702200;SP;JOAQUIM;mestredasvanslitoral@mestredasvans.com.br;1333025225
1624;TILL CAR AUTOPEÇAS;-23.5367217;-46.2231897;AVENIDA FRANCISCO FERREIRA LOPES;2532;;VILA JUNDIAÍ;MOGI DAS CRUZES;8745000;SP;ELIAS;tillcarmogi@gmail.com;1125660542
1625;MP MULTIPEÇAS;-18.9387526;-48.3081082;RUA DO CARPINTEIRO;110;;PLANALTO;UBERLÂNDIA;38413177;MG;FLAVIO;multipecas.udi@hotmail.com;3432575039
1626;SHOPPING DO AUTOMOVEL;-18.9127749;-48.2755227;AVENIDA BRASIL;2223;;BRASIL;UBERLÂNDIA;38401718;MG;WELINGTON;bmwt5@hotmail.com;3432115132
1627;JATOBA AUTOPEÇAS;-18.8947310;-48.2583572;AVENIDA BRASIL;2971;;BRASIL;UBERLÂNDIA;38401718;MG;HELITO;udiinjection@outlook.com;3432313249
1628;DIZ PEÇAS;-18.8984862;-48.2631638;AVENIDA AFONSO PENA;3125;;BRASIL;UBERLÂNDIA;38400710;MG;LAURINDO;laurindo.dizpecas@gmail.com;3432117766
1629;FRANCA AUTOPEÇAS;-18.9592058;-48.3319740;AVENIDA JERUSALEM;188;;CANAA;UBERLÂNDIA;38412392;MG;SILVIO;ces_autopecas@hotmail.com;3432120210
1630;VITORIA DISTRIBUIDORA;-18.9478999;-48.3143007;RUA DO ADVOGADO;694;;JARDIM DAS PALMEIRAS;UBERLÂNDIA;38412312;MG;LÉO;vitoriadistribuidoraudi@gmail.com;3432294977
1631;ANCORA PARTS;-18.9052369;-48.2918057;AVENIDA PROFESSORA MINERVINA CANDIDA OLIVEIRA;1400;;REZENDE;UBERLÂNDIA;38400488;MG;NEITON;neiton@uditratores.com.br;3432252342
1632;UDIVOL PEÇAS;-18.8995826;-48.2729125;AVENIDA PROFESSORA MINERVINA CANDIDA OLIVEIRA;2650;;BOM JESUS;UBERLÂNDIA;38400476;MG;RENATO;contasapagar@udivol.com.br;3432137473
1633;PONTO MERCEDES;-18.8797618;-48.2642326;AVENIDA ARNALDO CONTURSI;1815;;MARTA HELENA;UBERLÂNDIA;38402284;MG;IGOR;vendas@pontomercedes.com.br;3432220123
1634;AUTOPEÇAS DO JORGE;-18.8772840;-48.2760376;AVENIDA ANTONIO THOMAZ FERREIRA DE RESENDE;1256;;NOSSA SENHORA DAS GRAÇAS;UBERLÂNDIA;38402005;MG;JORGE;mecanicadojorge@gmail.com;3432322174
1635;KDU AUTOPEÇAS;-18.8764177;-48.2743896;AVENIDA REBELIÃO PRAIEIRA;532;;NOSSA SENHORA DAS GRAÇAS;UBERLÂNDIA;38402306;MG;GERRIS;financeiro@kdupecas.com.br;3432227932
1636;UDISCAN PEÇAS;-18.8888916;-48.2531528;RUA PIAUI;1889;;CUSTÓDIO PEREIRA;UBERLÂNDIA;38405244;MG;EZIONIL;contato@udiscanpecas.com;3432303400
1637;PONTO FORD COMERCIO;-18.8866145;-48.2633202;RUA PERNAMBUCO;1375;;BRASIL;UBERLÂNDIA;38400674;MG;RODINEI;pontoford@netsite.com.br;3432183500
1638;AUTOCAR PEÇAS;-18.8868523;-48.2596672;RUA RIO GRANDE DO NORTE;2930;;UMUARAMA;UBERLÂNDIA;38402016;MG;GILSON;autocargil@hotmail.com;3432324627
1639;AUTOPEÇAS TRINDADE;-18.8935104;-48.2790395;AVENIDA CLEANTO VIEIRA GONÇALVES;162;;ROOSEVELT;UBERLÂNDIA;38401223;MG;ALEX;trindade2ltda@gmail.com;3432152770
1640;JETSCAN PEÇAS;-18.8754085;-48.2768998;AVENIDA FREI CANECA;515;;NOSSA SENHORA DAS GRAÇAS;UBERLÂNDIA;38402310;MG;LESSO;jetscan@netsite.com.br;3432111010
1641;TRINDADE PEÇAS;-18.9480389;-48.2432433;AVENIDA ALIPIO ABRÃO;1750;;SANTA LUZIA;UBERLÂNDIA;38408758;MG;ALEXANDRE;simonecoas@yahoo.com.br;3432371759
1642;AUTOPEÇAS FEDERAL;-18.9154916;-48.2535247;AVENIDA BELARMINDO COTA PACHECO;550;;SANTA MONICA;UBERLÂNDIA;38408168;MG;FERNANDINHO;fanikito2006@hotmail.com;3432316333
1643;MERCAPEÇAS CASA DO MERCEDES;-18.8828310;-48.2653471;AVENIDA PAULO ROBERTO CUNHA SANTOS;1465;;UMUARAMA;UBERLÂNDIA;38402266;MG;GUSTAVO;mercapecas@mercapecas.com.br;3432139266
1644;EUROMINAS PEÇAS;-18.8879451;-48.2600671;AVENIDA ARLINDO MASSARO;485;;BRASIL;UBERLÂNDIA;38405308;MG;WILLIAM;william@eurominas.com.br;3432110506
1645;DUK PEÇAS;-18.8868397;-48.2821112;AVENIDA ANTONIO THOMAZ FERREIRA DE RESENDE;955;;NOSSA SENHORA DAS GRAÇAS;UBERLÂNDIA;38401730;MG;VALDEMIS;dukpecas@netsite.com.br;3432135358
1646;PARABENZ PEÇAS;-18.6546293;-48.2013753;AVENIDA BATALÃO MAUA;1110;;INDUSTRIAL;ARAGUARI;38440210;MG;REGINALDO;parabenzpecas@hotmail.com;3432423603
1647;MARINGA AUTOPEÇAS;-18.6617296;-48.1787233;AVENIDA VEREADOR GERALDO TEODODO DA SILVA;750;;AMORIM;ARAGUARI;38442239;MG;MARIA HELENA;eletrica_maringa@yahoo.com.br;3432412492
1648;CHEWAL AUTOPEÇAS;-18.6570718;-48.2006954;AVENIDA CORONEL TEODOLINO PEREIRA ARAÚJO;2435;;CENTRO;ARAGUARI;38440062;MG;DILERMANDO;chewalautopecas@hotmail.com;3432414110
1649;LUPI AUTOPEÇAS;-22.8529132;-43.3499440;RUA DOS TOPAZIOS;171;;ROCHA MIRANDA;RIO DE JANEIRO;21540020;RJ;ANDERSON;contato@lupiautopecas.com.br;2133719115
1650;LUPI AUTOPEÇAS;-22.9592961;-43.3869634;ESTRADA DOS BANDEIRANTES;5048;CURICICA;JACAREPAGUA;RIO DE JANEIRO;22775114;RJ;MARCIO;contato@lupiautopecas.com.br;2124415972
1651;TIGRÃO AUTOPEÇAS;-22.7541308;-43.4443267;AVENIDA NILO PEÇAMHA;902;;CENTRO;NOVA IGUAÇU;26210011;RJ;ANDERSON;lojavirtual@tigraoautopecas.com.br;2135848545
1652;RIRMÃOS;-22.7540965;-43.4448112;AVENIDA NILO PEÇAMHA;873;;CENTRO;NOVA IGUAÇU;26210012;RJ;ARTUR;rirmaosautopecas@hotmail.com;2135848559
1653;GIROS;-22.7553740;-43.4454783;AVENIDA NILO PEÇAMHA;734;;CENTRO;NOVA IGUAÇU;26215410;RJ;WANDERSON;giropecas2006@oi.com.br;2126682562
1654;GIROS;-22.7550311;-43.4449707;AVENIDA NILO PEÇAMHA;788;;CENTRO;NOVA IGUAÇU;26215410;RJ;WANDERSON;giropecas2006@oi.com.br;2127681137
1655;MHD AUTOPEÇAS;-22.7222596;-43.4480266;RUA DOUTOR LUIZ GUIMARÃES;776;;CENTRO;NOVA IGUAÇU;26215060;RJ;ANDRÉ;mhdautopecas@gmail.com;2127689719
1656;DR3 AUTOPEÇAS;-22.7551539;-43.4456349;AVENIDA NILO PEÇAMHA;737;;CENTRO;NOVA IGUAÇU;26210012;RJ;JEAN;dr3autopecas@hotmail.com;2126671487
1657;GIROS;-22.7533554;-43.4442677;AVENIDA NILO PEÇAMHA;979;;CENTRO;NOVA IGUAÇU;26215511;RJ;WANDERSON;giropecas2006@oi.com.br;2127685195
1658;RAMINHO AUTOPEÇAS;-22.7565443;-43.4467200;AVENIDA NILO PEÇAMHA;541;;CENTRO;NOVA IGUAÇU;26210011;RJ;RICARDO;raminhoautopecas@hotmail.com;2126673410
1659;PECITA AUTOPEÇAS;-22.9042170;-43.5539918;AVENIDA CESÁRIO DE MELO;2217;;CAMPO GRANDE;RIO DE JANEIRO;23052102;RJ;JULIO;pecitacg@gmail.com;2135923136
1660;PECITA PEÇAS ITAGUAÍ;-22.8712368;-43.7690550;ESTRADA DEPUTADO OCTÁVIO CABRAL;S/N;LOTE 21 QUADRA 102;JARDIM AMÉRICA;ITAGUAÍ;23810301;RJ;ILTON;pecitapecas@gmail.com;2137822410
1661;PECITA PEÇAS ITAGUAÍ;-22.7666346;-43.6796480;RODOVIA BR 465;KM 40;Nº 223;CAMPO LINDO;SEROPÉDICA;23898000;RJ;ERNESTO;pecitapecas@gmail.com;2126881746
1662;M J TERRA AUTOPEÇAS;-22.7791156;-43.3617560;AVENIDA AUTOMÓVEL CLUBE;2103;;VILAR DOS TELES;SÃO JOÃO DE MERITI;25565171;RJ;PAULO;irmaosterramj@gmails.com;2127538189
1663;AUTO OESTE;-22.8803763;-43.4713096;RUA DA FEIRA;485;LOJA A;BANGU;RIO DE JANEIRO;21820030;RJ;MARCOS;contato@autooeste.com.br;2132690721
1664;PIRAQUARA AUTOPEÇAS;-22.8853204;-43.4173790;RUA PIRAQUARA;943;LOJA A / B;REALENGO;RIO DE JANEIRO;21755271;RJ;RODRIGO;piraquaraautopecas@gmail.com;2124017161
1665;ABLANCA AUTOPEÇAS;-22.8791351;-43.4253208;AVENIDA SANTA CRUZ;129;;REALENGO;RIO DE JANEIRO;21710230;RJ;ULISSES;ablanca@ablanca.com.br;2133320030
1666;IVAN DAS BATERIAS;-22.8839001;-43.4390566;RUA LIMITES;615;;REALENGO;RIO DE JANEIRO;21755270;RJ;IAGO;ivanbateria10@gmail.com;2141044915
1667;LUPI AUTOPEÇAS;-22.8794882;-43.4511420;RUA FRANCISCO REAL;601;A;PADRE MIGUEL;RIO DE JANEIRO;21751421;RJ;MONIQUE;contato@lupiautopecas.com.br;970065406
1668;KREAUPE DE BANGU;-22.8654864;-43.4648935;AVENIDA MINISTRO ARY FRANCO;1066;;BANGU;RIO DE JANEIRO;21862000;RJ;PAULO;q-auto@hotmail.com;2124010059
1669;Q AUTO AUTOPEÇAS;-22.8656071;-43.4648752;AVENIDA MINISTRO ARY FRANCO;1056;;BANGU;RIO DE JANEIRO;21862005;RJ;PAULO;q-auto@hotmail.com;2124016111
1670;FURACÃO AUTOPEÇAS;-22.8650334;-43.4653141;ESTRADA DA ÁGUA BRANCA;5640;;BANGU;RIO DE JANEIRO;21862372;RJ;THOMAZ;furacaoauto@yahoo.com;2133093379
1671;TORNADO PEÇAS NOVA BANGU;-22.8657025;-43.4652514;AVENIDA MINISTRO ARY FRANCO;1059;;BANGU;RIO DE JANEIRO;21862005;RJ;RONI;novabangu@hotmail.com;2124194254
1672;MOSCA BRANCA AUTOPEÇAS;-22.8676160;-43.4451600;ESTRADA DA ÁGUA BRANCA;3219;;PADRE MIGUEL;RIO DE JANEIRO;21720160;RJ;SERGIO;autopecasmoscabranca@hotmail.com;2133310596
1673;AUTOPEÇAS JEAN;-22.8655101;-43.4640381;ESTRADA DA ÁGUA BRANCA;5557;;BANGU;RIO DE JANEIRO;21862372;RJ;JEAN;autojean557@gmail.com;2134631234
1674;LIK AUTOPEÇAS;-22.8778146;-43.4399080;AVENIDA SANTA CRUZ;1734;B;PADRE MIGUEL;RIO DE JANEIRO;21715321;RJ;FABIO;mfr_autopecas@oi.com.br;2133093429
1675;NOVA LIK AUTOPEÇAS;-22.8772445;-43.4470475;RUA FRANCISCO REAL;130;;PADRE MIGUEL;RIO DE JANEIRO;21715422;RJ;DENIS;novalik.autopecas@gmail.com;2121433900
1676;AUTOPEÇAS RW;-21.2342537;-45.2349928;RUA DOUTOR ERNANE VILELA LIMA;40;;CENTRO;NEPOMUCENO;37250000;MG;EDIONE PEREIRA;edione.rw1@gmail.com;3538611318
1677;AUTOPEÇAS RW;-21.2453206;-45.0179148;AVENIDA VEREADOR JOSÉ SANTANA;815;;DONA JULIETA;LAVRAS;37207726;MG;PAULO DONIZETE DE SOUZA;autopecas.lavras@gmail.com;3538221519
1678;GERWAL AUTOPEÇAS;-19.9670974;-44.0147848;AVENIDA TITO FULGÊNCIO;1174;;JARDIM INDUSTRIAL;CONTAGEM;32215000;MG;FELIPE FONTICOBA CASTEGLIANO;gerwaljucompras@yahoo.com.br;3133334422
1679;ATUAL MINAS AUTOPEÇAS;-19.8706042;-44.6105523;AVENIDA PROFESSOR MELLO CANÇADO;1295;LOJA 3;VILA SINHO;PARÁ DE MINAS;35660084;MG;THAÍS CRISTINA OLIVEIRA SILVA;atualminaspecas@gmail.com;3732321007
1680;DIMAUTO AUTOPEÇAS;-19.8121512;-43.9593125;AVENIDA VILARINHO;2010;;SÃO PEDRO - VENDA NOVA;BELO HORIZONTE;31615250;MG;DANIEL CRISTIANO DE MATOS;veicular@ancora-mg.com.br;3134511166
1681;ATUAL AUTOPEÇAS;-19.7789137;-44.0774567;RUA JOÃO LÉLIO NOGUEIRA FILHO;2100;;STATUS;RIBEIRÃO DAS NEVES;33880160;MG;FARLLEY COSTA;atual.farley@hotmail.com;3132074400
1682;ATUAL AUTOPEÇAS;-19.9413768;-44.0020516;AVENIDA AMAZONAS;8285;;JARDINÓPOLIS;BELO HORIZONTE;30510000;MG;GILSON;amazonas@atualautopecas.com.br;3134810879
1683;ATUAL AUTOPEÇAS;-19.4692254;-44.2517739;RUA OLAVO BILAC;297;;PIEDADE;SETE LAGOAS;35700214;MG;LUIDINEI PIRES DA SILVA;atualpecas7lagoas@gmail.com;3137715755
1684;JS PEÇAS;-22.8267280;-43.2771592;RUA OURIQUE;200;;PENHA;RIO DE JANEIRO;21011130;RJ;WILLIAN;willian.rj@jspecas.com.br;2121013131
1685;JS PEÇAS;-21.7361056;-43.3873155;RUA IVAN FONTES MARTINS;94;;INDUSTRIAL;JUIZ DE FORA;36081360;MG;RODRIGO;rodrigo.jf@jspecas.com.br;3221022929
1686;1001 DISTRIBUIDORA DE AUTOPEÇAS;-22.8671094;-43.2722802;AVENIDA ITÓCA;1926;;INHAÚMA;RIO DE JANEIRO;21061020;RJ;JOSÉ CARLOS;1001autopecasltda@gmail.com;2121253999
1687;AUTOPEÇAS NAÇÕES;-22.8649332;-43.2526815;AVENIDA BRUXELAS;166;;BONSUCESSO;RIO DE JANEIRO;21041000;RJ;WALNES;autopecasnacoesrj@gmail.com;2136475430
1688;RAGA AUTOPEÇAS;-22.9285905;-43.2433127;RUA URUGUAI;287;;TIJUCA;RIO DE JANEIRO;20510060;RJ;JORGE;ragaautopecas@yahoo.com.br;2121694100
1689;MUNDAUTO AUTOPEÇAS;-22.9170752;-43.2254856;RUA SÃO FRANCISCO XAVIER;189;;TIJUCA;RIO DE JANEIRO;20550010;RJ;ALESSANDRO;mundautopecas@bol.com.br;2125672274
1690;REALEZA AUTOPEÇAS;-22.9546665;-43.1814789;RUA ARNALDO QUINTELA;9;;BOTAFOGO;RIO DE JANEIRO;22280070;RJ;LEILSON;autopecas@realezapontozip.com.br;2122953641
1691;AUTOPEÇAS BIG BEN;-22.9544542;-43.1816443;RUA ARNALDO QUINTELA;10;LOJA E;BOTAFOGO;RIO DE JANEIRO;22280071;RJ;MARCOS;abigtenautopeca@yahoo.com.br;2138200026
1692;PONTO ZIP AUTOPEÇAS;-22.9546599;-43.1814795;RUA ARNALDO QUINTELA;11;;BOTAFOGO;RIO DE JANEIRO;22280070;RJ;LEILSON;autopecas@realezapontozip.com.br;2125416715
1693;KALIFA AUTOPEÇAS;-22.8870522;-43.5478182;RUA BARREIROS;585;;RAMOS;RIO DE JANEIRO;21031750;RJ;JOELSON;comercial@kalifaautopecas.com.br;2125734846
1694;REIVAN AUTOPEÇAS;-22.8489127;-43.2477867;AVENIDA TEIXEIRA DE CASTRO;713;;RAMOS;RIO DE JANEIRO;21040113;RJ;ADRIANO;ramos@reivanpecas.com.br;2134721228
1695;IVOLUCI AUTOPEÇAS;-22.8430721;-43.2634263;RUA CARLINA;15;;OLARIA;RIO DE JANEIRO;21021610;RJ;IGOR;ivoluci@yahoo.com.br;2134396717
1696;SEDAUTO AUTOPEÇAS;-22.9125700;-43.2131793;RUA DO MATOSO;49;;PRAÇA DA BANDEIRA;RIO DE JANEIRO;20270132;RJ;CELSO;sedauto49@gmail.com;2122732296
1697;AUTOPEÇAS VALQUEIRE;-22.8769859;-43.3711323;ESTRADA INTENDENTE MAGALHÃES;1193;;MARECHAL HERMES;RIO DE JANEIRO;21330790;RJ;LUIS;valqueireautopecas@uol.com.br;2131851485
1698;GAP RIO PEÇAS;-22.9897166;-43.4322668;ESTRADA DOS BANDEIRANTES;449;;TAQUARA;RIO DE JANEIRO;22710112;RJ;SÉRGIO;gaprio@gaprio.com.br;2124260174
1699;PECHINCHA AUTOPEÇAS;-22.9272734;-43.3666499;ESTRADA DO TINDIBA;1280;;TAQUARA;RIO DE JANEIRO;22740362;RJ;EDUARDO;pechinchama@gmail.com;2134350172
1700;FOCCO AUTOPEÇAS;-22.9412010;-43.3411497;RUA TIROL;43;;FREGUESIA;RIO DE JANEIRO;22750008;RJ;FERNANDO;financeirofocco@gmail.com;2124474130
1701;NOVA PEÇAS;-22.9612987;-43.3912463;ESTRADA CORONEL PEDRO CORRÊA;74;;JACAREPAGUA;RIO DE JANEIRO;22775090;RJ;MÁRCIO;comercial@novapecas.com.br;2131981400
1702;BATALHA AUTOPEÇAS;-22.9282198;-43.3659471;ESTRADA DO TINDIBA;1437;;TAQUARA;RIO DE JANEIRO;22740361;RJ;ISAC;batalhashopping@globo.com;2131258822
1703;PESTANA AUTOPEÇAS;-22.9411904;-43.3409805;RUA TIROL;55;;FREGUESIA;RIO DE JANEIRO;22750008;RJ;TONINHO;antonioemarli@hotmail.com;2124471611
1704;PESTANA DISTRIBUIDORA;-22.9223414;-43.3605773;AVENIDA GEREMÁRIO DANTAS;235;;TANQUE;RIO DE JANEIRO;22735000;RJ;CARLOS JOSÉ;pestanadistribuidora@ig.com.br;2124267797
1705;MULTIMARCAS BUSTRUCK;-22.8253291;-43.2772025;AVENIDA BRASIL;11331;;PENHA;RIO DE JANEIRO;21012351;RJ;BRUNO;marketing@multimarcasdiesel.com.br;2125607025
1706;MULTIMARCAS DIESEL;-22.8255150;-43.2775990;RUA CASTELO BRANCO;63;;PENHA;RIO DE JANEIRO;21012000;RJ;FLÁVIO;marketing@multimarcasdiesel.com.br;2139006625
1707;TIGRÃO AUTOPEÇAS;-22.8318942;-43.2788104;AVENIDA LOBO JÚNIOR;1287;;PENHA;RIO DE JANEIRO;21020123;RJ;LUCIANO;lojavirtual@tigraoautopecas.com.br;2122604041
1708;TIGRÃO AUTOPEÇAS;-22.8295366;-43.2775141;AVENIDA LOBO JÚNIOR;994;;PENHA;RIO DE JANEIRO;21020125;RJ;LUCIANO;lojavirtual@tigraoautopecas.com.br;2121433143
1709;TIGRÃO AUTOPEÇAS;-22.8274726;-43.2758144;AVENIDA LOBO JÚNIOR;710;;PENHA;RIO DE JANEIRO;21020125;RJ;LUCIANO;lojavirtual@tigraoautopecas.com.br;2125604424
1710;TIGRÃO AUTOPEÇAS;-22.9282218;-43.3632161;ESTRADA DO TINDIBA;928;;TAQUARA;RIO DE JANEIRO;22740362;RJ;LUCIANO;lojavirtual@tigraoautopecas.com.br;2134892927
1711;CORSAUTO AUTOPEÇAS;-22.9120166;-43.2126515;RUA BARÃO DE IGUATEMI;61;;PRAÇA DA BANDEIRA;RIO DE JANEIRO;20270060;RJ;ANTÔNIO;corsauto1@gmail.com;2122731444
1712;KANSAS AUTOPEÇAS;-22.8272254;-43.2755855;AVENIDA LOBO JÚNIOR;682;;PENHA;RIO DE JANEIRO;21020125;RJ;LETÍCIA;kansas.autopecas@gmail.com.br;2122703857
1713;ANDRADE AUTOPEÇAS;-22.9121487;-43.1999427;RUA LAURA DE ARAÚJO;139;;CIDADE NOVA;RIO DE JANEIRO;20211170;RJ;EMERSON;msm.andrade@yahoo.com.br;2122934179
1714;ILHA IMPORTS AUTOPEÇAS;-22.8046272;-43.2101196;ESTRADA DO GALEÃO;2890;;ILHA DO GOVERNADOR;RIO DE JANEIRO;21931582;RJ;JOELSON;comercial@kalifaautopecas.com.br;2133684619
1715;SIQUEIRA CAMPOS AUTOPEÇAS;-22.9649932;-43.1898890;RUA SIQUEIRA CAMPOS;253;;COPACABANA;RIO DE JANEIRO;22031070;RJ;FERNANDO;scap253@hotmail.com;2122556662
1716;FLORENTINO AUTOPEÇAS;-22.9792393;-43.2237255;RUA DOUTOR MARQUES CANÁRIO;100;;LEBLON;RIO DE JANEIRO;22441060;RJ;CLEMENTINA;florentinoauto@gmail.com;2125114745
1717;AUTOPEÇAS TARUMÃ;-22.9785296;-43.2237444;RUA DOUTOR MARQUES CANÁRIO;24;;LEBLON;RIO DE JANEIRO;22441060;RJ;WILLIANS;financeiro@autopecastaruma.com.br;2122597847
1718;AUTOPEÇAS ITAÓCA;-22.8676956;-43.2728336;AVENIDA ITAÓCA;1985;;INHAÚMA;RIO DE JANEIRO;21061020;RJ;VINÍCIUS;jmcar56@gmail.com;2125907147
1719;LID AUTOPEÇAS;-22.8739484;-43.2843509;RUA PADRE JANUÁRIO;390;;INHAÚMA;RIO DE JANEIRO;20765140;RJ;SANTOS;lidautopecas2020@gmail.com;2135862009
1720;AUTOPEÇAS RIO 2000;-22.9546358;-43.1813849;RUA ARNALDO QUINTELA;7;;BOTAFOGO;RIO DE JANEIRO;22280070;RJ;FABIANO;pecasrio2000@hotmail.com;2122446138
1721;AUTOPEÇAS BIG TEN;-22.9544542;-43.1816443;RUA ARNALDO QUINTELA;10;LOJA F;BOTAFOGO;RIO DE JANEIRO;22280071;RJ;MARCOS;abigtenautopeca@yahoo.com.br;2122954194
1722;CAMPOS AUTOPEÇAS;-22.9534735;-43.1835887;RUA GENERAL POLIDORO;61;;BOTAFOGO;RIO DE JANEIRO;22280004;RJ;MAURÍCIO;camposautopecas@globo.com;2125420095
1723;REIVAN AUTOPEÇAS;-22.9008883;-43.1901521;RUA BARÃO DE SÃO FÉLIX;77;;CENTRO;RIO DE JANEIRO;20221424;RJ;ADRIANO;centro@reivanpecas.com.br;2122335524
1724;IBAD AUTOPEÇAS;-22.7979925;-43.1923082;ESTRADA DO DENDÊ;925;TAUÁ;ILHA DO GOVERNADOR;RIO DE JANEIRO;21920000;RJ;RODRIGO;ibad.ilha@ibadpecas.com.br;2124631040
1725;PATRICK AUTOPEÇAS;-22.9118839;-42.9436701;AVENIDA CARLOS MARINGUELLA;S/N;LT 31A QUADRA 31;ITAIPUAÇU;MARICÁ;24942275;RJ;YURI;palomaautopecas@hotmail.com;2126382420
1726;ANTONIO AUTOPEÇAS;-22.8878632;-43.1204070;RUA MARQUES DE CAXIAS;155;;CENTRO;NITERÓI;24030050;RJ;LUCIO;lucio.hermely@aap.com.br;2127171025
1727;ANTONIO AUTOPEÇAS;-22.7480445;-42.8688507;AVENIDA 22 DE MAIO;4531;;RIO VARZEA;ITABORAÍ;24812086;RJ;DOUGLAS;lucio.hermely@aap.com.br;2126392370
1728;ANTONIO AUTOPEÇAS;-22.2504327;-42.5240471;AVENIDA GOVERNADOR ROBERTO SILVEIRA;1440;;PRADO;NOVA FRIBURGO;28635000;RJ;JOSE LEONARDO;lucio.hermely@aap.com.br;2222256654
1729;ANTONIO AUTOPEÇAS;-22.8334652;-43.0049968;RUA CAPITAO JUVENAL FIGUEIREDO;459;;COLUBANDE;SÃO GONÇALO;24744560;RJ;LIBERCIO;libercio@aap.com.br;2130695858
1730;AUTOPEÇAS TON E JERRY;-22.8818074;-43.1097355;RUA BENJAMIN CONSTANT;71;LJ 17;BARRETO;NITERÓI;24110000;RJ;RAFAEL;tonejerryautopecas@gmail.com;2126222179
1731;MUNDIAL AUTOPEÇAS;-22.8816711;-43.1098509;RUA PADRE AUGUSTO LAMEGO;16;;PONTO CEM RÉIS;NITERÓI;24030011;RJ;JANDERSON;mundialfilm@hotmail.com;2126202801
1732;NIT PARTS;-22.8868346;-43.1211400;RUA BARÃO DO AMAZONAS;254;;CENTRO;NITERÓI;24030110;RJ;ROMULO;nitpartsautopecas@hotmail.com;2126224406
1733;MUTANT MOTO PEÇAS;-22.8867773;-43.1210308;RUA BARÃO DO AMAZONAS;252;;CENTRO;NITERÓI;24030110;RJ;PAULO JORGE;mutantmotopecas@gmail.com;(21) 99682-4864
1734;RPM MOTORCYCLES;-22.8883330;-43.1208142;RUA BARÃO DO AMAZONAS;322;;CENTRO;NITERÓI;24030110;RJ;JORGE LUIZ;reibenevides@gmail.com;2127222490
1735;MULTCAR PEÇAS;-22.8818074;-43.1097355;RUA BENJAMIN CONSTANT;71;LJ 21;PONTO CEM RÉIS;NITERÓI;24110000;RJ;CARLOS;mulcarpecas@gmail.com;(21) 2613-0089
1736;CAVAGUTI CAMINHOES;-22.7535611;-42.8708269;RUA DOUTOR LEAL JR;S/N;QD. 04-LT. 07-ROD. BR 101;SAO JOAQUIM;ITABORAÍ;24800000;RJ;ANDRE;vendas.itb@cavaguticaminhoes.com.br;2136393009
1737;CAVAGUTI CAMINHOES;-22.9837279;-44.2956688;RUA FRANCELINO ALVES DE LIMA,;128;;AREAL;ANGRA DOS REIS;23932005;RJ;WELLINGTON;fellipe@cavaguticaminhoes.com.br;2427005000
1738;AUTO PONTO;-22.8304930;-43.0022836;RUA CAPITAO JUVENAL FIGUEIREDO;47;;COELHO;SÃO GONÇALO;24740000;RJ;JULIANA;marketing@grupozanze.com.br;2137060174
1739;ZEMA AUTOPEÇAS;-22.8295465;-43.0025819;RUA CAPITAO JUVENAL FIGUEIREDO;30;;COELHO;SÃO GONÇALO;24740000;RJ;JULIANA;marketing@grupozanze.com.br;2137107256
1740;KARENAUTO;-22.8319209;-43.0046747;RUA CAPITAO JUVENAL FIGUEIREDO;58;;COELHO;SÃO GONÇALO;24740000;RJ;JULIANA;marketing@grupozanze.com.br;2127197339
1741;AUTONENSE DO COELHO;-22.8300721;-43.0030031;RUA CAPITAO JUVENAL FIGUEIREDO;110;;COELHO;SÃO GONÇALO;24740000;RJ;JULIANA;marketing@grupozanze.com.br;2127197339
1742;PONTO CERTO DO COELHO;-22.8300721;-43.0030031;RUA CAPITAO JUVENAL FIGUEIREDO;110;lj b;COELHO;SÃO GONÇALO;24740000;RJ;JULIANA;marketing@grupozanze.com.br;2127197339
1743;MULTI PEÇAS;-22.8303645;-43.0032607;RUA CAPITAO JUVENAL FIGUEIREDO;138;;COELHO;SÃO GONÇALO;24740000;RJ;JULIANA;marketing@grupozanze.com.br;2136053669
1744;LUIZÃO COELHO DIESEL;-22.8315568;-43.0034487;RUA CAPITAO JUVENAL FIGUEIREDO;200;;COELHO;SÃO GONÇALO;24740000;RJ;JULIANA;marketing@grupozanze.com.br;2127010401
1745;MX DISTRIDUIDORA;-22.8308318;-43.0042735;RUA FELINTO MACEDO;271;GALPÃO;JARDIM ALCANTARA;SÃO GONÇALO;24710210;RJ;JULIANA;marketing@grupozanze.com.br;2139058827
1746;MOTOR X;-22.8797210;-43.1102110;RUA BENJAMIN CONSTANT;157;;BARRETO;NITERÓI;24110013;RJ;JULIANA;marketing@grupozanze.com.br;2126134225
1747;AUTO PONTO;-22.8812609;-43.1103373;AVENIDA FELICIANO SODRE;634;LJ2;PONTO CEM RÉIS;NITERÓI;24030011;RJ;JULIANA;marketing@grupozanze.com.br;2136039650
1748;AUTO PONTO NEVES;-22.8813843;-43.1097402;RUA BENJAMIN CONSTANT;83;;LARGO DAS BARRADAS;NITERÓI;24110002;RJ;JULIANA;marketing@grupozanze.com.br;2127179854
1749;AUTONENSE;-22.8835468;-43.1096859;RUA SÃO LOURENCO;297;;PONTO CEM RÉIS;NITERÓI;24060008;RJ;JULIANA;marketing@grupozanze.com.br;2126214529
1750;MOTOCAR;-22.8811720;-43.1099480;AVENIDA FELICIANO SODRE;648;;CENTRO;NITERÓI;24030011;RJ;JULIANA;marketing@grupozanze.com.br;2126134225
1751;AUTOPEÇAS PEÇAUTO;-25.4521680;-49.5297645;RUA JOAQUIM RIBAS DE ANDRADE;1819;;VILA SOLENE;CAMPO LARGO;83601100;PR;CESAR;vendas@pecautopecas.com;4130322932
1752;AUTOPEÇAS PEÇAUTO;-25.5856006;-49.3969351;RUA SÃO VICENTE DE PAULO;518;;CENTRO;ARAUCÁRIA;83702050;PR;ROSENI;vendas@pecautopecas.com;4130317050
1753;AUTOPEÇAS PEÇAUTO;-25.4679898;-49.5666858;ESTRADA DOS EXPEDICIONÁRIOS;5590;;BOM JESUS;CAMPO LARGO;83604360;PR;GABRIEL;vendas@pecautopecas.com;4133993466
1754;AUTOPEÇAS TRAJANO;-25.4806222;-50.6523892;RUA TRAJANO GARCIA;560;;CENTRO;IRATI;84500060;PR;EDUARDO;eduardo@pitstopirati.com.br;4234223675
1755;AUTO VALE;-27.2606578;-48.8392566;RODOVIA SC 410;3310;KM 65;CARDOSO;SÃO JOÃO BATISTA;88240000;SC;ANDERSON;cobrancaautovale@gmail.com;4832650454
1756;AUTOPEÇAS COREMMA;-26.8956707;-49.0798125;RUA SÃO PAULO;2546;;ITOUPAVA SECA;BLUMENAU;89030000;SC;PIPO;coremma@coremma.com.br;4732717722
1757;AUTOPEÇAS COREMMA;-26.9220839;-49.0986616;RUA JOÃO PESSOA;2870;;VELHA;BLUMENAU;89022001;SC;WLADIMIR;velha@coremma.com.br;4721117600
1758;AUTOPEÇAS COREMMA;-26.9398526;-49.0694393;RUA AMAZONAS;2400;;GARCIA;BLUMENAU;89036004;SC;JAIRO;garcia@coremma.com.br;4721117900
1759;AUTOPEÇAS COREMMA;-26.8554174;-49.0857777;RUA DOUTOR PEDRO ZIMMERMANN;2244;;ITOUPAVA;BLUMENAU;89060000;SC;ELIZEU;itoupava@coremma.com.br;4721117800
1760;AUTOPEÇAS COREMMA;-27.2114144;-49.6348008;ALAMEDA ARISTILIANO RAMOS;1155;;CENTRO;RIO DO SUL;89160000;SC;VONEI;riosul@coremma.com.br;4734112800
1761;AUTOPEÇAS COREMMA;-26.8923426;-48.6774724;RUA ALFREDO EICK;167;;BARRA DO RIO;ITAJAÍ;88305301;SC;EDSON;itajai@coremma.com.br;4734050180
1762;AUTOPEÇAS COREMMA;-26.4800910;-49.0652671;RUA MARISOL;152;;VILA LALAU;JARAGUÁ DO SUL;89256370;SC;LIDEMAR;jaragua@coremma.com.br;4735012200
1763;AUTOPEÇAS COREMMA;-27.0971111;-48.9043407;RODOVIA ANTONIO HEIL;464;KM28;CENTRO;BRUSQUE;88353100;SC;MARCOS;brusque@coremma.com.br;4732116900
1764;AUTOPEÇAS COREMMA;-26.8854639;-49.2459589;AVENIDA MANOEL SIMÃO;801;;DAS NAÇÕES;INDAIAL;89130000;SC;RICARDO;indaial@coremma.com.br;4733010400
1765;AUTOPEÇAS COREMMA;-26.9288416;-48.9470793;RUA SETE DE SETEMBRO;200;;CENTRO;GASPAR;89114442;SC;THIAGO;gaspar@coremma.com.br;4732368500
1766;AUTOPEÇAS COREMMA;-27.0047980;-48.6384376;AVENIDA 5ª AVENIDA;1285;LOJA 03;MUNICÍPIOS;BALNEÁRIO CAMBORIÚ;88337300;SC;ISMAEL;balneario@coremma.com.br;4732285000
1767;AUTOPEÇAS COREMMA;-27.2424507;-48.6388359;AVENIDA HERCÍLIO LUZ;169;;CENTRO;TIJUCAS;88200000;SC;MARCELO;tijucas@coremma.com.br;4833805400
1768;AUTOPEÇAS JC SANTOS;-25.6341839;-49.3153948;RUA NELSON CLAUDINO DOS SANTOS;182;;PIONEIROS;FAZENDA RIO GRANDE;83833558;PR;SANDRO;jcsandro@hotmail.com;4136045388
1769;ELO AUTOPEÇAS LTDA;-26.8821824;-52.4100206;RUA DA CONSOLACAO;463;;MATINHO;XANXERÊ;89820000;SC;FABIO;compras@elopecas.com.br;4934331415
1770;DAL MOLIN AUTOPEÇAS;-25.7683186;-53.5310743;TRAVESSA 2;564;;CENTRO;REALEZA;85770000;PR;NEY;dalmolinpecas@hotmail.com;4635431486
1771;BRONDANI AUTOPEÇAS;-30.0515506;-51.2090014;AVENIDA BENTO GONÇALVES;415;;AZENHA;PORTO ALEGRE;90660900;RS;CLAUDIO;claudio@brondaniautopecas.com.br;5132171647
1772;BRONDANI AUTOPEÇAS;-30.1563651;-51.1636138;AVENIDA EDGAR PIRES DE CASTRO;2824;;HIPICA;PORTO ALEGRE;91787000;RS;CARLOS;administrativo02@brondaniautopecas.com.br;5133469006
1773;BESSA AUTOPEÇAS;-15.7538695;-49.3311636;AVENIDA PRESIDENTE KENNEDY;504;;CENTRO;JARAGUÁ;76330000;GO;RENOLDO;bessaautopecas@gmail.com;6233264339
1774;CALANGOS AUTOPEÇAS;-16.3443143;-48.9708023;AVENIDA PEDRO LUDOVICO;S/N;QD 01 LT 17;JARDIM CALIXTO;ANÁPOLIS;75134675;GO;ANDERSON;calangosautopecas@gmail.com;6233872600
1775;POLIJUNTAS AUTOPEÇAS;-17.7901975;-50.9214585;AVENIDA PRESIDENTE VARGAS;1552;;CENTRO;RIO VERDE;75901040;GO;CÉLIO;celiofilho@polijuntas.com.br;6436130806
1776;PRIME AUTO CENTER;-16.6958225;-49.2997150;AVENIDA C 12;704;QD 119 LT13;SETOR SUDOESTE;GOIÂNIA;74305010;GO;MARCIO;primeautocentersudoeste@hotmail.com;6232874125
1777;PRIME AUTO CENTER;-16.7906934;-49.3553125;RODOVIA GO-040;S/N;QD 02 LT, 01;SETOR MARIA CELESTE;GOIÂNIA;74354700;GO;MARCIO;primeautocentergyn@hotmail.com;62981848261
1778;RONDOBRAS AUTOPEÇAS;-10.0120958;-67.7828714;RUA CLEOMAR MADEIRODE MORAIS;S/N;LOTE 4;SANTO AFONSO;RIO BRANCO;69908822;AC;LOURIVAL DA SILVA;gerencialoja34@rondobras.com.br;6832212525
1779;RONDOBRAS AUTOPEÇAS;-9.9664336;-67.8173971;AVENIDA NAÇÕES UNIDAS;1060;;BOSQUE;RIO BRANCO;69900478;AC;JOSÉ DIAS;gerencialoja65@rondobras.com.br;6832112640
1780;RONDOBRAS AUTOPEÇAS;-9.9926454;-67.8076068;VIA CHICO MENDES;1739;;TRIÂNGULO;RIO BRANCO;69901365;AC;JUZIMAR DOS SANTOS;gerencialoja37@rondobras.com.br;6832217930
1781;RONDOBRAS AUTOPEÇAS;-9.9735841;-67.8200096;RUA MINAS GERAIS;755;;PREVENTÓRIO;RIO BRANCO;69900132;AC;ANDERSON FREIRE;anderson.santos@rondobras.com.br;6832161150
1782;RONDOBRAS AUTOPEÇAS;-9.9664471;-67.8171393;AVENIDA NAÇÕES UNIDAS;1032;;BOSQUE;RIO BRANCO;69900478;AC;EUFLEM FRAGOSO;rondobraslj19@rondobras.com.br;6832112620
1783;RONDOBRAS AUTOPEÇAS;-9.9877501;-67.8070989;VIA CHICO MENDES;1167;;TRIÂNGULO;RIO BRANCO;69906210;AC;DANIEL MOUTINHO;gerencialoja18@rondobras.com.br;6832112600
1784;RONDOBRAS AUTOPEÇAS;-10.8612373;-68.3816245;RODOVIA BR 17;596;KM 01;AEROPORTO;EPITACIOLÂNDIA;69934000;AC;ERONEI LACERDA;gerencialoja20@rondobras.com.br;6835464404
1785;RONDOBRAS AUTOPEÇAS;-7.6306595;-72.6734207;AVENIDA BOULEVARD THAUMATURGO;867;;CENTRO;CRUZEIRO DO SUL;6980970;AC;GEOVANNI DO NASCIMENTO;geovaneloja42@rondobras.com.br;6833223696
1786;RONDOBRAS AUTOPEÇAS;-9.4630253;-59.2242937;RODOVIA MT 206;1120;KM 01;SETOR INDUSTRIAL;COLNIZA;78335000;MT;SADI BATISTINI;gerencialoja29@rondobras.com.br;6635711391
1787;RONDOBRAS AUTOPEÇAS;-11.2601574;-57.5120739;AVENIDA RIO ARINOS;869-S;;CENTRO;JUARA;78575000;MT;ADRIANO GOMES;juara@rondobras.com.br;6635561440
1788;RONDOBRAS AUTOPEÇAS;-11.4237613;-58.7560320;AVENIDA JK;2147;EXPANSÃO COMERCIAL;AR-1;JUÍNA;78320000;MT;SILVIO GOES;miranda@rondobras.com.br;6633566185
1789;RONDOBRAS AUTOPEÇAS;-14.6312122;-57.5117721;AVENIDA LIONS INTERNACIONAL;825;SETOR W;JARDIM MONTE LIBANO;TANGARÁ DA SERRA;78300000;MT;JORDANIO SILVA;jordanio@rondobras.com.br;6633398100
1790;RONDOBRAS AUTOPEÇAS;-9.6582903;-65.7383265;RUA BRUNESLAU SOLTOVISK;S/N;VISTA ALEGRE DO ABUNÃ;CENTRO;VISTA ALEGRE DO ABUNÃ;76846000;RO;EDVAN SIMÃO;edvan@rondobras.com.br;6932511456
1791;RONDOBRAS AUTOPEÇAS;-12.7426587;-60.1290271;AVENIDA MARECHAL RONDON;3564;;CENTRO;VILHENA;76980082;RO;EDSON ANICETO;edson@rondobras.com.br;6933221211
1792;RONDOBRAS AUTOPEÇAS;-12.0598673;-63.5689978;AVENIDA GUAPORÉ;2575;;CIDADE ALTA;SÃO FRANCISCO DO GUAPORÉ;76935000;RO;ROMILDO QUEIROZ;romildoqueiroz@rondobras.com.br;6936212023
1793;RONDOBRAS AUTOPEÇAS;-11.7250614;-61.7755371;AVENIDA 25 DE AGOSTO;4710;;CENTRO;ROLIM DE MOURA;76940000;RO;SORÓ;soro@rondobras.com.br;6934422363
1794;RONDOBRAS AUTOPEÇAS;-8.7561664;-63.8456539;AVENIDA AMAZONAS;7457;JARDIM ACAPU;CUNIÃ;PORTO VELHO;76824451;RO;REGINALDO;reginaldopvh@rondobras.com.br;6932149040
1795;RONDOBRAS AUTOPEÇAS;-8.7745005;-63.8781252;RUA DA BEIRA;5881;;NOVA PORTO VELHO;PORTO VELHO;76820405;RO;ADELSON;adelson.vieira@rondobras.com.br;6932167950
1796;RONDOBRAS AUTOPEÇAS;-8.7740401;-63.8775997;RUA DA BEIRA;5871;;NOVA PORTO VELHO;PORTO VELHO;76820005;RO;CÉLIO ASSIS;celio.assis@rondobras.com.br;6932167900
1797;RONDOBRAS AUTOPEÇAS;-11.7028072;-62.7181045;AVENIDA DOS PIONEIROS;2001;;SETOR INDUSTRIAL;SÃO MIGUEL DO GUAPORÉ;76932000;RO;VANDERLAN DOS SANTOS;gerencialoja36@rondobras.com.br;6936422018
1798;RONDOBRAS AUTOPEÇAS;-8.7673453;-63.8894926;AVENIDA NAÇÕES UNIDAS;951;;MATO GROSSO;PORTO VELHO;76804421;RO;THAWAN DOS SANTOS;thawan@rondobras.com.br;6932167800
1799;RONDOBRAS AUTOPEÇAS;-8.7738593;-63.8775823;RUA DA BEIRA;5921;;NOVA PORTO VELHO;PORTO VELHO;76820005;RO;RODRIGO;rodrigo@rondobras.com.br;6930159027
1800;RONDOBRAS AUTOPEÇAS;-8.7628248;-63.8741668;AVENIDA AMAZONAS;3046;;NOVA PORTO VELHO;PORTO VELHO;76820164;RO;BRUNO ROSSETI;bruno.rosseti@rondobras.com.br;6932167980
1801;RONDOBRAS AUTOPEÇAS;-11.6797055;-61.1880707;AVENIDA MARECHAL RONDON;1458;;DOS PIONEIROS;PIMENTA BUENO;76970000;RO;JÚLIO NEPOMUCENO;gerencialoja12@rondobras.com.br;6934512171
1802;RONDOBRAS AUTOPEÇAS;-11.6815426;-61.1874674;AVENIDA MARECHAL RONDON;1770;;BEIRA RIO;PIMENTA BUENO;76970000;RO;FÁBRICIO WOLFF;gerencialoja44@rondobras.com.br;6934517477
1803;RONDOBRAS AUTOPEÇAS;-10.7131388;-62.2510782;RUA MARTINS LUTERO;1138;;ALVORADA;OURO PRETO DO OESTE;76920000;RO;ORLANDO DE BARROS;orlando@rondobras.com.br;6934616505
1804;RONDOBRAS AUTOPEÇAS;-10.3555923;-64.6214281;AVENIDA DESIDÉRIO DOMINGOS LOPES;3177;;CIDADE NOVA;NOVA MAMORÉ;76857000;RO;ROBSON MOREIRA;robson@rondobras.com.br;6935442387
1805;RONDOBRAS AUTOPEÇAS;-9.4229480;-62.0090032;RODOVIA RO 133;2545;;SETOR 01;MACHADINHO D´OESTE;76868000;RO;WESLLEY MÁRCIO;weslley@rondobras.com.br;6935813900
1806;RONDOBRAS AUTOPEÇAS;-10.8704762;-61.9617332;AVENIDA MARECHAL RONDON;2676;;DOIS DE ABRIL;JI-PARANÁ;76900881;RO;JESUEL DE ARAUJO;jesuel@rondobras.com.br;6933164481
1807;RONDOBRAS AUTOPEÇAS;-10.8851489;-61.9346469;AVENIDA TRANSCONTINENTAL;865;;JOTÃO;JI-PARANÁ;76908287;RO;REGINALDO WILLE;reginaldo@rondobras.com.br;6934164450
1808;RONDOBRAS AUTOPEÇAS;-10.8921402;-61.9311713;AVENIDA TRANSCONTINENTAL;1722;;PRIMAVERA;JI-PARANÁ;76914846;RO;ANTÔNIO DE ANDRADE;antoniobarbosa@rondobras.com.br;6934164400
1809;RONDOBRAS AUTOPEÇAS;-10.4359519;-62.4746829;AVENIDA JK;2071;;JARDIM NOVO HORIZONTE;JARU;76890000;RO;PEDRO ALBERTO;pedrojaru@rondobras.com.br;6935211644
1810;RONDOBRAS AUTOPEÇAS;-10.7824779;-65.3353366;AVENIDA 15 DE NOVEMBRO;1766;;SERRARIA;GUAJARÁ-MIRIM;76850000;RO;ERICK ALEXANDRE;erick@rondobras.com.br;6935411813
1811;RONDOBRAS AUTOPEÇAS;-13.1890003;-60.8208062;AVENIDA NAÇÕES UNIDAS;1508;;CENTRO;CEREJEIRAS;76999700;RO;MÁRIO CEZEMER;mario.cezemer@rondobras.com.br;6933424141
1812;RONDOBRAS AUTOPEÇAS;-11.4421899;-61.4497149;AVENIDA CASTELO BRANCO;19295;;LIBERDADE;CACOAL;76967491;RO;KESLEY DE SOUZA;kesley.souza@rondobras.com.br;6934434444
1813;RONDOBRAS AUTOPEÇAS;-11.4419503;-61.4504652;AVENIDA CASTELO BRANCO;19399;;LIBERDADE;CACOAL;76967491;RO;EDMILSON GOMES;gerencialoja62@rondobras.com.br;6934434444
1814;RONDOBRAS AUTOPEÇAS;-10.2143380;-63.8248890;AVENIDA AYTON SENNA;1037;;SETOR 01;BURITIS;76880000;RO;TAINAN SOUSA;buritis@rondobras.com.br;6932382366
1815;RONDOBRAS AUTOPEÇAS;-9.9135424;-63.0503672;AVENIDA CANÃA;1579;;SETOR AREAS ESPECIAIS;ARIQUEMES;76870249;RO;GILSIMAR;gilsimar@rondobras.com.br;6935354446
1816;RONDOBRAS AUTOPEÇAS;-9.9066820;-63.0378007;RODOVIA BR 364;2390;;APOIO BR 364;ARIQUEMES;76870198;RO;WELLIGTNON CABRAL;welligtonari@rondobras.com.br;6935354404
1817;RONDOBRAS AUTOPEÇAS;-9.9139802;-63.0500939;AVENIDA CANÃA;1616;;ÁREAS ESPECIAIS;ARIQUEMES;76870249;RO;EMERSON PERES;emersonperes@rondobras.com.br;6935355654
1818;PLATINADO AUTOPEÇAS;-3.1069808;-60.0495489;AVENIDA COMPENSA;415;A;COMPENSA;MANAUS;69036115;AM;DYANA;platinado.manaus@hotmail.com;9236254240
1819;RODRIGO AUTOPEÇAS;-3.1081305;-60.0496967;AVENIDA COMPENSA;321;;COMPENSA;MANAUS;69035090;AM;SILVIO;rodrigo.autopecas@hotmail.com;9236259252
1820;RODRIGO AUTOPEÇAS;-3.1091738;-60.0501592;AVENIDA COMPENSA;121;;COMPENSA;MANAUS;69036115;AM;JANIO;rodrigo.autopecas@hotmail.com;9233083050
1821;SOPICKUPS;-3.1056469;-60.0496048;AVENIDA COMPENSA;523;;COMPENSA;MANAUS;69036115;AM;JUNIOR;sopickup.am@hotmail.com;9236733434
1822;MOTOCROSS;-3.1254752;-59.9984879;AVENIDA RAIZ;1;;JAPIIM;MANAUS;69068000;AM;JOÃO MARCO;cardodooliveirajoao marco@gmail.com;9232374993
1823;SUPER MOTOR;-3.1211190;-60.0077317;AVENIDA CASTELO BRANCO;1733;;CACHOEIRINHA;MANAUS;69065011;AM;ROBERVAL;robervalpclima@hotmail.com;9236631846
1824;LÉO AUTOPEÇAS;-3.0382770;-59.9383816;AVENIDA ITAÚBA;41;;JORGE TEIXEIRA;MANAUS;69087215;AM;LUIZ;luizdheisso20@gmai.com;9232483089
1825;LÉO 2 AUTOPEÇAS;-3.0324099;-59.9313889;AVENIDA BRIGADEIRO HILÁRIO GURJÃO;156;QD G;JORGE TEIXEIRA;MANAUS;69088000;AM;LÉO;luizdheisso20@gmai.com;9232481689
1826;BATISTA AUTOPEÇAS;-3.0392632;-59.9367585;AVENIDA BRIGADEIRO HILÁRIO GURJÃO;1;;JORGE TEIXEIRA;MANAUS;69088000;AM;SANDRIELLEN;orvbrandao@outlook.com;9241023030
1827;TALENTO ACESSÓRIOS;-3.0308650;-59.9534891;AVENIDA CAMAPUÃ;1607;;CIDADE DE DEUS;MANAUS;69097720;AM;WERIK;talento-acessorios@hotmail.com;9230877146
1828;AUTOPEÇAS PONTOCOM;-3.0392632;-59.9367585;AVENIDA BRIGADEIRO HILÁRIO GURJÃO;1;;JORGE TEIXEIRA;MANAUS;69088000;AM;JORGE;jorge_jg75@hotmail.com;9232410441
1829;AUTOPEÇAS BENACON;-3.0708164;-59.9449075;AVENIDA COSME FERREIRA;6139;;SÃO JOSÉ OPERÁRIO;MANAUS;69085015;AM;FELIPE;autobenacon@gmail.com;9233077000
1830;AUTOPEÇAS JERUSALÉM;-3.1203357;-60.0035682;AVENIDA CODAJÁS;602;;CACHOEIRINHA;MANAUS;69065130;AM;RICARDO;autojerusalem@gmail.com;9230839020
1831;PIAUÍ AUTOPEÇAS E SERVIÇOS;-2.9997866;-59.9922066;AVENIDA ARQUITETO JOSÉ HENRIQUE B RODRIGUES;616;;MONTE DAS OLIVEIRAS;MANAUS;69093149;AM;DELCIO;piauicenterautopecas@gmail.com;9232321036
1832;FC PARAFUSOS;-3.1031109;-59.9465641;AVENIDA AUTAZ MIRIM;10069;;CIDADE DE DEUS;MANAUS;69099145;AM;JOÃO PEDRO;fc.comercio.vendas@gmail.com;9232490968
1833;GOLDEN MOTOS;-3.0180681;-59.9381955;AVENIDA NOSSA SENHORA DA CONCEIÇÃO;898;;JORGE TEIXEIRA;MANAUS;69099852;AM;HENRIQUE;henrique8569123@gmail.com;9236151868
1834;MJ AUTOPEÇAS;-3.0689513;-59.9538465;AVENIDA ITAÚBA;234;;JORGE TEIXEIRA;MANAUS;69085000;AM;JORGE;mj.autopecas@hotmail.com;9236811618
1835;FEITOSA AUTOPEÇAS;-3.0233050;-59.9266849;AVENIDA BRIGADEIRO HILÁRIO GURJÃO;21;QD 3F;JORGE TEIXEIRA;MANAUS;69088000;AM;JORGE;feitosa.autopecas@gmail.com;9236814153
1836;MEGAMOTOS;-3.0422003;-59.9540744;RUA ITAETÉ;102;;NOVO ALEIXO;MANAUS;69099000;AM;ENIVALDO;megamotos.manaus@gmail.com;9236415555
1837;MEGAMOTOS;-3.0746353;-60.0248826;AVENIDA DJALMA BATISTA;22;;FLORES;MANAUS;69058807;AM;ENIVALDO;megamotos.manaus@gmail.com;9236415555
1838;SUPER MARQUES;-3.0433194;-59.9394073;AVENIDA BRIGADEIRO HILÁRIO GURJÃO;513;;JORGE TEIXEIRA;MANAUS;69088000;AM;CESAR;carloscesar.marquesmotos@gmail.com;9236816975
1839;BARIBA AUTOPEÇAS;-3.1418158;-60.0152158;RUA AMÂNCIO DE MIRANDA;150;;EDUCANDOS;MANAUS;69070000;AM;JOSÉ MARIA;baribamanaus@gmail.com;9236244642
1840;KRONOS AUTOPEÇAS;-3.0502954;-59.9869506;RUA BARÃO DO RIO BRANCO;1312;QD26 LT 9 11 4ª ET;FLORES;MANAUS;69058581;AM;RENNAN;kronosautopecas@gmail.com;9231859508
1841;ROCAVI AUTOPEÇAS;-3.0440810;-59.9783724;RUA 27;72;QD189 NC4;CIDADE NOVA II;MANAUS;69094270;AM;LUIZ FERREIRA;rocavipecas@gmail.com;9236454243
1842;V2 MOTO PARTS;-16.0505246;-47.9800868;RUA B QUADRA B LOTE;1;;PARQUE ESPLANADA I;VALPARAÍSO DE GOIÁS;72878609;GO;CLEITON KARDEC;v2comercioeletronico@gmail.com;6132999036
1843;BATERIAS BORGES;-15.7883807;-47.9189244;QUADRA QMSW 02 CONJUNTO A LOTE;3;LOJA 01;SETOR SUDOESTE;BRASÍLIA;70680203;DF;MARCIANO GONÇALVES;bateriasborges15@gmail.com;6191453529
1844;MOTORRAYD;-16.0749631;-48.0036708;RUA 07 QUADRA 14 LOTE;3;;MORADA NOBRE;VALPARAÍSO DE GOIÁS;72870327;GO;JORGE HENRIQUE;administrativo@motorrayd.com.br;6133525632
1845;MOTORRAYD;-15.5420541;-47.3338348;RUA MANOEL ALVES FERREIRA, NÚMERO;177;;CENTRO;FORMOSA;73801250;GO;JORGE HENRIQUE;administrativo@motorrayd.com.br;6136421885
1846;PORTUGAL LUBRIFICANTES;-15.7050424;-49.3653149;QUADRA 03 CL 11;S/N;LOJAS 05/08;SOBRADINHO;BRASÍLIA;73030515;GO;ROGÉRIO PORTUGAL;rogeriotontin@uol.com.br;6135917383
1847;MACLAREN AUTOPEÇAS;-12.0967184;-45.7965393;RUA ITACARÉ, NÚMERO;546;;SANTA CRUZ I;LUÍS EDUARDO MAGALHÃES;47850000;BA;ANDERTON REIS;maclaren755@gmail.com;7736282550
1848;CASA DO MOTOQUEIRO;-15.7975154;-47.8918874;SETOR SPLM CONJUNTO 6 LOTE 01 LOJA;1;PLACA DAS MERCEDES;NÚCLEO BANDEIRANTE;BRASÍLIA;71732060;DF;ROBERTO LEANDRO;casadomotoqueirodf@gmail.com;6133996175
1849;AUTOPEÇAS LUZIÂNIA;-16.0841940;-47.9851948;AVENIDA ALFREDO NASSER QUADRA 11 LOTE;22;AVENIDA MARGINAL;VILA JURACY;LUZIÂNIA;72814090;GO;SÉRGIO MEIRELES;xml.autopecasluziania@gmail.com;6136224470
1850;VIMAQ PEÇAS;-16.7656939;-47.6124077;RUA OTAVIANO DE PAIVA NÚMERO;1415;;CENTRO;CRISTALINA;73850000;GO;MARCO VINÍCIUS;oficinavimaq@gmail.com;6136123011
1851;BICHÃO MOTOS;-15.8516503;-48.0732694;QUADRA QN 614 CONJUNTO C LOTE;9;LOJA 01B;SAMAMBAIA NORTE;BRASÍLIA;72322573;DF;ALEXANDRE FLORENTINO;bichaomotos@gmail.com;6133588565
1852;SANDÚ MOTOS;-15.8414650;-48.0552246;QUADRA CSC 09 LOTE 01 LOJA;2;AVENIDA SANDÚ;TAGUATÍNGA;BRASÍLIA;72016095;DF;CÉSAR DE SOUZA;sandumotos@gmail.com;6133529814
1853;BI-MOTO MOTOPEÇAS;-12.0824954;-45.7978441;RUA DORIVAL CAYMMI;491;;MIMOSO DO OESTE;LUÍS EDUARDO MAGALHÃES;47850000;BA;VILSON NOVAK;bimoto-ba@hotmail.com;7736282508
1854;AUTOPEÇAS VITÓRIA;-12.1413046;-44.9711730;RUA IPIAU NÚMERO;80;GALPÃO;RIO GRANDE;BARREIRAS;47800608;BA;JESUMAR MOREIRA;jesumar@uol.com.br;7736131010
1855;VICK-UP AUTO SERVICE;-16.7638882;-47.6085309;RUA RIO GRANDE DO SUL QUADRA 03 LOTE;49;LOJA 01;SETOR NORTE;CRISTALINA;73850000;GO;GABRIEL CARREIRA;oficinavickup@gmail.com;6136122854
1856;UNIPEÇAS AUTOPEÇAS;-14.1011987;-46.6332331;AVENIDA BRASÍLIA NÚMERO 205 QUADRA 50 LOTE;17;;SETOR SUL;IACIARA;73920000;GO;ALESSANDRA ABREU;unipeças03@gmail.com;6234731541
1857;COMETA AUTOPEÇAS;-19.7296312;-51.9282822;AVENIDA JURACY LUIZ DE CASTRO;655;;CENTRO;INOCÊNCIA;75580000;MS;AILTON;financeirocometa@hotmail.com;6735742200
1858;RAINHA AUTOPEÇAS;-17.3188863;-53.2194649;RUA DOM AQUINO CORREA;919;;CENTRO;ALTO ARAGUAIA;78780000;GO;NAIR;rainha.nathalia@yahoo.com;6634811284
1859;RAINHA AUTOPEÇAS;-17.5493192;-52.5482996;RUA DAS ESMERALDAS;S/N;QUADRA 26 LOTE 08;IORES;MINEIROS;75830000;GO;JOÃO HÉLIO;rainhaautopecasdistribuidora@gmail.com;6436611531
1860;RAINHA AUTOPEÇAS;-17.3141936;-53.2178329;RUA GENERAL OSORIO;583;;CENTRO;ALTO TAQUARI;78780000;MT;EDUARDO;eduardo.240799@gmail.com;6634811285
1861;R DAMÁSIO VAREJO;-5.0949428;-42.8155427;RUA FÉLIX PACHECO;866;;CENTRO;TERESINA;64001160;PI;JOERLANY;varejo@rdamasio.com.br;8631318315
1862;TD MOTO PEÇAS;-2.9164098;-41.7542255;AVENIDA DEPUTADO PINHEIRO MACHADO;1366;;BOA ESPERANÇA;PARNAÍBA;64215420;PI;LEONARDO;gerenciaparnaiba@tdmotopecas.com.br;8631318315
1863;TD MOTO PEÇAS;-5.1000941;-42.8111225;AVENIDA JOAQUIM RIBEIRO;1016;;CENTRO;TERESINA;64019025;PI;JÚNIOR;gerenciacentro@tdmotopecas.com.br;8631318315
1864;TD MOTO PEÇAS;-5.1105420;-42.7527041;AVENIDA JOAQUIM NELSON;20;;ITARARE;TERESINA;64078225;PI;PEDRO;gerenciadirceu@tdmotopecas.com.br;8631318315
1865;TD MOTO PEÇAS;-5.1906586;-42.7595813;AVENIDA AYRTON SENA;4850;;ESPLANADA;TERESINA;64039480;PI;JARDEL;gerenciaportoalegre@tdmotopecas.com.br;8631318315
1866;TD MOTO PEÇAS;-4.9920765;-42.8149612;RUA JORNALISTA RONALDO MICHAEL;2372;;PARQUE BRASIL;TERESINA;64012070;PI;GESSICA;gerenciacodipi@tdmotopecas.com.br;8631318315
1867;TD MOTO PEÇAS;-5.1321897;-42.7959378;AVENIDA HENRY WALL DE CARVALHO;4821;;LOURIVAL PARENTE;TERESINA;64022050;PI;MAILSON;gerenciamatriz@tdmotopecas.com.br;8631318315
1868;TD MOTO PEÇAS;-5.0801415;-42.7751223;AVENIDA PRESIDENTE KENNEDY;127;;SÃO CRISTOVÃO;TERESINA;64052345;PI;MARGARIDA;gerencialeste@tdmotopecas.com.br;8631318315
1869;TD MOTO PEÇAS;-5.0652425;-42.8183455;AVENIDA CENTENARIO;1664;;AEROPORTO;TERESINA;64006700;PI;MARIA;gerencianorte@tdmotopecas.com.br;8631318315
1870;TD MOTO PEÇAS;-5.1031643;-42.8191486;AVENIDA PIAUI  QUADRA 21 LOTE 40;80;;CENTRO;TIMON;65630030;MA;PAULO;gerenciatdtimon@tdmotopecas.com.br;8631318315
1871;TD MOTO PEÇAS;-4.8641052;-43.3657031;AVENIDA NEREU BITTENCOURT;99;;CENTRO;CAXIAS;65630030;MA;REGINALDO;gerenciatdcaxias@tdmotopecas.com.br;8631318315
1872;TD MOTO PEÇAS;-5.5242569;-47.4811399;RUA CEARÁ;382;;JUÇARA;IMPERATRIZ;65900530;MA;ISTEFANIA;gerencia13@tdmotopecas.com.br;8631318315
1873;ZINHO AUTOPEÇAS;-9.3800241;-37.9965037;RUA FLORIANO PEIXOTO;230;A;CENTRO;DELMIRO GOUVEIA;57480000;AL;HELOISE;zinhozap@hotmail.com;8236413477
1874;MG EQUIPAMENTOS;-7.3389874;-35.8989505;AVENIDA ASSIS CHATEAUBRIAND;66;TERREO;CENTRO;QUEIMADAS;58475000;PB;MARCELO;marcelo.autopecaspb@gmail.com;8322921112
1875;MOISES AUTOPEÇAS;-7.9783962;-34.8354672;AVENIDA DOUTOR JOSÉ AUGUSTO MOREIRA;1925;;CASA CAIADA;OLINDA;53130410;PE;MAURO;contato.autopecas@hotmail.com;8182878282
1876;FONFON AUTOPEÇAS;-8.0156938;-34.8680532;AVENIDA PRESIDENTE KENNEDY;1492;;PEIXINHOS;OLINDA;53230630;PE;SIDNEY;fonfonautopecasltda@hotmail.com;8186024419
1877;AMORIM AUTOPEÇAS;-7.9669955;-34.8381358;AVENIDA CORONEL FREDERICO LUNDGREN;820;;RIO DOCE;OLINDA;53150000;PE;EVANDRO;amorimecompanhia@hotmail.com;8134923608
1878;ATACAREJO AUTOPEÇAS;-7.9615080;-34.8440860;AVENIDA AVENIDA BRASIL;8;;JARDIM ATLÂNTICO;OLINDA;53150470;PE;ENESIO;atacarejoautopecasolinda@gmail.com;8197943541
1879;AUTOCAR;-8.0616904;-34.9217384;AVENIDA ENGENHEIRO ABDIAS DE CARVALHO;1743;;BONGI;RECIFE;50751655;PE;TITO;autocartito@hotmail.com;8196567265
1880;UP MOTOPARTS;-8.0559347;-34.9215661;RUA GOMES TABORDA;1130;;CORDEIRO;RECIFE;50630250;PE;DANILO;comercial@upmotoparts.com.br;8131272384
1881;CANINANA MOTOS;-4.5770911;-44.5942390;RUA ABÍLIO MONTEIRO;1495;;ENGENHO;PEDREIRAS;65725000;MA;LAURISVALDO;lorincaninanamotos@gmail.com;9984066230
1882;CANINANA MOTO X;-2.5580075;-44.2237129;AVENIDA GUAJAJARAS;250;LOJA 01;SÃO BERNARDO;SÃO LUÍS;65056045;MA;LAUDIVAN;caninanamotox@outlook.com;9982892839
1883;MOTOCICLO CANINANA;-5.5163343;-47.4641470;AVENIDA BABAÇULÂNDIA;898;;VILA LOBÃO;IMPERATRIZ;65910000;MA;LAUDIVAN;motociclocaninana2@hotmail.com;9996495350
1884;MOTOCICLO CANINANA;-4.9519652;-47.5025160;AVENIDA DESEMBARGADOR TÁCITO DE CALDAS;99;LETRA B;CENTRO;AÇAILÂNDIA;65930000;MA;LAUDIVAN;motociclocaninana2@hotmail.com;9991638885
1885;MOTOCICLO CANINANA;-5.5243706;-47.4808608;RUA CEARÁ;424;CASA A;CENTRO;IMPERATRIZ;65901610;MA;LAUDIVAN;motociclocaninana2@hotmail.com;9991487337
1886;KSS MOTOS;-5.5130135;-46.7937911;RODOVIA MA 122;980;;CENTRO;AMARANTE DO MARANHÃO;65923000;MA;ANTÔNIO;kssmotos@gmail.com;9984133605
1887;KSS MOTOS;-5.8818158;-46.7033973;RUA ANTÔNIO BANDEIRA;102;;CENTRO;SÍTIO NOVO;65925000;MA;ANTÔNIO;kssmotos@gmail.com;9984133605
1888;KSS MOTOS;-5.2820702;-44.4959592;RUA JOSÉ OLAVO SAMPAIO;55;;CENTRO;PRESIDENTE DUTRA;65760000;MA;ANTÔNIO;kssmotos@gmail.com;9984133605
1889;KSS MOTOS;-5.8237380;-46.1566007;AVENIDA AMARAL RAPOSO;872;CASA A;CANOEIRO;GRAJAÚ;65940000;MA;ANTÔNIO;kssmotos@gmail.com;9984133605
1890;KSS MOTOS;-7.5236729;-46.0411161;AVENIDA GOVERNADOR LUIZ ROCHA;17;;POTOSI;BALSAS;65800000;MA;ANTÔNIO;kssmotos@gmail.com;9984133605
1891;KSS MOTOS;-5.5011703;-45.2623832;AVENIDA RIO AMAZONAS;415;;TRIZIDELA;BARRA DO CORDA;65950000;MA;ANTÔNIO;kssmotos@gmail.com;9984133605
1892;LOJA DO MOTOQUEIRO;-8.0681619;-34.8819958;RUA DA CONCORDIA;485;;SÃO JOSÉ;RECIFE;50020055;PE;ERON;contato@motokeiro.com;8132241549
1893;S.O.S MOTOS EXPRES PEÇAS E SERVIÇOS;-8.0884501;-34.8852301;AVENIDA HERCULANO BANDEIRA;520;TERREO;PINA;RECIFE;51110131;PE;FABIANO;lojasosexpres@gmail.com;8130371228
1894;SUL PEÇAS;-8.0944953;-34.9292292;AVENIDA RECIFE;3592;;IPSEP;RECIFE;51190730;PE;LUCIANO;sulpecas@gmail.com;8133390427
1895;VICENTE AUTOPEÇAS;-8.0876383;-34.8860291;AVENIDA HERCULANO BANDEIRA;622;;PINA;RECIFE;51110130;PE;ANDERSON;milpecaseservicos@outlook.com;8133014118
1896;BELO AUTOPEÇAS;-8.0801046;-34.9065193;ESTRADA DOS REMEDIOS;20;;AFOGADOS;RECIFE;50770120;PE;AKILLA;beloautopecas@hotmail.com;8134281344
1897;MEGA PEÇAS;-8.0706081;-34.9080931;ESTRADA DOS REMEDIOS;1082;;AFOGADOS;RECIFE;50770120;PE;MARCIA;maria.santos@megapecas.com.br;8137872998
1898;CLAYTON AUTOPEÇAS;-8.0695952;-34.9085569;ESTRADA DOS REMEDIOS;1197;;AFOGADOS;RECIFE;50770120;PE;CLAYTON;claytonautopecasrecife@gmail.com;8134473991
1899;TARCISIO AUTOPEÇAS;-8.1097317;-34.9177888;RUA JEAN EMILE FAVRE;871;;IPSEP;RECIFE;51190450;PE;TARCISIO;tarcisioautopecas@hotmail.com;8134712175
1900;DELTA AUTOPEÇAS;-8.1144403;-34.9237633;RUA JEAN EMILE FAVRE;1676;;IPSEP;RECIFE;51190450;PE;MARCELINO;contato@deltaautopecas.com.br;8130973844
1901;DINAMICAR;-8.1128789;-34.9214199;AVENIDA JEAN EMILE FAVRE;1385;;IPSEP;RECIFE;51190450;PE;ALTAIR;dinamicarpecaseservicos@hotmail.com;8133383535
1902;MM AUTOPEÇAS;-8.2369308;-34.9819759;AVENIDA NOSSA SENHORA DO BOM CONSELHO;438;;PONTE DOS CARVALHOS;CABO DE SANTO AGOSTINHO;54580430;PE;MARISANGELA;mm.autopecas2012@hotmail.com;8135221116
1903;PEÇAS EXPRESS;-8.0412210;-34.9406770;RUA GASPAR PERIZ;29;A;IPUTINGA;RECIFE;50670350;PE;BRUNNO;bpasouza@outlook.com;8198245894
1904;VIA CAR;-8.0913739;-34.8836581;AVENIDA CONSELHEIRO AGUIAR;115;;PINA;RECIFE;51011000;PE;JEAN;contato@viacaronline.com.br;8134631238
1905;CLAYTON AUTOPEÇAS;-8.0803790;-34.9125600;RUA SÃO MIGUEL;650;;AFOGADOS;RECIFE;50770720;PE;CLAYTON;claytonautopecasrecife@gmail.com;8130972583
1906;APOVEL AUTOPEÇAS;-10.0679385;-38.3512777;RUA BARAO DE JEREMOABO;99;;CENTRO;JEREMOABO;48540000;BA;RAIMUNDO LINS;apovelauto@hotmail.com;7532032406
1907;RONI AUTOPEÇAS;-12.8412507;-38.4649744;RUA ALMIRANTE BARROSO;1;;PARIPE;SALVADOR;40800460;BA;GUSTAVO;paripe@roni.com.br;7133099033
1908;TONHO MOTO PECAS;-12.4186478;-41.7702186;AVENIDA FRANKLIN DE QUEIROZ;161;;CENTRO;SEABRA;46900000;BA;ANTONIO;tonhomotopecas@hotmil.com;7533311499
1909;COMPCAR;-10.0852625;-38.3320576;AVENIDA SÃO JOSÉ;S/N;;CENTRO;JEREMOABO;48540000;BA;AIRTON;audairpneus@hotmail.com;7532032349
1910;CARVOLI AUTOPEÇAS;-23.6374127;-45.4300998;AVENIDA RIO BRANCO;1720;;INDAIÁ;CARAGUATATUBA;11665600;SP;DANIEL;carvoli@carvoli.com.br;1238836687
1911;KOGA KOGA AUTOPEÇAS;-23.5737989;-46.5657337;AVENIDA SAMPOPEMBA;2392;;VILA SANTA CLARA;SÃO PAULO;3345000;SP;FABIANO;contato@koga-koga.com.br;1120201000
1912;INJESAN AUTOPEÇAS;-23.5802699;-46.5001125;AVENIDA RIO DAS PEDRAS;3367;;JARDIM SAPOPEMBA;SÃO PAULO;3930310;SP;OCTAVIO;injesandistribuidora@outlook.com;1120112674
1913;AUTOPEÇAS MIXILIM;-21.1358941;-48.9782832;RUA MINAS GERAIS;840;;CENTRO;CATANDUVA;15801280;SP;GERSOM;mixilim@terra.com.br;1735313371
1914;HIRATA AUTOPEÇAS;-20.8377197;-49.3708158;AVENIDA POTIRENDABA;2707;;QUINTA DAS PAINEIRAS;SÃO JOSÉ DO RIO PRETO;15080000;SP;MAURICIO;compras@autopecashirata.com.br;1733556677
1915;HIRATA AUTOPEÇAS;-20.7919873;-49.3944543;AVENIDA APARECIDA DO TABOADO;2245;;ELDORADO;SÃO JOSÉ DO RIO PRETO;15043100;SP;MAURICIO;compras@autopecashirata.com.br;1733556666
1916;RODÃO EQUIPAMENTOS;-20.8481910;-49.3454670;AVENIDA PERCY GANDINI;980;;VILA TONINHO;SÃO JOSÉ DO RIO PRETO;15077000;SP;GABRIEL;balcao@rodaoequipamentos.com.br;1732383001
1917;ITAMAC PEÇAS AUTOMOTIVAS;-23.7087858;-46.8499077;AVENIDA QUINZE DE NOVEMBRO;265;;CENTRO;ITAPECERICA DA SERRA;6850100;SP;MURILO;itamacpecasautomotivas@hotmail.com;1146664140
1918;LEAUTO AUTOPEÇAS;-23.6545356;-46.8495296;RUA PADRE JOÃO ALVARES;202;;CENTRO;EMBU DAS ARTES;6803470;SP;FERNANDO;comprasleauto@gmail.com;1147810002
1919;AUTOPEÇAS LOJÃO DO CARRO;-24.2865501;-47.4581374;RUA DONA EVARISTA DE CASTRO FERREIRA;54;;CENTRO;MIRACATU;11850000;SP;RENAN;oficinalarapupo@terra.com.br;1338471343
1920;AUTOPEÇAS M&V;-24.3239064;-47.0132467;RUA ABÍLIO AUGUSTO MONTEIRO;26;;ESTAÇÃO;PERUÍBE;11750000;SP;ALESSANDRA;autopcmv@hotmail.com;1334553006
1921;MONUMENTO SHOPPING CAR & MOTOS;-23.9644335;-46.3830134;PRAÇA DA BANDEIRA;80;;CENTRO;SÃO VICENTE;11310030;SP;REGIANE;regiane@monumentoshoppingcar.com.br;1335696262
1922;VALCAM PEÇAS E ACESSÓRIOS;-23.8284669;-46.8136686;RUA CORONEL LUIZ TENÓRIO DE BRITO;584;;CENTRO;EMBU-GUAÇU;6900000;SP;DOUGLAS;valcam.autopecas@hotmail.com;1146613982
1923;KOGA KOGA AUTOPEÇAS;-22.9030087;-47.0746123;AVENIDA GOVERNADOR PEDRO DE TOLEDO;261;;BONFIM;CAMPINAS;13070752;SP;RICARDO;contato@koga-koga.com.br;1937343430
1924;ALEMÃO AUTOPEÇAS;-22.9403420;-47.0615243;AVENIDA BADEN POWELL;860;;JARDIM NOVA EUROPA;CAMPINAS;13040093;SP;FABIO;compras@alemaoautopecas.com.br;1932770315
1925;COMP AUTOPEÇAS;-23.5169919;-47.4405435;AVENIDA PARAGUAI;579;;VILA BARCELONA;SOROCABA;18025200;SP;GIOVANI;contato@autopecascomp.com.br;1535193333
1926;COMP AUTOPEÇAS;-23.4696822;-47.4753637;RUA ATANÁZIO SOARES;1830;;VILA OLÍMPIA;SOROCABA;18075000;SP;TIAGO GOUVEIA;contato@autopecascomp.com.br;1535193333
1927;COMP AUTOPEÇAS;-23.4910595;-47.5054675;RUA PAULO EMANUEL DE ALMEIDA;659;;PARQUE DOS EUCALIPTOS;SOROCABA;18053505;SP;MARCIO;contato@autopecascomp.com.br;1535193333
1928;PICAPAU AUTOPEÇAS;-23.7462685;-46.6114203;ESTRADA ALVARENGA;2940;;ALVARENGA;SÃO BERNARDO DO CAMPO;9850550;SP;SERGIO;autopecaspicapaufinanceiro@gmail.com;1143363496
1929;MEIRELES AUTOPEÇAS;-23.7222888;-46.7850238;ESTRADA M BOI MIRIM;5005;;JARDIM ÂNGELA;SÃO PAULO;4939003;SP;ANGÉLICA;mdossantosoliveira@yahoo.com.br;1158344087
1930;AUTOPEÇAS BRAVA;-23.6771370;-46.7958481;RUA ANUN DOURADO;63;;JARDIM DOM JOSÉ;SÃO PAULO;5887310;SP;BRUNO;vwbrasilpecas@gmail.com;1158233666
1931;AUTOPEÇAS MARCOS16;-23.5106732;-47.6063974;AVENIDA MANUEL VIEIRA;1000;;CENTRO;ARAÇOIABA DA SERRA;18190000;SP;MARCOS;autopecasmarcos16@gmail.com;1532816040
1932;MENDÃO AUTOPEÇAS;-23.7054977;-46.7007993;AVENIDA SENADOR TEOTÔNIO VILELA;450;;CIDADE DUTRA;SÃO PAULO;4801000;SP;CLODOALDO;mendaoautopecas@hotmail.com;1156663144
1933;AUTOPEÇAS JOÃO DIAS;-23.7723875;-46.7091050;AVENIDA PAULO GUILGER REIMBERG;1013;;JARDIM CAMPINAS;SÃO PAULO;4858570;SP;DOUGLAS;joaodiasoficial@outlook.com;1155263366
1934;AUTOPEÇAS CAPITÃO CASA;-23.7280318;-46.5652926;AVENIDA CAPITÃO CASA;1224;;DOS CASAS;SÃO BERNARDO DO CAMPO;9812000;SP;JEFERSON;autopecascapitao@gmail.com;1143174486
1935;SUPERAUTO AUTOPEÇAS;-23.5349318;-47.1382874;RUA JOSÉ ALEMBICK;344;;CENTRO;SÃO ROQUE;18130280;SP;KÁTIA;vendas@superautopecas.com;1147844624
1936;SUPERAUTO AUTOPEÇAS;-23.6608546;-47.2158473;RUA SÃO SEBASTIÃO;469;;CENTRO;IBIÚNA;19150000;SP;SIVANILDO;vendas@superautopecas.com;1532411177
1937;SUPERAUTO AUTOPEÇAS;-23.5405903;-47.1841856;AVENIDA 27 DE OUTUBRO;406;;VILA SOROCABANA;MAIRINQUE;18120000;SP;HIDEKI;vendas@superautopecas.com;1147184809
1938;VALCAR AUTOPEÇAS;-23.1898621;-46.8925166;AVENIDA CARLOS SALES BLOCH;100;;CENTRO;JUNDIAÍ;13208100;SP;MARCIO;marcio_valcar@hotmail.com;1145219673
1939;BELÉM AUTOPEÇAS;-23.3312204;-46.7295152;RUA PROFESSOR CARVALHO PINTO;203;;COMPANHIA FAZENDA BELÉM;FRANCO DA ROCHA;7803100;SP;CICERO;cicerocicinho133@gmail.com;1144494033
1940;GUENDAI AUTOPEÇAS;-23.5772528;-46.7432419;AVENIDA ENGENHEIRO HEITOR ANTÔNIO EIRAS GARCIA;772;;JARDIM BONFIGLIOLI;SÃO PAULO;5588001;SP;DANIEL;guendaipecas@gmail.com;1137312053
1941;LEAL AUTOPEÇAS;-23.5485733;-46.8864347;AVENIDA JULIO FELTSCHER;351;;JADIM JULIO;BARUERI;6447310;SP;VIEIRA;comercial@grupolealp.com.br;1141625500
1942;LEAL AUTOPEÇAS;-23.4816027;-46.6848895;AVENIDA ITABERABA;2925;;ITABERABA;SÃO PAULO;2739000;SP;VIEIRA;comercial@grupolealp.com.br;1134597943
1943;CENTRAL CAR AUTOPEÇAS;-23.2187472;-46.8460585;RUA JOSÉ RABELLO PORTELLA;933;;JARDIM MARIA DE FÁTIMA;VÁRZEA PAULISTA;13220540;SP;ANDRÉ;apc.andreguilherme@gmail.com;1145950556
1944;DANY AUTOPEÇAS;-23.4100143;-46.8361637;AVENIDA TENENTE MARQUES;1451;;POLVILHO;CAJAMAR;7793450;SP;WESLEY;autopecas_danyfazendinha@hotmail.com;1144481966
1945;DANY AUTOPEÇAS;-23.4060266;-46.8793054;AVENIDA TENENTE MARQUES;5452;;FAZENDINHA;SANTANA DE PARNAÍBA;6529000;SP;WESLEY;autopecas_danyfazendinha@hotmail.com;1141563048
1946;TRÊS IRMÃOS AUTOPEÇAS;-23.4600994;-46.6728130;AVENIDA GENERAL PENHA BRASIL;1583;;VILA NOVA CACHOEIRINHA;SÃO PAULO;2673000;SP;MIQUELINO;miquejanautopecas@bol.com.br;1139823496
1947;GC GUSCAR AUTOPEÇAS;-23.4979642;-46.7115982;RUA MANUEL GONÇALVES CRUZ;28;;VILA BONILHA;SÃO PAULO;2917070;SP;BINHO;davidson.vieira@hotmail.com;1139907000
1948;NOVA MUNICIPAL AUTOPEÇAS;-23.5236552;-46.8918570;AVENIDA MUNICIPAL;27;;JARDIM SILVEIRA;BARUERI;6433000;SP;JOSUÉ;autopecasnovamunicipal@gmail.com;1141940457
1949;SATISFACTION AUTOPEÇAS;-23.5392758;-46.8815497;ESTRADA VELHA DE ITAPEVI;3338;;PARQUE DOS CAMARGOS;BARUERI;6444000;SP;BETO;compras.satisfactionpecas@gmail.com;1142014911
1950;GOLD AUTOPEÇAS;-23.5482136;-46.8873589;ESTRADA VELHA DE ITAPEVI;4706;;VILA MILITAR;BARUERI;6444000;SP;ISAQUE;goldautopecas@hotmail.com;1142011747
1951;ECOPARTS AUTOPEÇAS;-23.4478771;-46.9217552;RUA PROFESSOR MAX ZENDRON;81;;POLVILHO;CAJAMAR;7790510;SP;ALEX;ecopartssp@gmail.com;1144482769
1952;ZAGUI AUTOPEÇAS;-23.1982940;-46.7787090;AVENIDA PRESIDENTE JUSCELINO KUBITSCHECK;60;;JARDIM MONTE ALEGRE;CAMPO LIMPO PAULISTA;13230001;SP;NATAN;zaguiautopecas@hotmail.com;1140394720
1953;SEMI CAR AUTOPEÇAS;-23.5230723;-46.5938775;AVENIDA GUILHERME COTCHING;581;;VILA MARIA;SÃO PAULO;2113011;SP;LUIGI;semicarcompras@uol.com.br;1129558088
1954;DAL AUTOPEÇAS;-23.4532000;-46.7495899;AVENIDA CHICA LUIZA;75;;JARAGUÁ;SÃO PAULO;5183270;SP;DANIEL;pecasdal75@gmail.com;1139412606
1955;AUTOPEÇAS DIMAS;-16.0894992;-48.5000794;AVENIDA BRASÍLIA;301;;CENTRO;ALEXÂNIA;72920-000;GO;JOSÉ DIMAS;autopecasdimas@hotmail.com;(62) 3336-1436
1956;AUTOPEÇAS DUTRA;-16.0894349;-48.5035605;AVENIDA BRASÍLIA;S/N;QD 64 LT 04;CENTRO;ALEXÂNIA;72920-000;GO;OZAEL;dutrapecas@hotmail.com;(62) 3336-3621
1957;AUTOPEÇAS MENEZES;-16.0901197;-48.5038300;AVENIDA BRASÍLIA;252;;CENTRO;ALEXÂNIA;72920-000;GO;MENEZES;menezesautopecas@hotmail.com;(62) 3326-1441
1958;AUTOPEÇAS CENTRAL;-16.1953687;-48.7120811;RUA JOAQUIM ALVES;125;;CENTRO;ABADIÂNIA;72940-000;GO;MILTON;centralautopecas@hotmail.com;(62) 3343-2158
1959;AUTOPEÇAS JK;-16.1973129;-48.7060927;AVENIDA JK;S/N;QD 04 LT 01;CENTRO;ABADIÂNIA;72940-000;GO;IVAN;autopecasjk@outlook.com;(62) 3343-2017
1960;MOTO FORT;-16.0894349;-48.5035605;AVENIDA BRASÍLIA;S/N;QD 60 LT 03;CENTRO;ALEXÂNIA;72920-000;GO;EDSON;edsonreis_50@hotmail.com;(62) 9573-7071
1961;RAIKA AUTOPEÇAS;-16.0807821;-48.5072838;AVENIDA 15 DE NOVEMBRO;S/N;QD 27 LT 32;CENTRO;ALEXÂNIA;72920-000;GO;PEDRO HENRIQUE;raikaautopecas@gmail.com;(62) 3336-3904
1962;TELES AUTOPEÇAS;-16.0894349;-48.5035605;AVENIDA BRASÍLIA;S/N;QD 65 LT 07;CENTRO;ALEXÂNIA;72920-000;GO;ELIVÂNIA;telescruiser@gmail.com;(62) 9862-5833
1963;GAÚCHA AUTOPEÇAS;-20.7986490;-51.6826247;AVENIDA RANULPHO MARQUES LEAL;906;;JARDIM ALVORADA;TRÊS LAGOAS;79610102;MS;MARCO;marco@gauchapecas.com.br;6735623747
1964;GAÚCHA AUTOPEÇAS;-18.3930561;-52.6664492;RUA GESTOR LEST4;358;;CIDADE JARDIM;CHAPADÃO DO CÉU;75828000;GO;MARCO;marco@gauchapecas.com.br;6436342313
1965;GAÚCHA AUTOPEÇAS;-18.7921200;-52.6255800;RUA BRASIL;1974;SALA B;SIBIPIRUNA;CHAPADÃO DO SUL;79560000;MS;MARCO;marco@gauchapecas.com.br;6735623747
1966;GAÚCHA AUTOPEÇAS;-18.7960090;-52.6196790;RUA BRASIL;1224;;PARQUE UNIÃO;CHAPADÃO DO SUL;79560000;MS;MARCO;marco@gauchapecas.com.br;6735623747
1967;TOTAL AUTOOPEÇAS;-16.7524001;-43.8767133;AVENIDA CORAÇÃO DE JESUS;449;;MAJOR PRATES;MONTES CLAROS;39403513;MG;THIAGO;totalautopeca@yahoo.com;3832122990
1968;TOTAL AUTOOPEÇAS;-19.4627933;-42.5522095;AVENIDA MINAS GERAIS;510;;JARDIM PANORAMA;IPATINGA;35162094;MG;JOÃO;totalpecasipatinga@yahoo.com;3133673434
1969;TOTAL AUTOOPEÇAS;-16.7284667;-43.8454664;AVENIDA DEPUTADO PLÍNIO RIBEIRO;2264;;MONTE CARMELO;MONTES CLAROS;39402747;MG;LUIZ;totalautopeca@yahoo.com;3832131261
1970;AUTOPEÇAS PRAES;-19.7981180;-43.9960670;RUA COVA IRIA;200;LOJA 01;MARIA HELENA;BELO HORIZONTE;31680310;MG;LUIZIANIA;autopraes@gmail.com;3132731698
1971;NOVA PEÇAS;-22.8948998;-43.5589280;ESTRADA DAS CAPOEIRAS;139;149;CAMPO GRANDE;RIO DE JANEIRO;23085660;RJ;MARCIO;comercial@novapecas.com.br;2124159673
1972;SUETH AUTOPEÇAS;-22.6467751;-43.2235491;AVENIDA CORONEL SISSON;LT 01;QD 01;IMBARIE;DUQUE DE CAXIAS;25266000;RJ;CARLOS;suethautopecas@gmail.com;2127783364
1973;ULTRAPEÇAS;-21.6329367;-41.0401122;RUA ALMIR ROBERTO DE SOUZA;S/N;;SOLAR MARANHÃO;SÃO JOÃO DA BARRA;28200000;RJ;FELIPE;felipevieiracruz@hotmail.com;2227414990
1974;J A K J  PEÇAS AUTOMOTIVAS;-22.8170416;-43.4120663;ESTRADA GETÚLIO VARGAS;393;;OLINDA;NILÓPOLIS;26510014;RJ;JOSÉ;jakjfaleconosco@gmail.com;2126933408
1975;POTIKAR AUTOPEÇAS;-22.6130347;-43.7130001;ESTRADA RJ 127;11916;;CENTRO;PARACAMBI;26600000;RJ;CIDA;potikar2@hotmail.com;2126832088
1976;PRIMUS AUTOPEÇAS;-22.7549573;-43.4454633;AVENIDA NILO PEÇANHA;765;;CENTRO;NOVA IGUAÇU;26215511;RJ;ALINE;primus.ap@hotmail.com;2126678051
1977;GREGORIOS AUTOPEÇAS;-22.8877211;-43.6064921;ESTRADA DO ENCANAMENTO;132;;CAMPO GRANDE;RIO DE JANEIRO;23068120;RJ;FÁTIMA;finaceiro@gregorio.com.br;2134058300
1978;DUAS RODAS MOTO PEÇAS;-22.8740101;-43.4804333;RUA DOUTOR AUGUSTO DE FIGUEIREDO;31;;BANGU;RIO DE JANEIRO;21840600;RJ;LEANDRO;motopecasduasrodas@gmail.com;2133327277
1979;MTL CAR PEÇAS;-21.6469773;-41.7454250;RUA MARECHAL DEODORO;27;;CENTRO;SÃO FIDÉLIS;28400000;RJ;MARCÃO;marcaomtlcar@hotmail.com;2227585175
1980;IBAD AUTOPEÇAS;-22.7550578;-43.4451249;RUA NILO PEÇANHA;776;;CENTRO;NOVA IGUAÇU;26215512;RJ;MARCOS;orniibad@gmail.com;2128825302
1981;MARCELO AUTOPEÇAS;-22.7812374;-41.9494075;ESTRADA BÚZIOS CABO FRIO;2;;SÃO JOSÉ;BÚZIOS;28950000;RJ;MARCELO;macbuzios@gmail.com;2226238456
1982;D'LEMOS DE RIO BONITO;-22.5071706;-41.9272825;AVENIDA JANE MARIA MARTINS FIGUEIRA;975;;JARDIM MARILÉIA;RIO DAS OSTRAS;28890000;RJ;ALEXANDRE;dlemosderiodasostras@hotmail.com;2227649019
1983;CRISROLI;-21.4188179;-41.6929297;AVENIDA JOSE LUIZ MARINHO;260;;PARQUE INDUSTRIAL;ITALVA;28250000;RJ;CRISTIANO;crisrolicentroautomotivo@gmail.com;2227831156
1984;TD MOTO PEÇAS;-5.1105420;-42.7527041;AVENIDA JOAQUIM NELSON;20;;ITARARE;TERESINA;64078225;PI;PEDRO JÚNIOR;gerenciadirceu@tdmotopecas.com.br;8631318315
1985;ITAMARATI AUTOPEÇAS;-22.4514897;-43.1440457;ESTRADA UNIAO INDUSTRIA;3050;;CORREAS;PETRÓPOLIS;25720111;RJ;SANDRO;sandro@grupoitamarati.com.br;2422219600
1986;ITAMARATI AUTOPEÇAS;-22.8816893;-43.1104285;RUA PADRE AUGUSTO LAMEGO;42;;PONTO CEM REIS;NITERÓI;24030330;RJ;EDRIANA;edriana@grupoitamarati.com.br;2131619600
1987;ITAMARATI AUTOPEÇAS;-22.5074088;-43.1884499;RUA MONTECASEROS;133;;CENTRO;PETRÓPOLIS;25685005;RJ;MARCELO;marcelo@itamarati.com.br;2422469600
1988;ITAMARATI AUTOPEÇAS;-22.1118605;-43.2104762;RUA NELSON VIANA;245;;CENTRO;TRÊS RIOS;25085290;RJ;MICHEL;michel@grupoitamarati.com.br;2422519600
1989;SUPER TUNING;-22.5075942;-43.1887336;RUA PAULINO AFONSO;33;;CENTRO;PETRÓPOLIS;25680003;RJ;MARCELO;marcelo@itamarati.com.br;2422466009
1990;BRANDT AUTOPEÇAS;-22.9543674;-43.0345218;ESTRADA VELHA DE ITAIPU;8;;LARGO DA BATALHA;NITERÓI;24340005;RJ;RUAM;brandtautopecas@gmail.com;2127110528
1991;CHUCK MOTOS;-22.8821984;-43.0301845;ESTRADA CAETANO MONTEIRO;647;;BADU;NITERÓI;24320570;RJ;RODRIGO;chuckmotospendotiba@gmail.com;2136056956
1992;BS PNEUS;-25.4190121;-49.2930645;AVENIDA MANOEL RIBAS;1800;;MERCÊS;CURITIBA;80810000;PR;ORLEI;bsmerces@bsautocenter.com.br;4130145005
1993;BS PNEUS;-25.4625815;-49.3015091;AVENIDA PRESIDENTE ARTHUR BERNARDES;1170;;PORTÃO;CURITIBA;80320300;PR;LEANDRO;bsabernardes@bsautocenter.com.br;4130197007
1994;BS PNEUS;-25.4031233;-49.2432539;AVENIDA PREFEITO ERASTO GAERTINER;341;;BACACHERI;CURITIBA;82510160;PR;CRISTIANO;bsbacacheri@bsautocenter.com.br;4130191133
1995;BS PNEUS;-25.4312512;-49.2106414;AVENIDA VICTOR FERREIRA DO AMARAL;3010;;TARUMÃ;CURITIBA;82810350;PR;ALESSANDRO;bstaruma@bsautocenter.com.br;4130189009
1996;BS PNEUS;-25.4254133;-49.3525903;AVENIDA VEREADOR TOALDO TÚLIO;4205;;SÃO BRAZ;CURITIBA;82300332;PR;WAGNER;bstoaldotulio@bsautocenter.com.br;4130391133
1997;BS PNEUS;-26.8985934;-48.6768876;RUA HÉLIO DOUAT DE MENEZES;739;;SÃO JOÃO;ITAJAÍ;88305130;SC;DIEGO;bsitajai@bsautocenter.com.br;4730452995
1998;BS TRUCK CENTER;-26.8829037;-48.7237128;RUA OTACÍLIO DALÇÓQUIO;600;;SALSEIROS;ITAJAÍ;88311560;SC;ANDRÉ;caixabstruck@grupojrdias.com.br;4733440607
1999;BS PNEUS;-25.6533633;-49.3049008;RUA COLÔMBIA;105;;NAÇÕES;FAZENDA RIO GRANDE;83823074;PR;ADRIANO;bsfazenda@bsautocenter.com.br;4130534735
2000;BS PNEUS;-25.4686866;-49.2826269;AVENIDA PRESIDENTE KENNEDY;2822;;ÁGUA VERDE;CURITIBA;80610010;PR;FLÁVIO;bskennedy@bsautocenter.com.br;4130161001
2001;BANA PNEUS;-25.4221540;-49.3488199;AVENIDA VEREADOR TOALDO TULIO;3665;;SÃO BRAZ;CURITIBA;82300000;PR;GILSON;duda@banapneus.com.br;4133149030
2002;BANA PNEUS;-25.4447603;-49.2799223;AVENIDA SILVA JARDIM;2045;;REBOUÇAS;CURITIBA;80250200;PR;WANDERLEI;centro@banapneus.com.br;4133149940
2003;BANA PNEUS;-25.3999309;-49.2454606;RUA HOLANDA;471;;BACACHERI;CURITIBA;82510190;PR;RAFAEL;bacana@banapneus.com.br;4133149960
2004;BANA PNEUS;-25.4291308;-49.2257801;AVENIDA VICTOR FERREIRA DO AMARAL;1448;;TARUMÃ;CURITIBA;82800000;PR;LUCAS;taruma@banapneus.com.br;4133149950
2005;BANA PNEUS;-25.4665455;-49.2996269;AVENIDA PRESIDENTE ARTHUR BERNARDES;1673;;PORTÃO;CURITIBA;80320300;PR;BARBOSA;portao@banapneus.com.br;4133149910
2006;BANA PNEUS;-25.5402837;-49.1970040;RUA ISABEL REDENTORA;2217;;CENTRO;SÃO JOSÉ DOS PINHAIS;83005010;PR;ADRIANO;banasaojose@banapneus.com.br;4133149990
2007;BANA PNEUS;-25.5858303;-49.4044188;RODOVIA DO XISTO;7424;KM 21;FAZENDA VELHA;ARAUCÁRIA;83707740;PR;ALESSANDRO;araucaria@banapneus.com.br;4133149920
2008;BANA PNEUS;-25.6461622;-49.3148062;RUA MANOEL CLAUDINO BARBOSA;1655;;IGUAÇU;FAZENDA RIO GRANDE;83833080;PR;ALISSON;fazenda@banapneus.com.br;4133149936
2009;BANA PNEUS;-25.5264568;-48.5251649;RUA PREFEITO ROQUE VERNALHA;846;;VILA ITIBERE;PARANAGUÁ;83206350;PR;DENILSON;paranagua@banapneus.com.br;4133149946
2010;BANA PNEUS;-25.4162443;-49.2562368;RUA ROCHA POMBO;131;;JUVEVE;CURITIBA;80030390;PR;RAFAEL;juveve@banapneus.com.br;4133149967
2011;PARATI AUTOPEÇAS;-30.0733701;-51.1100997;AVENIDA LIBERDADE;728;;SANTA ISABEL;VIAMÃO;94480500;RS;JOSÉ;bartocarautopecas@gmail.com;5134932289
2012;PARATI AUTOPEÇAS;-30.0818061;-51.0348017;AVENIDA SENADOR SALGADO FILHO;9918;;CENTRO;VIAMÃO;94435000;RS;HENRIQUE;bartocarautopecas@gmail.com;5134442333
2013;DELCAR;-29.1730199;-51.2144049;RUA DAS GARDÊNIAS;755;;CINQUENTENÁRIO;CAXIAS DO SUL;95012200;RS;JEAN;delcar.atendimento@gmail.com;5432028228
2014;CONTER AUTOPEÇAS;-30.6748614;-51.4027224;RUA JOÃO PESSOA;933;;CENTRO;TAPES;96760000;RS;EMERSON;contercompras@conectsul.com.br;5136721555
2015;PARATI AUTOPEÇAS;-30.0072226;-51.0842055;AVENIDA PRESIDENTE GETÚLIO VARGAS;1071;;BELA VISTA;ALVORADA;94810000;RS;MAURO;cabfinanceiro@live.com;5134832624
2016;SÃO JOÃO AUTOPEÇAS;-28.4161639;-54.9636229;RUA SÃO JOÃO;2690;;MONSENHOR WOLSKI;SÃO LUIZ GONZAGA;97800000;RS;DARLEI;apsjoao@terra.com.br;5533522812
2017;AUTOPEÇAS ZANDONA;-29.9183787;-51.1966311;RUA CEL VICENTE;1356;;CENTRO;CANOAS;92310430;RS;BETO;autopecaszandona@hotmail.com;5130590552
2018;KLEIN AUTO SOM;-29.9240353;-51.1764391;RUA GENERAL SALUSTIANO;812;;MARECHAL RONDON;CANOAS;92020310;RS;ANDERSON;kleinpecas@hotmail.com;5134723777
2019;MILANI AUTOPEÇAS E MOTO PEÇAS;-29.1685221;-51.1712401;RUA SINIMBU;985;;NOSSA SENHORA LURDES;CAXIAS DO SUL;95020000;RS;VOLNEI;laercio@milani.com.br;5432281899
2020;MILANI MOTO PEÇAS;-29.9898585;-51.1166591;RUA JOSÉ PARIS;339;;SARANDI;PORTO ALEGRE;91140310;RS;LAERCIO;portoalegre@milani.com.br;5133492000
2021;KARSUL;-29.1776494;-51.1658907;RUA SILVEIRA MARTINS;1096;;CRISTO REDENTOR;CAXIAS DO SUL;95082000;RS;CRISTINA;karsul@karsul.com.br;5432281668
2022;KARSUL;-29.7043959;-53.7969127;RODOVIA BR 158;1820;;NOSSA SENHORA MEDIANEIRA;SANTA MARIA;97060220;RS;MARCO;karsulsm@karsul.com.br;5530273002
2023;KARSUL;-29.6956940;-51.1347629;RUA AIMORÉ;636;;RIO BRANCO;NOVO HAMBURGO;93336150;RS;KARON;karo@karsul.com.br;5135931080
2024;RENATO AUTO;-29.6448313;-51.0016697;RODOVIA RS 239;5172;;QUATRO COLINAS;SAPIRANGA;93815016;RS;MANASELE;renatoauto@yahoo.com.br;5135993236
2025;RENATO PNEUS;-23.3014975;-51.1763110;AVENIDA TIRADENTES;300;;SHANGRI-LÁ;LONDRINA;86070545;PR;LEANDRO;gerencia54@renatoautoservice.com.br;4333774000
2026;RENATO PNEUS;-23.5498243;-51.4497746;AVENIDA MINAS GERIAS;955;;JARDIM APUCARANA;APUCARANA;86804000;PR;LEANDRO;gerencia56@renatoautoservice.com.br;4334227655
2027;RENATO PNEUS;-24.2432869;-51.6862290;AVENIDA LADISLAU GIL FERNANDES;1190;;JARDIM NOVO VERSALHES;IVAIPORÃ;86870000;PR;VALDECI;gerencia57@renatoautoservice.com.br;4334724277
2028;RENATO PNEUS;-23.6609899;-52.5939103;PRAÇA OLÍMPICA;52;;CENTRO;CIANORTE;87200000;PR;ISMAEL;gerencia59@renatoautoservice.com.br;4436315001
2029;RENATO PNEUS;-23.4162293;-51.9228733;AVENIDA COLOMBO;4161;;ZONA 7;MARINGÁ;87030120;PR;JULIA;gerencia61@renatoautoservice.com.br;4432264665
2030;RENATO PNEUS;-24.0398677;-52.3756734;AVENIDA MANOEL MENDES DE CAMARGO;1730C;;CENTRO;CAMPO MOURÃO;87303115;PR;FABIO;gerencia62@renatoautoservice.com.br;4436315001
2031;AUTOPEÇAS PARANÁ;-24.3106709;-52.5293489;AVENIDA MANOEL FRANCISCO DA SILVA;848;;CENTRO;MAMBORÊ;87340000;PR;ZORAIDE;autopecas_parana@hotmail.com;4435681142
2032;B&C AUTOPEÇAS;-24.9543487;-53.4532244;AVENIDA BRASIL;5256;;CENTRO;CASCAVEL;85812001;PR;LAURO;adm@becautocenter.com.br;4532243238
2033;TONIMAR AUTOPEÇAS;-23.5351932;-46.9038418;RUA BRIGADEIRO FARIA LIMA;34;;JARDIM SOROCABANO;JANDIRA;6604020;SP;CAIO;tonimarautopecas@globo.com;1147892500
2034;TONIMAR AUTOPEÇAS;-23.5475524;-46.9418487;RODOVIA ENGENHEIRO RENÊ BENEDITO SILVA;618;;CENTRO;ITAPEVI;6600000;SP;ELIAS;eliastonimar@terra.com.br;1141415030
2035;FRANJINHA AUTOPEÇAS;-20.4713952;-45.1236484;ESTRADA ITAPECERICA A CAMPO LIMPO;2840;;JARDIM DOM JOSÉ;EMBU DAS ARTES;6823301;SP;FABIANO;franjinha-ap@hotmail.com;1147824751
2036;ALMEIDA AUTOPEÇAS;-23.5349233;-46.9035688;LARGO OITO DE DEZEMBRO;58;;VILA ANITA COSTA;JANDIRA;6600220;SP;DAVID;almeidaautopecas.vendas@gmail.com;1147896420
2037;ALMEIDA AUTOPEÇAS;-23.5538762;-46.9351974;AVENIDA RUBENS CARAMEZ;1075;;VILA AURORA;ITAPEVI;6675000;SP;DAVID;almeidaautopecas.vendas@gmail.com;1141426593
2038;REAL AUTOPEÇAS;-23.6877660;-46.4505474;AVENIDA BRASIL;737;;PARQUE DAS AMÉRICAS;MAUÁ;9351000;SP;SHEILA;realpartscomponentes@gmail.com;1145147030
2039;BECAR AUTOPEÇAS;-23.6822330;-46.5086312;AVENIDA DOM PEDRO I;2159;;VILA PIRES;SANTO ANDRÉ;9130410;SP;WAGNER;becarautopecas@ig.com.br;1144510789
2040;AUTOPEÇAS MARECHAL;-22.8574956;-43.3701395;RUA AURÉLIO VALPORTO;114;;MARECHAL HERMES;RIO DE JANEIRO;21555560;RJ;COSME;automarechal@ig.com.br;2138303014
2041;ANTONIO AUTOPEÇAS;-21.7399834;-43.3832795;RUA CORONEL VIDAL;2580;;CERÂMICA;JUIZ DE FORA;36080330;MG;FRANCISCO;franciscoazevedo@aap.com.br;3232572100
2042;LIDERPEÇAS;-21.7521403;-43.3528773;RUA MARIANO PROCÓPIO;4;;CENTRO;JUIZ DE FORA;36036780;MG;ALEXANDRA;marketingliderpecas@outlook.com;3232572000
2043;GENUÍNA AUTOPEÇAS;-21.7536087;-43.3502746;RUA JOSÉ CALIL AHOUAGI;712;;CENTRO;JUIZ DE FORA;36060080;MG;MARCOS;genujf@terra.com.br;3221017132
2044;WALPEÇAS;-21.7581250;-43.3472470;RUA FLORIANO PEIXOTO;142;;CENTRO;JUIZ DE FORA;36013080;MG;FERNANDO;fernandowalpecas@hotmail.com;3232153362
2045;ALTERNATIVA AUTOPEÇAS;-21.7582302;-43.3467265;RUA FLORIANO PEIXOTO;99;;CENTRO;JUIZ DE FORA;36013080;MG;FERNANDO;alternativajf@hotmail.com;3232290060
2046;GUIDAUTO AUTOPEÇAS;-21.7719160;-43.3573351;RUA PADRE CAFÉ;610;;SÃO MATEUS;JUIZ DE FORA;36016450;MG;ANDRÉ;phmmatos@hotmail.com;3232145541
2047;GUIDAUTO AUTOPEÇAS;-21.7541096;-43.3484795;RUA PROFESSOR OSVALDO VELOSO;42;;CENTRO;JUIZ DE FORA;36060090;MG;PAULO HENRIQUE;phmmatos@hotmail.com;3230264094
2048;DEDÉ AUTOPEÇAS;-19.9676638;-44.0145959;AVENIDA TITO FULGÊNCIO;1370;;CIDADE INDUSTRIAL;CONTAGEM;32215000;MG;ALEXANDRE;compras@dedepecas.com.br;3133687900
2049;ROCAM;-19.8746380;-44.9779848;RUA OLAVO JOSÉ CAMILO;400;;ADALBERTO AMARAL;NOVA SERRANA;35527796;MG;OTACÍLIO;centroarocam@gmail.com;3732264555
2050;JSA AUTOPEÇAS;-19.9122549;-43.9748964;AVENIDA DOM PEDRO SEGUNDO;3620;;MONSENHOR MESSIAS;BELO HORIZONTE;30720460;MG;PATRÍCIA;araujopatricia520@gmail.com;3134791100
2051;ATUAL AUTOPEÇAS;-19.9120267;-43.9712285;AVENIDA DOM PEDRO SEGUNDO;3180;;CAIÇARAS;BELO HORIZONTE;30770162;MG;DIOMAR;atualautopecas@gmail.com;3134118378
2052;AAP;-19.9081849;-43.9985767;AVENIDA ABÍLIO MACHADO;880;;INCONFIDÊNCIA;BELO HORIZONTE;30820272;MG;GEDSON;gedson.rizzo@aap.com.br;3134736839
2053;AAP;-19.9657314;-44.2025318;AVENIDA EDMÉIA MATTOS LAZZAROTTI;1020;;PARQUE DAS INDÚSTRIAS;BETIM;32600004;MG;ADIEL;gedson.rizo@aap.com.br;3134386250
2054;AAP;-19.9634844;-44.0317976;AVENIDA GENERAL DAVID SARNOFF;3606;;CIDADE INDUSTRIAL;CONTAGEM;32210110;MG;DIEISON;gedson.rizo@aap.com.br;3133645425
2055;A C M CASA DE PEÇAS;-19.7545512;-44.0814157;AVENIDA MARANHÃO;17;;SEVILHA B;RIBEIRÃO DAS NEVES;33858040;MG;ANA CALOLLI;acmcasapecas@gmail.com;3130324575
2056;GILBERTÃO;-19.9114584;-43.9214844;AVENIDA SILVIANO BRANDÃO;1723;;HORTO;BELO HORIZONTE;31015000;MG;GILBERTO;gilbertaoautopecas@hotmail.com;3134840003
2057;MUNDIAL PEÇAS;-19.9115154;-43.9208002;AVENIDA SILVIANO BRANDÃO;1825;;SAGRADA FAMÍLIA;BELO HORIZONTE;31030210;MG;LEONARDO;mundial@ancora-mg.com.br;3134632611
2058;CAPUTO;-19.9113474;-43.9199365;AVENIDA SILVIANO BRANDÃO;1889;;HORTO;BELO HORIZONTE;31015000;MG;ROSANGELO;arnaldo@autonet.com.br;3134847171
2059;DEDÉ O REI DA SUSPENSÃO;-19.9129449;-43.9768172;AVENIDA DOM PEDRO SEGUNDO;3811;;PADRE EUSTÁQUIO;BELO HORIZONTE;30720460;MG;LEONARDO;raposaoleo@hotmail.com;3134625792
2060;XPEÇAS;-19.9122615;-43.9767864;AVENIDA DOM PEDRO SEGUNDO;3800;LOJA 1;CAIÇARAS;BELO HORIZONTE;30720460;MG;JEAN;xpecasautopecas@gmail.com;3134111866
2061;AAP;-19.9676484;-44.0633727;AVENIDA CÉSAR AUGUSTO FARIAS SIMÕES;131;;JARDIM RIACHO;CONTAGEM;32242190;MG;ANDERSON;andersonmarques@aap.com.br;3134387600
2062;ATUAL AUTOPEÇAS;-19.8756739;-43.9920882;AVENIDA TANCREDO NEVES;3900;LOJA 1;CASTELO;BELO HORIZONTE;31330472;MG;DIOMAR;castelo@atualautopecas.com.br;3125383636
2063;ATUAL AUTOPEÇAS;-19.8753164;-43.9064201;AVENIDA JOSÉ CÂNDIDO DA SILVEIRA;3187;;IPÊ - SÃO MARCOS;BELO HORIZONTE;31930029;MG;DIOMAR;atualautopecas@hotmail.com;3125513900
2064;AUTO BITTS;-19.6278387;-43.8980627;RUA BONIFÁCIO DUARTE STAUT;127;;VILA PINTO COELHO;LAGOA SANTA;33230300;MG;ANTÔNIO;adm@estradareal.com.br;3136814030
2065;AUTO BITTS MAIS;-19.6220840;-43.8969209;RUA PINTO ALVES;684;;VILA SANTA CECÍLIA;LAGOA SANTA;33270230;MG;ANTÔNIO;adm@estradareal.com.br;3136811661
2066;AUTO GIRO;-19.9150246;-43.9433435;AVENIDA OLEGÁRIO MACIEL;70;;CENTRO;BELO HORIZONTE;30180110;MG;ARTHUR;arthur.agdp@terra.com.br;3132014718
2067;AUTO GIRO;-19.9454202;-44.0429522;AVENIDA JOSÉ FARIA DA ROCHA;1526;;ELDORADO;CONTAGEM;32315040;MG;ARTHUR;arthur.agdp@terra.com.br;3133562461
2068;AUTO GIRO;-19.9645975;-44.1850947;RUA QUINTINO BOCAIÚVA;264;;CHÁCARA;BETIM;32670332;MG;CRISTIANE;autogirobe@terra.com.br;3135941709
2069;AUTO GIRO;-19.7783262;-44.0817581;RUA ARI TEIXEIRA DA COSTA;1500;;SAVASSI;RIBEIRÃO DAS NEVES;33880630;MG;ARTHUR;arthur.agdp@terra.com.br;3136242182
2070;AUTO GIRO;-19.9890784;-43.8475974;AVENIDA JOSÉ BERNADO DE BARROS;622;;CASCALHO;NOVA LIMA;34000000;MG;ARTHUR;arthur.agdp@terra.com.br;3135425454
2071;AUTO GIRO;-19.6168462;-44.0438938;RUA CRISTIANO OTONI;26;;CENTRO;PEDRO LEOPOLDO;33600000;MG;ARTHUR;arthur.agdp@terra.com.br;3136621521
2072;AUTO GIRO;-19.7883992;-43.9402323;AVENIDA BRASÍLIA;1154;;SÃO BENEDITO;SANTA LUZIA;33120510;MG;ARTHUR;arthur.agdp@terra.com.br;3136371890
2073;AUTO GIRO;-20.0207462;-44.0600227;RUA SÃO PAULO;415;;VILA NOVA ESPERANÇA;IBIRITÉ;32400000;MG;ARTHUR;arthur.agdp@terra.com.br;3135994228
2074;EFRAIN AUTOPEÇAS;-19.8691295;-44.9938586;AVENIDA BENJAMIN MARTINS DO ESPÍRITO SANTO;1795;;PARK DONA GUMERCINDA;NOVA SERRANA;35519000;MG;PEDRO;efraimautopecas@hotmail.com;3732263457
2075;PUJAL AUTOPEÇAS;-19.8372076;-43.9767539;AVENIDA GUARAPARI;981;;SANTA AMÉLIA;BELO HORIZONTE;31560300;MG;MARCELO;pujal@ig.com.br;3134419682
2076;GRB MOTOCENTER;-19.8754051;-43.9034441;RODOVIA MG-5;698;;IPÊ;BELO HORIZONTE;31930010;MG;GILMAR;grbmotos@grbmotos.com.br;3134329090
2077;CALPEN AUTOPEÇAS;-19.4644376;-42.5407719;AVENIDA AVENIDA JUSCELINO KUBITSCHEK;1060;;JARDIM PANORAMA;IPATINGA;35164245;MG;JULIELCIO;ipatingacalpen@gmail.com;3136187350
2078;BHM DIESEL LIMITADA;-19.9189699;-43.9484099;RUA ARAGUARI;94;;BARRO PRETO;BELO HORIZONTE;30190110;MG;FRANCISCO;mgno@bhmdiesel.com.br;3132124144
2079;AUTOPEÇAS MAX;-19.9218114;-43.9580386;RUA JOÃO LÚCIO BRANDÃO;171 /191;;PRADO;BELO HORIZONTE;30410480;MG;JOSSUIR;autopecasmax@gmail.com;3132923015
2080;RODAG DISTRIBUIDORA DE AUTOPEÇAS;-19.8812248;-43.9598241;RUA MAJOR DELFINO DE PAULA;2650;;SÃO FRANCISCO;BELO HORIZONTE;31255170;MG;GUSTAVO;acwcont@veloxmail.com.br;3130290300
2081;AGRA MOTORS COMERCIO DE VEICULOS;-19.9342200;-44.0237290;AVENIDA PRESIDENTE JUSCELINO KUBITSCHEK;7300;;CALIFÓRNIA;BELO HORIZONTE;30855450;MG;WALISON;fiscal@luismelo.com.br;3133894499
2082;AUTOCAR AUTOPEÇAS;-19.8387058;-44.1536857;AVENIDA ALTINO JOSÉ DA COSTA;596;;RETIRO;CONTAGEM;32050700;MG;WAGNER;autocar@ancora-mg.com.br;3133511161
2083;PREMIUM DISTRIBUIDORA DE AUTOPEÇAS;-19.8441446;-43.9268442;AVENIDA WALDOMIRO LOBO;850;;GUARANI;BELO HORIZONTE;31814620;MG;HAROLDO;premium@ancora-mg.com.br;3134331222
2084;PEIXOTO AUTOPEÇAS E SERVIÇOS;-20.0203955;-44.0609812;AVENIDA SÃO PAULO;701 / 791;;NOVA ESPERANÇA;IBIRITÉ;32400000;MG;MAXSUEL;vendas.peixotopecaseservicos@gmail.com;3135211983
2085;AUTOPEÇAS TREVO;-19.8751217;-43.9051866;AVENIDA JOSÉ CÂNDIDO DA SILVEIRA;3319;;SÃO MARCOS;BELO HORIZONTE;31930000;MG;GERALDO;trevobitaraes@terra.com.br;3134862520
2086;HS AUTOPEÇAS;-19.9053429;-44.0060130;AVENIDA BRIGADEIRO EDUARDO GOMES;1213;;NOSSA SENHORA DA GLORIA;BELO HORIZONTE;30870100;MG;HENRIQUE;hsautopecasltda@gmail.com;3134740022
2087;AUTOPEÇAS PRATA DIESEL;-19.8183284;-43.9528561;AVENIDA VILARINHO;1051;;VENDA NOVA;BELO HORIZONTE;31610070;MG;WILSON;pratadiesel@ancora-mg.com.br;3134511845
2088;IRMÃOS CRUZ AUTOPEÇAS;-19.8870314;-43.8028630;AVENIDA PREFEITO VITOR FANTINI;27;;CENTRO;SABARÁ;34505360;MG;ANTÔNIO;irmaoscruz@ancora-mg.com.br;3136711915
2089;HS AUTOPEÇAS;-19.9319264;-44.1099368;RUA Mato Grosso;518;;VILA UNIVERSAL;BETIM;32678014;MG;HENRIQUE;filialbetim@hsautopecas.com;3134744949
2090;SANTINHO AUTOPEÇAS;-17.8631369;-42.8641734;RUA DIAMANTINA;696;;SÃO GERALDO;ITAMARANDIBA;39670000;MG;SANTOS;santinhoautpecas@hotmail.com;3835211385
2091;AUTOPEÇAS PROGRESSO;-11.7966786;-37.9443037;AVENIDA MÁRIO ANDREAZZA;S/N;;CENTRO;ESPLANADA;48370000;BA;NILTON;approgresso@hotmail.com;7599235633
2092;AUTO MAIS PEÇAS;-12.8689468;-38.4772658;RUA DOUTOR ARMANDO ULM DA SILVA;23;;PRAIA GRANDE;SALVADOR;40720630;BA;RICARDO;ricardo.ssa77@gmail.com;7135210214
2093;BATISTA AUTOPEÇAS;-11.6656087;-38.0179154;RUA SATURNINO DE MENEZES;42;;CENTRO;ACAJUTIBA;48360000;BA;JALSON;jalsonsb@hotmail.com;7599417660
2094;CENTRO PEÇAS ESPLANADA;-11.7957867;-37.9445625;AVENIDA MÁRIO ANDREAZZA;690;;CENTRO;ESPLANADA;48370000;BA;JURACI;centropecasesplanada2020@gmail.com;7598113193
2095;VS MOTOPEÇAS;-11.7915053;-37.9463241;RUA NOVA BRASÍLIA;2;;CENTRO;ESPLANADA;48370000;BA;MARIA SANTINHA;santinhavs@gmail.com;7599724662
2096;O BARATÃO AUTOPEÇAS;-12.9636662;-38.4933031;RUA GENERAL ARGOLO;71;;BAIXA DE QUINTAS;SALVADOR;40300410;BA;EDIEUSON;comercial@obaratao.com.br;7132558100
2097;O BARATÃO AUTOPEÇAS;-12.9777378;-38.5016363;RUA DOMINICA;S/N;;GRANJAS RURAIS;SALVADOR;41230000;BA;SÉRGIO;comercial@obaratao.com.br;7132468581
2098;O BARATÃO AUTOPEÇAS;-12.9904370;-38.5052347;AVENIDA VASCO DA GAMA;2140;;VASCO DA GAMA;SALVADOR;40230730;BA;MARCELO;comercial@obaratao.com.br;7133398900
2099;O BARATÃO AUTOPEÇAS;-12.8930175;-38.3483388;AVENIDA SÃO CRISTOVÃO;1537;;SÃO CRISTOVÃO;SALVADOR;41510333;BA;JEAN;comercial@obaratao.com.br;7134150200
2100;O BARATÃO AUTOPEÇAS;-12.8985669;-38.4268203;RUA ÁLVARO DA FRANCA ROCHA;33;;CAJAZEIRAS V;SALVADOR;41334320;BA;JURACY;comercial@obaratao.com.br;7130380359
2101;O BARATÃO AUTOPEÇAS;-12.9395114;-38.5029775;AVENIDA FERNANDES DA CUNHA;67;;MARES;SALVADOR;40445201;BA;TONY;comercial@obaratao.com.br;7130380360
2102;O BARATÃO AUTOPEÇAS;-12.9442122;-38.4566047;ESTRADA DAS BARREIRAS;72;;CABULA;SALVADOR;41195000;BA;ANAILTON;comercial@obaratao.com.br;7131764970
2103;O BARATÃO AUTOPEÇAS;-12.8860145;-38.3096944;AVENIDA LUIZ TARQUÍNIO PONTES;1541;;VILAS DO ATLÂNTICO;LAURO DE FREITAS;42702901;BA;MURILO;comercial@obaratao.com.br;7131764980
2104;O BARATÃO AUTOPEÇAS;-12.9160396;-38.4425863;RUA ISMAR ARAÚJO;7;;PAU DA LIMA;SALVADOR;41235010;BA;GILBERTO;comercial@obaratao.com.br;7131764990
2105;R. C. A. AUTOPEÇAS;-11.6656250;-38.0179124;RUA SATURNINO DE MENEZES;62;;CENTRO;ACAJUTIBA;48360000;BA;ROBERTO;rcaautopecas@hotmail.com;7598163439
2106;WILLIAM AUTOPEÇAS;-11.6850048;-38.0108105;RUA SATURNINO DE MENEZES;1509;;CENTRO;ACAJUTIBA;48360000;BA;WILLIAM;william.marcelino@hotmail.com;7199106205
2107;TMP MOTOPEÇAS;-11.8077161;-39.3931778;AVENIDA SABINO ALVES SAMPAIO;58;;BELA VISTA;RIACHÃO DO JACUÍPE;44640000;BA;TOINHO;toinho-motos@hotmail.com;7532642515
2108;MATEUS AUTOPEÇAS;-13.6258328;-41.3286772;AVENIDA BARÃO DO RIO BRANCO;407;;CENTRO;BARRA DA ESTIVA;46650000;BA;MATEUS;mateusautopecas@yahoo.com.br;7734501848
2109;NUBIA PEÇAS E PNEUS;-11.9573273;-40.1723038;RUA DA CONCEIÇÃO;24;;CENTRO;BAIXA GRANDE;44620000;BA;NUBIA;nubiapneus@hotmail.com;7432581826
2110;RONI AUTOPEÇAS;-12.9907291;-38.5022038;AVENIDA VASCO DA GAMA;2445;;ENGENHO VELHO DE BROTAS;SALVADOR;40240090;BA;MARCELO;vasco@roni.com.br;7132158900
2111;MOTOPEÇAS CRUZ;-11.6467259;-42.0086649;AVENIDA ULISSES GUIMARAES;106;;CENTRO;IBIPEBA;44970000;BA;OTANIEL;rafaeljhomes4@hotmail.com;7499724580
2112;CLAUDIO AUTOPEÇAS;-14.0573125;-52.1516740;AVENIDA JÚLIO CAMPOS;195;;INDUSTRIAL;ÁGUA BOA;78635000;MT;ADRIANO;vendas02.agb@claudiopecas.com.br;6634685800
2113;CLAUDIO AUTOPEÇAS;-13.4129933;-52.5318604;AVENIDA RIO GRANDE DO SUL;904;;NOVA CANARANA;CANARANA;78640000;MT;CLAUDIO;vendas04.brg@claudiopecas.com.br;6634782100
2114;CLAUDIO AUTOPEÇAS;-10.6569293;-51.5703740;AVENIDA BRASIL;630;;CENTRO;CONFRESA;78652000;MT;EDVAN;advamalves@claudiopecas.com.br;6635641200
2115;CLAUDIO AUTOPEÇAS;-15.8808910;-52.2777431;AVENIDA SENADOR VALDO VARJÃO;2766;;SETOR INDUSTRIAL;BARRA DO GARÇAS;78600000;MT;NETO;vendas04.brg@claudiopecas.com.br;6434018000
2116;CLAUDIO AUTOPEÇAS;-14.6635557;-52.3582187;RUA ARAES;878;;CENTRO;NOVA XAVANTINA;78690000;MT;ADRIANO;vendas02.nx@claudiopecas.com.br;6634381900
2117;CLAUDIO AUTOPEÇAS;-10.0179573;-51.1215893;RODOVIA BR 158;S/N;QD 01 LT 09;INCONFIDENTES;VILA RICA;78645000;MT;EDVAN;advamalves@claudiopecas.com.br;6635542000
2118;MOTO 2000;-16.6221155;-49.2167862;AVENIDA VERA CRUZ;S/N;QD 90 LT 10;JARDIM GUANABARA;GOIÂNIA;74675830;GO;WELTON;rodrigopop123@gmail.com;6282193208
2119;PNEUJAH;-16.6227823;-49.2190613;AVENIDA VERA CRUZ;975;QD 44 LT 15;JARDIM GUANABARA;GOIÂNIA;74675830;GO;JOSE ALBERTO;guanabara@pneujah.com.br;6232042594
2120;GR AUTOPEÇAS;-16.6194304;-49.2095741;AVENIDA VERA CRUZ;2063;QR119 LT 09;JARDIM GUANABARA;GOIÂNIA;74675830;GO;KLEBSON;oficina_gr@gmail.com;6238771472
2121;10 AUTOPEÇAS;-16.6247597;-49.2232849;AVENIDA VERA CRUZ;318;QD 18 LT 20;JARDIM GUANABARA;GOIÂNIA;74675830;GO;RICARDO;10autopecasgoiania@gmail.com;6236223033
2122;GT AUTOPEÇAS;-16.6485467;-49.2579587;AVENIDA ENGENHEIRO FUAD RASSI;1471;QD 14 LT 21;SETOR CRIMEIA LESTE;GOIÂNIA;74660200;GO;FABRICÍO;garantia@gtautopecas.com.br;6232653333
2123;ANCORA;-16.6401813;-49.2396682;AVENIDA CAIAPÓ;184;QD 99 LT 26;SANTA GENOVEVA;GOIÂNIA;74672400;GO;LINCOLN;caps.goiania24@gmail.com;6239428421
2124;CHUPETA MOTO PEÇAS;-3.0776882;-60.0502598;RUA PROFESSOR ANTONIO GIULESSE;377;A;ALVORADA;MANAUS;69042060;AM;HERBET;herbetmesquita@gmail.com;9231176290
2125;PLANETA MOTO PEÇAS;-3.0799654;-60.0610006;RUA DA INDEPENDENCIA;24;TERREO;NOVA ESPERANÇA;MANAUS;69037586;AM;FRANK;planetamotomanaus@gmail.com;9232382795
2126;CENTRAL MOTO PEÇAS;-3.0579316;-60.0376880;RUA ELIAS BEZECRY;30;;REDENÇÃO;MANAUS;69047230;AM;LENILSON;centralmotosmanaus@gmail.com;9236519604
2127;FERREIRA MOTOS;-3.0738318;-60.0374759;AVENIDA DESEMBARGADOR JOÃO MACHADO;1413;;ALVORADA;MANAUS;69043000;AM;FERREIRA;ferreiramotos1413@gmail.com;9231743112
2128;GIORDANI MOTOS;-3.0784421;-60.0474816;RUA PROFESSOR ABILIO ALENCAR;304;;ALVORADA;MANAUS;69042010;AM;VANDERLEI;giordanimotos@giordanimotos.com.br;9232320389
2129;GIORDANI MOTOS;-3.1163625;-60.0076200;RUA BELEM;1676;;CACHOEIRINHA;MANAUS;69065120;AM;VANDERLEI;giordanimotos@giordanimotos.com.br;9236560786
2130;NOVO ALEIXO AUTOPEÇAS;-3.0574763;-59.9626198;RUA JOÃO CÂMARA;29;QD D LOTE 29;NOVO ALEIXO;MANAUS;69098165;AM;EVANDRO;evandro.haddad@hotmail.com;9233484241
2131;CAMPINHO;-22.8959244;-43.5781653;ESTRADA DO CAMPINHO;1359;LOJA A;CAMPO GRANDE;RIO DE JANEIRO;23070220;RJ;WANDO;wando@campinhopecas.com.br;(21) 97960-3911
2132;CHICO DAS BATERIAS;-22.7327229;-43.3498791;AVENIDA JOAQUIM DA COSTA LIMA;76;;LOTE XV;BELFORD ROXO;26183255;RJ;RENATO;leugimautopecas@gmail.com;2131340209
2133;MAX WAVE AUTOPEÇAS;-22.7147619;-43.3247693;AVENIDA LEONEL DE MOURA BRIZOLA;1538;LOJA;LOTE XV;BELFORD ROXO;26183250;RJ;ALEXANDRE;maxwave.autopecas@gmail.com;(21) 97011-6996
2134;ITAMARATI AUTOMOTIVA;-22.7551543;-43.4453451;AVENIDA NILO PEÇANHA;750;;CENTRO;NOVA IGUAÇU;26210011;RJ;ADRIANO;itamarati@grupoitamarati.com.br;2128824000
2135;ITAMARATI AUTOMOTIVA;-22.8851263;-42.0504625;AVENIDA AMERICA CENTRAL;1815;G L Y I;SÃO CRISTOVÃO;CABO FRIO;28909581;RJ;ADRIANO;itamarati@grupoitamarati.com.br;2230589600
2136;ITAMARATI AUTOMOTIVA;-22.7566176;-43.4464815;AVENIDA NILO PEÇANHA;556;558;CENTRO;NOVA IGUAÇU;26215512;RJ;ADRIANO;itamarati@grupoitamarati.com.br;2128824000
2137;ITAMARATI AUTOMOTIVA;-22.7548041;-43.4454977;AVENIDA NILO PEÇANHA;775;LOJA 01;CENTRO;NOVA IGUAÇU;26215511;RJ;ADRIANO;itamarati@grupoitamarati.com.br;2128824000
2138;GOLFINHO  MOTOPEÇAS;-22.7885248;-43.3678325;RUA CONGO;S/N;LOTE 29 QUADRA 25;JARDIM MERITI;SÃO JOÃO DE MERITI;25555420;RJ;GUILHERME;compras@grupogolfinho.com.br;2127512550
2139;GOLFINHO  MOTOPEÇAS;-22.8939201;-42.0445228;AVENIDA AMERICA CENTRAL;360;LOJA 01;SÃO CRISTOVÃO;CABO FRIO;28909580;RJ;RAYNAN;compras@grupogolfinho.com.br;2226453292
2140;D' LEMOS A PEÇAS;-22.9101398;-42.8208967;AVENIDA VEREADOR FRANCISCO SABINO DA COSTA;S/N;;CENTRO;MARICÁ;24900000;RJ;ESDRAS;dlemosmarica@hotmail.com;2137315040
2141;D' LEMOS A PEÇAS;-22.7446086;-42.8511273;AVENIDA 22 DE MAIO;6364;;CENTRO;ITABORAÍ;24800065;RJ;ESDRAS;dlemositaborai@hotmail.com;2126390488
2142;D'LEMOS A PEÇAS;-22.7133565;-42.6325162;RUA DOUTOR MATTOS;687;;CENTRO;RIO BONITO;28800000;RJ;ESDRAS;dlemoscompras@hotmail.com;2127340070
2143;IBAD AUTOPEÇAS;-22.4195600;-42.9727454;RUA NILZA CHIAPETA FADIGAS;200;;VÁRZEA;TERESÓPOLIS;25963150;RJ;ORNI;ibadteresopolis@ibadpecas.com.br;2127424060
2144;PARANA REFRIGERAÇÃO;-22.8632668;-43.2485260;AVENIDA MAXWEL;318;LOJA B;BONSUCESSO;RIO DE JANEIRO;21040211;RJ;LUIZ;contato@paranarefrigeracao.com;2138857592
2145;AUTOPEÇAS SANTA LÚCIA;-20.2843540;-50.2469746;AVENIDA EXPEDICIONÁRIOS BRASILEIROS;1370;;CENTRO;FERNANDÓPOLIS;15600000;SP;WILSON;dellarovere.santalucia@gmail.com;1734424522
2146;SAGUI AUTOPEÇAS;-20.4273530;-49.9726443;RUA PERNAMBUCO;2831;;VILA MARIN;VOTUPORANGA;15500006;SP;RENATO;saguipecasvotu@hotmail.com;1734212129
2147;MOTO KIT;-21.1330903;-48.9660514;RUA QUINZE DE NOVEMBRO;304;;VILA ALEXANDRIA;CATANDUVA;15806060;SP;DESIRRE;motookit@gmail.com;1735234742
2148;VINO MOTO;-20.8151598;-49.5012294;AVENIDA SANTOS DUMONT;3052;;SOUZA;MIRASSOL;15130000;SP;GIOVANA;vinomotto@gmail.com;1732426185
2149;BR AUTOPEÇAS;-20.4205328;-51.3352609;AVENIDA BRASIL NORTE;1129;;ZONA NORTE;ILHA SOLTEIRA;15385000;SP;WELINGTON;brautopecas2011@hotmail.com;1837422657
2150;GENERAUTO AUTOPEÇAS;-20.8193475;-49.3927284;RUA CORONEL SPINOLA CASTRO;4505;;VILA IMPERIAL;SÃO JOSÉ DO RIO PRETO;15015500;SP;SERGIO;generauto@terra.com.br;1740090555
2151;AUTOPEÇAS MV;-20.3130599;-48.3096652;RUA OITO;261;;CENTRO;GUAÍRA;15790000;SP;MAURO;autopecasmv@gmail.com;1733313825
2152;SOARES AUTOPEÇAS;-20.1740632;-48.0313927;RUA JACINTO FELIZARDO BARBOSA;1405;;CENTRO;MIGUELÓPOLIS;14530000;SP;ANDRÉ;andre.autopecas,soares@hotmail.com;1638351262
2153;LUCIANO MOTO PEÇAS;-21.0497985;-49.6738100;AVENIDA LEONEL GUILHERME PEREIRA;205;;JARDIM VENEZA;JOSÉ BONIFÁCIO;15200000;SP;LUCIANO;lucianomotobike@hotmail.com;1732651676
2154;VILLELA E VILLELA AUTOPEÇAS;-20.5396201;-48.5643120;AVENIDA MESSIAS GONÇALVES;1041;;BOM JESUS;BARRETOS;14781090;SP;RENATO;villelapecas@hotmail.com;1733223728
2155;MAX PEÇAS;-20.8334283;-49.3712844;AVENIDA POTIRENDABA;2221;;QUINTA DAS PAINEIRAS;SÃO JOSÉ DO RIO PRETO;15080000;SP;CLAYTON;max.pecas@hotmail.com;1732270442
2156;AUTOPEÇAS 500 MILHAS;-20.1930928;-47.7075435;RUA JOAQUIM MARTINS;726;;CENTRO;BURITIZAL;14570000;SP;PAULO;milhas500500@hotmail.com;1637511875
2157;ARACA MOTOS;-20.8122436;-49.3779932;RUA ANTONIO DE GODOY;2864;;CENTRO;SÃO JOSÉ DO RIO PRETO;15015100;SP;CELSO;cfmotos@terra.com.br;1733537999
2158;BUTHIANGA AUTOPEÇAS;-20.5754052;-48.5803550;RUA URUGUAI;2198;;AMÉRICA;BARRETOS;14783164;SP;PEDRO;buthiangapecas@terra.com.br;1733216666
2159;MULTPEÇAS;-20.7391157;-48.9039425;AVENIDA DEPUTADO VALDEMAR LOPES FERRAZ;36;;CENTRO;OLÍMPIA;15400000;SP;DAIARA;multpecasolimpia@hotmail.com;1732813888
2160;MANEZÃO;-21.1009527;-48.6698416;RUA DOUTOR RODRIGUES ALVES;2193;;CENTRO;PIRANGI;15820000;SP;BRUNA;manezaoautocenter@hotmail.com;1733861392
2161;AUTOPEÇAS MINEIRO;-20.2839699;-50.2403237;AVENIDA LÍBERO DE ALMEIDA SILVARES;2909;;COESTER;FERNANDÓPOLIS;15600000;SP;ADRIANO;autopecasmineiro@gmail.com;1734424542
2162;DOHO CAR SERVICE;-20.2621053;-50.5385767;AVENIDA MARGINAL ÁUREO FERNANDES DE FARIA;181;;JARDIM INDUSTRIAL 1;JALES;15708000;SP;VINÍCIUS;doho.compras@doho.com.br;1736321540
2163;KADETT AUTOPEÇAS;-23.6630593;-46.4487870;AVENIDA PRESIDENTE CASTELO BRANCO;240;;JARDIM ZAIRA;MAUÁ;9320590;SP;PELÉ;nfe@kadettautopecas.com.br;1145476477
2164;KADETT AUTOPEÇAS;-23.7095752;-46.4039861;AVENIDA FRANCISCO MONTEIRO;904;;SANTANA;RIBEIRÃO PIRES;9406300;SP;GONÇALO;kadett.ribeirao@kadettautopecas.com.br;1148289595
2165;LIDER AUTOPEÇAS;-23.6791948;-46.4189854;AVENIDA JOSÉ MOREIRA;290;;JARDIM QUARTO CENTENÁRIO;MAUÁ;9341120;SP;MARCOS;liderautopecas.sp@gmail.com;1145152559
2166;LIDER AUTOPEÇAS;-23.6682199;-46.4329978;RUA JACINTO FIORELLINI;18;;JARDIM ITAPEVA;MAUÁ;9340000;SP;CRISTIANO;hmsameduri@gmail.com;1145112400
2167;LG FURLAN AUTOPEÇAS;-23.6212841;-46.5136505;AVENIDA SAPOPEMBA;471;;JARDIM DAS MARAVILHAS;SANTO ANDRÉ;9250300;SP;WALLACE;autopecasfurlan@gmail.com;1149756961
2168;NILO AUTOPEÇAS;-23.6516649;-46.5547599;AVENIDA GAGO COUTINHO;817;;PALMARES;SANTO ANDRÉ;9070000;SP;LEO;niloviana@bol.com.br;1145093087
2169;LENIS AUTOPEÇAS;-23.6913833;-46.5217351;RUA CARIJÓS;2398;;JARDIM PROGRESSO;SANTO ANDRÉ;9180001;SP;SIMONE;ibauto2010@gmail.com;1144510899
2170;PEDROSO AUTOPEÇAS;-23.7034997;-46.5032492;ESTRADA ESTRADA DO PEDROSO;611;;JARDIM SANTO ANDRÉ;SANTO ANDRÉ;9132180;SP;IVAN;regina.lucilio@gmail.com;1144512577
2171;DIESEL & CIA AUTOPEÇAS;-23.0458235;-45.5561069;AVENIDA DOUTOR FELIX GUISARD FILHO;881;;MONTE BELO;TAUBATÉ;12090600;SP;RENATO;dieselciapecas@hotmail.com;1236227122
2172;DIESEL & CIA AUTOPEÇAS;-22.8107458;-45.1998758;RUA DOUTOR NEIR AUGUSTO ORTIZ PEREIRA;1029;;CAMPO DO GALVÃO;GUARATINGUETÁ;12505112;SP;DOUGLAS;dieselciapecas@hotmail.com;1230139160
2173;POLI MOTOS;-23.6545901;-46.5607051;RUA LAURO MULLER;761;;VILA PALMARES;SANTO ANDRÉ;9061260;SP;GILMAR;poli.motopecas@gmail.com;1149918041
2174;MARCIO AUTOPEÇAS;-22.2111952;-49.6688901;AVENIDA DOUTOR LABIENO DA COSTA MACHADO;2322;;SANTA MARIA;GARÇA;17400000;SP;MARCIO;marcio.autopecas@hotmail.com;1434710404
2175;MAGELÃO AUTOPEÇAS;-23.0413298;-49.1555546;RUA IGNÊS DE ALMEIDA PIRES;1269;;SANTA IGNÊS;CERQUEIRA CÉSAR;18760390;SP;GERALDO;magelaopneus@bol.com.br;1437142180
2176;ELINEU AUTOPEÇAS;-22.5988771;-48.7915563;RUA LÚCIO DE OLIVEIRA LIMA;69;;VILA ANTONIETA II;LENÇÓIS PAULISTA;18681180;SP;SILVIO;lencois@elineu.com.br;1432631472
2177;TORRIPEÇAS;-22.4372704;-48.1708007;RUA DORIVAL ANTONIO ANDRADE;180;;VILA BALBINA;TORRINHA;17360000;SP;RODRIGO;torripecas@gmail.com;1436563017
2178;JM AUTOPEÇAS;-22.5929144;-48.8015157;RUA NITERÓI;90;;CENTRO;LENÇÓIS PAULISTA;18680048;SP;MARCELO;marcelo.jm@lpnet.com.br;1432643008
2179;ZERINHO MOTOS;-23.1106991;-47.2196113;AVENIDA FRANCISCO DE PAULA LEITE;2293;;JARDIM KYOTO I;INDAIATUBA;13344610;SP;ALVARO;zerinhomotos@yahoo.com.br;1938345196
2180;FELIX E VEIGA AUTOPEÇAS;-23.1099339;-47.2316665;RUA JOÃO GIAQUINTO;106;;JARDIM HUBERT;INDAIATUBA;13345809;SP;VEIGA;financeirofelixveiga@gmail.com;1933929005
2181;TOKIO AUTOPEÇAS;-23.0871150;-47.2058921;AVENIDA PRESIDENTE VARGAS;563;;CENTRO;INDAIATUBA;13339125;SP;MARCELO;tokio.idt@terra.com.br;1938756225
2182;AUTOPEÇAS SÃO PAULO;-23.0864618;-47.2112875;RUA 24 DE MAIO;1383;;CENTRO;INDAIATUBA;1333060;SP;PACHECO;ap.saopaulo@terra.com.br;1938753405
2183;AUTOPEÇAS FUJIMURA;-23.1083581;-47.2195467;AVENIDA GERALDO HACKMANN;798;;VILA BRIGADEIRO FARIA LIMA;INDAIATUBA;13345408;SP;ADELSON;copail@hotmail.com;1938015663
2184;AUTOPEÇAS PEDREIRA;-22.6993052;-46.9950633;RUA THOMAZ JASSO;1300;;JARDIM CRUZEIRO DO SUL;JAGUARIÚNA;13917144;SP;AMANDA;appcompra@uol.com.br;1938674091
2185;AUTOPEÇAS PEDREIRA;-22.6018958;-46.7051981;AVENIDA JUCA PRETO;545;;PALMEIRAS;SERRA NEGRA;13930000;SP;AMANDA;appcompra@uol.com.br;1938924898
2186;AUTOPEÇAS PEDREIRA;-22.7370435;-46.8885093;AVENIDA PAPA JOÃO XXIII;810;;JARDIM SÃO PEDRO;PEDREIRA;13920000;SP;AMANDA;appcompra@uol.com.br;1938932928
2187;AUTOPEÇAS PEDREIRA;-22.7153040;-46.7738304;AVENIDA FIORAVANTE GERBI;582;RETALHAMENTO;UGHETE MTILDE BECKE;AMPARO;13904060;SP;AMANDA;appcompra@uol.com.br;1938932928
2188;GOMES ARAUJO AUTOPEÇAS;-23.5269410;-46.7965911;AVENIDA DOS AUTONOMISTAS;5163;;KM 18;OSASCO;6449000;SP;VAGNER;driauto23@gmail.com;1136085786
2189;VELOSO AUTOPEÇAS;-23.5169296;-46.7706740;AVENIDA SÃO JOSÉ;1515;;AYROSA;OSASCO;6283125;SP;ADRIANO;velosoautopecas2012@hotmail.com;1136878858
2190;VIMA AUTOPEÇAS;-23.5132199;-46.7620568;AVENIDA SÃO JOSÉ;545;;AYROSA;OSASCO;6283120;SP;DAVI;vimaauto@hotmail.com;1136879351
2191;FRANCLAU AUTOPEÇAS;-23.4965911;-46.5753372;AVENIDA PROFESSOR CASTRO JUNIOR;465;;VILA SABRINA;SÃO PAULO;2138030;SP;CLAUDIO;claudio@franclauauto-partes.com.br;1129842855
2192;COROADOS AUTOPEÇAS;-23.5171105;-46.7734697;RUA MANUEL HARE PERALTA;54;;AYROSA;OSASCO;6290120;SP;JOSÉ;coroadosautopecas@gmail.com;1136869718
2193;NEAUTO AUTOPEÇAS;-23.5013889;-46.5725000;AVENIDA DAS CEREJEIRAS;2382;;JARDIM JAPÃO;SÃO PAULO;2124002;SP;RODOLFO;neauto@uol.com.br;1122014591
2194;MERCADOCAR AUTOPEÇAS;-23.5272308;-46.7879033;AVENIDA DOS AUTONOMISTAS;4192;;CENTRO;OSASCO;6090015;SP;RODRIGO;rscampos@mercadocar.com.br;1122065000
2195;TONIMAR AUTOPEÇAS;-23.4837335;-46.8821989;ESTRADA DOS ROBEIROS;2751;;VILA SÃO SIVESTRE;BARUERI;6513-220;SP;CAIO;barueri@tonimarautopecas.com.br;1141994300
2196;SÓ INJEÇÃO;-15.7893342;-47.8879347;SETOR SHN ÁREA ESPECIAL 18 GALPÃO;1;SETOR H NORTE;TAGUATÍNGA;BRASÍLIA;73130700;DF;PAULO;paulo@soinjecao.com.br;6132875656
2197;KAIZEN AUTOPEÇAS;-15.7527433;-47.8950543;AVENIDA SCRLN 704 BLOCO E LOJA;9;W3 NORTE;ASA NORTE;BRASÍLIA;70707535;DF;ANDRÉIA;kaizenautopeca@gmail.com;6130415641
2198;KAIZEN AUTOPEÇAS;-15.7908883;-48.1327112;SETOR QNO 12 ÁREA ESPECIAL 12 LOJAS;2;SETOR O;CEILÂNDIA NORTE;BRASÍLIA;72255215;DF;ÉDIMO;edimofn@gmail.com;6135508585
2199;COMANDO AUTOPEÇAS;-15.8107487;-48.0623430;AVENIDA SEGUNDO LOTE 341-A . LOJA;1;CENTRO;NÚCLEO BANDEIRANTE;BRASÍLIA;71710400;DF;ANDERSON;anderson.freitas@comandoap.com.br;6134868800
2200;COMANDO AUTOPEÇAS;-15.7087030;-47.9143752;SETOR SOF SUL QUADRA 05 CONJUNTO A LOTES 01/02/03/04;4;SETOR DE OFICINAS;GUARÁ;BRASÍLIA;71215200;DF;JÁDER;jader.aguiar@comandoap.com.br;6133622300
2201;COMANDO AUTOPEÇAS;-15.8503512;-47.9482422;SETOR SOF SUL QUADRA-4 CONJUNTO A LOTE 2/4;4;SETOR DE OFICINAS;GUARÁ;BRASÍLIA;71215200;DF;JÚNIOR;valdivino.junior@comandoap.com.br;6133622700
2202;COMANDO AUTOPEÇAS;-15.7893342;-47.8879347;SETOR SHN ÁREA ESPECIAL 19 LOJA;1;SETOR H NORTE;TAGUATÍNGA;BRASÍLIA;72130000;DF;MARIO BARRIOLLI;mario.barriolli@comandoap.com.br;6133558500
2203;COMANDO AUTOPEÇAS;-15.7087030;-47.9143752;QUADRA QUADRA 04 LOTE;1560;SETOR DE OFICINAS;GAMA;BRASÍLIA;72445040;DF;SILAS;silas.lima@comandoap.com.br;6134849200
2204;COMANDO AUTOPEÇAS;-15.8886730;-48.0854150;ÁREA ADE CONJUNTO 15 LOTE;3;ADE;SAMAMBAIA;BRASÍLIA;71330350;DF;HERNANI;hernani.barriolli@comandoap.com.br;6133599500
2205;TINGUÍ MOTOS;-22.8839290;-43.5638109;ESTRADA TINGUÍ;30;A;CAMPO GRANDE;RIO DE JANEIRO;23075007;RJ;LUCAS;motosio@ig.com.br;2124155999
2206;NOVOLKS;-22.9223549;-43.6792870;RUA FELIPE CARDOSO;853;;SANTA CRUZ;RIO DE JANEIRO;23510000;RJ;RITA;ritanovolks@gmail.com;2133950745
2207;MK AUTOPEÇAS;-22.9337382;-43.6699752;RUA FELIPE CARDOSO;2658;;SANTA CRUZ;RIO DE JANEIRO;23520571;RJ;RODOLFO;vascenter@hotmail.com;2138091486
2208;CINCO RODAS;-22.9238274;-43.6768623;AVENIDA ANTARES;2765;;SANTA CRUZ;RIO DE JANEIRO;23510360;RJ;JHOE;autopecascincorodas@gmail.com;2133130817
2209;NOVO CAR;-22.9528738;-43.6830031;ESTRADA DE SEPETIBA;2323;;SANTA CRUZ;RIO DE JANEIRO;23525173;RJ;JORGE;autopecasnovocar@gmail.com;964062999
2210;MOTO MANIA;-22.9177777;-43.6807634;RUA VISCONDE DE SEPETIBA;67;A;SANTA CRUZ;RIO DE JANEIRO;23525173;RJ;ANA;motomaniasantacruz@gmail.com;2133950178
2211;MARPHISA;-22.9234567;-43.5679632;ESTRADA DO MONTEIRO;864;;CAMPO GRANDE;RIO DE JANEIRO;23045830;RJ;THOMAZ;marphisa.marphisa@hotmail.com;2133948042
2212;JOAÇABA PNEUS;-27.1738912;-51.5085812;AVENIDA RIO BRANCO;246;;CENTRO;JOAÇABA;89600000;SC;ALESSANDRO;joacaba@joacabapneus.com.br;4930301534
2213;JOAÇABA PNEUS;-27.0030781;-51.1356872;RODOVIA SC 355;525;;SANTA TEREZA;VIDEIRA;89560000;SC;BRUNO;videira@joacabapneus.com.br;4935660379
2214;JOAÇABA PNEUS;-26.9986171;-48.6460360;AVENIDA DOS ESTADOS;5100;;CENTRO;BALNEÁRIO CAMBORIÚ;88339060;SC;GILMAR;balneariocamburiu@joacabapneus.com.br;4733675993
2215;JOAÇABA PNEUS;-26.5071480;-49.1011057;RUA WALTER MARQUARDT;2200;;BARRA DO RIO MOLHA;JARAGUÁ DO SUL;89259792;SC;JULIO;jaraguadosul@joacabapneus.com.br;4730541300
2216;JOAÇABA PNEUS;-27.3957390;-51.2224465;AVENIDA PRESIDENTE JUSCELINO KUBISTCHECK;383;;CENTRO;CAMPOS NOVOS;89620000;SC;ANDERSON;camposnovos@joacabapneus.com.br;4935410110
2217;AUTOPEÇAS ALVORADA;-25.3914988;-49.2252024;AVENIDA PREFEITO ERASTO GAERTNER;2587;;BACACHERI;CURITIBA;82515000;PR;FRANCISCO;bacacheri@apalvorada.com.br;4133512920
2218;AUTOPEÇAS ALVORADA;-25.4771769;-49.3076314;AVENIDA JOÃO BETTEGA;1415;;PORTÃO;CURITIBA;81070110;PR;LUCCA;portao@apalvorada.com.br;4131547060
2219;AUTOPEÇAS ALVORADA;-25.4923442;-49.2147251;AVENIDA COMENDADOR FRANCO;7320;;UBERABA;CURITIBA;81560000;PR;OSCIMAR;uberaba@apalvorada.com.br;4131547120
2220;AUTOPEÇAS ALVORADA;-25.4223724;-49.3497469;AVENIDA VEREADOR TOALDO TÚLIO;3780;;SÃO BRAZ;CURITIBA;82300332;PR;ALTEVIR;saobraz@apalvorada.com.br;4131547030
2221;AUTOPEÇAS ALVORADA;-25.4310705;-49.2080670;AVENIDA VICTOR FERREIRA DO AMARAL;3260;;TARUMÃ;CURITIBA;82810400;PR;VIEIRA;taruma@apalvorada.com.br;4131547090
2222;AUTOPEÇAS ALVORADA;-25.3936484;-49.2597296;AVENIDA ANITA GARIBALDI;2219;;AHÚ;CURITIBA;82200530;PR;ADRIANO;ahu@apalvorada.com.br;4131547000
2223;AUTOPEÇAS ALVORADA;-25.4862487;-49.2446490;AVENIDA MARECHAL FLORIANO PEIXOTO;6721;;BOQUEIRÃO;CURITIBA;81650000;PR;MARCELO;boqueirao@apalvorada.com.br;4131547150
2224;AUTOPEÇAS ALVORADA;-25.5332718;-49.1976980;AVENIDA RUI BARBOSA;8571;;CENTRO;SÃO JOSÉ DOS PINHAIS;83005340;PR;BRAGA;sjp@apalvorada.com.br;4131547180
2225;AUTOPEÇAS ALVORADA;-25.5310015;-49.2996996;RODOVIA BR 116;20501;;PINHEIRINHO;CURITIBA;81690400;PR;NELSON;pinheirinho@apalvorada.com.br;4131547210
2226;AUTOPEÇAS ALVORADA;-25.4507119;-49.5236946;RODOVIA BR 277;2557;;VILA OPERÁRIA;CAMPO LARGO;83601320;PR;ANDERSON;campolargo@apalvorada.com.br;4131547240
2227;RIBEIRO E PINHEL;-25.4466961;-49.2667761;AVENIDA DESEMBARGADOR WESTPHALEN;1642;;REBOUÇAS;CURITIBA;80230050;PR;ERICO;atendimento@pinheiroepinhel.com.br;4133332600
2228;TRENTINI;-25.4701668;-49.2720041;RUA ALAGOAS;1751;;GUAÍRA;CURITIBA;80610200;PR;VALTER;angelica@distribuidoratrentini.com.br;4133336955
2229;TRENTINI;-25.4733109;-49.2594984;RUA OMÍLIO MONTEIRO SOARES;334;;FANNY;CURITIBA;81030000;PR;VALTER;valter@distribuidoratrentini.com.br;4131566955
2230;AMORTECEBEM;-25.4971034;-49.2402016;AVENIDA MARECHAL FLORIANO PEIXOTO;8006;;BOQUEIRÃO;CURITIBA;81670000;PR;RONALDO;amortecebem.boqueirao@gmail.com;4130786262
2231;GRIFYCAR;-25.5521708;-49.1922518;RUA PROFESSOR JOAO CLIMACO DE CARVALHO;393;;SÃO PEDRO;CURITIBA;83020060;PR;MARCOS;grifycar@gmail.com;4133830202
2232;BONFLEUR;-25.5130419;-49.3007327;RUA FÁTIMA BARK;1271;;CAPÃO RASO;CURITIBA;81130270;PR;JUNIOR;-;4132462020
2233;BILLY MOTOS;-24.6267781;-53.3196074;AVENIDA DESEMBARGADOR MUNHOZ DE MELLO;81;;CHACARAS CAFELANDIA;CAFELÂNDIA;85415000;PR;BILLY;billy-motos@hotmial.com;4532412074
2234;CORUJÃO MOTOS;-24.5901082;-52.8058987;AVENIDA PRESIDENTE JUSCELINO KUBITSCHEK;460;;CENTRO;CAMPINA DA LAGOA;87345000;PR;DIEGO;motoscorujao@hotmail.com;4435421463
2235;RICO MOTOS;-25.4080002;-52.4113297;RUA CORONEL GUILHERME DE PAULA;1470;;CENTRO;LARANJEIRAS DO SUL;85301220;PR;RICARDO;ricardo@ricomotos.com.br;4235366056
2236;MULLER AUTOPEÇAS;-25.8278074;-52.7237076;RUA RIO GRANDE DO SUL;238;;CENTRO;SÃO JOÃO;85570000;PR;MARCIO;mec_muller_@hotmail.com;4699768329
2237;PECAS BOTH;-25.4238914;-52.8341500;RUA ESTADOS UNIDOS;S/N;;CENTRO;ESPIGÃO ALTO DO IGUAÇU;85465000;PR;HIGOR;mecanicaboth@hotmail.com;4635531450
2238;AUTOPEÇAS MULLER;-25.7131933;-52.9192357;RUA SÃO PEDRO;346;;LAPA;SÃO JORGE DO OESTE;85575000;PR;CLAUDINEIA;claudiamariot@hotmail.com;4699420483
2239;AUTOPEÇAS SOSTER;-25.7076643;-52.9182563;RUA JOAÇABA;649;;CENTRO;SÃO JORGE DO OESTE;85575000;PR;IDETE;soster@netoeste.com.br;4635341344
2240;DEFAVERI AUTOPEÇAS;-25.7511034;-53.0606298;RUA MÉXICO;1015;;CENTRO;DOIS VIZINHOS;85660000;PR;MARCELO;defevari.financeiro@gmail.com;4635364116
2241;BAIANO MOTO;-25.8329291;-52.7252330;RUA JOÃO PESSOA;639;;CENTRO;SÃO JOÃO;85570000;PR;LUIZ;luizfmoraes98@gmail.com;4699253596
2242;JVS PEÇAS;-24.9642156;-53.4541973;AVENIDA CARLOS GOMES;3176;;CENTRO;CASCAVEL;85802060;PR;JOÃO;jvschemberg@hotmail.com;4532235791
2243;AUTO ELETRICA JAIR;-24.9520195;-53.4461330;RUA MARINGÁ;1956;;SÃO CRISTOVÃO;CASCAVEL;85812260;PR;JAIR;jair@autoeletricajair.com.br;4532243869
2244;CENTRAL PEÇAS;-24.9561873;-53.4736157;AVENIDA TANCREDO NEVES;255;;CENTRO;CASCAVEL;85804260;PR;EDSON;hermesandrade@hotmail.com;4532234559
2245;JOAÇABA PNEUS;-26.8798221;-52.4064035;RUA VICTOR KONDER;310;;CENTRO;XANXERÊ;89820000;SC;LUIZ;comunicacao@joacabapneus.com.br;4999290390
2246;JOAÇABA PNEUS;-24.9493931;-53.4421735;RUA ERECHIM;638;;CENTRO;CASCAVEL;85812260;PR;JASSI;joacabapneuscvel@yahoo.com.br;4532233661
2247;JOAÇABA PNEUS;-24.7257403;-53.7310499;RUA JOSE JOAO MURARO;727;;JARDIM PORTO ALEGRE;TOLEDO;85906370;PR;MARCO;matriz@joacabapneus.com.br;4532525856
2248;JOAÇABA PNEUS;-26.0881891;-53.0488317;RUA LUIZ ANTONIO FAEDO;1678;;INDUSTRIAL;FRANCISCO BELTRÃO;85601275;PR;JULIANO;matriz@joacabapneus.com.br;4635242060
2249;JOAÇABA PNEUS;-27.2296039;-52.0232380;RUA ADOLFO KONDER;200;;CENTRO;CONCÓRDIA;89700000;SC;ROGÉRIO;matriz@joacabapneus.com.br;4934421288
2250;JOAÇABA PNEUS;-24.5653555;-54.0560615;AVENIDA RIO GRANDE DO SUL;1294;;CENTRO;MARECHAL CÂNDIDO RONDON;85960000;PR;ANDRÉ;matriz@joacabapneus.com.br;4532542240
2251;CANÁRIO AUTOPEÇAS;-24.9446927;-53.4324377;RUA PONTA GROSSA;3508;;SÃO CRISTOVÃO;CASCAVEL;85816270;PR;GREGORI;faturamentocanario@outlook.com;4532272914
2252;JOAÇABA PNEUS;-26.7662638;-53.1794675;AVENIDA 7 DE SETEMBRO;508;;CENTRO;MARAVILHA;89874000;SC;EVANDRO;matriz@joacabapneus.com.br;4933660980
2253;JOAÇABA PNEUS;-27.0885302;-52.6220901;RUA JOÃO MARTINS;681D;;SÃO CRISTOVÃO;CHAPECÓ;89805184;SC;RUDMAR;matriz@joacabapneus.com.br;4933312000
2254;TOPCAR;-25.8278074;-52.7237076;AVENIDA PARANÁ;1116;;CENTRO;SÃO JOÃO;85570000;PR;JACIR;topcarpneus2010@hotmail.com;4635332638
2255;BIGODE PNEUS;-8.4148088;-37.0748682;AVENIDA JOSE BONIFACIO;1500;;SAO CRISTOVAO;ARCOVERDE;56512000;PE;VALDEMIR;bigodepneus@hotmail.com;8738213577
2256;SK SERVICE;-7.9580956;-34.8721772;AVENIDA RODOLFO AURELIANO;288;;VILA TORRES GALVAO;PAULISTA;53403740;PE;KETHULY;skservice288@gmail.com;8197266945
2257;PETRO SERVICE CAR;-8.0578381;-34.8828969;AVENIDA RECIFE;4555;;IBURA;RECIFE;51220225;PE;PETRONIO;petroservicecar@gmail.com;8137875284
2258;RODRIGO AUTOPEÇAS;-7.7999249;-35.5843539;RODOVIA PE-088;S/N;;VILA ITAGIBA;BOM JARDIM;55730000;PE;RODRIGO;rodrigoautopecas@outlook.com;8136381343
2259;TIKO E TEKO RODAS;-7.9463175;-34.8784753;AVENIDA MARECHAL FLORIANO PEIXOTO;1402;A;CENTRO;PAULISTA;53401460;PE;KEHSIA;tikoetekorodas@hotmail.com;8134330208
2260;REAUTO;-8.2779237;-35.0245966;RUA JOSE LINS TELES;356;;VILA SOCIAL;CABO DE SANTO AGOSTINHO;54510280;PE;RENATA;repecaeservico@hotmail.com;8135241299
2261;HIPER MOTOS;-8.3289001;-35.1068430;RODOVIA BR 101 SUL;S/N;;CENTRO;CABO DE SANTO AGOSTINHO;54510430;PE;JOSENILDO;hipermotos1@hotmail.com;8135183347
2262;HIPER MOTOS PEÇAS;-8.2749674;-35.0538701;RODOVIA BR-101 SUL;3333;;CENTRO;CABO DE SANTO AGOSTINHO;54510430;PE;JOSENILDO;hipermotos1@hotmail.com;8135248704
2263;PONTE PECAS E SERVICOS;-8.2333000;-34.9775301;AVENIDA NOSSA SENHORA DO BOM CONSELHO;150;;PONTE DOS CARVALHOS;CABO DE SANTO AGOSTINHO;54580435;PE;CARLOS;adm@pontepecas.com.br;8135221656
2264;LITORANEA AUTOPEÇAS;-8.2342775;-34.9785399;AVENIDA NOSSA SENHORA DO BOM CONSELHO;109;;PONTE DOS CARVALHOS;CABO DE SANTO AGOSTINHO;54580435;PE;DARCI;juangsilva26@gmail.com;8135221445
2265;VIVOS TROCAO;-8.2831842;-35.0288389;RUA MARCOS ANTONIO DE BARROS;431;;JARDIM SANTO INACIO;CABO DE SANTO AGOSTINHO;54515490;PE;MARIANO;vivostrocao@hotmail.com;8135183042
2266;LIDER AUTOPEÇAS;-18.1762754;-47.9450330;AVENIDA CRISTIANO AIRES;656;;NOSSA SENHORA DE FATIMA;CATALÃO;75709280;GO;JULIANO;liderautopecasemecanica@gmail.com;6434431517
2267;BRASIL AUTOPEÇAS;-18.1689737;-47.9328359;RUA VEREADOR KAVEFES ABRÃO;871;;LAGO DAS MANSÕES;CATALÃO;75707230;GO;FLAVIO;brasilautopecas10@uol.com.br;6434431555
2268;AUTOPEÇAS SÃO JOSÉ;-17.7224215;-48.1722478;AVENIDA PROFESSOR BOA VENTURA;S/N;;VILA DOMINGUES;IPAMERI;75780000;GO;CRISTIANO;borrachariasaojoseipameri@hotmail.com;6434913466
2269;MARCELO AUTOPEÇAS;-17.7785582;-48.1597946;RUA 9 QD 10 LT 05;S/N;;VERA CRUZ;IPAMERI;75780000;GO;LUCIENE;oficinadomarcelo@gmail.com;6434912676
2270;FUTURA PNEUS;-18.1578506;-47.9348117;AVENIDA DOUTOR LAMARTINE PINTO DE AVELAR;652;;VILA CHAUD;CATALÃO;75704020;GO;LUCAS;compras.futurapneus@gmail.com;6434116535
2271;EURICAR AUTOPEÇAS;-18.1682436;-47.9396085;RUA JOÃO RABELO DE MESQUITA;505;;CENTRO;CATALÃO;75704275;GO;EURIPEDES;euricar1995@gmail.com;6434413928
2272;DPASCHOAL PEÇAS E SERVIÇOS;-18.1796307;-47.9412799;RUA JOSÉ MARCELINO;1135;;NOSSA SENHORA DE FÁTIMA;CATALÃO;75709280;GO;MARCO;loja206ctl@dpaschoall.com.br;6434428000
2273;AUTOPEÇAS DO MARCELO;-18.1750640;-47.9427350;AVENIDA JOSÉ MARCELINO;646;;NOSSA SENHORA DE FÁTIMA;CATALÃO;75709015;GO;JOSÉ;autopecasdomarcelo@hotmail.com;6434111022
2274;AUTOPEÇAS ARILDO;-18.1702278;-47.9360637;RUA VEREADOR KAVEFES ABRÃO;500;;LAGO DAS MANSÕES;CATALÃO;75707230;GO;ARILDO;arildo@mecanicadoarildo.com.br;6434111278
2275;AUTOPEÇAS ALVORADA;-18.1684116;-47.9443773;RUA DOUTOR PEDRO LUDOVICO;635;;CENTRO;CATALÃO;75701030;GO;GILMAR;autalvorada@hotmail.com;6434113300
2276;AUTOPEÇAS PARATI;-18.1675506;-47.9395484;AVENIDA RAULINA FONSECA PASCHOAL;2303;;CENTRO;CATALÃO;75401480;GO;FIDEL;contato@autopecasparati.com.br;6434413942
2277;AUTOPEÇAS DO FIOTE;-17.7785582;-48.1597946;RUA 6 QD 4 LT 03;S/N;;VERA CRUZ;IPAMERI;75780000;GO;JOSMARINO;josmarinoribeiroborges@hotmail.com;6434914380
2278;FENIX AUTOPEÇAS;-18.1808490;-47.9385647;RUA GOIATUBA;13;;NOSSA SENHORA DE FÁTIMA;CATALÃO;75710300;GO;MARCELO;marcelovieirabertoldo@gmail.com;6434413952
2279;FENIX CAR AUTOPEÇAS;-18.1802539;-47.9419110;RUA JOSÉ MARCELINO;1236;;NOSSA SENHORA DE FÁTIMA;CATALÃO;75709015;GO;KENIEL;fenixpecas@hotmail.com;6434431130
2280;GT AUTOPEÇAS;-16.6914798;-49.3333560;RUA DO ALCOOL;68;QD 52 LT 5;PARQUE OESTE INDUSTRIAL;GOIÂNIA;74375430;GO;GIOVANI;gtatacadodepecas@hotmail.com;6239566661
2281;PAULÃO AUTOPEÇAS;-3.0732540;-60.0419310;AVENIDA DESEMBARGADOR JOÃO MACHADO;202;A;ALVORADA;MANAUS;69043360;AM;GUSTAVO;paulaoap@hotmail.com;9232387046
2282;J G AUTOPEÇAS;-3.0217214;-59.9808324;RUA PAULO EDUARDO DE LIMA;544;QD 2 LT 16 CAMPO DOURADO;CIDADE NOVA;MANAUS;69095500;AM;LEONARDO;jg.auto_pecas@hotmail.com;9236410688
2283;CASQUETA MOTO PEÇAS;-3.0771855;-60.0453322;RUA PROFESSORA LEA ALENCAR;222;;ALVORADA;MANAUS;69043170;AM;LIDIANE;lidianealves.al@hotmail.com;9232380666
2284;NATÃO AUTOPEÇAS;-3.1347831;-59.9967046;AVENIDA ADALBERTO VALE;52;B;BETÂNIA;MANAUS;69073040;AM;RONILDO;nataoautopecas@uol.com.br;9232372106
2285;AUTOPEÇAS GABRIELLA;-3.1309246;-59.9920496;AVENIDA ADALBERTO VALE;43;A;BETÂNIA;MANAUS;69073040;AM;EDUARDO;edu_skf@hotmail.com;9236131027
2286;EUDES AUTOPEÇAS;-3.1145015;-60.0034328;AVENIDA GENERAL CARNEIRO;471;;SÃO FRANCISCO;MANAUS;69079020;AM;EUDES;eudesmelo3@outlook.com;9233477485
2287;GAMA AUTOPEÇAS;-3.1147438;-60.0029586;AVENIDA GENERAL CARNEIRO;490;;SÃO FRANCISCO;MANAUS;69079020;AM;FABIANO;auto.gama2017@outlook.com;9236112986
2288;AUTOPEÇAS CAROLINE;-3.1286209;-60.0019877;AVENIDA SILVES;809;;CACHOEIRINHA;MANAUS;69065080;AM;BISNETO;centroautomotivocaroline@gmail.com;9232330938
2289;RECAR AUTOPEÇAS;-3.1286329;-59.9990975;AVENIDA SILVES;1127;;RAIZ;MANAUS;68068000;AM;RENATO;recareutopeca@hotail.com;9232371781
2290;BR MOTO PEÇAS;-3.0872196;-59.9859572;AVENIDA COSME FERREIRA;642;A;COROADO;MANAUS;69083000;AM;LORENA;brarbruno16@gmail.com;9236441630
2291;PAPALEGUAS MOTO PEÇAS;-3.0749762;-59.9509854;AVENIDA COSME FERREIRA;5311;A;ZUMBI DOS PALMARES;MANAUS;69084425;AM;BRUNO;brarbruno16@gmail.com;9232489523
2292;AUTOPEÇAS GM JUNIOR;-3.0762146;-59.9584027;AVENIDA COSME FERREIRA;144;;ZUMBI DOS PALMARES;MANAUS;69084425;AM;MARIA;1gmjunior@gmail.com;9236362568
2293;AUTOPEÇAS FORTALEZA;-3.0741197;-59.9490266;AVENIDA COSME FERREIRA;5548;;ZUMBI DOS PALMARES;MANAUS;68083000;AM;DJALMA;autopecas_fortaleza@hotmail.com;9232482030
2294;AMAZONAS AUTOPEÇAS;-3.0701341;-59.9426036;AVENIDA COSME FERREIRA;6394;;ZUMBI DOS PALMARES;MANAUS;69084425;AM;FRANK;amazonasautopecas@gmail.com;9232481478
2295;BATISTA AUTOPEÇAS;-3.0698944;-59.9418235;AVENIDA COSME FERREIRA;6480;;ZUMBI DOS PALMARES;MANAUS;69084425;AM;TARCÍSIO;jtcomercio.autopecas@hotmail.com;9236384091
2296;PACU AUTOPEÇAS;-3.0424484;-60.0096276;AVENIDA MAX TEIXEIRA;2371;A;CIDADE NOVA;MANAUS;69093770;AM;PATRICIA;patriciaandrios896@gmail.com;9232376846
2297;MIRANDA AUTOPEÇAS;-3.0539567;-59.9638769;RUA JOÃO CÂMARA;960;;NOVO ALEIXO;MANAUS;69098165;AM;SIDNEY;smvargas02@hotmail.com;9236353024
2298;FERREIRA AUTOPEÇAS;-15.8560872;-48.1113346;QUADRA 513 CONJUNTO D LOTE;2;;SAMAMBAIA;BRASÍLIA;72315504;DF;ANTONIA;ferreiraautopecas513@gmail.com;6130836907
2299;POTÊNCIA AUTOPEÇAS;-15.7893342;-47.8879347;SETOR SHN ÁREA ESPECIAL 25;S/N;LOJA 01;TAGUATÍNGA NORTE;BRASÍLIA;72130710;DF;MAZURK;mazurklobo@gmail.com;6133553055
2300;GABRIEL MOTOS PEÇAS;-16.0549023;-48.0125853;RUA 101 QUADRA 140;S/N;LOJA 01;VALPARAISO;VALPARAÍSO DE GOIÁS;72871101;GO;GABRIEL;gabrielmotos.vendas@gmail.com;6130540066
2301;NACIONAL AUTOPEÇAS;-12.1439492;-44.9864626;AVENIDA ANTÕNIO CARLOS MAGALHÃES;1082;;OURO BRANCO;BARREIRAS;47802147;BA;JOSÉ;antonio-avelino@gmail,com;7736146000
2302;AUTOPEÇAS RENOVADA;-15.8035711;-47.8817828;QUADRA 402 CONJUNTO 01 LOTE;8;LOJA 01;SAMAMBAIA;BRASÍLIA;72318001;DF;FRANKLE;autopecas.renovada@gmail.com;6198809855
2303;ANGELIM PEÇAS;-15.7442065;-48.2794916;QUADRA 10 LOTE 16A CASA;2;;JARDIM ÁGUAS LINDAS II;ÁGUAS LINDAS DE GOIÁS;72927665;GO;TIAGO;tiagoribeiroangelin@outlook.com;6194297945
2304;INDUSPINA AUTOPEÇAS;-15.8253413;-47.9230570;QUADRA CRS 514 BLOCO A;S/N;LOJAS 59/63;ASA SUL;BRASÍLIA;70380515;DF;BRUNO;induspina.df@outlook.com.br;6132456100
2305;BIRIGÓ AUTOPEÇAS;-15.8398700;-48.1282100;QUADRA 34 CONJUNTO C LOTE;24;LOJA 01;PARANOÁ;BRASÍLIA;71543403;DF;MAURY;mrsiraci@yahoo.com.br;6191236198
2306;OUTLET DOS PNEUS;-15.8134989;-47.9131341;QUADRA 01 CONJUNTO A LOTE;1;;ITAPOÃ;BRASÍLIA;71590203;DF;GLAIDSON;gerente.outletpneusdf@gmail.com;6140426730
2307;AUTOFIX PICK-UP;-15.5571630;-47.3248037;RUA 24 QUADRA 140 LOTE;5;;FORMOSINHA;FORMOSA;73813360;GO;MICHELE;autofixpickup@gmail.com;6137020050
2308;CASTRILLON AUTOPEÇAS;-16.2510335;-47.9288877;AVENIDA ALFREDO NASSER;15;PISTA LATERAL;PARQUE ESTRELA D'ALVA IV;LUZIÂNIA;72814510;GO;FABIANO;gerencia.luz@castrillon.com.br;6191154918
2309;FUKE AUTOPEÇAS;-23.4948868;-46.4347782;AVENIDA MARECHAL TITO;1137;;SÃO MIGUEL PAULISTA;SÃO PAULO;8010090;SP;GILBERTO;fukeautopecas@hotmail.com;1129563930
2310;KIYOMOTO AUTOPEÇAS;-23.6278567;-46.4706295;AVENIDA BARONESA DE MURITIBA;569;;PARQUE SÃO RAFAEL;SÃO PAULO;8311080;SP;OSMAR;apkiyomoto@yahoo.com.br;1129191496
2311;IKEHARA AUTOPEÇAS;-23.5570007;-46.5342308;RUA TAUBATÉ;728;;VILA CARRÃO;SÃO PAULO;3433000;SP;TOMAS;ikeharaauto@yahoo.com.br;1127813040
2312;CHIBANA AUTOPEÇAS;-23.5465192;-46.5287039;RUA JUNO;610;;VILA CARRÃO;SÃO PAULO;3445000;SP;DANIEL;vendas@chibanaautopecas.com.br;1129424455
2313;MIYAMURA AUTOPEÇAS;-23.4962206;-46.4015286;AVENIDA MARECHAL TITO;4579;;ITAIM PAULISTA;SÃO PAULO;8115100;SP;GESIEL;autopecasmiyamura@gmail.com;1125621500
2314;CARBURELY AUTOPEÇAS;-23.4955342;-46.3906491;AVENIDA MARECHAL TITO;5628;;ITAIM PAULISTA;SÃO PAULO;8115100;SP;HERMES;carburelycompras@gmail.com;1125632488
2315;MELLO AUTOPEÇAS;-23.4991143;-46.4875799;AVENIDA BOTURUSSU;915;;ERMELINO MATARAZZO;SÃO PAULO;3802010;SP;MAURICIO;mmelloautopecas@hotmail.com;1125476870
2316;TATENO AUTOPEÇAS;-23.5226404;-46.5252053;AVENIDA AMADOR BUENO DA VEIGA;2140;;PENHA;SÃO PAULO;3636100;SP;KAZUO;tateno.tatenos@gmail.com;1129583611
2317;IKEHARA AUTOPEÇAS;-23.5943263;-46.4884040;AVENIDA MATEO BEI;1244;;SÃO MATEUS;SÃO PAULO;3949100;SP;YRIUKI;auto.abelha@hotmail.com;1129196331
2318;YOKOHAMA AUTOPEÇAS;-23.5947809;-46.4505083;AVENIDA RAGUEB CHOHFI;3665;;JARDIM TRÊS MARIAS;SÃO PAULO;8375000;SP;ELIZA;jennifer@yokohamapecas.com.br;1127312783
2319;TC AUTOPEÇAS;-23.5564446;-46.6148874;RUA ODORICO MENDES;687;;MOOCA;SÃO PAULO;3106030;SP;ANTONIO;tc.pecas@gmail.com;1132082565
2320;ORFANATO AUTOPEÇAS;-23.5746427;-46.5696374;RUA MONTESINA;234;;VILA PAULINA;SÃO PAULO;3158040;SP;MARIO;autopecasorfanato@yahoo.com.br;1135392568
2321;LUKY AUTOPEÇAS;-23.5566065;-46.4764877;AVENIDA LÍDER;1927;;ITAQUERA;SÃO PAULO;8285000;SP;EDUARDO;lukyautopecas@gmail.com;1127418844
2322;PEÇA FORTE AUTOPEÇAS;-23.5812279;-46.5561728;AVENIDA VILA EMA;2138;;VILA EMA;SÃO PAULO;3282000;SP;GECIMAR;contato.pecaforte@gmail.com;1138061023
2323;PARANÁ AUTOPEÇAS;-23.5321057;-46.4465653;RUA PROFESSOR LEONIDIO ALLEGRETTI;40;;ITAQUERA;SÃO PAULO;8215250;SP;NICOLAS;contatoparanaautopecas@gmail.com;1120712242
2324;MOTOYAMA MOTO PEÇAS;-23.1126675;-46.5642512;RUA GUARACI;1031;;CAETETUBA;ATIBAIA;12944000;SP;ERIKA;financeiro.motoyama@gmail.com;1144125000
2325;ATIPEÇAS AUTOPEÇAS;-23.5038735;-46.3755914;RUA OSWALDO BARRETO;116;;ALVINÓPOLIS;ATIBAIA;8131250;SP;TONY;atipecas@hotmail.com;1144110670
2326;VALPARAIZO AUTOPEÇAS;-23.1171562;-46.5633199;RUA OTAVIO PASSOS;234;;ALVINÓPOLIS;ATIBAIA;12942590;SP;ROBERTO;val.paraizo@terra.com.br;1144141111
2327;DEDEL MOTO PEÇAS;-23.1121282;-46.5637133;AVENIDA JERONIMO DE CAMARGO;4604;;CAETETUBA;ATIBAIA;12951470;SP;PRISCILA;pritessaro@gmail.com;1144116343
2328;DEDEL MOTO PEÇAS;-23.1162323;-46.5657569;AVENIDA ENGENHEIRO SILVIO ALVIM SOARES;351;;ALVINÓPOLIS;ATIBAIA;12942520;SP;MURILO;pritessaro@gmail.com;1144111726
2329;IMPACTA AUTOPEÇAS;-23.1182610;-46.5693520;AVENIDA DONA GERTRUDES;124;;ALVINÓPOLIS;ATIBAIA;12942540;SP;RENE;impacta.vendas@hotmail.com;1124274913
2330;MAXIMUS AUTOPEÇAS;-23.1334749;-46.5874929;AVENIDA PREFEITO ANTONIO JÚLIO TOLEDO GARCIA LOPES;1968;;JARDIM CEREJEIRAS;ATIBAIA;12951231;SP;MAIK;vendas@maximusautopecas.com.br;1144123714
2331;BIANO AUTOPEÇAS;-23.1114784;-46.5623503;AVENIDA JERONIMO DE CAMARGO;1225;;ESTORIL;ATIBAIA;12945206;SP;JOSELI;bianoautopecas@hotmail.com;1144126573
2332;RODRIGOTTO AUTOPEÇAS;-23.5176090;-46.5123323;RUA FORTALEZA DA CONCEIÇÃO;19;;VILA COSTA MELO;SÃO PAULO;3625060;SP;EDUARDO;eduardo@rodrigotto.com.br;1129570132
2333;VG AUTOPEÇAS;-23.4311844;-46.5003603;RUA MARIA ELISA;230;;JARDIM TAMASSIA;GUARULHOS;7140130;SP;RODRIGO;rodrigo@vgpecas.com.br;1123035266
2334;VG AUTOPEÇAS;-23.4025266;-46.4330356;AVENIDA JOSÉ BRUMATTI;2992;;JARDIM IV CENTENÁRIO;GUARULHOS;7161545;SP;RODRIGO;rodrigo@vgpecas.com.br;1123035266
2335;VG AUTOPEÇAS;-23.4439600;-46.4080900;ESTRADA PRESIDENTE JUSCELINO KUBITSCHEK DE OLIVEIRA;2500;;DOS PIMENTAS;GUARULHOS;7272345;SP;RODRIGO;rodrigo@vgpecas.com.br;1123035266
2336;FT CAR AUTOPEÇAS;-23.4122512;-46.4044167;RUA DOZE DE JUNHO;159;;JARDIM DO TRIUNFO;GUARULHOS;7175330;SP;FELIPE;comercial@ftcarautopecas.com.br;1124365389
2337;AUTOPEÇAS JOPACAR;-23.4394586;-46.5079570;AVENIDA OCTÁVIO BRAGA DE MESQUITA;2903;;JARDIM BELA VISTA;GUARULHOS;7140230;SP;VIRLEI;contato@jopacar.com.br;1124022929
2338;MERCETRUCK AUTOPEÇAS;-23.4516378;-46.4813432;AVENIDA JOÃO VELOSO DA SILVA;549;;CIDADE JARDIM CUMBICA;GUARULHOS;7180010;SP;ALAN;alan@mercetruck.com.br;1124824161
2339;SARAN AUTOPEÇAS;-23.4510948;-46.4741680;AVENIDA SANTOS DUMONT;329;;CIDADE JARDIM CUMBICA;GUARULHOS;7180270;SP;CARLOS;carlosalberto@saranautopecas.com.br;1123031774
2340;NAGASHIMAS AUTOPEÇAS;-23.4490604;-46.4729047;RUA BRIGADEIRO MÁRIO PERDIGÃO COELHO;543;;CIDADE JARDIM CUMBICA;GUARULHOS;7180260;SP;ROBSON;robsonnagashima@hotmail.com;1124123779
2341;BOBCAR AUTOPEÇAS;-23.4402113;-46.5482559;RUA JAROSLAV HAJEK;22;;JARDIM SOLANGE;GUARULHOS;7082190;SP;KLEBER;bobcarauto@hotmail.com;1124514455
2342;FRATACAR AUTOPEÇAS;-23.4528074;-46.4546925;ESTRADA VELHA GUARULHOS SÃO MIGUEL;756;;JARDIM ARAPONGAS;GUARULHOS;7210250;SP;LUAN;fratacarautopecas@gmail.com;1143071551
2343;AUTOPEÇAS GUIANT;-23.4503369;-46.5072813;RUA PEDRO VOLPI;408;;VILA BARROS;GUARULHOS;7192170;SP;EDSON;lojaguiant@gmail.com;1124041427
2344;GUARUKAR AUTOPEÇAS;-23.4831688;-46.5422814;AVENIDA GUARULHOS;2406;;VILA AUGUSTA;GUARULHOS;7025000;SP;MARCOS;guarukar@hotmail.com;1123045444
2345;DUKA MOTOS;-23.2289549;-45.8912977;RUA PERSEU;780;;JARDIM SATÉLITE;SÃO JOSÉ DOS CAMPOS;12230470;SP;EDUARDO;duka.valle@hotmail.com;1239399922
2346;RENAN MOTOS;-23.6370979;-46.4933650;RUA EVANGELISTA DE SOUZA;1327;;JARDIM SANTO ALBERTO;SANTO ANDRÉ;9260411;SP;CIBELE;renanmotos.abc@gmail.com;1149752599
2347;CIA DO CAMINHÃO;-23.6508869;-46.5103731;AVENIDA ANDRÉ RAMALHO;120;;PARQUE JOÃO RAMALHO;SANTO ANDRÉ;9290000;SP;VALDO;valdo@ciadocaminhao.com.br;1149969999
2348;CIA DO CAMINHÃO;-23.6814870;-46.3639380;RODOVIA ÍNDIO TIBIRIÇA;2329;;OURO FINO PAULISTA;RIBEIRÃO PIRES;81810290;SP;VALDO;valdo@ciadocaminhao.com.br;1131992880
2349;MENDONÇA MOTOS;-23.0289591;-45.5534080;AVENIDA DESEMBARGADOR PAULO DE OLIVEIRA COSTA;952;;CENTRO;TAUBATÉ;12010230;SP;PETERSON;mendoncamotovendas@yahoo.com.br;1236352446
2350;MENDONÇA MOTOS;-23.0216535;-45.5708560;AVENIDA MONTEIRO LOBATO;860;;VILA ODETE;TAUBATÉ;12050730;SP;PETERSON;mendoncamotovendas@yahoo.com.br;1234265404
2351;MARQUINHOS MOTOS;-23.6682814;-46.4625127;AVENIDA CAPITÃO JOÃO;36;;MATRIZ;MAUÁ;9360120;SP;IGOR;lucas@marquinhomoto.com.br;1149419002
2352;SERGINHO MOTOS;-23.6703416;-46.4601715;AVENIDA CAPITÃO JOÃO;378;;MATRIZ;MAUÁ;9360120;SP;CHANDERLEY;serginhomotospecas@hotmail.com;1143099002
2353;ESPERANÇA AUTOPEÇAS;-23.7434182;-46.3942055;RUA JOSÉ MARIA DE FIGUEIREDO;8;;CENTRO;RIO GRANDE DA SERRA;9450000;SP;ROGÉRIO;autopecasesperancadaserra@gmail.com;1148215068
2354;FORMIGÃO AUTOPEÇAS;-23.6759700;-46.4466089;RUA ALONSO DE VASCONCELOS PACHECO;1431;;VILA BOCAINA;MAUÁ;9350281;SP;MARCO;autopecaformigao@yahoo.com.br;1145413353
2355;BRECHA AUTOPEÇAS;-23.6560915;-46.4684324;AVENIDA AYRTON SENNA DA SILVA;490;;VILA SANTA CECÍLIA;MAUÁ;9380440;SP;LEANDRO;brechaautopecas@hotmail.com;1145416392
2356;PAULINHO MOTOS;-23.6721063;-46.4580739;AVENIDA CAPITÃO JOÃO;670;;MATRIZ;MAUÁ;9360120;SP;LUCAS;maua@paulinhomotos.com.br;1134201017
2357;V-TEC AUTOPEÇAS;-23.7125497;-46.4182165;RUA MAJOR CARDIM;111;;SUÍSSA;RIBEIRÃO PIRES;9424250;SP;TARCILA;autopecasvtec@gmail.com;1148282488
2358;BOTELHO AUTOPEÇAS;-23.6455935;-46.5097848;AVENIDA ANDRÉ RAMALHO;572;;PARQUE JOÃO RAMALHO;SANTO ANDRÉ;9290000;SP;MURILO;autopecasbotelho@yahoo.com.br;1145091516
2359;OZZY MOTO PEÇAS;-23.6562090;-46.5540311;AVENIDA GAGO COUTINHO;331;;SANTA MARIA;SANTO ANDRÉ;9070000;SP;BRAZ;ozzymotopecas@gmail.com;1144733483
2360;PAULINHO MOTOS;-23.6666541;-46.5218245;PRAÇA DOUTOR ADHEMAR DE BARROS;68;;CASA BRANCA;SANTO ANDRÉ;9020020;SP;DANIEL;supervisao@paulinhomotos.com.br;1144372323
2361;SP-BRASIL MOTOS;-23.0200567;-45.5407342;RUA PADRE LEONARDO DE CAMPOS;72;;JARDIM EMÍLIA;TAUBATÉ;12070260;SP;RAFAEL;rafael@spbrasilmotos.com.br;1234261851
2362;RABRUNE AUTOPEÇAS;-20.9543932;-48.4936432;AVENIDA AMÉELIA BERNARDINI CUTRALE;2962;;RESIDENCIAL SAN CONRADO;BEBEDOURO;14701550;SP;NETO;neto@rabrune .com.br;1733423999
2363;MERCEBENS AUTOPEÇAS;-20.9376055;-48.4645354;RUA MARGARIDA ROLCK BRUNELLI;153;;DISTRITO INDUSTRIAL;BEBEDOURO;14711116;SP;LUIZ;mercebens@mercebens.com.br;1733446655
2364;AUTOPEÇAS BERIMAR;-20.9398220;-48.4633510;AVENIDA HAMLETO STAMATO;908;;DISTRITO INDUSTRIAL;BEBEDOURO;14711200;SP;VALDECIR;berimar@berimar.com.br;1733424799
2365;JOSVAL AUTOPEÇAS;-20.9374853;-48.4550801;AVENIDA HAMLETO STAMATO;1740;;DISTRITO INDUSTRIAL;BEBEDOURO;14711200;SP;DRAUZIO;mercediesel@terra.com.br;1733426516
2366;AUTOPEÇAS DANIEL;-20.6912399;-48.4119014;RUA INÁCIO MARIA INIZ JUNQUEIRA;173;;CENTRO;JABORANDI;14775000;SP;LUCAS;pecasdaniel208@gmail.com;1733471372
2367;ORLAPEÇAS;-20.7172291;-47.8803129;AVENIDA 26;615;;CENTRO;ORLÂNDIA;14620000;SP;RICARDO;compras1@orlapeçcas.com.br;1638260477
2368;ZEZINHO AUTOPEÇAS;-20.7105754;-48.5352731;AVENIDA LUIZ LEMOS DE TOLEDO;519;;CENTRO;COLINA;14770000;SP;JOSÉ;zezinho_timâo@hotmail.com;1733414203
2369;CENTANIN AUTOPEÇAS;-21.9511589;-47.9999431;RUA TOTÓ PESSENTE;85;;CENTRO;IBATÉ;14815000;SP;RENATO;centaninautopecas@hotmail.com;1633431337
2370;NOVA AUTOPEÇAS;-21.6411471;-46.8640458;AVENIDA BRASIL;100;;CENTRO;SÃO JOSÉ DO RIO PARDO;13720000;SP;DANILO;nova@autopecasnova.com.br;1936084620
2371;AUTOPEÇAS FUSCÃO PRETO;-22.8219048;-47.2721096;AVENIDA REBOUÇAS;2343;;CENTRO;SUMARÉ;13170390;SP;ANDERSON;dcompras@autopecasfuscaopreto.com.br;1938738000
2372;AUTOPEÇAS FUSCÃO PRETO;-22.8739721;-47.2106046;RUA CARLOS ROBERTO DE MELO;20;;PARQUE GABRIEL;HORTOLÂNDIA;13186604;SP;ANDERSON;dcompras@autopecasfuscaopreto.com.br;1938738000
2373;NOVA AUTOPEÇAS;-23.2667057;-47.3142996;AVENIDA CAETANO RUGGIERI;2101;;PARQUE NOSSA SENHORA DA CANDELÁRIA;ITU;13310160;SP;JEFERSON;novaautopecasitu@hotmail.com;1140226220
2374;AUTHENTIC AUTOPEÇAS;-23.2593043;-47.2984826;AVENIDA DOUTOR OTAVIANO PEREIRA MENDES;747;;LIBERDADE;ITU;13301000;SP;RODRIGO;authenticautopecas@gmail.com;1127156106
2375;CENTRAL MOTO PEÇAS;-23.2065578;-47.2947357;RUA VINTE E TRES DE MAIO;173;;CENTRO;SALTO;13320010;SP;ADONIAS;centralmsalto@gmail.com;1140211907
2376;FOX AUTOPEÇAS;-23.2143745;-47.2634327;AVENIDA WALTER NARDELLI;392;;RESIDENCIAL PARQUE IMPERIAL;SALTO;13323760;SP;CARLOS;fox-acessorios@hotmail.com;1146022168
2377;AMARAL MOTO PEÇAS;-23.1875686;-47.2731274;RUA RÚSSIA;803;;JARDIM PLANALTO;SALTO;13322230;SP;EMERSON;brissi.brissi@gmail.com;1140212844
2378;SEK AUTOPEÇAS;-23.4695050;-46.6580688;AVENIDA PARADA PINTO;1278;;PARADA PINTO;SÃO PAULO;2611002;SP;EDSON;sekautopecas@gmail.com;1122581582
2379;PELMAR AUTOPEÇAS;-23.5028543;-46.6550017;AVENIDA CASA VERDE;1382;;CASA VERDE;SÃO PAULO;2520100;SP;MARCOS;pelmar@terra.om.br;1139660122
2380;ROCHAR AUTOPEÇAS;-23.5613948;-46.7470766;AVENIDA CORIFEU DE AZEVEDO MARQUES;4141;;BUTANTÃ;OSASCO;5339001;SP;CELSO;rocharautopecas@gmail.com;1137143589
2381;ELU AUTOPEÇAS;-23.4603667;-46.6027391;AVENIDA CORONEL SEZEFREDO FAGUNDES;2147;;TREMEMBÉ;SÃO PAULO;2306003;SP;OLÍVIO;eluautopecas@hotmail.com;1129963444
2382;CW AUTOPEÇAS;-23.4955741;-46.6842437;AVENIDA INAJAR DE SOUZA;1112;;LIMÃO;SÃO PAULO;9941420;SP;WESLEY;autopecascabucu@gmail.com;1139365827
2383;DISTRIBUIDORA LIDERANÇA;-19.9924436;-44.0058241;AVENIDA OLINTO MEIRELES;140;;BARREIRO;BELO HORIZONTE;30640010;MG;POLIETINEY;lideranca.pecas@yahoo.com.br;3133899502
2384;SERRA AUTOPEÇAS;-19.9394319;-43.9196489;RUA DO OURO;919;;SERRA AZUL;BELO HORIZONTE;30220000;MG;GABRIEL;gabrielbrito@ufrj.br;3132235766
2385;AUTOPEÇAS ROBERTÃO;-19.8643576;-43.9188634;RUA LÍDIA;73;LOJA 73;PIRAJA;BELO HORIZONTE;31910650;MG;ROBERTO;pedromarques@aprobertao.com.br;3136579016
2386;GAFANHOTO AUTOPEÇAS;-19.8879616;-43.9057852;AVENIDA CONTAGEM;1127;;SANTA INÊS;BELO HORIZONTE;31080000;MG;ALEX;gafanhotoautopecas@bol.com.br;3134824177
2387;RAJA AUTOPEÇAS;-19.9620107;-43.9636786;AVENIDA BARÃO HOMEM DE MELO;3125;;ESTORIL;BELO HORIZONTE;30450250;MG;JOÃO;rajapecas@rajapecas.com.br;3133783161
2388;SHOP AUTOPEÇAS;-19.8751077;-43.9054645;AVENIDA JOSÉ CÂNDIDO DA SILVEIRA;3371;;IPÊ;BELO HORIZONTE;31930029;MG;THIAGO;autogalbas@gmail.com;3134852600
2389;ITÁLIA AUTOPEÇAS;-19.9293908;-43.9586890;RUA EUCLIDES DA CUNHA;10;;PRADO;BELO HORIZONTE;30410010;MG;LESLEY / MESSIAS;italiaautopecas@hotmail.com;3132991500
2390;SP IMPORTS;-19.9572360;-43.9661980;AVENIDA BARÃO HOMEM DE MELO;2250;;ESTORIL;BELO HORIZONTE;30494080;MG;RENATO;nfe@spimports.com.br;3135052020
2391;ESPLANADA AUTOPEÇAS;-19.9034610;-43.9027848;RUA BEGÔNIA;509;;ESPLANADA;BELO HORIZONTE;30280160;MG;JOSÉ;jacanuf@gmail.com;3134820212
2392;ZAC AUTOPEÇAS;-19.8752880;-43.9065408;AVENIDA JOSÉ CÂNDIDO DA SILVEIRA;3179;;IPÊ;BELO HORIZONTE;31930029;MG;DONIZETE;rosangelo@caputo.com.br;3125173333
2393;INÁCIO AUTOPEÇAS;-19.8035084;-43.9733512;RUA ÁLVARO LICÉRIO DA COSTA;92;;NOVO LETÍCIA;BELO HORIZONTE;31620370;MG;JOSÉ INÁCIO;inacioautopecas@hotmail.com;3134532001
2394;GLEYSSON AUTOPEÇAS;-19.8064697;-43.9707753;AVENIDA BALEARES;27;;EUROPA;BELO HORIZONTE;31620310;MG;GLEYSSON;gleyssonap@hotmail.com;3134571770
2395;DVOLKS AUTOPEÇAS;-23.5492054;-46.4447795;RUA SÁBBADO D´ANGELO;1877;;ITAQUERA;SÃO PAULO;8210791;SP;RAIMUNDO;dvolkspecas@yahoo.com.br;1125359502
2396;DERBY AUTOPEÇAS;-23.5561471;-46.6035201;RUA ORVILLE DERBY;104;;MOOCA;SÃO PAULO;3112030;SP;AGUINALDO;apderby@terra.com.br;1126964393
2397;SONNIC PARTS;-23.5539159;-46.5952752;RUA DOS TRILHOS;1477;;MOOCA;SÃO PAULO;3168009;SP;MAYTHE;vendas@sonnicsound.com;1138957779
2398;MOTO ONE MOTO PEÇAS;-23.4921168;-46.4448298;PRAÇA PADRE ALEIXO MONTEIRO MAFRA;1;;SÃO MIGUEL PAULISTA;SÃO PAULO;8011010;SP;JACK;sac@motoone.com.br;1151811000
2399;MOTO ONE MOTO PEÇAS;-23.5656594;-46.5755751;RUA JABOTICABAL;1085;;VILA BERTIOGA;SÃO PAULO;3188001;SP;JOSUÉ;sac@motoone.com.br;1151811000
2400;MOTO ONE MOTO PEÇAS;-23.5474306;-46.5256770;PRAÇA ADELMAR TAVARES;8;;ARICANDUVA;SÃO PAULO;3518110;SP;MANCHA;sac@motoone.com.br;1151811000
2401;VOGOL AUTOPEÇAS;-23.5146577;-46.4889490;ESTRADA DE MOGI DAS CRUZES;1123;;PONTE RASA;SÃO PAULO;3890000;SP;NILSON;vogol@uol.com.br;1120424310
2402;VIVA CHEVROLET AUTOPEÇAS;-23.5161012;-46.4659059;AVENIDA IMPERADOR;3976;;LIMOEIRO;SÃO PAULO;8051000;SP;CRISTIAN;cristian@vivaautopecas.com.br;1120576500
2403;NEGRINHOS MOTO PEÇAS;-23.5472925;-46.5106510;AVENIDA WALDEMAR CARLOS PEREIRA;1759;;VILA MATILDE;SÃO PAULO;3533003;SP;JONATHAN;jorgenegrinhos@gmail.com;1127835699
2404;NEGRINHOS MOTO PEÇAS;-23.5540079;-46.5185650;AVENIDA ARICANDUVA;3752;;VILA CALIFORNIA;SÃO PAULO;3930110;SP;JONATHAN;jorgenegrinhos@gmail.com;1127817092
2405;CRIOULOS MOTO PEÇAS;-23.5071462;-46.4777802;AVENIDA ÁGUIA DE HAIA;4440;;VILA SORAIA;SÃO PAULO;3889000;SP;JORGE;jorgenegrinhos@gmail.com;1120477321
2406;ARAKAKI AUTOPEÇAS;-23.5437009;-46.4991978;AVENIDA SOUZA BANDEIRA;742;;VILA NHOCUNE;SÃO PAULO;3559000;SP;ROBERTO;arakakiautopecas@outlook.com;1127493251
2407;JAC AUTOPEÇAS;-23.5475075;-46.4451233;RUA SÁBBADO D´ANGELO;1687;;ITAQUERA;SÃO PAULO;8210790;SP;CAMILA;jacauto@jacauto.com.br;1125226277
2408;BRANDÃO MOTO PEÇAS;-23.6229487;-45.4265772;AVENIDA RIO BRANCO;65;;INDAIÁ;CARAGUATATUBA;11675050;SP;ELAINE;elainepicansoh@gmail.com;1238811318
2409;BRANDÃO MOTO PEÇAS;-23.6229257;-45.4266124;AVENIDA RIO BRANCO;45;;INDAIÁ;CARAGUATATUBA;11675050;SP;ELAINE;flaviabrandao16@gmail.com;1238811318
2410;DEDE AUTOPEÇAS;-22.9502353;-46.5477112;RUA DOUTOR JOSÉ HERMENEGILDO P. GUIMARÃES;334;;VILA GATO;BRAGANÇA PAULISTA;12903030;SP;ANDRÉ;dedeveronezi@hotmail.com;1140343251
2411;ZAGO AUTOPEÇAS;-22.9499760;-46.5435043;RUA BARÃO DE JUQUERY;285;;CENTRO;BRAGANÇA PAULISTA;12900000;SP;MILTON;autopzago@hotmail.com;1140331734
2412;TULLA AUTOPEÇAS;-22.9556881;-46.5393761;AVENIDA ANTONIO PIRES PIMENTEL;813;;CENTRO;BRAGANÇA PAULISTA;12914000;SP;JEFFERSON;tullaautopecas@hotmail.com;1140332171
2413;SOLMAR AUTOPEÇAS;-22.9587644;-46.5390287;AVENIDA ANTONIO PIRES PIMENTEL;1136;;CENTRO;BRAGANÇA PAULISTA;12914000;SP;FABIO;solmar@solmar.com.br;1140333127
2414;CORDOBA AUTOPEÇAS;-23.2630763;-46.5906241;RUA ARY DA SILVA;141;;TERRA PRETA;MAIRIPORÃ;76000000;SP;MARCO;marcoa.cordoba@uol.com.br;1144869727
2415;IGUAÇU AUTOPEÇAS;-23.5497242;-46.4128143;RUA SATURNINO PEREIRA;650;;GUAIANAZES;SÃO PAULO;8411000;SP;MOISÉS;igpecas@hotmail.com;1129616144
2416;PARDAL AUTOPEÇAS;-22.9431311;-46.5366160;RUA DOUTOR FREITAS;726;;MATADOURO;BRAGANÇA PAULISTA;12910340;SP;RENAN;pardalpecas@hotmail.com;1140350806
2417;JM AUTOPEÇAS;-23.5442983;-46.4253428;RUA LUIZ MATEUS;191;;JARDIM SÃO PEDRO;SÃO PAULO;8420750;SP;JORGE;jorgeemarcia75@hotmail.com;1125579818
2418;BRASÃO AUTOPEÇAS;-23.6033173;-46.9368616;AVENIDA PROFESSOR JOAQUIM BARRETO;350;;CENTRO;COTIA;6700170;SP;IVAN;gestaopecas.brasaodanka@gmail.com;1146160550
2419;PRISMA AUTOPEÇAS;-23.6054060;-47.0281664;AVENIDA ELIAS ALVES DA COSTA;149;;CENTRO;VARGEM GRANDE PAULISTA;06730-000;SP;EUDES;eudessf@globomail.com;1141591599
2420;RAPOSO AUTOPEÇAS;-23.6068709;-47.0126790;VIA RAPOSO TAVARES;S/N;KM 45;CENTRO;VARGEM GRANDE PAULISTA;06730-000;SP;MARCELO;rt.pecas@bol.com.br;1141581212
2421;FATAN MOTO PEÇAS;-23.6016441;-46.9102090;AVENIDA PROFESSOR JOSÉ BARRETO;1825;;JARDIM DINORAH;COTIA;6703000;SP;ELTON;eltonfatan@gmail.com;1146160881
2422;LOPCAR AUTOPEÇAS;-23.6058170;-47.0250828;AVENIDA PRESIDENTE TANCREDO NEVES;744;;CENTRO;VARGEM GRANDE PAULISTA;06730-000;SP;JUNIOR;lopautopecas@gmail.com;1141581265
2423;AUTOPEÇAS TIÃO;-23.4229032;-46.5200007;RUA SÉRGIO DE FIGUEIREDO FERREIRA;44;;JARDIM ADRIANA;GUARULHOS;7135167;SP;RODRIGO;tiao-autopecas@hotmail.com;1124033269
2424;ORIGINAL VANS AUTOPEÇAS;-23.4308000;-46.5374000;AVENIDA BENJAMIN HARRIS HUNNICUTT;140;;PORTAL DOS GRAMADOS;GUARULHOS;7124000;SP;AMAURI;originalvanns@gmail.com;1134283408
2425;YOSHIO AUTOPEÇAS;-23.4524168;-46.5426609;AVENIDA DOUTOR TIMÓTEO PENTEADO;1673;;VILA HULDA;GUARULHOS;7094000;SP;HUGO;nfedhm.yoshioautopecas@gmail.com;1123584423
2426;GOL AUTOPEÇAS;-24.0081477;-46.4307641;AVENIDA PRESIDENTE KENNEDY;2229;;VILA GUILHERMINA;PRAIA GRANDE;11704105;SP;NUNES;compras@lojagolautopecas.com.br;1334734800
2427;AUTOPEÇAS CENTRAL;-23.6883164;-47.0211576;RUA GERTRUDES MARIA DE CAMARGO;10;;CAUCAIA DO ALTO;COTIA;6725075;SP;MAURÍCIO;autopecascentral@uol.com.br;1146112735
2428;EXTRAPEÇAS AUTOPEÇAS;-23.6394644;-46.7951800;ESTRADA KIZAEMON TAKEUTI;2012;;PARQUE SÃO JOAQUIM;TABOÃO DA SERRA;6775002;SP;NILSON;extrapecas@hotmail.com;1141387192
2429;PARQUE AUTOPEÇAS;-23.6475828;-46.8152803;AVENIDA ROTARY;2816;;PARQUE PIRAJUSSARA;EMBU DAS ARTES;06810-240;SP;DIEGO;diego@parque-pecas.com;1147047084
2430;RENAME CAR AUTOPEÇAS;-23.6335159;-46.5135155;AVENIDA MARTIM FRANCISCO;192;;JARDIM MARAVILHAS;SANTO ANDRÉ;9230700;SP;BRUNO;renamecar@hotmail.com;1127748666
2431;NIPPO MOTOS;-23.6826183;-46.5217339;RUA CARIJÓS;1393;;VILA ALZIRA;SANTO ANDRÉ;9180000;SP;NELSON;nippomotos@bol.com.br;1144517297
2432;CHUCKY AUTOPEÇAS;-23.6330852;-46.5139288;AVENIDA MARTIM FRANCISCO;267;;VILA FRANCISCO MATARAZZO;SANTO ANDRÉ;9230700;SP;SÉRGIO;autopecasjacomassiltda@hotmail.com;1144724020
2433;ASTRA AUTOPEÇAS;-23.6663449;-46.4786706;RUA PRESIDENTE ARTHUR COSTA E SILVA;142;;PARQUE SÃO VICENTE;MAUÁ;9371490;SP;ALBERTO;marisa.astra@hotmail.com;1134584021
2434;EURO MOTOS;-23.2523405;-45.8861281;AVENIDA CIDADE JARDIM;4430;;JARDIM PORTUGAL;SÃO JOSÉ DOS CAMPOS;12232000;SP;GABRIELE;euromotossjc@gmail.com;1239346838
2435;SHOPPING DUAS RODAS;-23.2030800;-45.8851258;AVENIDA DOUTOR NELSON D'AVILLA;1880;;JARDIM SÃO DIMAS;SÃO JOSÉ DOS CAMPOS;12245000;SP;FÁBIO;shoppingduasrodassjc@hotmail.com;1232072787
2436;MONZA AUTOPEÇAS;-23.1846190;-45.8741203;AVENIDA BRASIL;795;;MONTE CASTELO;SÃO JOSÉ DOS CAMPOS;12215000;SP;CARLOS;alemaomonza@bol.com.br;1239226161
2437;ETOL MOTOS;-23.1862802;-45.8719400;AVENIDA PRESIDENTE JUSCELINO KUBITSCHEK;4899;;MONTE CASTELO;SÃO JOSÉ DOS CAMPOS;12215380;SP;JOSÉ LUIS;luisbritosilva@hotmail.com;1239231200
2438;ETOL MOTOS;-23.1015244;-45.7019290;RUA DOM PEDRO II;170;;VILA RESENDE;CAÇAPAVA;12282370;SP;OSCAR;etolmotos@hotmail.com;1236533067
2439;SASAKI AUTOPEÇAS;-23.2990105;-45.9602824;AVENIDA SIQUEIRA CAMPOS;357;;CENTRO;JACAREÍ;12308190;SP;GERSON;apsasaki@gmail.com;1239519888
2440;STREET MOTOS;-23.2996436;-45.9562588;RUA BARÃO DE JACAREÍ;1243;;PARQUE ITAMARATI;JACAREÍ;12307460;SP;JOSÉ AUGUSTO;zezinho.brandao@yahoo.com.br;1239527526
2441;RT7 MOTOS;-23.2428675;-45.9069883;AVENIDA BACABAL;1950;;PARQUE INDUSTRIAL;SÃO JOSÉ DOS CAMPOS;12235680;SP;CHARLES;rt7motossjc2018@gmail.com;1233077707
2442;ALDO AUTOPEÇAS;-23.2987330;-45.9553950;AVENIDA BARÃO DE JACAREÍ;1369;;PARQUE ITAMARATI;JACAREÍ;12307490;SP;DAVID;davidhrq@hotmail.com;1239513768
2443;BRANDÃO MOTOS;-23.1884630;-45.8769225;AVENIDA PEDRO ALVARES CABRAL;581;;JARDIM PAULISTA;SÃO JOSÉ DOS CAMPOS;12216000;SP;LUCIANO;brandao3luciano@gmail.com;1239234652
2444;BRANDÃO MOTOS;-23.2293018;-45.8830218;AVENIDA CASSIOPÉIA;280;;JARDIM SATÉLITE;SÃO JOSÉ DOS CAMPOS;12230010;SP;LUCIANO;brandao3luciano@gmail.com;1239021032
2445;OLIPEÇAS;-22.9414829;-47.1079901;AVENIDA RUY RODRIGUES;1245;;CAMPOS ELÍSEOS;CAMPINAS;13057640;SP;ALEXANDRE;olipecas@hotmail.com;1930322507
2446;R.C. PEÇAS;-22.9397500;-47.1075814;AVENIDA RUY RODRIGUES;1052;;JARDIM NOVO CAMPOS ELÍSEOS;CAMPINAS;13060192;SP;RENATO;autopecasrc@gmail.com;1932239200
2447;CAMPVANS AUTOPEÇAS;-22.9398915;-47.1094364;AVENIDA CARLOS LACERDA;233;;JARDIM SANTA LUCIA;CAMPINAS;13060518;SP;BRUNA;campvanss@gmail.com;1933673003
2448;TOTAL AUTOPEÇAS;-22.9144326;-47.1021786;RUA ANTONIO FERREIRA LARANJA;13;;JARDIM GARCIA;CAMPINAS;13061090;SP;THIAGO;totalautopecas@yahoo.com.br;1932674943
2449;TREVO AUTOPEÇAS;-22.8916285;-47.0783942;RUA SANTO ANTÔNIO CLARET;193;;JARDIM CHAPADÃO;CAMPINAS;13070145;SP;EDVALDO;trevocamp@terra.com.br;1925190749
2450;APPENDIESEL AUTOPEÇAS;-23.1212319;-47.2201410;RUA JOSÉ CARLOS GEISS;44;;RECREIO CAMPESTRE JOIA;INDAIATUBA;13347020;SP;GUILHERME;financeiro@appendiesel.com.br;1939363900
2451;HORTOPEÇAS;-22.8929525;-47.1758028;RUA ORLANDO GIRARDELLI;122;;JARDIM SANTA IZABEL;HORTOLÂNDIA;13185240;SP;TADEU;hortopecavendas@hotmail.com;1938871036
2452;IBRASILEIRA AUTOPEÇAS;-22.8793801;-47.1969807;RUA LÍBERO BADARÓ;277;;JARDIM BOSQUE;HORTOLÂNDIA;13186260;SP;EDNA;em-silva1965@uol.com.br;1938874173
2453;AUTOPEÇAS FUJIMURA;-22.8648796;-47.2090659;RUA JOSÉ AGOSTINHO;15;;JARDIM SANTANA;HORTOLÂNDIA;13184510;SP;FLAVIO;flavio.tadashi@hotmail.com;1938651143
2454;GEDU AUTOPEÇAS;-22.8524786;-47.1857670;RUA RAIMUNDA MARIA CIPRIANO;131;;JARDIM BOM RETIRO;SUMARÉ;13181653;SP;JOSÉ IVO;gedu.pecas@gmail.com;1938323414
2455;COMAUTO AUTOPEÇAS;-23.2875790;-47.3058053;AVENIDA CAETANO RUGGIERI;1080;;PARQUE RESIDENCIAL MAYARD;ITU;13311440;SP;JULIO;comautoautopecas@terra.com.br;1140231929
2456;LACERDA AUTOPEÇAS;-23.2019533;-46.7932047;AVENIDA MANOEL TAVARES DA SILVA;869;;VILA TAVARES;CAMPO LIMPO PAULISTA;13230110;SP;ALEXSANDRO;lacerdaautopecas@hotmail.com;1148127292
2457;LAU AUTOPEÇAS;-23.2020936;-46.7840597;AVENIDA ADHERBAL DA COSTA MOREIRA;595;;JARDIM AMÉRICA;CAMPO LIMPO PAULISTA;13231190;SP;LAUDEMIR;lauautopecas@uol.com.br;1140391856
2458;RAMON AUTOPEÇAS;-23.1052566;-46.7259878;AVENIDA ERNESTO DE MORAES;60;;CENTRO;JARINU;13240000;SP;HENRIQUE;compraramonautopecas@terra.com.br;1140163691
2459;TUPÃ AUTOPEÇAS;-23.4045400;-46.7416158;AVENIDA FIORELLI PECCICACCO;686;;VILA FANTON;SÃO PAULO;05201-050;SP;ULISSES;autopecastupa@gmail.com;1139170779
2460;AVENIDA AUTOPEÇAS;-23.2040017;-46.7976421;AVENIDA DOM PEDRO I;1477;;JARDIM GUANCIALE;CAMPO LIMPO PAULISTA;13236000;SP;CARLOS;fabianodelgado69@gmail.com;1148122991
2461;JODAVI AUTOPEÇAS;-23.4506898;-46.7350858;ESTRADA DE TAIPAS;618;;JARDIM RINCÃO;SÃO PAULO;2991000;SP;RODRIGO;jodavi.compras@hotmail.com;1139414521
2462;PEQUENOS AUTOPEÇAS;-23.2097768;-46.8295154;AVENIDA DUQUE DE CAXIAS;49;;CENTRO;VÁRZEA PAULISTA;13220015;SP;FABIO;adm.pequenosloja2@gmail.com;1146062529
2463;T&G MOTO AUTOPEÇAS;-23.5206911;-46.8427927;AVENIDA RUI BRBOSA;1361;;CENTRO;CARAPICUÍBA;6311000;SP;THIAGO;tgmotos_mercado@hotmail.com;(11) 94787-9566
2464;CONDOR AUTOPEÇAS;-23.5043662;-46.7695684;AVENIDA PRESIDENTE MÉDICI;2159;;VILA MENCK;OSASCO;6273000;SP;LUIZ;condorautopecas@gmail.com;1136860933
2465;JOBCAR AUTOPEÇAS;-23.5107200;-46.7777800;AVENIDA CRUZEIRO DO SUL;1152;;ROCHDALE;OSASCO;6226006;SP;TIKA;jobcarcompras@gmail.com;1136023000
2466;STRINGHINI AUTOPEÇAS;-23.5236079;-46.8438685;AVENIDA RUI BRBOSA;1860;;CENTRO;CARAPICUÍBA;6311001;SP;PEDRO;pedrostringhini@ig.com.br;1141844820
2467;IDEAL AUTOPEÇAS;-23.5238038;-46.8437672;AVENIDA RUI BRBOSA;1881;;CENTRO;CARAPICUÍBA;6311001;SP;JOÃO VITOR;idealautopecas@hotmail.com;1141853488
2468;MARTINS VANS AUTOPEÇAS;-23.5233604;-46.8434767;AVENIDA RUI BRBOSA;1785;;CENTRO;CARAPICUÍBA;6311001;SP;CEZAR;martinsvans2016@hotmail.com;(11) 99808-3339
2469;GOMES TAVARES AUTOPEÇAS;-23.5041465;-46.7877217;AVENIDA PRESIDENTE MÉDICI;14;;JARDIM ALIANÇA;OSASCO;6268000;SP;LEONARDO;foxtavares@uol.com.br;1136863213
2470;JL PARAFUSOS;-9.5259466;-36.9860183;RUA ANTÔNIO WANDERLEY;87;;CENTRO;MAJOR ISIDORO;57580000;AL;LEYWISON;jl.parafusos@hotmail.com;8296504974
2471;PEREIRA AUTO MOTOS;-9.5317219;-36.9869569;RUA ANTÔNIO PEREIRA DE SOUZA;336;;CENTRO;MAJOR ISIDORO;57580000;AL;JUNIOR;pereiraautomotos5285@gmail.com;8296447071
2472;REI DAS MOTOS;-5.0975528;-42.8058917;AVENIDA JOAQUIM RIBEIRO;1735;;CENTRO;TERESINA;64001480;PI;VALTER;reidasmotos2021@gmail.com;8632238100
2473;PODIO MOTO PEÇAS;-16.3473006;-48.9445115;AVENIDA SEBASTIÃO PEDRO JUNQUERA;1705;QD 06 LT 03;JARDIM AMERICA;ANÁPOLIS;75115390;GO;CARLOS;carloseduardofile@hotmail.com;6230983118
2474;FOGUEIRA MOTO PEÇAS;-16.3161587;-48.9517537;AVENIDA UNIVERSITÁRIA;S/N;QD 34 LT 06;VILA SANTA ISABEL;ANÁPOLIS;75080150;GO;VITOR;wjpfogueira@hotmail.com;6233245192
2475;GOPEÇAS;-16.3164567;-48.9441330;RUA G 18;S/N;QD 24 LT 09;CIDADE JARDIM;ANÁPOLIS;75080450;GO;WESLEY;gopecas@outlook.com;6281790702
2476;PRONTO AUTOPEÇAS;-16.6143562;-49.3440358;AVENIDA DO POVO;1536;;JARDIM LIBERDADE;GOIÂNIA;74475675;GO;RICARDO;raricardomoura60@gmail.com;6235762138
2477;AUTOPEÇAS MUNDIAL;-16.3119449;-48.9437770;AVENIDA BRASIL NORTE;2290;;CIDADE JARDIM;ANÁPOLIS;75080240;GO;MILSON;mundial__@pecas@hotmail.com;6239434257
2478;AUTO SCAPE;-16.3286490;-48.9534080;AVENIDA BRASIL;3124;QD 28 LT 09;SETOR SUL JAMIL MIGUEL;ANÁPOLIS;75115260;GO;ROMULO;escape.som.acessorios@gmail.com;6233147575
2479;UNIPEÇAS;-16.2867503;-48.9707934;AVENIDA FERNADO COSTA;805;;VILA JAIARA;ANÁPOLIS;74064780;GO;WILSON;wilson.mr.1@hotmail.com;6233191879
2480;AUTOPEÇAS GOIAKA;-16.6064444;-49.3096246;AVENIDA GOIÁS;S/N;QD 16 LT 05;RECANTO DO BOSQUE;GOIÂNIA;74474310;GO;WESLEY;we.lita@gmail.com;6235180212
2481;CORIBE;-16.6176607;-49.3220833;AVENIDA MANGALÔ;1585;;MORADA DO SOL;GOIÂNIA;74475115;GO;EDILSON;edilson-neres@outlook.com;6235178744
2482;IMPAKTO MOTO PEÇAS;-16.6297007;-49.3276279;AVENIDA MANGALÔ;52;;FINSOCIAL;GOIÂNIA;74475115;GO;JOÃO CLEBER;jcimpaktomotos@hotmail.com;6232920022
2483;ATACADÃO DISTRIBUIDORA DE PEÇAS;-16.6335226;-49.3295681;RUA LAGO AZUL;370;;JARDIM LAGO AZUL;GOIÂNIA;74474720;GO;ARISTIDES;atacadaodistribuidormotopecas@gmail.com;6232025548
2484;GOIÁS AUTOPEÇAS;-13.4631001;-49.1566814;AVENIDA BELÉM BRASÍLIA;293;;CENTRO;PORANGATU;76550000;GO;KLEBER;kleberpgtu@hotmail.com;6233671508
2485;CHINA AUTOPEÇAS;-13.4378645;-49.1447101;AVENIDA ADELINO AMÉRICO DE AZEVEDO;27;;CENTRO;PORANGATU;76550000;GO;ANTENOR;chinautopecas@hotmail.com;6233672007
2486;AUTOPEÇAS SÃO JOSÉ;-13.4338966;-49.1429260;AVENIDA ADELINO AMÉRICO DE AZEVEDO;S/N;QD 05 LT 02;VILA BARROS;PORANGATU;76550000;GO;GERALDO;autopecasmecanicasaojose@gmail.com;6233631046
2487;DEVAUTO;-13.4371069;-49.1442342;AVENIDA ADELINO AMÉRICO DE AZEVEDO;237;;CENTRO;PORANGATU;76550000;GO;VALDIR;devautogo@gmail.com;6233623747
2488;AUTOPEÇAS CHINA;-13.4329160;-49.1424015;RUA 2;36;;CENTRO;PORANGATU;76550000;GO;AUGUSTO;chinacentroautomotivo@hotmail.com;6233672600
2489;LIBERAUTO;-16.3075667;-48.9424895;RUA FRANÇA;100;QD 43 LT 04;BOA VISTA;ANÁPOLIS;75075120;GO;DERMIVAL;liberautoa.pecascom@hotmail.com;6239432021
2490;NACIONAL AUTOPEÇAS;-16.3110070;-48.9495820;AVENIDA UNIVERSITÁRIA;1264;;VILA SANTA ISABEL;ANÁPOLIS;75080150;GO;UILSOMAR;nacionalpecas1190@yahoo.com.br;6233246684
2491;AUTOPEÇAS CAPITAL;-16.6019149;-49.3213246;RUA 3;377;QD 04 LT 17;ESTRELA DALVA;GOIÂNIA;74475296;GO;EPAMINONDAS;novaautocapital@hotmail.com;6235194488
2492;LIBER AUTOPEÇAS;-16.6146218;-49.3455890;AVENIDA DO POVO;S/N;QD 51 LT 14;JARDIM LIBERDADE;GOIÂNIA;74475425;GO;ELSIMAR;elsimarsilva86@gmail.com;6235760864
2493;MW AUTOPEÇAS;-16.6051131;-49.3363387;RUA JC 10;S/N;QD 87 LT 18;JARDIM CURITIBA;GOIÂNIA;74475425;GO;WELLITON;maristelammrosa@hotmail.com;6239987079
2494;CELMA DIESEL AUTOPEÇAS;-16.3482430;-48.9362972;AVENIDA JK;2575;;JK NOVA CAPITAL;ANÁPOLIS;75110390;GO;CÂNDIDO;celmadiesel@hotmail.com;6233141048
2495;JB PNEUS;-16.3350389;-48.9517770;AVENIDA BRASIL SUL;585;;CENTRO;ANÁPOLIS;75123390;GO;ANA LUIZA;jbpneusanapolis@hotmail.com;6233147742
2496;SANTO ANTÔNIO AUTOPEÇAS;-13.4329160;-49.1424015;RUA 2;54;;SETOR CENTRAL;PORANGATU;76550000;GO;GENIVALDO;santoantoniopecas@gmail.com;6233671243
2497;AUTOPEÇAS SANTO ANTÔNIO;-13.4329160;-49.1424015;RUA 2;52;;SETOR CENTRAL;PORANGATU;76550000;GO;REINALDO;reinaldopgtu@gmail.com;6285984361
2498;KINGS PNEUS;-14.5334560;-49.1580919;RODOVIA BR 153;201;KM 980;SETOR OESTE;URUAÇU;76400000;GO;ENOC ANTONIO;kingspneus@gmail.com;6233571668
2499;AUTOPEÇAS DO DILSON;-14.5246488;-49.1468996;RUA 1;20;QD 10 LT 02;SÃO SEBASTIÃO;URUAÇU;76400000;GO;DILSON;autopecasdilson@hotmail.com;6233573154
2500;AUTOFIAT;-14.5211962;-49.1523542;AVENIDA CORONEL GASPAR;S/N;QD 50 LT 12;SETOR SUL 1;URUAÇU;76400000;GO;JOSÉ TOMÁZ;autofiat05@gmail.com;6233572647
2501;AUTOPEÇAS BARRETOS;-14.5235751;-49.1539965;AVENIDA WEIMAR BARROSO;18;;SÃO SEBASTIÃO;URUAÇU;76400000;GO;HEIDER;autopecasbarretos@hotmail.com;6233571135
2502;AUTOPEÇAS DO ZÉ PINTO;-14.5089087;-49.1472297;AVENIDA CORONEL GASPAR;202;;SETOR CENTRAL;URUAÇU;76400000;GO;ZÉ PINTO;oficinadozepinto@hotmail.com;6233571686
2503;AUTOPEÇAS 2 IRMÃOS;-14.5430751;-49.1617356;AVENIDA BELÉM BRASÍLIA;S/N;QD 06 LT 07;BOA VISTA;URUAÇU;76400000;GO;PAULO;doisirmaos_51@gmail.com;6233576129
2504;PINTOR AUTOPEÇAS;-14.5084238;-49.1471011;AVENIDA CORONEL GASPAR;152;;SETOR CENTRAL;URUAÇU;76400000;GO;VALDEMILSON;pintorautopecas@hotmail.com;6233576096
2505;AUTOPEÇAS DAMASCO;-14.5229760;-49.1552440;AVENIDA WEIMAR BARROSO;S/N;QD 18 LT 15;SÃO SEBASTIÃO;URUAÇU;76400000;GO;MARCELA;oficinaautopecasdasco@hotmail.com;6233571212
2506;INTERLAGOS AUTOPEÇAS;-14.5229889;-49.1556217;AVENIDA WEIMAR BARROSO;27;;SÃO SEBASTIÃO;URUAÇU;76400000;GO;THIAGO;interlagos.go@hotmail.com;6233576436
2507;AUTOPEÇAS PAULINHO;-14.5211962;-49.1523542;AVENIDA CORONEL GASPAR;S/N;QD 50 LT 14;SETOR SUL;URUAÇU;76400000;GO;EDUARDO;autopecas.eduardo@hotmail.com;6233574130
2508;AUTOPEÇAS BEATRIZ;-14.5430751;-49.1617356;RODOVIA BR 153;S/N;QD 04 LT 10;NOSSO SENHORA DA ABADIA;URUAÇU;76400000;GO;SUZIELLI;apbeatrizmania@hotmail.com;6233571462
2509;W  SPORT MOTOS;-14.5302132;-49.1574459;AVENIDA CORONEL GASPAR;1111;QD 50 LT 17;SETOR SUL;URUAÇU;76400000;GO;WENDERSON;wsportmotopecas@hotmail.com;6233573583
2510;URUPEÇAS;-14.5334560;-49.1580919;RODOVIA BR 153;201;;VILA MANDACARU;URUAÇU;76400000;GO;SEBASTIÃO;urupecas@gmail.com;6233572472
2511;KAIUA MOTO PEÇAS;-2.9860575;-60.0029192;AVENIDA 7 DE MAIO;1814;;SANTA ETELVINA;MANAUS;69059140;AM;RACHEL;kaiuaferragens@hotmail.com;9232287492
2512;CARVALHO AUTOPEÇAS;-3.0420039;-60.0087484;AVENIDA MAX TEIXEIRA;159;;COLÔNIA SANTO ANTÔNIO;MANAUS;69093770;AM;MIQUEAS;miqmarti@live.com;9235812179
2513;ROTHA AUTO PARTES;-3.0457625;-59.9607652;AVENIDA CORONEL SILVIO BELOTA;10;A;NOVO ALEIXO;MANAUS;69098270;AM;SIGLIA;rothaautopartes@gmil.com;9236131660
2514;CAMALEÃO AUTOPEÇAS;2.8170396;-60.7351707;AVENIDA GENERAL ATAÍDE TEIVE;6127;;CAMBARÁ;BOA VISTA;69313432;RR;JOSIEL;camaleaoautopecas.rr@hotmail.com;9536277700
2515;AUTOPEÇAS VERONA;2.8170275;-60.7358056;AVENIDA GENERAL ATAÍDE TEIVE;6193;;CAMBARÁ;BOA VISTA;69313432;RR;CLAUDEYRTON;autopverona@hotmail.com;9536288882
2516;AUTOPEÇAS AMAZONAS;2.8069063;-60.6913699;AVENIDA VENEZUELA;159;A;PRICUMÃ;BOA VISTA;69309690;RR;LEONARDO;autopamazonas20@gmail.com;9536264609
2517;CASA DAS PEÇAS;2.8068215;-60.6916187;AVENIDA VENEZUELA;143;SALA C;PRICUMÃ;BOA VISTA;69309690;RR;JOAQUIM;autopecasfordltda@gmail.com;9536264640
2518;MUNDO DAS PEÇAS;2.8068215;-60.6916187;AVENIDA VENEZUELA;143;;PRICUMÃ;BOA VISTA;69309690;RR;JOAQUIM;autopecasfordltda@gmail.com;9536264640
2519;MACACO AUTOPEÇAS;2.8070530;-60.6894958;AVENIDA DAS GUIANAS;1722;;SÃO VICENTE;BOA VISTA;69303485;RR;ALBERTO;aubertofernandes2650@hotmail.com;9536251317
2520;RR MOTO PEÇAS;2.8173985;-60.7348265;AVENIDA GENERAL ATAÍDE TEIVE;6070;;DR SILVIO LEITE;BOA VISTA;69314292;RR;FELIPE;lfbinsfeld@yahoo.com;9536278181
2521;MOTOX MOTO PEÇAS;2.8203583;-60.6933673;RUA SEVERINO RIBEIRO;159;;MECEJANA;BOA VISTA;69304480;RR;ANA;motox.boavista@gmail.com;9536265443
2522;JC MOTO PEÇAS;2.8166240;-60.7468067;AVENIDA GENERAL ATAÍDE TEIVE;7412;;ALVORADA;BOA VISTA;69317182;RR;JUNIOR;jcmotopecas2016@gmail.com;9536286565
2523;JACARÉ AUTOPEÇAS;2.8086860;-60.6915152;AVENIDA VENEZUELA;380;;PRICUMÃ;BOA VISTA;69309690;RR;MARLON;vendas@jacareauto.com.br;9536265761
2524;HC AUTOMOTIVO;-12.0936583;-45.7984250;RUA IRARA NÚMERO;110;;SANTA CRUZ I;LUÍS EDUARDO MAGALHÃES;47850000;BA;FABIO AUGUSTO;comercial@hcautomotivo.com.br;7736281494
2525;HC AUTOMOTIVO;-12.1472067;-44.9808278;RUA ANTONIO COITÉ FILHO, NÚMERO;42;;JARDIM OURO BRANCO;BARREIRAS;47802273;BA;FABIO AUGUSTO;comercial@hcautomotivo.com.br;7798187076
2526;RADIADORES MARIOTTO;-12.0878464;-45.7682063;RODOVIA BR 020 KILOMETRO;206;ANEXO AO POSTO 020;ALTO DA LAGOA;LUÍS EDUARDO MAGALHÃES;47850000;BA;CLEITON MARIOTTO;radiadoresmariotto@hotmail.com;7791511577
2527;TRIELLE AUTOPEÇAS;-15.6376734;-47.8302239;AVENIDA CENTRAL CONJUNTO 01 LOTE;9;SETOR OESTE;SOBRADINHO I;BRASÍLIA;73060100;DF;LEVÍ SILVA;trielleap@hotmail.com;6134831218
2528;GUARÁ AUTOPEÇAS;-15.8717358;-47.9643910;ÁREA ESPECIAL 2A CONJUNTO C LOTES;3;SETOR DE OFICINAS;GUARÁ;BRASÍLIA;71070633;DF;FRANCISCO ALVES;guaraautopecas@gmail.com;6133812434
2529;WCB PEÇAS;-12.1477483;-44.9953475;RUA DA LIBERTAÇÃO NÚMERO;384;;NOVO HORIZONTE;BARREIRAS;47802401;BA;WEDSON CASTRO;wecaba@bol.com.br;7736124823
2530;DI BARREIRAS AUTOPEÇAS;-12.0793906;-45.8010161;RUA SÃO FRANCISCO NÚMERO;1896;;MIMOSO DO OESTE;LUÍS EDUARDO MAGALHÃES;47850000;BA;CLECIO CAMACAM;dibarreiraslem@outlook.com;7736286987
2531;CARRO & CIA AUTOPEÇAS;-12.0930983;-45.7965334;RUA ITACARÉ NÚMERO;151;;SANTA CRUZ I;LUÍS EDUARDO MAGALHÃES;47850000;BA;CLECIO CAMACAM;carroecialem@hotmail.com;7736180014
2532;NOVA AUTOPEÇAS;-12.1496166;-44.9988327;RUA 26 DE MAIO NÚMERO;363;;SETOR CENTRAL;BARREIRAS;47805090;BA;RILDO OLIVEIRA;novaautopecas@bol.com.br;7736122299
2533;NOVA REDE PEÇAS AUTOMOTIVAS;-15.8002068;-47.9899889;SETOR STRC TRECHO 04 CONJUNTO B LOTE;18;SETOR DE CARGAS;GUARÁ;BRASÍLIA;71225542;DF;RENATO ALMEIDA;renato.redepecas@gmail.com;6121041699
2534;NOVA REDE PISTÃO SUL;-15.8678505;-48.0325254;QUADRA CSG 07 LOTE;2;PISTÃO SUL;TAGUATÍNGA SUL;BRASÍLIA;72035507;DF;RENATO ALMEIDA;renato.redepecas@gmail.com;6121915016
2535;AUTO PRATENSE;-29.1732580;-51.5224354;TRAVESSA ITAQUI;61;;CIDADE ALTA;BENTO GONÇALVES;95700336;RS;MARCELO;vendas@autopratense.com.br;5434555436
2536;AUTO PRATENSE;-29.7181124;-52.4446323;RUA VILLA LOBOS;75;SALA 02;GOIÁS;SANTA CRUZ DO SUL;96810482;RS;SANDRO;vendas@autopratense.com.br;5121063236
2537;AUTO PRATENSE;-29.9908843;-51.1170220;RUA BECO JOSÉ PARIS;459;;SARANDI;PORTO ALEGRE;91140310;RS;RONI;vendas@autopratense.com.br;5121023333
2538;AUTO PRATENSE;-29.7074421;-53.8145164;AVENIDA HÉVIO BASSO;1277;;NOSSA SENHORA MEDIANEIRA;SANTA MARIA;97070805;RS;GABRIEL;vendas@autopratense.com.br;5521015936
2539;AUTO PRATENSE;-29.7106241;-51.1303349;AVENIDA PEDRO ADAMS FILHO;2401;;OURO BRANCO;NOVO HAMBURGO;93415015;RS;SANDRO;vendas@autopratense.com.br;5135537800
2540;MARAFON AUTOPEÇAS;-29.9516644;-51.1744506;RUA PRIMEIRO DE MAIO;178;;NITERÓI;CANOAS;92120220;RS;VIDINEI;marafonniteroinfe@gmail.com;5134755278
2541;GRINGO AUTOPEÇAS;-29.9554254;-51.1708117;RUA JÚLIO DE CASTILHOS;524;;NITERÓI;CANOAS;92120030;RS;ERNANI;ernaniluissani@gmail.com;5134755100
2542;TOIGO AUTOPEÇAS;-29.9631092;-51.1815402;RUA MAUÁ;480;;RIO BRANCO;CANOAS;92200190;RS;SABINO;toigo@toigoautocenter.com.br;5134762680
2543;AUTOPEÇAS BRASIL;-29.9030921;-51.1884691;AVENIDA RIO GRANDE DO SUL;862;;MATHIAS VELHO;CANOAS;92340160;RS;LICEU;autopecasbrasil@terra.com.br;5134727611
2544;AUTOPEÇAS ANÁPOLIS;-14.4648852;-48.4643651;AVENIDA PRESIDENTE GETÚLIO VARGAS;205;;JARDIM IPANEMA;NIQUELÂNDIA;76420000;GO;REGINALDO;apanapolis@uol.com.br;6233541490
2545;SOPEL;-14.4645646;-48.4645735;AVENIDA PRESIDENTE GETÚLIO VARGAS;213;;JARDIM IPANEMA;NIQUELÂNDIA;76420000;GO;AILTON;sopeleletrica@hotmail.com;6233545590
2546;AUTOPEÇAS FORTALEZA;-14.4651289;-48.4639075;AVENIDA PRESIDENTE GETÚLIO VARGAS;202;;JARDIM IPANEMA;NIQUELÂNDIA;76420000;GO;JOSMAR;jgcautopecas@hotmail.com;6233541884
2547;PAULIM AUTOPEÇAS;-14.4653106;-48.4641646;AVENIDA PRESIDENTE GETÚLIO VARGAS;199;;JARDIM IPANEMA;NIQUELÂNDIA;76420000;GO;PAULIM;paulimautopecas@hotmail.com;6233542525
2548;BASA AUTOPEÇAS;-14.4656306;-48.4635392;AVENIDA PRESIDENTE GETÚLIO VARGAS;188;;JARDIM IPANEMA;NIQUELÂNDIA;76420000;GO;GERLAN;basaautopecas@hotmail.com;6233543369
2549;AUTOPEÇAS ATALAIA;-14.4645522;-48.4683696;RUA ANAPOLINA;57;;JARDIM IPANEMA;NIQUELÂNDIA;76420000;GO;ROGERIO;rogeriosav@hotmail.com;6233541320
2550;AUTOPEÇAS TOTONHO;-14.4650137;-48.4642611;AVENIDA PRESIDENTE GETÚLIO VARGAS;203;;JARDIM IPANEMA;NIQUELÂNDIA;76420000;GO;TOTONHO;aptotonho@hotmail.com;6233541054
2551;V.MAX MOTO PECAS;-15.3097840;-49.6010078;AVENIDA BRASIL;536;QD. 04 LT 04;CENTRO;CERES;75903460;GO;DIVINO;vmaxceres@hotmail.com;6284304933
2552;SULCAR AUTOPEÇAS;-15.3111033;-49.5909704;AVENIDA RUI BARBOSA;26;;CENTRO;CERES;76300000;GO;VANDEIR;sulcarcontas@gmail.com;6233071196
2553;SILVA AUTOPEÇAS;-15.3081452;-49.5927113;AVENIDA BERNARDO SAYÃO;344;;CENTRO;CERES;76300000;GO;PAULINHO;pneusmichelin@centroautomotivosilva.com;6233072828
2554;NEGUINHO AUTOPEÇAS;-15.3107918;-49.5905198;AVENIDA RUI BARBOSA;126;;CENTRO;CERES;76300000;GO;EMERSON;jalima8521@yahoo.com;6233232023
2555;BRUNO AUTOPEÇAS;-15.3103325;-49.5914829;AVENIDA BERNARDO SAYÃO;76;;CENTRO;CERES;76300000;GO;BRUNO;supertrocaautoservice@hotmail.com;6233231434
2556;MOTO E CIA;-15.3156933;-49.5870861;AVENIDA BERNARDO SAYÃO;298;;CENTRO;RIALMA;76310000;GO;LUCIANO;ucianomotoecia@gmail.com;6233971122
2557;JEOVÁ MOTO PEÇAS;-15.3167589;-49.5856483;AVENIDA BERNARDO SAYÃO;487;;CENTRO;RIALMA;76310000;GO;JEOVA;paulinhaborges_26@hotmail.com;6284576061
2558;CINTRA AUTOPEÇAS;-15.3190633;-49.5838064;RUA 17;108;;CENTRO;RIALMA;76310000;GO;JOÃO;cintrapecas@hotmail.com;6233972885
2559;RUBIAUTO;-15.1663568;-49.8054789;PRAÇA BABACU;54;;CENTRO;RUBIATABA;76350000;GO;ALESSANDRO;alessandromurilo@msn.com;6233252643
2560;AUTOPEÇAS MENDES;-15.1612640;-49.7966069;AVENIDA ABACATEIRO;S/N;QD 113 LT 26;CENTRO;RUBIATABA;76350000;GO;ALINE;aline-piresmendes@hotmail.com;6233251333
2561;MOTO PEÇAS RODRIGUES;-15.1594868;-49.7987655;AVENIDA AROEIRA;955;;SETOR AEROPORTO;RUBIATABA;76350000;GO;DANIEL;danielrsilva@hotmail.com;6299121044
2562;DUTRA AUTOPEÇAS;-15.4516030;-49.5044982;RUA BELÉM;S/N;;VILA REDENÇÃO;RIANÁPOLIS;76315000;GO;LUCIANO;lucianoautopecasdutra@gmail.com;6233483169
2563;MARIPEÇAS;-15.5056314;-49.6813041;AVENIDA JOSÉ ALVES TOLEDO;1418;QD 08 LT 08;CENTRO;URUANA;76335000;GO;NILSON;maripecas_uruana@hotmail.com;6233587468
2564;COMANDO AUTOPEÇAS;-18.0127875;-49.3666082;RUA MINAS GERAIS;930;;CENTRO;GOIATUBA;75600000;GO;SANDRO;comandoautopecas@hotmail.com;6434951400
2565;AUTOPEÇAS GOIAZAGO;-18.0121674;-49.3621943;RUA MINAS GERAIS;1121;;CENTRO;GOIATUBA;75600000;GO;EURIPEDES;autopecasgoiazagogtba@hotmail.com;6434951621
2566;REAL AUTOPEÇAS;-18.3976044;-49.2209935;AVENIDA DOUTOR CELSO MAEDA;321;;AFONSO PENA;ITUMBIARA;75513477;GO;THIAGO;realautoeletrica@yahoo.com.br;6434313531
2567;CASTRILLON AUTOPEÇAS;-7.0509965;-55.4099927;AVENIDA ISAÍAS ANTUNES PINHEIRO;S/N;QD 188;BELA VISTA;NOVO PROGRESSO;68193000;PA;DOUGLAS;gerencia.npg@castrillon.com.br;9335280011
2568;CASTRILLON AUTOPEÇAS;-4.2696905;-55.9892309;RODOVIA TRANSAMAZÔNICA;S/N;KM 03;SANTO ANTÔNIO;ITAÍTUBA;68180010;PA;MARCELO;gerencia.itb@castrillon.com.br;6599073011
2569;JONAS PNEUS;-29.9506234;-51.0007699;AVENIDA CENTENÁRIO;171;;PASSO DAS PEDRAS;GRAVATAÍ;94035240;RS;LISIANE;financeiro01@jonaspneus.com.br;5130422000
2570;JONAS PNEUS;-29.9398058;-50.9974660;AVENIDA DORIVAL CÂNDIDO LUZ DE OLIVEIRA;261;;CENTRO;GRAVATAÍ;94030001;RS;VALERIA;financeiro01@jonaspneus.com.br;5130471144
2571;JONAS PNEUS;-29.9579300;-51.1092309;AVENIDA GENERAL FLORES DA CUNHA;187;;JARDIM AMERICA;CACHOEIRINHA;94910001;RS;CAIO;financeiro01@jonaspneus.com.br;5134690169
2572;JONAS PNEUS;-30.0822316;-51.2124774;AVENIDA TERESÓPOLIS;3408;;TERESÓPOLIS;PORTO ALEGRE;90870001;RS;ROBERTO;financeiro01@jonaspneus.com.br;5133521009
2573;JONAS PNEUS;-30.0167130;-51.1522353;AVENIDA DO FORTE;706;;VILA IPIRANGA;PORTO ALEGRE;91360001;RS;CAMILA;financeiro01@jonaspneus.com.br;5133448888
2574;CIA & MOTOS;-30.0217126;-51.2114606;AVENIDA FARRAPOS;995;;FLORESTA;PORTO ALEGRE;90220000;RS;SERGIO;ciamoto@terra.com.br;5132254840
2575;CIA & MOTOS;-30.0049443;-51.1380867;AVENIDA ASSIS BRASIL;5016;;SARANDI;PORTO ALEGRE;91110000;RS;DIEGO;ciamoto@terra.com.br;5133447745
2576;JONAS PNEUS;-30.0035670;-51.1923760;AVENIDA CEARÁ;235;;SÃO JOÃO;PORTO ALEGRE;90240510;RS;LAILA;financeiro01@jonaspneus.com.br;5133429717
2577;JONAS PNEUS;-29.7720045;-51.1525162;AVENIDA JOÃO CORRÊA;1735;;CENTRO;SÃO LEOPOLDO;93010363;RS;MAICON;financeiro01@jonaspneus.com.br;5130377489
2578;FANTIN AUTOPEÇAS;-28.5090611;-50.9355049;RUA JOÃO BORGES PINTO;389;;CENTRO;VACARIA;95200013;RS;ALEXANDRE;fantinpecas@gmail.com;5432321500
2579;UTZIG AUTOPEÇAS;-27.8281752;-54.6686018;RUA MARECHAL FLORIANO;2182;;CENTRO;SANTO CRISTO;98960000;RS;NEURI;utzigfinanceiro@hotmail.com;5535411245
2580;NENZO AUTOPEÇAS;-11.7966786;-37.9443037;AVENIDA MARIO ANDREAZZA;S/N;;CENTRO;ESPLANADA;48370000;BA;ZENAIDE;nenzoap@hotmail.com;7534271453
2581;IRON MOTOPARTS;-10.9033467;-37.0565112;AVENIDA SIMEAO SOBRAL;777;;SANTO ANTÔNIO;ARACAJU;49055260;SE;DILSON;motociclo@mcmotociclo.com;7932116867
2582;IRON MOTOPARTS;-10.9113548;-37.0697008;RUA MARIANO SALMEIRON;275;;SIQUEIRA CAMPOS;ARACAJU;48759000;SE;ANTONIO;antonionevesmotociclo@bol.com.br;7932419192
2583;VISÃO AUTOPEÇAS;-13.0300257;-39.5980404;RUA DEPUTADO ABELARDO VELOSO;S/N;;CENTRO;AMARGOSA;43300000;BA;GERALDO;visaoautopecas@hotmail.com;7536341068
2584;PAI MENDONÇA AUTOPEÇAS;-14.7855340;-39.2598316;AVENIDA JURACY MAGALHÃES;S/N;;ALTO MIRANTE;ITABUNA;45603000;BA;PAULO;vendas@paimendonca.com.br;7336137826
2585;PAI MENDONÇA AUTOPEÇAS;-14.7929750;-39.2826943;AVENIDA JOSE SOARES PINHEIRO;51;;CENTRO;ITABUNA;45600013;BA;BETO;vendas@paimendonca.com.br;7332158452
2586;NORDESTE AUTOPEÇAS;-10.5118783;-40.3164898;AVENIDA CÂNDIDO RIBEIRO PERALVA;140;;CENTRO;CAMPO FORMOSO;44790000;BA;MANOEL;messiasnap@gmail.com;7436451670
2587;GERENTE AUTOPEÇAS;-12.2485620;-38.9641028;RUA CARLOS VALADARES;159;;CENTRO;FEIRA DE SANTANA;44100000;BA;CARLOS JUNIOR;gerenteautopecas@hotmail.com;7532230942
2588;C.C.L AUTOPEÇAS;-11.5645429;-39.2793463;RUA LEOPOLDINO RAMOS;292;;CENTRO;CONCEIÇÃO DO COITÉ;48730000;BA;VICENTE;cclpecas@hotmail.com;7532621421
2589;AUTOPEÇAS NORTE BAIANO;-9.4312186;-40.4983172;RODOVIA LOMANTO JUNIOR;902;;JOÃO XXIII;JUAZEIRO;48900260;BA;AILDON;prontofiat@hotmail.com;7436116388
2590;AMASPL IMPÉRIO PEÇAS;-12.1352318;-38.4216887;RUA CONSELHEIRO FRANCO;349;;CENTRO;ALAGOINHAS;48000000;BA;IVANA;ivanamaspl@hotmail.com;7534211734
2591;MUNDO DAS MOTOS;-11.7965718;-37.9446066;AVENIDA MARIO ANDREAZZA;577;;CENTRO;ESPLANADA;48370000;BA;MARINA;mundodasmotos@hotmail.com;7534271279
2592;AUTOPEÇAS GRANDE BENÇÃO;-12.8897198;-38.4067064;AVENIDA ENGENHEIRO RAYMUNDO CARLOS NERY;12;;CAJAZEIRAS;SALVADOR;40730325;BA;YAN;yansantos_brasil@hotmail.com;7133950159
2593;AUTOPEÇAS GRANDE BENÇÃO;-12.8412834;-38.4577030;RODOVIA BA 528;25;;FAZENDA COUTOS;SALVADOR;40730325;BA;YAN;yansantos_brasil@hotmail.com;7135216138
2594;AUTOPEÇAS GRANDE BENÇÃO;-12.7691137;-38.4044807;RODOVIA BA 093;S/N;;FAZENDA SANTA ROSA;SIMÕES FILHO;43700000;BA;IVO;yansantos_brasil@hotmail.com;7133095865
2595;DELMAR AUTOPEÇAS;-12.9095871;-38.3527245;AVENIDA SÃO CRISTOVÃO;12;;SÃO CRISTOVÃO;SALVADOR;41510333;BA;ADEILTON;vendas@delmarap.com.br;7133772145
2596;DELMAR AUTOPEÇAS;-12.6959849;-38.3290360;AVENIDA DOUTOR MANOEL MERCÊS;460;;ALTO DA CRUZ;CAMAÇARI;42807380;BA;EDMILSON;vendas@delmarap.com.br;7136273322
2597;DELMAR AUTOPEÇAS;-12.6670187;-38.5372793;RODOVIA BA-522;10983;;DISTRITO INDUSTRIAL;CANDEIAS;43813300;BA;BARRETO;vendas@delmarap.com.br;7133772145
2598;DELMAR AUTOPEÇAS;-12.9643339;-38.4930750;TRAVESSA GENERAL ARGOLLO;49;;BAIXA DE QUINTAS;SALVADOR;40300410;BA;RAFAEL;vendas@delmarap.com.br;7133778600
2599;MUTA AUTOPEÇAS;-12.9071333;-38.4429224;RUA GENARO DE CARVALHO;200;;CASTELO BRANCO;SALVADOR;41320100;BA;EDENILTON;muta0104@hotmail.com;7132932021
2600;RONI AUTOPEÇAS;-12.2479289;-38.9635500;RUA VISCONDE DO RIO BRANCO;808;;QUEIMADINHA;FEIRA DE SANTANA;44050002;BA;PAULO;feira@roni.com.br;7331661800
2601;ARIODIESEL PEÇAS E SERVIÇOS;-20.7336802;-49.3395249;RUA HERMÍNIO FACIO;270;;DISTRITO INDUSTRIAL;SÃO JOSÉ DO RIO PRETO;15052710;SP;ADRIANA;ariodiesel.mecanica@hotmail.com;1740091123
2602;100% AUTOPEÇAS;-20.7736030;-49.3853085;RUA DOMINGOS FALAVINA;1740;;JARDIM MUGNAINI;SÃO JOSÉ DO RIO PRETO;15045390;SP;VITOR;autopecas100porcento@gmail.com;1732199999
2603;AUTOPEÇAS CORRAL;-21.1362767;-48.9780271;RUA MINAS GERAIS;799;;CENTRO;CATANDUVA;15801280;SP;MAURICIO;aupec@terra.com.br;1735222173
2604;AUTOPEÇAS CRISPIM;-20.2842713;-50.2457404;AVENIDA JOSÉ CAMARGO ARRUDA;779;;CENTRO;FERNANDÓPOLIS;15600000;SP;CRISPIM;crispimautopecas@gmail.com;1734634734
2605;AUTOMOTIVO KI PNEU;-20.8148354;-49.5164485;RUA DOS EXPEDICIONÁRIOS;16-60;;CENTRO;MIRASSOL;15130000;SP;ANDRÉ;kipneu@outlook.com;1732424922
2606;AUTOPEÇAS 2 AMIGOS;-20.6541848;-51.1143836;AVENIDA CORONEL JONAS ALVES MELO;2913;;JARDIM BELA VISTA;PEREIRA BARRETO;15370000;SP;GIL;amancio_pasqualeto@hotmail.com;1837046662
2607;AUTO ELÉTRICA PAULINHO;-20.3944676;-49.4345060;RUA SIQUEIRA CAMPOS;308;;CENTRO;PALESTINA;15470000;SP;CARLA;cleiton_eletrica.bat@hotmail.com;1732920237
2608;AUTOPEÇAS GARCIA;-20.6493497;-50.3564192;RUA ANTONIO BARNABÉ;831;;VILA MARIA;GENERAL SALGADO;15300000;SP;AMARILDO;amarildoautopecasgs@hotmail.com;1738321618
2609;AUTOPEÇAS MARECHAL;-20.8049576;-49.5056252;AVENIDA GILBERTO ANGELO PANDIM;3425;;MOREIRA E GUIMARÃES;MIRASSOL;15130000;SP;SERGIO;autopecasmarechal_@hotmail.com;1732421244
2610;AUTO IMPORT;-20.7961052;-49.3641775;RUA EQUADOR;285;;JARDIM AMÉRICA;SÃO JOSÉ DO RIO PRETO;15080000;SP;ARTUR;autoimport_financeiro@hotmail.com;1733534002
2611;AUTOPEÇAS ADEMIR;-20.0316446;-49.4028157;RUA XV DE NOVEMBRO;1025;;CENTRO;PAULO DE FARIA;15490000;SP;CAIO;autocenterademir@hotmail.com;1732921374
2612;CARBO-RIO;-20.8199131;-49.3937309;RUA CORONEL SPINOLA DE CASTRO;4621;;CENTRO;SÃO JOSÉ DO RIO PRETO;15015500;SP;RODRIGO;carborio.pecas@gmail.com;1733531011
2613;AUTOPEÇAS ALEIXO;-20.5683229;-48.5590020;AVENIDA CORONEL RAFAEL BRANDÃO;200;;NOGUEIRA;BARRETOS;14783276;SP;CIDINHA;phaleixo.66@gmail.com;1730433585
2614;AUTOPEÇAS BIGORNA;-21.3152174;-49.0511947;RUA MARECHAL DEODORO;926;;VILA ESPLANADA;ITAJOBI;15840000;SP;RAFAEL;bigornaautopecas@gmail.com;1735463362
2615;AUTO CLIMA AR CONDICIONADO;-20.7895130;-49.3580075;AVENIDA NOSSA SENHOR DA PAZ;668;;JARDIM ALTO ALEGRE;SÃO JOSÉ DO RIO PRETO;15054400;SP;DIOGO;vendas4@autoclima.com.br;1732233939
2616;JC AUTOPEÇAS;-20.3859315;-49.4337718;RUA JOSÉ CURY;1832;;CENTRO;PALESTINA;15470000;SP;EDUARDO;jucelino.jca@hotmail.com;1732932237
2617;KM AUTOPEÇAS;-20.7349672;-48.9046367;AVENIDA MARIO VIEIRA MARCONDES;210;;JARDIM CISOTO;OLÍMPIA;15400000;SP;ADRIANO;kmauto-pecas@hotmail.com;1732799346
2618;AUTOPEÇAS IMPÉRIO;-20.7407760;-48.9124038;AVENIDA WALDEMAR LOPES FERRAZ;932;;SÃO JOÃO BATISTA;OLÍMPIA;15400000;SP;JOÃO CARLOS;imperiopecasemecanica@hotmail.com;1732813888
2619;LF PNEUS;-20.5732028;-48.5816214;AVENIDA ENGENHEIRO NECKER CARVALHO DE CAMARGO;2983;;AMÉRICA;BARRETOS;14783085;SP;JANAINA;lfpneus@live.com;1733237276
2620;LINOCAR AUTOPEÇAS;-20.7924394;-49.4179462;AVENIDA FORTUNATO VETORASSO;1556;;CECAP;SÃO JOSÉ DO RIO PRETO;15041000;SP;MURILO;lino.car@hotmail.com;1732174995
2621;MOTOR VOL;-20.8395587;-49.3679636;AVENIDA FLORIANO ANDRÉ CABRERA;1241;;CIDADE JARDIM;SÃO JOSÉ DO RIO PRETO;15081190;SP;DJALMA;marcos@motorvol.com.br;1732279100
2622;MARTIN AUTOPEÇAS;-20.6540099;-51.1142953;RUA JONAS ALVES DE MELO;2881;;CENTRO;PEREIRA BARRETO;15370000;SP;INGRID;olvacirmartin@yahoo.com.br;1837611632
2623;AUTOPEÇAS MIRA PEÇAS;-20.8195209;-49.5119853;RUA SÃO SEBASTIÃO;20-85;;CENTRO;MIRASSOL;15130000;SP;ANDRÉ;autopecasmirapecas@gmail.com;1732424147
2624;NS AUTOPEÇAS;-20.5584357;-48.5621671;AVENIDA TREZE;175;;CENTRO;BARRETOS;14780270;SP;SAMIR;ns.autopecasbtos@gmail.com;1733232570
2625;RGG AUTOPEÇAS;-20.2044589;-50.9353017;ALAMEDA RIO TIETÊ;213;;COHAB BEIRA RIO;SANTA FÉ DO SUL;15400000;SP;EDILSON;edilson.rgg@uol.com.br;1736313402
2626;RS PNEUS;-20.5561917;-48.5879136;RUA 50;107;;JARDIM ALVORADA;BARRETOS;14780216;SP;DANILO;contato@rspneuserodas.com.br;1733232231
2627;SPORT MOTOS;-20.0815164;-49.9146557;AVENIDA ROMEU VIANA ROMANELLI;2147;;CENTRO;CARDOSO;15570000;SP;LEANDRO;leandro_benini@hotmail.com;1734663317
2628;STOP CAR AUTOPEÇAS;-20.2845695;-50.3956423;RUA ALAGOAS;527;;JARDIM SÃO PAULO;ESTRELA D´OESTE;15650000;SP;BENEDITO;benedito.stopecar@hotmail.com;1738331672
2629;FURQUIM AUTOPEÇAS;-20.7467210;-48.9091473;ALAMEDA JOSÉ RODRIGUES SILVA;185-B;;SÃO JOSÉ;OLÍMPIA;15400000;SP;DARIO;furquimautopecas@yahoo.com.br;1732798210
2630;VOLPEÇAS;-20.8750460;-49.4199427;AVENIDA DAS ANDORINHAS;208;;PARQUE DOS PÁSSAROS;SÃO JOSÉ DO RIO PRETO;15010970;SP;LUCIANO;volpeças@terra.com.br;1732011300
2631;XORORÓ AUTOPEÇAS;-20.7366440;-48.9098537;RUA BERNARDINO DE CAMPOS;554;;CENTRO;OLÍMPIA;15400000;SP;RUBI;xororoautopecas@hotmail.com;1732794164
2632;ZANGADO AUTOPEÇAS;-21.5347716;-49.8572945;RUA CORONEL JOÃO FRANCISCO COELHO;9;;CENTRO;PROMISSÃO;16370000;SP;LUIZ;apzangado@gmail.com;1435415785
2633;COMERCIAL OK;-20.3393427;-47.7970444;AVENIDA PAULO BORGES DE OLIVEIRA;649;;CIDADE UNIVERSITÁRIA;ITUVERAVA;14500000;SP;JACOB;jacob.menezes@hotmail.com;1638397600
2634;GENÉSIO AUTOPEÇAS;-20.8055820;-49.3748148;RUA BERNARDINO DE CAMPOS;2116;;CENTRO;SÃO JOSÉ DO RIO PRETO;15060010;SP;MATHEUS;genesioautopecas@terra.com.br;1732240446
2635;ROOSEVELT BOSCOLI;-21.8893200;-51.8405935;AVENIDA TIRADENTES;1510;;MARIA ZÉLIA;PRESIDENTE VENCESLAU;19400000;SP;FERNANDO;amboscoli@gmail.com;1832713272
2636;AUTOPEÇAS ALIANÇA;-22.2802299;-51.4891079;RUA ANTONIO DE ALMEIDA;20;;CENTRO;PIRAPOZINHO;19200000;SP;ADRIANO;autocenteraliancapirapozinho@hotmail.com;1832694222
2637;SATÉLITE AUTOPEÇAS;-21.6799383;-51.0694613;AVENIDA MARECHAL CASTELO BRANCO;241;;CENTRO;ADAMANTINA;17800000;SP;JOSIANE;sap.adamantina@gmail.com;1835214147
2638;AUTOPEÇAS BAURU;-21.9425596;-50.5243095;RUA JOSÉ ENRIQUE ARI FERNANDES;2455;;VILA DAS INDÚSTRIAS;TUPÃ;17604170;SP;SILVANA;vanagarcia@hotmail.com;1434965266
2639;SERRA DO MAR AUTOPEÇAS;-23.9451002;-46.3276182;RUA COMENDADOR MARTINS;91;;VILA MATHIAS;SANTOS;11015530;SP;ADILSON;contato@serradomarautopecas.com.br;1332227337
2640;AUTOPEÇAS GATTO;-23.9447273;-46.3273293;RUA COMENDADOR MARTINS;77;;VILA MATHIAS;SANTOS;11015530;SP;JANE;autopecasgatto@autopecasgatto.com.br;1332291010
2641;MIRAMAR AUTOPEÇAS;-23.9453044;-46.3292969;RUA LUCAS FORTUNATO;115;;VILA MATHIAS;SANTOS;11075200;SP;MARIO;miramar_pecas@hotmail.com;1332322289
2642;AUTOPEÇAS PRAIANA;-23.9443621;-46.3254335;RUA JÚLIO DE MESQUITA;110;;VILA MATHIAS;SANTOS;11075200;SP;JOÃO;autopecas.praiana@ig.com.br;1332344858
2643;DISPEMEC AUTOPEÇAS;-23.1136960;-45.7108883;AVENIDA HENRY NESTLÉ;1010;;VILA GALVÃO;CAÇAPAVA;12286140;SP;ANSELMO;compras3@dispemec.com.br;1221395822
2644;PARANÁ MOTO PEÇAS;-22.8994137;-48.4426515;RUA JOÃO PASSOS;1950;;CENTRO;BOTUCATU;18602140;SP;PARANÁ;paranamp@hotmail.com;1433613060
2645;MM COMERCIO DE PEÇAS;-22.3271370;-49.0499830;RUA ANTONIO GOBETE;215;;VILA GALVÃO;BAURU;17047011;SP;MARCELO;mmcompecas@hotmail.com;1432311180
2646;FONFON MOTO PEÇAS;-22.8966498;-48.4461161;RUA CARLINO DE OLIVEIRA;46;;CENTRO;BOTUCATU;18602080;SP;LUCIANO;solangesmarces289@gmail.com;1433613193
2647;ROCHA & JESUS AUTOPEÇAS;-22.2798173;-48.1253643;AVENIDA DANTE MARTINELLI;91;;VILA SÃO JOÃO;BROTAS;17380000;SP;ANDRÉ;oficinarochaejesus@gmail.com;1436531806
2648;CIDINHO AUTOPEÇAS;-22.8855948;-49.2344319;AVENIDA ATALIBA LEONEL;437;;CENTRO;ÁGUAS DE SANTA BÁRBARA;18770000;SP;ALEXANDRE;cidaupe@gmail.com;1437651800
2649;NATA MOTO PEÇAS;-22.3205826;-49.0695062;RUA ARAÚJO LEITE;1066;;CENTRO;BAURU;17010160;SP;NATANAEL;natamotos@hotmail.com;1432342457
2650;JAPA MOTO PEÇAS;-22.3109138;-49.0644363;AVENIDA NUNO DE ASSIS;1527;;CENTRO;BAURU;17020310;SP;JAPA;japamotopecas@hotmail.com;1432372399
2651;PFEIFER AUTOPEÇAS;-21.9905360;-49.4591007;RUA CONSELHEIRO RODRIGUES ALVES;447;;CENTRO;PIRAJUÍ;16600000;SP;OSWALDO;autopfeifer@hotmail.com;1435723909
2652;ANDRÉ AUTOPEÇAS;-23.9804393;-48.8726945;RUA RUI BARBOSA;76;;CENTRO;ITAPEVA;18400385;SP;ANDRÉ;andre-pecas20101@hotmail.com;1535212592
2653;MANÉ AUTOPEÇAS;-24.1106626;-49.3257205;RUA PRIMEIRO DE MAIO;446;;CENTRO;ITARARÉ;18460000;SP;MANÉ;maneautopecas_vendas@hotmail.com;1535324113
2654;AUTOPEÇAS TORRES;-21.4109442;-48.4971831;AVENIDA VICENTE JOSÉ PARISE;1206;;CENTRO;TAQUARITINGA;15900000;SP;MOACIR;cagm@hotmail.com;1632527077
2655;GIOVANNI AUTOPEÇAS;-21.2092891;-47.6132799;RUA MANOEL PARREIRA;685;;JARDIM SANTA CRUZ;SERRANA;14150000;SP;GIOVANNI;giovanniautopecas@uol.com.br;(16) 99277-1998
2656;GIOVANNI AUTOPEÇAS;-21.2022520;-47.6094089;RUA JOSÉ CUSTÓDIO ALVES;551;;JARDIM BOA VISTA;SERRANA;14150000;SP;GIOVANNI;giovanniautopecas@uol.com.br;1639872956
2657;AUTOPEÇAS BOM PREÇO;-22.0545127;-46.9710276;RUA CONSOLAÇÃO;350;;VILA BRAGA;AGUAÍ;13860000;SP;KARIN;bompreco.zanetti@uol.com.br;1936522774
2658;MM AUTOPEÇAS;-20.5195555;-47.3708006;AVENIDA ADEMAR PEREIRA DE BARROS;569;;JARDIM BRASILÂNDIA;FRANCA;14402250;SP;MARCIO;mmautopecasfranca@netsite.com.br;1637274100
2659;AUTOPEÇAS BOM JESUS;-21.0195693;-47.7708385;RUA JOSÉ BONIFÁCIO;230;;CENTRO;JARDINÓPOLIS;14680000;SP;CARLOS;autopecasbomjesus@hotmail.com;1636635314
2660;AUTOPEÇAS CRAVINHOS;-21.3369064;-47.7270297;RUA QUINZE DE NOVEMBRO;1042;;CENTRO;CRAVINHOS;14140000;SP;SERGIO;jorge@yamadacontabilidade.com.br;1639512020
2661;CHICO PEÇAS;-21.3421311;-47.7350383;RUA BONFIM;155;;CENTRO;CRAVINHOS;14140000;SP;CHICO;fabiano2461@itelefonica.com.br;1639517167
2662;AUTOPEÇAS BRASIL;-21.6100541;-48.3562204;AVENIDA SINHARINHA FROTA;1851;;JARDIM BUSCARDI;MATÃO;15990838;SP;ADRIAN;autopecasbrsil8080@gmail.com;1633828180
2663;GTM AUTOPEÇAS;-21.6095908;-48.3559378;AVENIDA MONTE ALTO;335;;JARDIM BUSCARDI;MATÃO;15990452;SP;GABRIEL;contato@gtamautopecas.com.br;(16) 99773-5889
2664;TIGRÃO AUTOPEÇAS;-21.6114104;-48.3550159;AVENIDA SINHARINHA FROTA;2004;;JARDIM BUSCARDI;MATÃO;15990495;SP;JÚNIOR;tigraoautopecas@ig.com.br;1633829109
2665;DOIS IRMÃOS AUTOPEÇAS;-21.5937606;-48.3755323;AVENIDA AQUELINO BENASSI;111;;JARDIM SÃO JOSÉ;MATÃO;15996034;SP;DOUGLAS;douglas2irmaos@gmail.com;1697267800
2666;BATATAIS AUTOPEÇAS;-20.8972872;-47.5743200;AVENIDA PREFEITO MARIO MARTINS DE BARROS;657;;ARARAS;BATATAIS;14307086;SP;LUIZ;batataisap@hotmail.com;1637610168
2667;NELINHO AUTOPEÇAS;-21.3581235;-48.2262806;AVENIDA CORONEL NECA JUNQUEIRA;929;;VILA PACÍFICO;GUARIBA;14440000;SP;NELINHO;nelinhoautopecas@hotmail.com;1632511589
2668;COELHOS AUTOPEÇAS;-21.0302628;-47.7801796;RUA YOCIO KINSUI E YYASSUKI INADA;101;;CIDADE NOVA;JARDINÓPOLIS;14680000;SP;ANDRESSA;coelhospecas@yahoo.com.br;1636638711
2669;SAARA AUTOPEÇAS;-21.0221717;-47.3734377;RUA AMAZONAS;114;;VILA MARIA;ALTINÓPOLIS;14350000;SP;ROGÉRIO;saarr.ac@yahoo.com.br;1636652110
2670;SERRA E SERRA AUTOPEÇAS;-21.1370683;-47.9971966;AVENIDA ANTONIO PASCHOAL;507;;CENTRO;SERTÃOZINHO;14160005;SP;RICARDO;serraeserra@netsite.com.br;1621052900
2671;COMERCIAL PONTALENSE;-21.0199446;-48.0405205;RUA RUY BARBOSA;209;;CENTRO;PONTAL;14180000;SP;CARLOS;carlosrcopel@hotmail.com;1639531115
2672;4 RODAS AUTOPEÇAS;-21.2023324;-47.6013797;RUA DOUTOR GEREALDO CESAR REIS;243;;JARDIM BELA VISTA;SERRANA;14150000;SP;PAULO;quatrorodasautopecas@hotmail.com;1639874344
2673;AUTOPEÇAS DIAS;-21.7776972;-47.0756095;RUA CELINA SOARES;42;;CENTRO;CASA BRANCA;13700000;SP;JADER;salvinodias@hotmail.com;1936711099
2674;AUTOPEÇAS BRASIL;-21.4097254;-48.5072559;RUA 13 DE MAIO;917;;CENTRO;TAQUARITINGA;14680000;SP;ADRIAN;pecas.brasil@bol.com.br;1632522381
2675;SAVIPE AUTOPEÇAS;-21.4573841;-47.0215929;AVENIDA CRISTOVAM LIMA GUEDES;1497;;PARQUE DAS CANOAS;MOCOCA;13731000;SP;SAMEL;savipe@hotmail.com;1936561637
2676;AUTOPEÇAS BRASIL;-21.2765880;-47.3082366;RUA CORONEL MANOEL CAETANO;715;;CENTRO;CAJURU;14240000;SP;REGINALDO;autopecasbrasil@gmail.com;1636671116
2677;LIDER AUTOPEÇAS;-21.2624010;-48.3247831;RUA 13 DE MAIO;1130;;CENTRO;JABOTICABAL;14870160;SP;PAULO;liderautopecas2016@hotmail.com;1632048459
2678;RB AUTOPEÇAS;-21.2622361;-48.3246255;RUA 13 DE MAIO;1100;;CENTRO;JABOTICABAL;14870160;SP;JONAS;rbpecas@asbyte.com.br;1632022233
2679;GLOBAL AUTOPEÇAS;-21.2667745;-48.3294652;VIA MAJOR HILÁRIO TAVARES PINHEIRO;2160;;SOROCABANO;JABOTICABAL;14871700;SP;ANDERSON;globalautopecas@terra.com.br;1632028787
2680;UNO CAR AUTOPEÇAS;-20.5365586;-47.3834332;AVENIDA ISMAEL ALONSO E ALONSA;3183;;JARDIM PAULISTA;FRANCA;14401426;SP;ADRIANO;unocar@terra.com.br;1637226899
2681;CASA DO FIAT;-20.5208833;-47.3844911;AVENIDA PRESIDENTE VARGAS;1940;;JARDIM BOA ESPERANÇA;FRANCA;14401120;SP;VENÂNCIO;casadofiat@netsite.com.br;1637080700
2682;RENATEX AUTOPEÇAS;-21.1707855;-47.7965038;AVENIDA DOM LUIZ DO AMARAL MOUSINHO;397;;PADRE ANTONIO MUNICIO JOSÉ;BRODOWSKI;14340000;SP;RENATO;renatexautopecas@gmail.com;1636640015
2683;IGNIZE E CAMPOS AUTOPEÇAS;-21.3574458;-48.0663689;RUA TIRADENTES;1114;;CENTRO;PRADÓPOLIS;14850000;SP;JOSÉ;felipecampos1@hotmail.com;(16) 99609-3738
2684;JAJUBA AUTOPEÇAS;-23.4867228;-46.5776818;AVENIDA JARDIM JAPÃO;350;;JARDIM BRASIL;SÃO PAULO;2221000;SP;NEIDE;autopecasjajuba@terra.com.br;1129510449
2685;LDN MOTOPEÇAS;-22.9674862;-46.9997984;RUA CAMPOS SALLES;261;;VILA SÃO SEBASTIÃO;VALINHOS;13271000;SP;ERIVELTON;ldnautopecas@gmail.com;1938495218
2686;LDN AUTOPEÇAS;-22.9601058;-46.9870758;RODOVIA FLAVIO DE CARVALHO;926;;JARDIM SÃO PAULO;VALINHOS;13273000;SP;JOÃO BENEDITO;motos@ldn.com.br;1938495218
2687;AUTOPEÇAS CAPUAVA;-22.9527562;-46.9848850;RODOVIA FLAVIO DE CARVALHO;1215;;CAPUAVA;VALINHOS;13273000;SP;JHONNY;apcapuavaadm@gmail.com;1938497445
2688;ROMA AUTOPEÇAS;-22.9660458;-46.9914071;RUA SÃO PAULO;118;;VILA SANTANA;VALINHOS;13274115;SP;DONIZETE;romapecas@hotmail.com;1938494068
2689;CAP VALINHOS;-22.9747298;-46.9919327;RUA TREZE DE MAIO;824;;VILA OLIVIO;VALINHOS;13276020;SP;FELIPE;centrlvalinhos@terra.com.br;1938294400
2690;SHALOM AUTOPEÇAS;-22.9780826;-47.0000142;AVENIDA DOS ESPORTES;1003;;VILA BISSOTO;VALINHOS;13270210;SP;RODRIGO;shalomap@terra.com.br;1938297080
2691;AUTOPEÇAS CAMPOS SALLES;-22.9652886;-47.0016137;RUA CAMPOS SALLES;569;;VILA SÃO SEBASTIÃO;VALINHOS;13231000;SP;JOSÉ ANTÔNIO;apcampossallesadm@gmail.com;1938692022
2692;CASA DAS BATERIAS;-22.9664872;-47.0004077;RUA CAMPOS SALLES;376;;VERA CRUZ;VALINHOS;13272350;SP;UDERLEY;bateriasribelatto@yahoo.com.br;1938715089
2693;PEQUENOS AUTOPEÇAS;-23.1549583;-47.0621401;RUA JOSÉ MARCHI;384;;RESIDENCIAL SÃO JOSÉ;ITUPEVA;13295000;SP;VAGNER;pequenosautopecas@gmail.com;1144966035
2694;MOLINA AUTOPEÇAS;-23.1519061;-47.0547479;AVENIDA JOSÉ TONOLI;78;;JARDIM BURITI;ITUPEVA;13295000;SP;WILSON;autoitupeva@gmail.com;1145560827
2695;TREMINHÃO COMÉRCIO DE PEÇAS;-22.8992740;-47.0847850;AVENIDA GOVERNADOR PEDRO DE TOLEDO;1419;;BONFIM;CAMPINAS;13070752;SP;ANDRÉ;treminhaoautopecas@gmail.com;1932431848
2696;MOBY CICLO PAULISTA;-22.7402583;-47.6531230;AVENIDA DONA JANE CONCEIÇÃO;1905;;CENTRO;PIRACICABA;13403030;SP;VINICIUS;mobyciclo@outlook.com;1934337038
2697;MARCELO MOTOS;-22.7211699;-47.6462858;AVENIDA ARMANDO SALLES DE OLIVEIRA;1515;;CENTRO;PIRACICABA;13400010;SP;JULIANA;sepulvedamarcelo@hotmail.com;1934226603
2698;SUPER MOTOS;-22.7117933;-47.6532424;AVENIDA RUI BARBOSA;210;;VILA REZENDE;PIRACICABA;13405218;SP;EDSON;supermotosvila@gmail.com;1933775400
2699;EXATA MOTO PEÇAS;-22.7046781;-47.6657819;AVENIDA MANOEL CONCEIÇÃO;1600;;CENTRO;PIRACICABA;13405230;SP;MÔNICA;motoexatas@gmail.com;1934218551
2700;NOVELO AUTOPEÇAS;-22.7082104;-47.6627008;AVENIDA MANOEL CONCEIÇÃO;1083;;VILA REZENDE;PIRACICABA;13405230;SP;DANILO;danilo@noveloautopecas.com.br;1934215952
2701;AUTOPEÇAS BRASIL;-22.7310757;-47.3175697;AVENIDA PASCHOAL ARDITO;213;;SÃO VITO;AMERICANA;13472130;SP;GIDEÃO;autopecasbrasil_am@yahoo.com;1934686440
2702;OAP AUTOPEÇAS;-22.7557158;-47.3598393;RUA IACANGA;1045;;JARDIM IPIRANGA;AMERICANA;13468590;SP;FRANCIANO;contato@osfran.com.br;1934608020
2703;LAFER AUTOPEÇAS;-22.7449300;-47.3450519;AVENIDA CAMPOS SALES;1226;;JARDIM GIRASSOL;AMERICANA;13465590;SP;FERNANDO;laferautopecas@gmail.com;1934624714
2704;PRIMOS AUTOPEÇAS;-22.6976121;-46.7620316;AVENIDA PRESTES MAIA;769;;CENTRO;AMPARO;13900200;SP;DANIEL;primos_auto@ig.com.br;1938171791
2705;PRIMOS AUTOPEÇAS;-22.7136835;-46.8137921;RUA MARIA ROZA FEDERICCE;369;;PARQUE MODELO;AMPARO;13905526;SP;DANIEL;primos.compras@gmail.com;1938395031
2706;OURO BRANCO AUTOPEÇAS;-22.8638626;-47.1543808;RUA PAPA SANTO EUSÉBIO;100;;VILA PADRE ANCHIETA;CAMPINAS;13068215;SP;EDINHO;ourobranco.pecas@hotmail.com;1932816868
2707;POLIPEÇAS COMERCIAL;-22.8527533;-47.1564870;RUA BATISTA RAFFI;787;;JARDIM NOVA APARECIDA;CAMPINAS;13068601;SP;ERCILIO;polipecas.campinas@polipecas.com.br;1932401650
2708;FIT PEÇAS;-22.9252737;-47.0488186;AVENIDA ENGENHEIRO ANTONIO FRANCISCO DE PAULA SOUSA;345;;VILA PARAISO;CAMPINAS;13043540;SP;MARCELO;fitnovas@terra.com.br;1937901515
2709;GODOI AUTOPEÇAS;-22.9931623;-47.4999211;RUA BELMIRO GUITTI;202;;ROSSI;CAPIVARI;13360000;SP;THIAGO;contatogodoi@gmail.com;1934912028
2710;LONDRES AUTOPEÇAS;-22.9192818;-47.1086183;RUA OSWALDO OSCAR BARTHELSON;969;;JARDIM LONDRES;CAMPINAS;13060080;SP;RENATO;londressilvaautopecas@hotmail.com;1932290099
2711;LUKER AUTOPEÇAS;-22.9452755;-47.0905225;RUA DA SOCIEDADE;471;;JARDIM DAS BANDEIRAS;CAMPINAS;13050777;SP;ANTONIO;lukerautopecas@hotmail.com;1933269786
2712;PARANÁ DIESEL;-22.8419787;-47.1573552;AVENIDA COMENDADOR ALADINO SELMI;6004;;VILA SAN MARTINS;CAMPINAS;13024500;SP;EDUARDO;ana.parana@terra.com.br;1932811798
2713;KIMOTO COMERCIAL DE PEÇAS;-22.4305250;-46.9548260;RUA ULHOA CINTRA;232;;CENTRO;MOGI MIRIM;13800061;SP;MARIA;vaniacitelli@hotmail.com;1938064806
2714;SPG AUTOPEÇAS;-22.9806057;-47.1223037;AVENIDA EMILLY CRISTIENNE GIOVANINI;657;;DIC V;CAMPINAS;13054506;SP;ANDRÉ LUIS;spgautopecas@hotmail.com;1932244766
2715;SPOCCHI AUTOPEÇAS;-22.9243477;-47.0461582;RUA DA ABOLIÇÃO;1482;;PONTE PRETA;CAMPINAS;13045610;SP;PAULO;spocchiautopecas@uol.com.br;1932326277
2716;STOCK AUTOPEÇAS;-22.9246755;-47.0656201;RUA FERNÃO POMPEU CAMARGO;1051;;JARDIM DO TREVO;CAMPINAS;13040010;SP;WALTER;walter@stockap.com.br;1932783357
2717;QUERCHE MOTOS;-22.9993879;-47.5000041;RUA BENTO DIAS;69;;CENTRO;CAPIVARI;13360000;SP;ADEMILSON;querchemotos@gmail.com;1934921566
2718;AMERICAR AUTOPEÇAS;-22.8815117;-47.1690656;RUA ANTONIO DA COSTA SANTOS;225;;JARDIM NOVA AMÉRICA;HORTOLÂNDIA;13185624;SP;JOAO PAULO;jp.joaopimentel@gmail.com;1931991290
2719;AUTOPEÇAS AVENIDA;-22.8550367;-47.2246710;RUA CÂNDIDO FIGUEIREDO BREDA;321;;VILA SÃO PEDRO;HORTOLÂNDIA;13183252;SP;EDUARDO;slopespecas@hotmail.com;1938976733
2720;FERRARI AUTOPEÇAS;-22.9022575;-47.2419622;AVENIDA TARCILA DO AMARAL;661;;JARDIM AMANDA II;HORTOLÂNDIA;13188160;SP;PAULO;autopecasferrari@gmail.com;1938652508
2721;ITATOTAL AUTOPEÇAS;-23.0110394;-46.8415222;RUA DOMINGOS PRETTI;241;;JARDIM DE LUCCA;ITATIBA;13255280;SP;OSNI;itatotal@uol.com.br;1145240065
2722;M F AUTOPEÇAS;-23.0440946;-47.8290918;RUA DUQUE DE CAXIAS;707;;VILA FÉLIX;LARANJAL PAULISTA;18500000;SP;ALEXANDRE;xande_serpentes@hotmail.com;1532831353
2723;FM MOTOPEÇAS;-22.5768418;-47.4082589;RUA ANTONIO ZACCARIAS;26;;JARDI ESTEVES;LIMEIRA;13480648;SP;FABIO;fmmotos@gmail.com;1934410557
2724;IDEAL AUTOPEÇAS;-22.5826523;-47.4115573;RUA PROFESSOR FERNANDO CORRÊA SILVA;189;;JARDIM NOVA EUROPA;LIMEIRA;13482010;SP;CLAUDEMIR;claudemir@idealpecas.net.br;1934524397
2725;CAMPEDRINI AUTOPEÇAS;-22.3775612;-46.9425225;AVENIDA MOGI MIRIM;401;;AREIÃO;MOGI GUAÇU;13844110;SP;LEONARDO;thais@campedrini.com.br;1938515038
2726;CAMPEDRINI AUTOPEÇAS;-22.3632468;-46.9454556;AVENIDA NOVE DE ABRIL;893;;CENTRO;MOGI GUAÇU;13840056;SP;LEONARDO;compras@campedrini.com.br;1938616120
2727;MOTORISTAS AUTOPEÇAS;-22.5850423;-47.4214021;RUA VICENTE DE FELICE;637;;JARDIM OURO VERDE;LIMEIRA;13482075;SP;JEAN;jean.ferreira@mototristas.com.br;1934452123
2728;AUTOPEÇAS IPIRANGA;-22.7759513;-47.2925796;AVENIDA CARLOS BOTELHO;90;;CENTRO;NOVA ODESSA;13380001;SP;RUDNEI;rosaesilvapecas@hotmail.com;1934055262
2729;AUTOPEÇAS BRASILIA;-22.7671646;-47.1557277;RUA SANTA CECÍLIA;441;;SANTA CECÍLIA;PAULÍNIA;13140031;SP;CLAUDINEI;claudinei.paiva@terra.com.br;1938743222
2730;LASINHO AUTOPEÇAS;-22.5558037;-47.3808995;AVENIDA MAJOR JOSÉ LEVY SOBRINHO;1998;;JARDIM NEREIDE;LIMEIRA;13486190;SP;MARCELO;mmlasinho@uol.com.br;1939333585
2731;PLANAUTO AUTOPEÇAS;-22.7506716;-47.1700189;AVENIDA FAUSTO PIETROBOM;261;;JARDIM PLANALTO;PAULÍNIA;13145189;SP;EDSON;planautoap@yahoo.com.br;1939331281
2732;RB AUTOPEÇAS;-22.7714349;-47.1585592;AVENIDA BRASIL;368;;VILA BRESSANI;PAULÍNIA;13140496;SP;LUCAS;rbpecas@uol.com.br;1939332747
2733;SOLUÇÃO MOTOS;-22.3559616;-46.9448382;AVENIDA BANDEIRANTES;291;;VILA PINHEIRO;MOGI GUAÇU;13845440;SP;FABIO;solucaomoto@hotmail.com;1938417055
2734;CAMPCEL AUTOPEÇAS;-22.8794768;-47.0505289;RUA DOUTOR ARMANDO SALES DE OLIVEIRA;251;A;TAQUARAL;CAMPINAS;13090150;SP;ANTONIO;antonio-batata@hotmail.com;1933076043
2735;CORUJÃO AUTOPEÇAS;-22.8561309;-47.1517270;RUA AUGUSTO PADOVANI;50;;JARDIM APARECIDA;CAMPINAS;13068623;SP;ÍCARO;corujao_autopecas@hotmail.com;1932824484
2736;RAVAS;-29.9751559;-51.1774118;AVENIDA DOS ESTADOS;2341;PAVILHÃO A;SÃO JOÃO;PORTO ALEGRE;90200001;RS;CID;compras@ravas.com.br;5135352500
2737;RAVAS;-31.7327607;-52.3891280;RUA GIUSEPE MATTEA;625;LOJA A;FRAGATA;PELOTAS;96050080;RS;CID;compras@ravas.com.br;5332710505
2738;RAVAS;-29.6602274;-51.1393291;RODOVIA RS-239;455;;OPERÁRIO;NOVO HAMBURGO;93352000;RS;CID;compras@ravas.com.br;5135117563
2739;RAVAS;-29.4528262;-49.9217346;AVENIDA INACIO JOSÉ SCHAEFER;2976;;NOSSA SENHORA APARECIDA;TRÊS CACHOEIRAS;95580000;RS;CID;compras@ravas.com.br;5136673950
2740;RAVAS;-29.1767813;-51.5207983;RODOVIA BR-470;1355;KM 222;GARIBALDINA;GARIBALDI;95720000;RS;CID;compras@ravas.com.br;5436986616
2741;BL AUTOPEÇAS;-29.6927956;-51.1110450;RUA MUNDO NOVO;1235;;CANUDOS;NOVO HAMBURGO;93548000;RS;FAUSTO;blautopecas@terra.com.br;5135938311
2742;BL AUTOPEÇAS;-29.5778302;-51.0862174;RUA ROLANTE;35;;CENTRO;DOIS IRMÃOS;93950000;RS;FAUSTO;blautopecas@terra.com.br;5135938311
2743;BL AUTOPEÇAS;-29.6000387;-51.1616365;AVENIDA PRESIDENTE LUCENA;2700;;CONCÓRDIA;IVOTI;93900000;RS;FAUSTO;blautopecas@terra.com.br;5135938311
2744;BL AUTOPEÇAS;-29.6522808;-51.1872277;RUA PORTÃO;1492;;SAUDADE;ESTÂNCIA VELHA;93600000;RS;FAUSTO;blautopecas@terra.com.br;5135938311
2745;BL AUTOPEÇAS;-29.6792144;-51.0530792;RUA JOÃO SILVEIRA DO AMARAL;111;;CENTRO;CAMPO BOM;93700000;RS;FAUSTO;blautopecas@terra.com.br;5135938311
2746;PALMEIRA AUTOPEÇAS;-29.7124846;-51.1411840;AVENIDA SETE DE SETEMBRO;586;;LIBERDADE;NOVO HAMBURGO;93332470;RS;AMAURI;televenda@autopalmeira.com.br;5135871411
2747;SILVA AUTOPEÇAS;-29.6969496;-51.0999869;RUA BARTOLOMEU DE GUSMÃO;2341;;CANUDOS NOVO;NOVO HAMBURGO;93546000;RS;SIMONE;silva2341@outlook.com.br;5130663882
2748;BAYER AUTO;-29.6910407;-51.1336981;AVENIDA CORONEL FREDERICO LINCK;911;;IDEAL;NOVO HAMBURGO;93336002;RS;ALIDIO;bayeramortecedores2@gmail.com;5135953224
2749;AUTO CAIXA 7;-29.7128112;-51.1388158;AVENIDA SETE DE SETEMBRO;823;;LIBERDADE;NOVO HAMBURGO;93332472;RS;ALEXANDRE;autocaixas7@autocaixas7.com.br;5135874955
2750;CAIXAS 7;-29.7410418;-51.1510864;AVENIDA SENADOR SALGADO FILHO;2018;;SCHARLAU;SÃO LEOPOLDO;93120000;RS;EVANDRO;caixas7@caixas7.com.br;5135681226
2751;SHOPPING DAS PEÇAS;-29.7129750;-51.1413123;AVENIDA SETE DE SETEMBRO;579;;LIBERDADE;NOVO HAMBURGO;93332217;RS;JORGE;compras@shopingdaspecasnh.com.br;5135875350
2752;SHOPPING DAS PEÇAS;-29.1501771;-51.1909724;AVENIDA RUBEM BENTO ALVES;4029;;SÃO JOSÉ;CAXIAS DO SUL;95032533;RS;JORGE;compras@shopingdaspecasnh.com.br;5430269393
2753;AUTOPEÇAS OK;-29.6630741;-50.7811417;AVENIDA SEBASTIÃO AMORETTI;3635;;CRUZEIRO DO SUL;TAQUARA;95601440;RS;VANESSA;contato@autopecasok.com.br;5135410600
2754;AUTOPEÇAS OK;-29.8990110;-50.2745119;AVENIDA ÂNGELO GABRIEL BOFF GUASSELLI;2100;;PARQUE DO SOL;OSÓRIO;95520000;RS;VANESSA;contato@autopecasok.com.br;5135410605
2755;AUTOPEÇAS OK;-29.7227845;-51.1457299;RUA ARACATI;500;;LIBERDADE;NOVO HAMBURGO;93330170;RS;VANESSA;contato@autopecasok.com.br;5135410695
2756;CENTRO MERCURY;-29.6415014;-50.8463436;RUA CÂNCIO GOMES;130;;SÃO JOSÉ;PAROBÉ;95630000;RS;ELENILTON;centroautomotivomercury@gmail.com;5135233688
2757;NENO AUTOPEÇAS;-29.6540488;-50.7894845;RUA HENRIQUE BAUERMAN;1905;;RECREIO;TAQUARA;95600324;RS;BETE;estoquenenoautocenter@outlook.com;5135416330
2758;PEDRO MIRANDA AUTOPEÇAS;-1.4188984;-48.4608727;AVENIDA DOUTOR FREITAS;1547;;PEDREIRA;BELÉM;66087810;PA;MARCILENE;marci_cabral10@hotmai.com;9132546764
2759;J M AUTOPEÇAS;-1.2992019;-48.4792537;RUA SANTA ISABEL;925;;CRUZEIRO;BELÉM;66810090;PA;JOSÉ MARCOS;autocarjm1@gmail.com;9188883750
2760;AUTOPEÇAS BELÉM;-1.4364553;-48.4707894;TRAVESSA HUMAITÁ;1368;;PEDREIRA;BELÉM;66085200;PA;AILTON;simone.nascimento@autopecasbelem.com.br;9140065350
2761;AUTOPEÇAS BELÉM;-1.3810661;-48.4387798;RODOVIA AUGUSTO MONTENEGRO;1;;MANGUEIRÃO;BELÉM;66640000;PA;AILTON;simone.nascimento@autopecasbelem.com.br;9140052220
2762;AUTOPEÇAS BELÉM;-1.4617950;-48.4766357;AVENIDA ALCINDO CACELA;2797;;CREMAÇÃO;BELÉM;66065205;PA;AILTON;simone.nascimento@autopecasbelem.com.br;9131829977
2763;CLIN JEEP AUTOPEÇAS;-1.3629514;-48.2512542;AVENIDA JOAQUIM PEREIRA DE QUEIROZ;399;;PRESIDENTE MEDICI;BENEVIDES;68795000;PA;ALESSANDRO BARBOSA;clinjeep10@gmail.com;9130160460
2764;AUTOPEÇAS LIDER;-1.4566389;-48.4612047;RUA DOS MUNDURUCUS;4517;;SÃO BRAZ;BELÉM;66063023;PA;JOSÉ MILTON;aplider@hotmail.com;9132740302
2765;CASSEB AUTOPEÇAS;-1.4186241;-48.4610597;AVENIDA DOUTOR FREITAS;1521;;PEDREIRA;BELÉM;66087810;PA;ANTÔNIO CASSEB SILVA;cassebsilva@hotmail.com;9181466722
2766;AUTOPEÇAS GLOBO;-1.4025230;-48.4530984;AVENIDA RODOLFO CHERMONT;762;;MARAMBAIA;BELÉM;66615170;PA;HERMAN FACIOLI BRAGA;faciolibraga@bol.com.br;9181144485
2767;RONNY AUTOPEÇAS;-1.4187570;-48.4609424;AVENIDA DOUTOR FREITAS;1541;;PEDREIRA;BELÉM;66087810;PA;RONNY CARDOSO;ronnyauto@gmail.com;9130821520
2768;SOUZA AUTOPEÇAS;-1.3821579;-48.4341051;RODOVIA TRANSCOQUEIRO;153;;UNA;BELÉM;67113345;PA;CARLOS PRAXEDES;souzaautopecas.compras@gmail.com;9132850034
2769;FRANCO AUTOPEÇAS;-1.3671495;-48.4066519;TRAVESSA WE 18;82;CONJUNTO CIDADE NOVA IV;CIDADE NOVA;ANANINDEUA;67130675;PA;DIEGO FRANCO;francoautopecas100@gmail.com;9121220286
2770;OSÓRIO AUTOPEÇAS;-1.2976250;-47.9434510;AVENIDA PRESIDENTE GETULIO VARGAS;1848;;CRISTO REDENTOR;CASTANHAL;68741000;PA;THOMAS NETTO;thomasnettoadm@gmail.com;9137212054
2771;VOLANTE AUTOPEÇAS;-1.3456842;-48.3982744;TRAVESSA WE - 83;1271;CONJUNTO CIDADE NOVA VI;COQUEIRO;ANANINDEUA;67140240;PA;TATIANE GATINHO;volanteveiculos@hotmail.com;9132736791
2772;AUTOPEÇAS FRANCAUTO;-1.3671495;-48.4066519;TRAVESSA WE - 18;82;CONJUNTO CIDADE NOVA IV;COQUEIRO;ANANINDEUA;67130675;PA;MANOEL FRANCO;shalon@expert.com.br;9132750587
2773;AUTOPEÇAS PONTES;-1.4650885;-48.4914683;AVENIDA ROBERTO CAMELIER;439;;JURUNAS;BELÉM;66033640;PA;NETO PONTES;edir.jose@uol.com.br;9132720500
2774;MIX AUTOPEÇAS;-1.4251426;-48.4667758;AVENIDA MARQUES DE HERVAL;1861;;PEDREIRA;BELÉM;66085310;PA;ANTÔNIO;econtcontabilidade@uol.com br;9132547515
2775;AMIGÃO DAS PEÇAS;-1.4155676;-48.4755204;RUA SEVERA ROMANA;288;;SACRAMENTA;BELÉM;66120370;PA;GLAUBER GUIMARÃES;glauberguimaraes@ig.com.br;9132338681
2776;AUTOPEÇAS BANDEIRANTES;-1.4644113;-48.4691053;AVENIDA JOSÉ BONIFÁCIO;1962;;SÃO BRAZ;BELÉM;66063010;PA;GILMAR;artur@wolmercontabil.com.br;9132494949
2777;AUTOPEÇAS CORREA;-1.3666912;-48.4137924;RODOVIA DO COQUEIRO;2238;;COQUEIRO;ANANINDEUA;67033009;PA;ANTÔNIO CORREA;jeconiasfernandes@bol.com.br;9132350371
2778;TURBINADO AUTOPEÇAS;-1.2982088;-48.4795263;AVENIDA DOUTOR LOPO DE CASTRO;1094;;CRUZEIRO DE ICOARACI;BELÉM;66810000;PA;TELMA BRASIL;turbinadopneus@gmail.com;9132278079
2779;RADIAUTO AUTOPEÇAS;-1.3642669;-48.4043877;TRAVESSA WE - 25;151;CONJUNTO CIDADE NOVA IV;COQUEIRO;ANANINDEUA;67133460;PA;MÁRCIO WILLIAN;radiautopecas@hotmail,com;9198260303
2780;RADIAUTO AUTOPEÇAS;-1.3493889;-48.3987583;TRAVESSA WE - 75;292;CONJUNTO CIDADE NOVA VI;COQUEIRO;ANANINDEUA;67140645;PA;MÁRCIO WILLIAN;radiautopecas@hotmail,com;9182772332
2781;FAMA AUTOPEÇAS;-1.4556524;-48.4641584;AVENIDA CONSELHEIRO FURTADO;3877;;GUAMÁ;BELÉM;66093033;PA;PAULO;autopecasfama@ig.com.br;9132742797
2782;POSTO INVENCÍVEL;-1.4330537;-48.4573330;AVENIDA ALMIRANTE BARROSO;1957;;MARCO;BELÉM;66093033;PA;ROMARIO COSTA;compras@invencivelpecas.com.br;9132244774
2783;AUTOPEÇAS CANTINHO DO CÉU;-1.3576389;-48.3984683;TRAVESSA WE - 57;712;CONJUNTO CIDADE NOVA V;CIDADE NOVA;ANANINDEUA;67133400;PA;CARLIENE;autocenter.cantinhoceu@gmail.com;9182460950
2784;GUAJARA AUTOPEÇAS;-1.3519028;-48.3925451;TRAVESSA WE - 69;1282;CONJUNTO GUAJARÁ I;COQUEIRO;ANANINDEUA;67143450;PA;IVO SAMPAIO;autopecasguajara@ig.com.br;9132636321
2785;MARCOS PEÇAS;-1.3649909;-48.3739943;TRAVESSA WE - 75;311;;CIDADE NOVA;ANANINDEUA;67140160;PA;MARCUS;marcosautopecas@gmail.com;9132632361
2786;T PARTS AUTOPEÇAS;-1.3959779;-48.4219667;RODOVIA BR-316;1001;KM 2;GUANABARA;ANANINDEUA;67013000;PA;FRANCISCO;empresas@nortoncontabilidade.com.br;9140207647
2787;CALEB AUTOPEÇAS;-1.3491133;-48.3926369;TRAVESSA SN 21;32;CONJUNTO GUAJARÁ II;COQUEIRO;ANANINDEUA;67143810;PA;NELIO SILVA;calebpecas@hotmail.com;9132460178
2788;CALEB AUTOPEÇAS;-1.3521215;-48.3628254;RUA QUARTA;32;CONJUNTO GUAJARÁ II;COQUEIRO;ANANINDEUA;67130730;PA;DENISE CRISTO;denisecristo@yahoo.com.br;9132460178
2789;CORREA AUTOPEÇAS;-1.3692768;-48.4210755;RODOVIA MARIO COVAS;2248;;COQUEIRO;ANANINDEUA;67113345;PA;RAIMUNDO CORREA;correaautopecas@hotmail.com;9132350371
2790;RICK AUTOPEÇAS;-1.4188258;-48.4609404;AVENIDA DOUTOR FREITAS;1531;;PEDREIRA;BELÉM;66087810;PA;FRED;pmenezes.cont@hotmail.com;9181474727
2791;AUTOPEÇAS ANÁPOLIS;-1.4258967;-48.4696670;TRAVESSA ANGUSTURA;1819;;PEDREIRA;BELÉM;66080180;PA;STEFANIA MELNIK;financeiro@anapolisautocenter.com.br;9132334520
2792;AFONSO AUTOPEÇAS;-1.4285760;-48.4722360;AVENIDA PEDRO MIRANDA;1290;;PEDREIRA;BELÉM;66080000;PA;SANDRO;atendimento@afonsocenter.com.br;9132330777
2793;AUTOPEÇAS GAIA;-1.4182491;-48.4620852;AVENIDA DOUTOR FREITAS;1412;;PEDREIRA;BELÉM;66087810;PA;AUGUSTO;pmenezes.cont@hotmail.com;9188398017
2794;CARRÃO AUTOPEÇAS;-1.4655576;-48.4913683;AVENIDA ROBERTO CAMELIER;472;;JURUNAS;BELÉM;66033970;PA;PEDRO;alvaroxis@globo.com;9132290259
2795;AUTOPEÇAS LUS;-1.4187390;-48.4610090;AVENIDA DOUTOR FREITAS;1535;;PEDREIRA;BELÉM;66087810;PA;SANDRO;sertecom@gmail.com;9132767514
2796;CLEI AUTOPEÇAS;-1.2965740;-47.9287984;AVENIDA PRESIDENTE GETULIO VARGAS;2075;;CENTRO;CASTANHAL;68740005;PA;CLEI;consultabil@linknet.com.br;9137213296
2797;AUTOPEÇAS PONTES;-1.4650885;-48.4914683;AVENIDA ROBERTO CAMELIER;439;;JURUNAS;BELÉM;66033640;PA;NETO PONTES;centralgp1@hotmail.com;9133660500
2798;CANTO AUTOPEÇAS;-1.4660567;-48.4953573;RUA DOS TAMOIOS;888;;JURUNAS;BELÉM;66025540;PA;PAULO;econtcontabilidade@uol.com br;9132244918
2799;FERNANDES AUTOPEÇAS;-1.2981491;-48.4849265;AVENIDA DOUTOR LOPO DE CASTRO;517;;CRUZEIRO DE ICOARACI;BELÉM;66810000;PA;ANTONIO FERNANDES;casafernandes@gmail.com;9132270870
2800;ARTERIAL AUTOPEÇAS;-1.3514620;-48.4081724;TRAVESSA WE - 71;221;CONJUNTO CIDADE NOVA VII;COQUEIRO;ANANINDEUA;67140130;PA;GERALDO;c.meloesilva@hotmail.com;9132631820
2801;GODINHO AUTOPEÇAS;-1.3866273;-48.4079474;RODOVIA BR 316 KM 3;1900;;ATALAIA;ANANINDEUA;67110000;PA;ALESSANDRO;ruthreis@supridados.com.br;9132522116
2802;AUTOPEÇAS PONTO CERTO;-1.4576717;-48.4882845;AVENIDA DOUTOR MORAES;555;;BATISTA CAMPOS;BELÉM;66035080;PA;ROBERTO FERNANDES;mf-piemnter@bol.com.br;9132415453
2803;ROTA AUTOPEÇAS;-1.3657531;-48.3419744;RUA FERNANDO GUILHON;4892;;CENTRO;MARITUBA;67200000;PA;PEDRO;gracacnt@ig.com.br;9132567433
2804;PONTO DA DIREÇÃO;-1.4258658;-48.4703898;AVENIDA PEDRO MIRANDA;1670;;PEDREIRA;BELÉM;66085023;PA;ROBERTO;valeespera@yahoo.com.br;9132776671
2805;I P AUTOPEÇAS;-1.3712017;-48.3303115;RUA PRIMEIRA;2;LOTEAMENTO;PARQUE DAS PALMEIRAS;MARITUBA;67200-000;PA;JORGE;ipautopecas@uol.com.br;(91) 3255-7056
2806;GLOBO AUTOPEÇAS;-1.3069636;-47.9251666;RUA SANTA LUZIA;156;;PIRAPORA;CASTANHAL;68740-360;PA;DJALMA;globoautopecas@gmail.com;(91) 3437-0663
2807;BIDÃO AUTOPEÇAS;-25.7519114;-53.0617600;RUA TIRADENTES;78;;CENTRO;DOIS VIZINHOS;85660000;PR;FABIO;alvoradadv@hotmail.com;4635362504
2808;BERTUOL AUTOPEÇAS;-26.2242829;-52.6712127;AVENIDA TUPI;2967;;CENTRO;PATO BRANCO;85501274;PR;RAFAEL;mecanicabertuol@hotmail.com;4632251081
2809;BIG MAIS AUTOPEÇAS;-26.2416939;-52.6725161;AVENIDA TUPI;824;;BORTOT;PATO BRANCO;85505000;PR;WILLIAN;bigmaiscompras@hotmail.com;4632242042
2810;PASA AUTOPEÇAS;-26.2130110;-52.6748268;AVENIDA TUPI;760;;BORTOT;PATO BRANCO;85505000;PR;AMARILDO;mecanicapasae@hotmail.com;4632253122
2811;MISSIO AUTOPEÇAS;-26.2359489;-52.6704216;RUA TOCANTINS;1394;;BAIXADA;PATO BRANCO;85505140;PR;MISSIO;financeiro@mecanicamissio.com.br;4632255184
2812;GALEAZZI AUTOPEÇAS;-26.2231504;-52.6719890;RUA TAPIR;1208;;CENTRO;PATO BRANCO;85501300;PR;ALESSANDRO;alessandro@galeazziautocenter.com.br;4621013366
2813;DRIVE AUTOPEÇAS;-26.2152865;-52.6739173;AVENIDA TUPI;1115;;BORTOT;PATO BRANCO;85504000;PR;JOSIANE;driveautocenter@hotmail.com;4630251224
2814;LORA AUTOPEÇAS;-26.2400865;-52.6706976;RUA TOCANTINS;1010;;SÃO VICENTE;PATO BRANCO;85506330;PR;ANDRÉ;nfe.mecanicalora@gmail.com;4632255621
2815;TURATTO AUTOPEÇAS;-25.7541825;-53.0600791;AVENIDA PRESIDENTE KENNEDY;334;;CENTRO SUL;DOIS VIZINHOS;85660000;PR;ADEMAR;turattoautocenter@hotmail.com;4635361412
2816;INJETCAR AUTOPEÇAS;-25.7511034;-53.0606298;AVENIDA MÉXICO;1384;;SAGRADA FAMÍLIA;DOIS VIZINHOS;85660000;PR;ELISANDRO;injet-car2011@hotmail.com;4635363215
2817;AUTOPEÇAS SÃO CRISTOVÃO;-25.7591646;-53.0596765;RUA TIRADENTES;877;;CENTRO SUL;DOIS VIZINHOS;85660000;PR;ROBSON;crisfinanceirosaocristovao@hotmail.com;4635363646
2818;ZANELLA AUTOPEÇAS;-25.7555116;-53.0598347;AVENIDA PRESIDENTE KENNEDY;490;;CENTRO SUL;DOIS VIZINHOS;85660000;PR;JONAS;mecanicazanella@hotmail.com;4635361455
2819;MOREIRA AUTOPEÇAS;-25.7582256;-53.0662573;RUA LAUDELINO MIOLA;1088;;ESPERANÇA;DOIS VIZINHOS;85660000;PR;IVANDRO;mecmoreiradv@hotmail.com;4699321538
2820;ASSONI PEÇAS;-25.9827912;-52.5658834;RUA CLAUDINO DOS SANTOS;474;;CENTRO;CORONEL VIVIDA;85550000;PR;SIDNEY;automecanicaassoni@hotmail.com;4632322232
2821;TURCO AUTOPEÇAS;-25.9896323;-52.5677785;RUA MAJOR ESTAVÃO RIBEIRO DO NASCIMENTO;1496;;JARDIM LUIZ SCHIAVANI;CORONEL VIVIDA;85550000;PR;RAFAEL;mecanicadoturco@hotmail.com;4632321906
2822;CORONEL AUTOPEÇAS;-25.9826789;-52.5640191;RUA ROMÁRIO MARTINS;209;;CENTRO;CORONEL VIVIDA;85550000;PR;VILMAR;autocenter46@hotmail.com;4632324600
2823;DE COL AUTOPEÇAS;-26.2120541;-52.6726671;RUA ABEL BORTOT;127;;VILA ISABEL;PATO BRANCO;85504280;PR;EVANDRO;decolevandro@gmail.com;4626040099
2824;AUTOPEÇAS LONDRINA;-23.3140593;-51.1549866;AVENIDA DUQUE DE CAXIAS;3204;;CENTRO;LONDRINA;86010190;PR;MARCELO;marcelomartins@autopecaslondrina.com.br;4333757170
2825;AUTOPEÇAS LONDRINA;-23.3093901;-51.2184870;RODOVIA CELSO GARCIA CID;3349;;BANDEIRANTES;CAMBÉ;86187000;PR;JÕAO PAULO;apl2@autopecaslondrina.com.br;4332512300
2826;GORDO + 1 MOTO PEÇA;-24.8923552;-54.3030016;RUA ARGENTINA;1522;;CENTRO;SANTA HELENA;85892000;PR;ADELAR;gordomais1@hotmail.com;4532688782
2827;TADEU AUTOPEÇAS;-22.4749585;-43.8191096;AVENIDA PREFEITO ARTHUR DA COSTA;691;;MUQUECA;BARRA DO PIRAÍ;27140054;RJ;CRISTOVAO TADEU;tadeuapfilial@outlook.com;2424424227
2828;TADEU AUTOPEÇAS;-22.4656988;-43.8309098;RUA BARÃO DO RIO BONITO;175;;SANTANA;BARRA DO PIRAÍ;27113040;RJ;CRISTOVAO TADEU;tadeuapfilial@outlook.com;(24) 2447-2600
2829;TADEU PNEUS;-22.4649470;-43.8320695;RUA BARÃO DO RIO BONITO;375;;SANTANA;BARRA DO PIRAÍ;27113040;RJ;CRISTOVAO TADEU;tadeuapfilial@outlook.com;2424472625
2830;TADEU PNEUS;-22.2492680;-43.7059349;RUA 27 DE NOVEMBRO;27;;CENTRO;VALENÇA;27600000;RJ;CRISTOVAO TADEU;tadeuapfilial@outlook.com;(24) 2452-7699
2831;NAFIL AUTOPEÇAS;-22.5396777;-44.1764943;RUA LUIZ PONCE;133;;CENTRO;BARRA MANSA;27310400;RJ;ROGÉRIO;autopecas@nafil.com.br;2433258787
2832;NAFIL AUTOPEÇAS;-22.5000163;-44.1074262;RUA PRESBITERIANA;464;;RETIRO;VOLTA REDONDA;27283810;RJ;ROGÉRIO;autopecas@nafil.com.br;2433462310
2833;NAFIL AUTOPEÇAS;-22.2485604;-43.7059980;AVENIDA NILO PECANHA;786;;CENTRO;VALENÇA;27283810;RJ;ROGÉRIO;autopecas@nafil.com.br;2424534111
2834;NAFIL AUTOPEÇAS;-22.4843471;-43.8180436;RUA MAJOR EDUARDO NOGUEIRA DE OLIVEIRA;281;;MUQUECA;BARRA DO PIRAÍ;27140250;RJ;ROGÉRIO;autopecas@nafil.com.br;2424421122
2835;NAFIL AUTOPEÇAS;-22.4721581;-44.4626083;RUA PADRE JOSE SANDRUP;521;;VILA JULIETA;RESENDE;27520262;RJ;ROGÉRIO;autopecas@nafil.com.br;2421080600
2836;AZOBERTE AUTOPEÇAS;-22.4847069;-44.4918621;RUA CORONEL NEI PAULO PANIZZUTI;79;;JARDIM ALIANCA;RESENDE;27525580;RJ;ERLON;azoberte@terra.com.br;2433220986
2837;AZOBERTE AUTOPEÇAS;-22.4142450;-44.3100895;AVENIDA  RENATO MONTEIRO;2060;;NOVO HORIZONTE;PORTO REAL;27570000;RJ;ERLON;azoberte@terra.com.br;2433531156
2838;AZOBERTE AUTOPEÇAS;-22.4640960;-44.4444420;RUA GULHOT RODRIGUES;350;;CAMPOS ELÍSEOS;RESENDE;27542040;RJ;ERLON;azoberte@terra.com.br;2433552438
2839;ROTATIVO AUTOPEÇAS;-22.4996018;-44.1091031;AVENIDA SAVIO GAMA ;2166;;RETIRO;VOLTA REDONDA;27280180;RJ;DEVANIR;rotativo@rotativoautopecas.com.br;2433468885
2840;ROMA DIESEL;-22.4584049;-44.4319764;AVENIDA DOUTOR JEFERSON GERALDO BRUNO;1160;;PARAÍSO;RESENDE;27521131;RJ;FLAVIO;romadiesel@hotmail.com;2433601387
2841;CIAUTO AUTOPEÇAS;-22.4706328;-44.4637880;AVENIDA CORONEL MENDES;622;;MANEJO;RESENDE;27521131;RJ;WILLIAN;ciautoresende@gamil.com;2433542014
2842;GIRO MOTOPEÇAS;-22.2744180;-42.5329000;AVENIDA EUTERPE FRIBURGUENSE;132;;CENTRO;NOVA FRIBURGO;28605130;RJ;OTAVIO;otaviovelozo129@gmail.com;(21) 96731-2850
2843;OUROCAR;-22.2768560;-42.5338079;AVENIDA EUTERPE FRIBURGUENSE;27;;CENTRO;NOVA FRIBURGO;28605130;RJ;GABRIELLA;refriburgo@gamail.com;2225436148
2844;FRIBURGO AUTOPEÇAS;-22.2758813;-42.5335621;AVENIDA EUTERPE FRIBURGUENSE;69;;CENTRO;NOVA FRIBURGO;28605130;RJ;RONALDO;friburautopecas@oi.com.br;2225228537
2845;FURACÃO AUTOPEÇAS;-22.2757238;-42.5331466;AVENIDA EUTERPE FRIBURGUENSE;98;;CENTRO;NOVA FRIBURGO;28605220;RJ;LEONARDO;apfuracao@gmail.com;2225222966
2846;V.M.C. AUTOPEÇAS;-22.2753865;-42.5334307;AVENIDA EUTERPE FRIBURGUENSE;93;;CENTRO;NOVA FRIBURGO;28605130;RJ;VITOR;vmcautopecas@gmail.com;2425221692
2847;J. & J. DE FRIBURGO AUTOPEÇAS;-22.2749447;-42.5329728;AVENIDA EUTERPE FRIBURGUENSE;118;;CENTRO;NOVA FRIBURGO;28605030;RJ;JERRY;jejautopecas@gmail.com;2225226145
2848;AUTOPEÇAS SÃO JORGE;-22.4600338;-42.6516213;RUA PLINIO CASADO;610;;CAMPO DO PRADO;CACHOEIRAS DE MACACU;28680000;RJ;LUIZ HENRIQUE;autopecasaojorgecm@gmail.com;(21) 98031-5328
2849;DIGÃO AUTOPEÇAS;-22.4639816;-42.6527687;RUA MAURICIO DE ABREU;867;;PARQUE VENEZA;CACHOEIRAS DE MACACU;28680000;RJ;RODRIGO;rodrigoimiauto@gmail.com;2126492239
2850;FALCÃO MOTOPEÇAS;-22.8472613;-43.0754617;RUA DOUTOR PIO BORGES;2181;;PITA;SÃO GONÇALO;24412001;RJ;JOSÉ ANTONIO;falcaomotopecas@gmail.com;2164033396
2851;RETIFICA LUMIAR AUTOPEÇAS;-22.2938334;-42.5300371;RUA ALVARES DE AZEVEDO;656;;PONTE DA SAUDADE;NOVA FRIBURGO;28615050;RJ;VINICIUS;retificalumiar@retificalumiar.com.br;2225330607
2852;BAR & GUDO AUTOPEÇAS;-22.9620217;-42.9917703;AVENIDA CARLOS MARIGUELLA;9700;;ITAIPUAÇU;MARICÁ;24936730;RJ;EVERALDA;italupecas@ig.com.br;2126380401
2853;LUTTI AUTOPEÇAS;-22.3830219;-43.1336331;ESTRADA UNIÃO E INDUSTRIA;12359;;ITAIPAVA;PETRÓPOLIS;25730775;RJ;BRUNA;luttiautopecas@gmail.com;2422222972
2854;LUTTI AUTOPEÇAS;-22.5152550;-43.1900804;PRAÇA VINTE E NOVE DE JUNHO;33;;POSSE;PETRÓPOLIS;25770056;RJ;BRUNA;luttiautopecas@gmail.com;2422222972
2855;PNEUSOLA PNEUS E PEÇAS;-19.9432923;-44.0041393;AVENIDA AMAZONAS;8556;;CABANA;BELO HORIZONTE;30510000;MG;INÊS;rafael.pecas@pneusola.com.br;3133117772
2856;PNEUSOLA PNEUS E PEÇAS;-19.8902025;-43.9292236;AVENIDA CRISTIANO MACHADO;2001;;CIDADE NOVA;BELO HORIZONTE;31170800;MG;FRANCISCO;rafael.pecas@pneusola.com.br;3133117714
2857;PNEUSOLA PNEUS E PEÇAS;-19.9127951;-43.9549119;AVENIDA DOM PEDRO SEGUNDO;1233;;CARLOS PRATES;BELO HORIZONTE;31015000;MG;ERIVANIA;rafael.pecas@pneusola.com.br;3133117732
2858;PNEUSOLA PNEUS E PEÇAS;-19.9695047;-43.9545930;AVENIDA RAJA GABAGLIA;4500;;SANTA LÚCIA;BELO HORIZONTE;30360670;MG;JÚLIO;rafael.pecas@pneusola.com.br;3133117750
2859;PNEUSOLA PNEUS E PEÇAS;-19.9693011;-43.9567947;AVENIDA PROFESSOR MÁRIO WERNECK;431;;BURITIS;BELO HORIZONTE;30575180;MG;ARTHUR;rafael.pecas@pneusola.com.br;3133117760
2860;PNEUSOLA PNEUS E PEÇAS;-19.9534406;-43.9249434;AVENIDA DOS BANDEIRANTES;1120;;COMITECO;BELO HORIZONTE;30315032;MG;NATANA;rafael.pecas@pneusola.com.br;3133117765
2861;PNEUSOLA PNEUS E PEÇAS;-19.9080182;-43.9985187;AVENIDA ABÍLIO MACHADO;890;;ALÍPIO DE MELO;BELO HORIZONTE;30830000;MG;EDNEIA;rafael.pecas@pneusola.com.br;3133117736
2862;PNEUSOLA PNEUS E PEÇAS;-19.9738613;-44.0418740;RUA TIRADENTES;1535;;JARDIM INDUSTRIAL;CONTAGEM;32235250;MG;RICARDO;rafael.pecas@pneusola.com.br;3133117722
2863;PNEUSOLA PNEUS E PEÇAS;-19.9455507;-44.0320916;AVENIDA JOÃO CÉSAR DE OLIVEIRA;315;;ELDORADO;CONTAGEM;32315000;MG;MARDEN;rafael.pecas@pneusola.com.br;3133117778
2864;PNEUSOLA PNEUS E PEÇAS;-19.9774745;-44.0217583;AVENIDA SINFRÔNIO BROCHADO;975;;BARREIRO DE BAIXO;BELO HORIZONTE;30640070;MG;REBECA;rafael.pecas@pneusola.com.br;3133117780
2865;PNEUSOLA PNEUS E PEÇAS;-19.9706002;-44.2059407;AVENIDA AMAZONAS;1623;;BRASILÉIA;BETIM;36500000;MG;ANTÔNIO;rafael.pecas@pneusola.com.br;3133117730
2866;PNEUSOLA PNEUS E PEÇAS;-19.9432923;-44.0041393;AVENIDA AMAZONAS;8556;;JARDINÓPOLIS;BELO HORIZONTE;30510000;MG;RAFAEL;rafael.pecas@pneusola.com.br;3133117752
2867;PNEUSOLA PNEUS E PEÇAS;-19.9263612;-43.9597647;AVENIDA FRANCISCO SÁ;420;;PRADO;BELO HORIZONTE;30411174;MG;VANESSA;rafael.pecas@pneusola.com.br;3133117793
2868;PNEUSOLA PNEUS E PEÇAS;-19.9242377;-44.0731338;AVENIDA JOÃO CÉSAR DE OLIVEIRA;5555;;BEATRIZ;CONTAGEM;32040000;MG;RAUL;rafael.pecas@pneusola.com.br;3133117788
2869;PNEUSOLA PNEUS E PEÇAS;-19.6445353;-43.8864226;RUA ACADÊMICO;2788;;SANTOS DUMOND;LAGOA SANTA;33400000;MG;WAGNER;rafael.pecas@pneusola.com.br;3133117743
2870;PNEUSOLA PNEUS E PEÇAS;-19.7823561;-43.9083235;AVENIDA BRASÍLIA;1248;;SÃO BENEDITO;SANTA LUZIA;33170000;MG;FRAN;rafael.pecas@pneusola.com.br;3133117504
2871;PNEUSOLA PNEUS E PEÇAS;-19.6183529;-44.0402804;PRAÇA RUI AZEVEDO CARVALHO;69;;CACHOEIRA GRANDE;PEDRO LEOPOLDO;33600000;MG;SARA;rafael.pecas@pneusola.com.br;3133117507
2872;PNEUSOLA PNEUS E PEÇAS;-19.9428094;-43.9336108;AVENIDA NOSSA SENHORA DO CARMO;323;;CARMO;BELO HORIZONTE;30310000;MG;EDUARDO;rafael.pecas@pneusola.com.br;3133117720
2873;PNEUSOLA PNEUS E PEÇAS;-19.8806798;-43.9569395;RODOVIA ANEL RODOVIÁRIO;17801;;SÃO FRANCISCO;BELO HORIZONTE;31255160;MG;JOSI;rafael.pecas@pneusola.com.br;3133117768
2874;PNEUSOLA PNEUS E PEÇAS;-19.8808728;-44.0506781;RODOVIA BR-040 NÚMERO;6595;;CHÁCARAS BOA VISTA;CONTAGEM;32150193;MG;PAULO;rafael.pecas@pneusola.com.br;3133117791
2875;PNEUSOLA PNEUS E PEÇAS;-21.6591665;-45.3027884;RODOVIA BR-381 FERNÃO DIAS;S/N;KM 482/5;DISTRITO INDÚSTRIAL;BETIM;32669895;MG;TALMA;rafael.pecas@pneusola.com.br;3133117743
2876;PNEUSOLA PNEUS E PEÇAS;-20.5203307;-43.8321388;RODOVIA BR-040;S/N;;CAMPOS DAS FLORES;CONGONHAS;36415000;MG;ANTÔNIO;rafael.pecas@pneusola.com.br;3133117743
2877;PNEUSOLA PNEUS E PEÇAS;-19.9608123;-43.9647220;AVENIDA BARÃO HOMEM DE MELO;2780;;ESTORIL;BELO HORIZONTE;30494080;MG;GRACIETE;rafael.pecas@pneusola.com.br;3133117777
2878;PNEUSOLA PNEUS E PEÇAS;-19.9849524;-43.8534771;AVENIDA RIO BRANCO;355;;CENTRO;NOVA LIMA;34000000;MG;CLEIVSON;rafael.pecas@pneusola.com.br;3135415877
2879;TRINDADE DISTRIBUIDORA;-19.8900652;-43.9057113;RUA SÃO BORJA;34;LOJA 03;BOA VISTA;BELO HORIZONTE;31070010;MG;MÁRCIO;trindadedistribuidoraatacado@hotmail.com;3135683139
2880;AUTOPEÇAS AURORA;-24.5282758;-53.2548272;RUA SÃO LUIS;1122;;CENTRO;NOVA AURORA;85410000;PR;ALBERTO;autopecasaurora@hotmail.com;4532431484
2881;AUTOPEÇAS IZABELENSE;-25.8180077;-53.4821211;AVENIDA DOS PINHEIROS;1249;;CENTRO;SANTA IZABEL DO OESTE;85650000;PR;EDSON;izabelense@izabelense.com.br;4635428100
2882;DUCATO;-26.8801509;-52.4034432;RUA RUI BARBOSA;485;;CENTRO;XANXERÊ;89820000;SC;SANDRA;ducatoautomecanica@hotmail.com;4934336649
2883;AUTO PRECISÃO;-26.9570168;-52.5272547;RUA DEZ DE NOVEMBRO;210;;CENTRO;XAXIM;89825000;SC;ALGACIR;autoprecisao@desbrava.com.br;4933532447
2884;ENGREPAR COMERCIO DE AUTOPEçAS;-24.9525477;-53.5057225;AVENIDA BRASIL;1095;;SÃO CRISTOVÃO;CASCAVEL;85816290;PR;CASSIO;engrepar@engrepar.com.br;4530374695
2885;SÓ FORD;-24.9505107;-53.4269710;RUA RAPOSO TAVARES;633;;SÃO CRISTOVÃO;CASCAVEL;85816480;PR;AQUILES;soford@terra.com.br;4532259175
2886;MAGNAPEL MAGNABOSCO AUTOPEÇAS;-19.7664360;-47.9460847;AVENIDA APOLONIO SALES;351;;SÃO BENEDITO;UBERABA;38020430;MG;KEPLER;magnapel@uol.com.br;3433366633
2887;M DOIS MIL PEÇAS;-19.7674486;-47.9330679;RUA JOSÉ BONIFÁCIL;956;;NOSSO SENHORA DA ABADIA;UBERABA;38030140;MG;JOSE REINALDO;m2000pecasltda@gmail.com;3433367722
2888;SANTANA PEÇAS;-19.7740761;-47.9592825;AVENIDA JOÃO XXIII;1677;;PARQUE DAS AMÉRICAS;UBERABA;38045100;MG;REGIS;autopecaurar@yahoo.com.br;3433367873
2889;DISK PEÇAS;-18.6045685;-48.6905423;AVENIDA BUENO BRANDÃO;406;;PRIMAVERA;TUPACIGUARA;38480000;MG;CLAUDIO;dpecas@netsite.com.br;3432813136
2890;O MUNDO DAS PEÇAS;-18.6032477;-46.5160432;AVENIDA PIAUI;461;;LAGOA GRANDE;PATOS DE MINAS;38700206;MG;SEBASTIÃO;omundodaspecas09@hotmal.com;3438217494
2891;MINAS CAR;-16.3646817;-46.9024870;RUA PREFEITO JOÃO COSTA;896;;CENTRO;UNAÍ;38610000;MG;LUCIO;minascarunai@hotmail.com;3836761256
2892;GIRO MOTO;-18.8994867;-48.2641102;AVENIDA AFONSO PENA;3011;;BRASIL;UBERLÂNDIA;38400710;MG;LENIR;lenirgiro1@gmail.com;3432325652
2893;SERVIPEÇAS;-19.8700695;-47.4424330;AVENIDA VIGARIO PAIXÃO;426;;CENTRO;SACRAMENTO;38190000;MG;HELSIO;servipecas@servipecas.net;3433511533
2894;TOPCAR AUTOPEÇAS;-18.5987354;-48.6981500;AVENIDA BELO HORIZONTE;156;;SÃO CRISTOVÃO;TUPACIGUARA;38430000;MG;OSNIR;topcarautopecas@yahoo.com.br;3432813150
2895;SKINÃO PEÇAS;-18.6025714;-46.5152466;RUA MAJOR GOTE;2106;;LAGOA GRANDE;PATOS DE MINAS;38700001;MG;PAULO RUBENS;paulorubens.ltda@terra.com.br;3438214555
2896;GUIMA MOTOS;-18.9733918;-49.4527414;AVENIDA DEZESSETE;63;;CENTRO;ITUIUTABA;38300132;MG;GUIMARAES;guimaciclo@yahoo.com.br;3432684000
2897;TRIAL MOTO PEÇAS;-18.9013654;-48.2655113;AVENIDA AFONSO PENA;2721;;BRASIL;UBERLÂNDIA;38400708;MG;ERNANE;trialmotosltda@hotmail.com;3432325174
2898;S1 MOTO PEÇAS;-18.8895602;-48.2372371;AVENIDA DOM PEDRO II;1287;;CUSTÓDIO PEREIRA;UBERLÂNDIA;38405280;MG;SILVIO;silviodamasceno@bol.com.br;3432325648
2899;BENATI MOTO PEÇAS;-18.9176255;-48.2984481;AVENIDA BRIGADEIRO SAMPAIO;35;;DANIEL FONSECA;UBERLÂNDIA;38400308;MG;RICARDO BENATI;benatimotopecas@gmail.com;3432177367
2900;LEVA MOTO PEÇAS;-18.8946067;-48.2956928;AVENIDA CONSTELAÇÃO;881;;JARDIM BRASILIA;UBERLÂNDIA;38401394;MG;ROGERIO;levamotopecas@hotmail.com;3432162849
2901;MOTO PEÇAS M.P;-18.9488225;-48.3132997;AVENIDA GETULIO VARGAS;5065;;JARDIM DAS PALMEIRAS;UBERLÂNDIA;38412316;MG;GILSON;gilsonrepr@yahoo.com.br;3432551251
2902;MASTER MOTO PEÇAS;-18.9425015;-48.3091646;AVENIDA GETULIO VARGAS;4231;;JARDIM DAS PALMEIRAS;UBERLÂNDIA;38400299;MG;FERNANDO;compras@mastermotopecas.com.br;3432559559
2903;GIRO MOTO;-18.9288418;-48.3354205;AVENIDA JOSE FONSECA E SILVA;1184;LOJA 14;LUIZOTE DE FREITAS;UBERLÂNDIA;38414348;MG;LUCAS;lucasgiromoto@gmail.com;3432152629
2904;WILLIAM MOTOS;-18.8787744;-48.2663370;AVENIDA COMENDADOR ALEXANDRINO GARCIA;1645;;MARTA HELENA;UBERLÂNDIA;38402238;MG;WILLIAN;willianmotopecas@hotmail.com;3432111050
2905;TOTAL MOTO PEÇAS;-18.9125204;-48.2863696;AVENIDA FERNANDO VILELA;1236;;MARTINS;UBERLÂNDIA;38400456;MG;RAFAEL;dragonmotors@bol.com.br;3432353682
2906;OK MOTO PEÇAS;-18.9161541;-48.2987376;AVENIDA FERNANDO VILELA;2392;;OSVALDO RESENDE;UBERLÂNDIA;38400458;MG;AIRTON;okmotopecas@gmail.com;3432193222
2907;LEO MOTO PEÇAS;-18.9320523;-48.3166676;AVENIDA DA SECRETÁRIA;347;;PLANALTO;UBERLÂNDIA;38413150;MG;LEONARDO;leomotopecasudia@gmail.com;3432386492
2908;TOP MOTO PEÇAS;-18.8964144;-48.2845982;PRAÇA LINCOLN;40;;ROOSEVELT;UBERLÂNDIA;38401046;MG;CLEITON;tomoto@hotmail.com;3432257774
2909;JAPÃO MOTOS;-18.9202039;-48.2426608;AVENIDA SEGISMUNDO PEREIRA;1740;;SANTA MONICA;UBERLÂNDIA;38408170;MG;WESLEY;japaopecas@hotmail.com;3432270293
2910;WILLIAM MOTOS PEÇAS;-18.9108837;-48.2508028;AVENIDA UBIRATAN HONORIO CASTRO;290;;SANTA MONICA;UBERLÂNDIA;38408154;MG;RICARDO;wmp.santamonica@hotmail.com;3432237070
2911;MMARRA DISTRIBUIDORA;-18.8771863;-48.2773667;AVENIDA ANTONIO THOMAZ FERREIRA REZENDE;1323;;SANTA ROSA;UBERLÂNDIA;38401315;MG;FELIPE;paralegal@aserco.com.br;3432135809
2912;PRIME MOTO PEÇAS;-18.8934817;-48.2752271;RUA SÃO DOMINGOS;395;;SANTA ROSA;UBERLÂNDIA;38401236;MG;JOÃO;boscoferreira25@hotmail.com;3432106040
2913;MOTO ROCHA;-18.9560765;-48.2291101;RUA MANOEL GOMES;270;;SÃO JORGE 1;UBERLÂNDIA;38410204;MG;ELIAS;motorocha@gmail.com;3432224528
2914;GIGA MOTO PEÇAS;-18.9344091;-48.3038559;AVENIDA GETULIO VARGAS;3185;;TUBALINA;UBERLÂNDIA;38412066;MG;MAX;gigamotopecas@hotmail.com;3432291649
2915;GIRO MOTO;-18.9311463;-48.3021142;AVENIDA GETULIO VARGAS;2910;;TUBALINA;UBERLÂNDIA;38412066;MG;WESLEY;giromotogetuliovargas@gmail.com;3432375652
2916;VILELA MOTO PEÇAS;-18.9156973;-48.3280314;AVENIDA JOSÉ FONSECA E SILVA;335;;LUIZOTE DE FREITAS;UBERLÂNDIA;38414348;MG;VILELA;vilelaautopecas2015@gmail.com;3432342421
2917;AUTOPEÇAS ITAMARATI;-22.8841464;-43.2971840;AVENIDA DOM HELDER CÂMARA;7163;;PILARES;RIO DE JANEIRO;20751000;RJ;ROBSON;robson@grupoitamarati.com.br;2134459600
2918;AUTOPEÇAS ITAMARATI;-22.8838742;-43.2973788;AVENIDA DOM HELDER CÂMARA;7178;;PILARES;RIO DE JANEIRO;20751002;RJ;FLÁVIO;flavio@grupoitamarati.com.br;2134459610
2919;MACHADÃO AUTOPEÇAS;-22.8097600;-43.3703900;PRAÇA NOSSA SENHORA DAS DORES;35;;PAVUNA;RIO DE JANEIRO;21520300;RJ;SANDRO;machadaoap@hotmail.com;2124744232
2920;MERCÚRIO AUTOPEÇAS;-22.8063406;-43.3638261;RUA MERCÚRIO;122;"LOJA ""A""";PAVUNA;RIO DE JANEIRO;21525006;RJ;CÍNTIA;mercurioautopecas@hotmail.com;2124076247
2921;AUTOPEÇAS PARADA CERTA;-22.8124046;-43.3215922;RUA CRISTIANO MACHADO;811;"LOJA ""B""";JARDIM AMÉRICA;RIO DE JANEIRO;21440470;RJ;MARCOS;paradacertaautopecas@gmail.com;2133463249
2922;AUTOPEÇAS PRESIDENTE;-22.8161505;-43.3240004;RODOVIA PRESIDENTE DUTRA;630;;JARDIM AMÉRICA;RIO DE JANEIRO;21240000;RJ;WANDER;autopecaspresidente630@gmail.com;2133462838
2923;POLY REI AUTOPEÇAS;-22.8120609;-43.3214968;RUA JORNALISTA GERALDO ROCHA;500;;JARDIM AMÉRICA;RIO DE JANEIRO;21240080;RJ;ROBERTO;polyreiautopecas@hotmail.com;2120350986
2924;TATAO 1001 AUTOPEÇAS;-22.8051534;-43.3555776;RUA MERCÚRIO;1001;;PAVUNA;RIO DE JANEIRO;21525470;RJ;MÁRCIO;tatao1001@ig.com.br;2124075519
2925;ZOCAR AUTOPEÇAS;-22.8112722;-43.3197757;RUA JORNALISTA GERALDO ROCHA;700;;JARDIM AMÉRICA;RIO DE JANEIRO;21240008;RJ;ALEX;zocarautopecas@hotmail.com;2133469713
2926;GUIGO AUTOPEÇAS;-22.8345374;-43.4087452;AVENIDA CIPRIANO BARATA;100;;ANCHIETA;RIO DE JANEIRO;21620190;RJ;RENATO;compras.guigo@gmail.com;2133397261
2927;FAST CAR AUTOPEÇAS;-22.8333333;-43.4026127;AVENIDA CIPRIANO BARATA;66;;ANCHIETA;RIO DE JANEIRO;21620190;RJ;WAGNER;compras.guigo@gmail.com;2136487146
2928;POINT AUTOPEÇAS;-22.8811035;-43.3531374;ESTRADA INTENDENTE MAGALHÃES;431;;MADUREIRA;RIO DE JANEIRO;21330790;RJ;NICOLA;pointmotopecasgerencia@gmail.com;2124521664
2929;QUARESMA AUTOPEÇAS;-22.8914146;-43.3584464;RUA LUIZ BELTRÃO;1226;;VILA VALQUEIRE;RIO DE JANEIRO;21321232;RJ;RAFAEL;fredericozacharias@hotmail.com;2131726769
2930;HOMA MOTOS;-22.9117375;-43.1926409;RUA RIACHUELO;410;/412;CENTRO;RIO DE JANEIRO;20230014;RJ;ROSEMARY;homa@netbotanic.com.br;2122325815
2931;GARDEN MOTOS;-22.9551439;-43.3546788;AVENIDA AYRTON SENNA;5000;"LOJA ""C""";GARDENIA;RIO DE JANEIRO;22765008;RJ;ANDRÉ;asmotopecaseacessorios@hotmail.com;2133428552
2932;MOTOBRÁS;-22.8377335;-43.2891904;AVENIDA BRÁS DE PINA;737;;PENHA;RIO DE JANEIRO;21210673;RJ;RODRIGO;motobras01@hotmail.com;2133414911
2933;MOTOBRÁS;-22.8830414;-43.2957402;AVENIDA DOM HELDER CÂMARA;6975;;PILARES;RIO DE JANEIRO;20751000;RJ;RODRIGO;motobras01@hotmail.com;2133414911
2934;MOTOBRÁS;-22.9047804;-43.2944659;RUA DIAS DA CRUZ;719;;MÉIER;RIO DE JANEIRO;20720011;RJ;RODRIGO;motobras01@hotmail.com;2133414911
2935;MOTOBRÁS;-22.9214403;-43.2212727;RUA HADDOCK LOBO;456;;TIJUCA;RIO DE JANEIRO;20260142;RJ;RODRIGO;motobras01@hotmail.com;2133414911
2936;MOTOBRÁS;-22.9578743;-43.1913366;RUA REAL GRANDEZA;317;;BOTAFOGO;RIO DE JANEIRO;22281032;RJ;RODRIGO;motobras01@hotmail.com;2133414911
2937;MOTOBRÁS;-22.9385320;-43.3487803;AVENIDA GEREMÁRIO DANTAS;1200;;JACAREPAGUÁ;RIO DE JANEIRO;22760401;RJ;RODRIGO;motobras01@hotmail.com;2133414911
2938;ARMANDO PNEUS;-20.8490463;-41.1274322;AVENIDA DOUTOR ARISTIDES;590;;CAMPO LEOPOLDINA;CACHOEIRO DE ITAPEMIRIM;29305-360;ES;ESTER;compraconsumo@armandopneus.com.br;2835260877
2939;CAPEL PEÇAS;-20.8286692;-41.1494743;AVENIDA MAURO MIRANDA MADUREIRA;1662;;CENTRAL PARQUE;CACHOEIRO DE ITAPEMIRIM;29313162;ES;MARCIO;capelmarcio@terra.com.br;2835219010
2940;CAPRINI AUTOPEÇAS;-20.0934536;-40.8374011;RODOVIA GALERANO AFONSO;594;;SÃO LUIZ;SANTA MARIA DE JETIBÁ;29645000;ES;RENAN;compras1@capecas.com.br;2732632070
2941;CAPRINI AUTOPEÇAS;-20.3518886;-41.0912704;RODOVIA BR262;S/N;BOMBA - KM 8,5;CAXIAS DO SUL;VIANA;29136350;ES;RENAN;compras1@capecas.com.br;2733480048
2942;DIVICAR AUTOPEÇAS;-20.2200058;-40.2685800;RUA CLAUDIO COUTINHO;28;;JARDIM LIMOEIRO;SERRA;29164074;ES;RUAN;ruan@divicarautopecas.com.br;2733480048
2943;FALQUETO AUTOPEÇAS;-20.3311045;-41.1315737;RUA SÃO LOURENÇO;S/N;;ESPLANADA;VENDA NOVA DO IMIGRANTE;29375000;ES;LUCAS;lucasfalqueto@ig.com.br;2835461717
2944;RPF AUTOPEÇAS;-20.2172696;-40.2692188;RUA SÃO PEDRO;386;;JARDIM LIMOEIRO;SERRA;29164042;ES;DARLAN;darlan_stc@hotmail.com;2721247400
2945;MIMOSO AUTOPEÇAS;-21.0709266;-41.3569440;RUA JOSE MONTEIRO DA SIVA;900;;PRATINHA;MIMOSO DO SUL;29400000;ES;JOÃO;mimosoautopecas@hotmail.com;2835551007
2946;NOVA VIA AUTOPEÇAS;-21.0284276;-40.8174251;RUA RUBENS RANGEL;1064;;SANTA RITA;MARATAÍZES;29345000;ES;ERICO;erico@novaviapecas.com.br;2733113900
2947;NOVA VIA AUTOPEÇAS;-20.8492271;-41.1417130;AVENIDA JONES DOS SANTOS NEVES;365;;ESTELITA;CACHOEIRO DE ITAPEMIRIM;29301662;ES;ERICO;erico@novaviapecas.com.br;2733113900
2948;SMAP AUTOPEÇAS;-20.0084705;-40.7435098;RUA MICHAEL WUTKOVSKI VERVLOET;40;;SÃO LUIZ;SANTA MARIA DE JETIBÁ;29645000;ES;RUAN;compras2smap@hotmail.com;2732632517
2949;SOORETAMA AUTOPEÇAS;-19.1920177;-40.0954729;AVENIDA ANGELO SUZANO;416;;CENTRO;SOORETAMA;29927970;ES;FIO;sooretamaap@hotmail.com;2732731024
2950;VIEIRA AUTOPEÇAS;-20.4631042;-41.4123093;RUA LINO RIBEIRO DE ASSIS;113;;CENTRO;MUNIZ FREIRE;29380000;ES;ANTONIO;autopecasalonso@hotmail.com;2835441041
2951;AUTO IMPORTS AUTOPEÇAS;-20.3547980;-40.3399978;AVENIDA CARLOS LINDEMBERG;5004;;PLANALTO;VILA VELHA;29118376;ES;GIVALDO;autoimports@uol.com.br;2730617007
2952;AUTO IMPORTS AUTOPEÇAS;-20.3462605;-40.3175598;AVENIDA CARLOS LINDEMBERG;2336;;NOSSA SENHA DA PENHA;VILA VELHA;29118376;ES;ROGERIO;autoimports@uol.com.br;2730631018
2953;AUTO IMPORTS AUTOPEÇAS;-20.2151156;-40.2689157;AVENIDA SÃO JOSÉ;199;LOJA 12;PLANALTO CARAPINA;SERRA;29162706;ES;MILTON;autoimports@uol.com.br;2730658585
2954;AUTO IMPORTS AUTOPEÇAS;-20.3128739;-40.3208705;AVENIDA VITORIA;1369;;CRUZAMENTO;VITÓRIA;29041635;ES;LUCAS;autoimports@uol.com.br;2721238585
2955;AUTO IMPORTS AUTOPEÇAS;-20.3369440;-40.3794610;AVENIDA MARIO GURGEL;4132;;DOM BOSCO;CARIACICA;29147345;ES;EDUARDO;autoimports@uol.com.br;2730919898
2956;AUTO IMPORTS AUTOPEÇAS;-20.8288906;-41.1571306;RODOVIA ENGENHEIRO FABIANO VIVACQUA;529;;MARBRASA;CACHOEIRO DE ITAPEMIRIM;29313656;ES;JHAYMES;autoimports@uol.com.br;2830276600
2957;AUTO IMPORTS AUTOPEÇAS;-20.6534410;-40.5038140;AVENIDA JONES DOS SANTOS NEVES;1122;ED  S FRACº;LAGOA FUNDA;GUARAPARI;29140005;ES;PAULO;autoimports@uol.com.br;2733622556
2958;KELLY AUTOPEÇAS;-3.7292200;-38.6579402;RUA JUACI SAMPAIO PONTES;1648;;CENTRO;CAUCAIA;61600150;CE;MAURICIO;lucelio_pecas@hotmail.com;8533421007
2959;DESAPERTO AUTOPEÇAS;-3.7388707;-38.5886702;AVENIDA MISTER HULL;4940;;ANTÔNIO BEZERRA;FORTALEZA;60356001;CE;LUIS EDUARDO;franciscodesaperto@gmail.com;8532351370
2960;LAPETI AUTOPEÇAS;-3.8326758;-38.4933210;RUA JOSÉ HIPOLITO;215;LOJA 2;MESSEJANA;FORTALEZA;60871170;CE;MARIA PENHA;penhabarros123@gmail.com;8532747888
2961;AUTOPEÇAS MOREIRA;-3.7287006;-38.6578788;RUA JUACI SAMPAIO PONTES;1544;;CENTRO;CAUCAIA;61600150;CE;CLEITON;automoreira1544@hotmail.com;8535120276
2962;J AUGUSTO;-3.7831573;-38.5787712;AVENIDA OSÓRIO DE PAIVA;1850;;PARANGABA;FORTALEZA;60730088;CE;RAPHAEL;jaugustocosta.ce@uol.com.br;8532924707
2963;AUTOPEÇAS O COSTA;-3.7920737;-38.5172824;AVENIDA ALBERTO CRAVEIRO;1341;A;CASTELÃO;FORTALEZA;60860000;CE;COSTA;autopeçasocosta@hotmail.com;8532953055
2964;AUTOPEÇAS DANTAS;-4.1333131;-38.2402504;AVENIDA CHANCELER EDSON QUEIROZ;2114;;CENTRO;CASCAVEL;62850000;CE;JOSÉ DANTAS;autopecasdantas@hotmail.com;8533341086
2965;UNIÃO AUTOPEÇAS;-4.1334630;-38.2395260;AVENIDA CHANCELER EDSON QUEIROZ;2330;;CENTRO;CASCAVEL;62850000;CE;ANDRÉ;andrenunes-ce@hotmail.com;8585828006
2966;ANTONIO DOS ACESSÓRIOS;-3.8327349;-38.4927328;RUA JOSÉ HIPOLITO;277;;MESSEJANA;FORTALEZA;60871170;CE;ANTONIO FRANCISCO;antoniodosacessorios07@hotmail.com;8532740066
2967;LK AUTOPEÇAS;-3.7815443;-38.5805153;AVENIDA AUGUSTO DOS ANJOS;1786;;PARANGABA;FORTALEZA;60720820;CE;FRANCISCO ANTONIO;fcolk@hotmail.com;8534830662
2968;DRAGÃO PEÇAS E ACESSÓRIOS;-3.8326636;-38.4934400;RUA JOSÉ HIPOLITO;213;;MESSEJANA;FORTALEZA;60871170;CE;KÁTIA BEZERRA;katiabezerra@yahoo.com.br;8532290021
2969;DRAGÃO PEÇAS E ACESSÓRIOS;-3.8328129;-38.4923119;RUA JOSÉ HIPOLITO;313;;MESSEJANA;FORTALEZA;60871170;CE;KÁTIA BEZERRA;katiabezerra@yahoo.com.br;8532576378
2970;DRAGÃO PEÇAS E ACESSÓRIOS;-3.8318891;-38.4937497;RUA TENENTE JURANDIR ALENCAR;178;;MESSEJANA;FORTALEZA;60840000;CE;KÁTIA BEZERRA;katiabezerra@yahoo.com.br;8532292371
2971;ALIANÇA AUTOPEÇAS;-4.0291610;-38.3044491;AVENIDA CAPITÃO NOGUEIRA;1324;;CENTRO;PINDORETAMA;62860000;CE;BRUNO;comercial@aliancaautopecas.com.br;8533751186
2972;MOREIRA MOTO CENTER;-3.7284070;-38.6578403;RUA JUACI SAMPAIO PONTES;1400;;CENTRO;CAUCAIA;61600150;CE;MILENE;moreiramotocenter@gmail.com;8533425665
2973;AUTOPEÇAS MOURA;-4.1334630;-38.2395260;AVENIDA CHANCELER EDSON QUEIROZ;2330;;CENTRO;CASCAVEL;62850000;CE;VICTOR;mouraautopecasce@gmail.com;8588638843
2974;AUTOPEÇAS BARATÃO;-3.7857809;-38.5829524;AVENIDA OSÓRIO DE PAIVA;2266;;VILA PERY;FORTALEZA;60730088;CE;EDSON;metalnfe@hotmail.com;8534846000
2975;ALIANÇA AUTOPEÇAS;-4.1342958;-38.2371919;AVENIDA CHANCELER EDSON QUEIROZ;2050;;CENTRO;CASCAVEL;62850000;CE;BRUNO;comercial@aliancaautopecas.com.br;8533341120
2976;INÁCIO AUTOPEÇAS;-3.7327203;-38.5270134;AVENIDA A;734;;CONJUNTO CEARÁ;FORTALEZA;60533590;CE;INÁCIO;inaciofinanceiro@hotmail.com;8532841500
2977;INÁCIO AUTOPEÇAS;-3.7683307;-38.6224404;AVENIDA DOM ALMEIDA LUSTOSA;3119;;JUREMA;CAUCAIA;61650000;CE;INÁCIO;inaciofinanceiro@hotmail.com;8532371616
2978;NEL CAR;-4.5726244;-37.7765539;RUA MIGUEL DE CARVALHO;96;;CENTRO;ARACATI;62800000;CE;ADANILO;adanilomecanico@hotmail.com;8897059200
2979;AUTOPEÇAS O NEN;-4.4514633;-37.7974996;RUA JOAQUIM CRISOSTOMO;S/N;;CENTRO;FORTIM;62815000;CE;MÁRCIO WELITON;marcioweliton82@hotmail.com;8892656436
2980;AUTOPEÇAS SANTA LUIZA;-4.5731556;-37.7755158;AVENIDA CORONEL ALEXANDRINO;1702;;CENTRO;ARACATI;62800000;CE;VITOR;borrachariasl@hotmail.com;8834211807
2981;AUTOPEÇAS O NEN;-4.5738740;-37.7757855;AVENIDA CORONEL ALEXANDRINO;1804;;CENTRO;ARACATI;62800000;CE;MÁRCIO WELITON;marcioweliton82@hotmail.com;8892656436
2982;ABIG PNEUS;-4.5700707;-37.7736272;AVENIDA CORONEL ALEXANDRINO;1331;;CENTRO;ARACATI;62800000;CE;DÉBORA;abigpneus10@gmail.com;8834211271
2983;AUTOPEÇAS O NEN;-4.1994725;-38.1897826;RODOVIA CE 040;10;KM 104;PARAJURU;BEBERIBE;62848000;CE;MÁRCIO WELITON;marcioweliton82@hotmail.com;8892656436
2984;MOREIRÃO AUTOPEÇAS;-1.2983333;-48.4830556;TRAVESSA CRISTOVÃO COLOMBO;712;;ICOARACÍ;BELÉM;66810-000;PA;PEDRO CAVALCANTE;pscavalcantepecas@yahoo.com.br;(91)3277-8381
2985;PRIME AUTOPEÇAS E ACESSÓRIOS;-1.4655576;-48.4913683;AVENIDA ROBERTO CAMELIER;472;;JURUNAS;BELÉM;66033-640;PA;BRENDA;prime1.belem@gmail.com;(91)3226-5413
2986;AUTOPEÇAS PAULISTA;-1.3698122;-48.3815055;RODOVIA BR 316 KM 8;3026;;CENTRO;ANANINDEUA;67120-527;PA;THIAGO;ap.paulista@hotmail.com;(91) 9820-0376
2987;SOLUÇÃO AUTOPEÇAS;-1.4184206;-48.4611863;AVENIDA DOUTOR FREITAS;1501;;PEDREIRA;BELÉM;66087-810;PA;AZEVEDO;solucaoxml@gmail.com;(91)3258-8558
2988;AUTOPEÇAS FÉ EM DEUS;-1.3661485;-48.3127593;RODOVIA BR-316;59;KM 11;ALMIR GABRIEL;MARITUBA;67200-000;PA;FRANCISCO ARAÚJO;apfeemdeus@hotmail.com;(91)3256-7712
2989;AUTOPEÇAS LARENJEIRA;-1.2963034;-47.9181877;AVENIDA PRESIDENTE GETULIO VARGAS;2067;;CENTRO;CASTANHAL;68743-000;PA;OCIMAR ALBUQUERQUE;ocimarlaranjeira@hotmail.com;(91)3721-4027
2990;AUTOPEÇAS SILVA;-1.4073230;-48.4419295;AVENIDA PEDRO ALVARES CABRAL;1711;;MARAMBAIA;BELÉM;66050-400;PA;JOSÉ JOAQUIM;autopecassilva2012@gmail.com;(91)3243-3860
2991;AUTOPEÇAS GOIANINHO;-1.4173707;-48.4651893;AVENIDA PEDRO MIRANDA;2772;;PEDREIRA;BELÉM;66085-026;PA;CARLA SILVA;goianinho-autopeças@hotmail.com;(91) 3254-3561
2992;COM MOTOS PEÇAS;-18.9152868;-48.2882993;AVENIDA VASCONCELOS COSTAS;1270;;MARTINS;UBERLÂNDIA;38400452;MG;LEO;commotos@commotos.com.br;3432312166
2993;MOTOLINE;-18.9127749;-48.2755227;AVENIDA BRASIL;3048;;BRASIL;UBERLÂNDIA;38400718;MG;JANIR;motoline9@gmail.com;3432321032
2994;ACESE PEÇAS PARA CARRETAS;-19.9623684;-44.0409958;RODOVIA BR 381;3482;LOJA 02;VERACRUZ / AMAZONAS;CONTAGEM;32223570;MG;VALDOMIRO;compras@acese.com.br;3133614774
2995;DINATEC DISTRIBUIDORA DE PEÇAS DIESEL;-19.9488965;-44.1383766;RUA JERUZALEM;55;;LARANJEIRAS;BETIM;32676250;MG;ALEX;alexalves.dinatec@outlook.com;3135313404
2996;SILVAS DISTRIBUIDORA DE PECAS AUTOMOTIVAS;-19.9242108;-44.0995435;RUA PASSOS;176;;SANTA HELENA;BELO HORIZONTE;32015030;MG;TONINHO;silvaspecas@hotmail.com;3133566066
2997;"WJ PEÇAS E ACESSÓRIOS ""SUPER AUTO""";-19.8660661;-44.6112709;AVENIDA PROFESSOR MELO CANÇADO;655;;SÃO JOSÉ;PARÁ DE MINAS;35660084;MG;JEAN;wjpecas@hotmail.com;3732316346
2998;DIMPA AUTOPEÇAS;-19.9762153;-44.0655708;AVENIDA CORONEL DURVAL DE BARROS;931;;DURVAL DE BARROS;CONTAGEM;32400000;MG;CELSO;compras@dimpaautopecas.com.br;3130295800
2999;A7 AUTOPEÇAS E BATERIAS;-19.4696369;-44.2541222;RUA OLAVO BILAC;540;LOJA 1;PIEDADE;SETE LAGOAS;35700973;MG;FELIPE;alinhasete@alinhasete.com.br;3136972888
3000;ALINHASETE;-19.4405270;-44.2203459;RUA SANTA JULIANA;3605;;SÃO VICENTE;SETE LAGOAS;35701004;MG;FELIPE;alinhasete@alinhasete.com.br;3136972888
3001;LOJÃO DAS PEÇAS;-3.7406428;-38.5182181;RUA JOÃO CORDEIRO;2324;;JOAQUIM TÁVORA;FORTALEZA;60110535;CE;SIDNEY;lojaodaspecasce02@lojaodaspecas.com.br;8532536699
3002;LOJÃO DAS PEÇAS;-3.7644040;-38.5480680;AVENIDA GOMES DE MATOS;1381;;MONTESE;FORTALEZA;60410424;CE;SIDNEY;lojaodaspecasce@lojaodaspecas.com.br;8534916699
3003;AUTOPEÇAS PARATI;-3.8682838;-38.6264568;RUA 02;21;;CONJ JEREISSATI;MARACANAÚ;61901410;CE;ELIAS;autopecas.parati@hotmail.com;8533821702
3004;AUTOPEÇAS WELLIGTON;-3.8082786;-38.5903050;RUA JOSÉ ONOFRE;7;;CONJUNTO ESPERANÇA;FORTALEZA;60763790;CE;JOSÉ;welligton.1875@hotmail.com;8532983687
3005;AUTOPEÇAS UNIÃO;-3.7687833;-38.5781497;AVENIDA LINEU MACHADO;985;;JOCKEY CLUBE;FORTALEZA;60520101;CE;ÁTILA;autocenteruniao@outlook.com;8532334521
3006;PINHEIRO AUTOPEÇAS;-3.8340984;-38.5610303;AVENIDA JOÃO DE ARAÚJO LIMA;1472;;PREFEITO JOSÉ WALTER;FORTALEZA;60750012;CE;VALIRIS;pinheiroautopecaslj01@gmail.com;8588177661
3007;AUTOPEÇAS CAMPINA GRANDE;-3.8491649;-38.5865113;RODOVIA DOUTOR MENDEL STEINBRUCH;2445;;PAJUÇARA;MARACANAÚ;61930000;CE;PAULO;pacmagalhaes@gmail.com;8534336767
3008;COLARES AUTOPEÇAS;-3.7681802;-38.5783491;AVENIDA LINEU MACHADO;976;;JOCKEY CLUBE;FORTALEZA;60520102;CE;JORGE;colaresap@yahoo.com.br;8532901277
3009;AUTOPEÇAS CAMPINA GRANDE;-3.8224200;-38.5034701;RODOVIA BR 116 KM14;5360;;ANCURI;FORTALEZA;60874052;CE;PAULO;truckcenterbr@gmail.com;8532576333
3010;JEAN AUTOPEÇAS;-3.7156335;-38.5602372;AVENIDA PASTEUR;1137;;CARLITO PAMPLONA;FORTALEZA;60335000;CE;ALINE;jeanacessorio@hotmail.com;8532361081
3011;AUTOPEÇAS VANDERLEY;-3.7182161;-38.5879406;AVENIDA CORONEL CARVALHO;1770;LOJA 01;BARRA DO CEARÁ;FORTALEZA;60347114;CE;EDILANE;edilanearaujo1707@gmail.com;8532861509
3012;AUTOPEÇAS SANTA RITA;-3.7327203;-38.5270134;AVENIDA N;1470;3 ETAPA;JOSÉ WALTER;FORTALEZA;60760130;CE;VALDENISIO;autopecasantarita@outlook.com;8588932630
3013;PREÇO BAIXO MOTO PEÇAS;-5.0979121;-42.8061672;AVENIDA JOAQUIM RIBEIRO;1694;;CENTRO;TERESINA;64001480;PI;AMPARO;precobaixo@precobaixomp.com.br;8633030800
3014;TROCA CERTA AUTOPEÇAS;-5.0969850;-42.8022179;AVENIDA MIGUEL ROSA;4285;;NOSSA SENHORA DAS GRAÇAS;TERESINA;64018550;PI;VANDERSON;trocacertaautocenteradm@hotmail.com;8633082016
3015;PROMOTOS;-5.1443688;-42.7781635;AVENIDA MOSENHOR CHAVES;1655;;PROMORAR;TERESINA;64027120;PI;MATIAS;lasousa1333@hotmail.com;8694213584
3016;SÃO FRANCISCO AUTOPEÇAS;-5.1009867;-42.8043031;AVENIDA MIGUEL ROSA;4790;;NOSSA SENHORA DAS GRAÇAS;TERESINA;64018560;PI;ANDERSON;autopecas-saofrancisco@hotmail.com.br;8633035920
3017;TERESINA DIESEL;-5.0996111;-42.8030659;AVENIDA MIGUEL ROSA;4587;;PIÇARRA;TERESINA;64076410;PI;JOÃO ALVES;teresinadiesel@hotmail.com;8632216442
3018;AUTOPEÇAS COMETA;-5.0999582;-42.8030287;AVENIDA MIGUEL ROSA;4609;;NOSSA SENHORA DAS GRAÇAS;TERESINA;64018550;PI;RUBENS;cometapecaspi@gmail.com;8632212060
3019;ROCHA AUTO CENTER;-5.0537986;-42.7450949;AVENIDA PREFEITO HUGO BASTOS;3835;;VALE QUEM TEM;TERESINA;64057390;PI;ERISVALDO;rocha.autocenter@hotmail.com;8632313534
3020;AUTOPEÇAS CALIFORNIA;-5.1004577;-42.8034951;AVENIDA MIGUEL ROSA;4687;;NOSSA SENHORA DAS GRAÇAS;TERESINA;64018560;PI;BRENNO;californiapecas@hotmail.com;8632291445
3021;MOSSORÓ PEÇAS;-5.1002527;-42.8039522;AVENIDA MIGUEL ROSA;4700;;NOSSA SENHORA DAS GRAÇAS;TERESINA;64018550;PI;AMPARO;mossorope@terra.com.br;8632211323
3022;MOSSORÓ DIESEL;-5.1239048;-42.8004176;AVENIDA BARÃO DE GURGUEIA;3950;;TABULETA;TERESINA;64019655;PI;AMPARO;mossorodiesel@terra.com.br;8632183252
3023;EXPERT AUTOPEÇAS;-5.1885820;-42.7540523;AVENIDA AYRTON SENA;35;;ESPLANADA;TERESINA;64039480;PI;JOÃO PAULO;jpaulo-marques@hotmail.com;8699081370
3024;AUTOPEÇAS MINUANO;-5.1320847;-42.7908479;AVENIDA PREFEITO WALL FERRAZ;8175;;LOURIVAL PARENTE;TERESINA;64076410;PI;ORAFRAN;financeiro@autopecasminuano.com.br;8631317850
3025;RH PEÇAS E LUBRIFICANTES;-5.1230285;-42.7999881;RUA DESEMBARGADOR ERNESTO BATISTA;1214;;TABULETA;TERESINA;64019730;PI;HILDA;rhlubrificantes@hotmail.com;8632181477
3026;AUTOPEÇAS BR 493;-22.7251200;-42.9346300;ESTRADA DO CONTORNO;S/N;KM 0,5 LOJA 01;MANILHA;ITABORAÍ;24800001;RJ;RODRIGO;autopecasbr493@yahoo.com.br;2126359732
3027;CHICAUTO AUTOPEÇAS;-22.7122153;-42.6299839;RUA DOUTOR MATTOS;S/N;LOJA 2 LOTE 2;CENTRO;RIO BONITO;28800000;RJ;JORGE ARTHUR;chicautorb@yahoo.com.br;2171231548
3028;FLEX AUTOPAR;-22.7129843;-42.6335226;RUA DOUTOR MATTOS;792;;CENTRO;RIO BONITO;28800000;RJ;THIAGO;kr_autopecas@hotmail.com;2127346268
3029;I N P G AUTOPEÇAS;-22.7143175;-42.6362974;RUA MARTINHO DE ALMEIDA;83;;MANGUEIRINHA;RIO BONITO;28800000;RJ;INACIO;inpgpecas@hotmail.com;2127341807
3030;AUTO TREVO PECAS;-22.7447408;-42.8351519;AVENIDA 22 DE MAIO;19;;ENGENHO VELHO;ITABORAÍ;24803000;RJ;EDUARDO;autotrevofinanceiro2013@hotmail.com;2136372963
3031;MARDOAN AUTOPEÇAS;-22.7251200;-42.9346300;ESTRADA DO CONTORNO;S/N;LOTE 01 LOJA 02;MANILHA;ITABORAÍ;24800001;RJ;MARGARETH;mardoanautopecas@hotmail.com;2164168004
3032;A 1000TON AUTOPEÇAS;-22.7340511;-42.7181867;RUA ANTONIO TEIXEIRA DE MACEDO;50;;CENTRO;TANGUÁ;24890000;RJ;AMILTON;meloeviana13@gmail.com;2127472805
3033;V 8 AUTOPEÇAS;-22.7128476;-42.6318243;RUA DOUTOR MATTOS;620;LOJA 01;CENTRO;RIO BONITO;28800000;RJ;VITOR;v8autopecas@gmail.com;2127344028
3034;STRONG MOTOS;-22.7130328;-42.6309916;RUA DOUTOR MATTOS;543;;CENTRO;RIO BONITO;28800000;RJ;TIAGO;tiago_rb22@yahoo.com.br;2127345846
3035;AUTOPEÇAS SANTO ANTÔNIO;-9.5900320;-35.9560031;VILA SANTA RITA;23;;CHÃ DO PILAR;PILAR;57150000;AL;LUIZ;mdasvocezar@hotmail.com;8232651386
3036;AC AUTOPEÇAS;-3.1077810;-60.0501025;AVENIDA COMPENSA;321;C;COMPENSA;MANAUS;69036115;AM;RENAN FELIPE;ac.autopecas77@gmail.com;9236257959
3037;JL AUTOPEÇAS;-3.1083502;-60.0492785;AVENIDA COMPENSA;258;;VILA DA PRATA;MANAUS;69030575;AM;JEFFERSON LOPES;jlautopecasam@gmail.com;9233075434
3038;ATAVIO MOTO PEÇAS;-3.1072030;-60.0530599;AVENIDA BRASIL;3779;;VILA DA PRATA;MANAUS;69030665;AM;OTAVIO CUNHA;joao204250@gmail.com;9232396155
3039;ANDRADE MOTO PEÇAS;-3.0440786;-59.9591951;AVENIDA CORONEL SÁVIO BELOTA;136;QD 8 CJ AMADEU BOTELHO;CIDADE NOVA;MANAUS;69098420;AM;WAGNER;andrademotos.adm@hotmail.com;9236413366
3040;ANDRADE MOTO PEÇAS;-3.0439999;-59.9591386;AVENIDA CORONEL SÁVIO BELOTA;134;QD 8 CJ AMADEU BOTELHO;CIDADE NOVA;MANAUS;69098420;AM;WAGNER;andrademotos.adm@hotmail.com;9236413366
3041;AUTOPEÇAS DEL REY;-15.3111168;-49.5908154;AVENIDA RUI BARBOSA;60;QD BF LT 19;VILA PEDROSA;CERES;76300000;GO;JESSÍCA;automecanicadelrey@outlook.com;6233071909
3042;LOJAO DAS PEÇAS;-5.7965739;-35.2204700;RUA PRESIDENTE JOSE BENTO;459;;ALECRIM;NATAL;59035300;RN;LUCIANO;compras@lojaodaspecas.com.br;8436151000
3043;CASTRO AUTOPEÇAS;-5.7968632;-35.2202238;RUA PRESIDENTE JOSE BENTO;479;;ALECRIM;NATAL;59035300;RN;DAVI;davidcastro@hotmail.com;8432238610
3044;ALINHAUTO;-8.1085494;-34.9269021;AVENIDA RECIFE;3081;;IPSEP;RECIFE;51350670;PE;PAULO;contato@alinhauto.com.br;8133391402
3045;RODKAUTO;-8.1090416;-34.9267520;RUA ROSA MAGALHAES;34;;IPSEP;RECIFE;51350490;PE;ANDERSON;www.rodkautoservice@gmail.com;8131252600
3046;DIAUTOS;-8.1075983;-34.9267572;RUA ABDIAS CABRAL MOURA;31;;IPSEP;RECIFE;51350390;PE;CLAUDIO;diautos@diautos.com.br;8133395750
3047;LEOCAR PEÇAS;-8.1163940;-34.9408509;AVENIDA DOIS RIOS;1029;E;IBURA;RECIFE;51230000;PE;LORIVAL;leocarpecaseservicos@hotmail.com;8134718315
3048;NETINHO MOTOS;-8.1211702;-34.9437772;AVENIDA DOIS RIOS;27;;IBURA;RECIFE;51230000;PE;CESAR;netinhomotos@hotmail.com;8133382226
3049;NETINHO MOTOS;-8.1188884;-34.9400029;RUA RIO XINGU;220;;IBURA;RECIFE;51290410;PE;ABRAO;netinhomotos@hotmail.com;8134770027
3050;UNIBLOCO;-8.1101477;-34.9111387;RUA JACY;59;;IMBIRIBEIRA;RECIFE;51150190;PE;BRUNA;atendimento@unibloco.com.br;8134710738
3051;ANAK AUTOPEÇAS;-8.1090815;-34.9106482;AVENIDA GENERAL MAC ARTHUR;156;LOJA 2;IMBIRIBEIRA;RECIFE;51150000;PE;ANA;anakautopecas@hotmail.com;8134710916
3052;TROPICAL AUTOPEÇAS;-8.1090815;-34.9106482;AVENIDA GENERAL MAC ARTHUR;156;LOJA 5;IMBIRIBEIRA;RECIFE;51150000;PE;JONATHAN;tropicalautopecas@hotmail.com;8134718483
3053;AUTOPEÇAS COSME E DAMIAO;-5.7967207;-35.2203472;TRAVESSA PRESIDENTE JOSE BENTO;465;;ALECRIM;NATAL;59037300;RN;FLAVIO;flavinhosimplicio58@gmail.com;8487571628
3054;CENTRAL AUTOPEÇAS;-5.7958600;-35.2210385;RUA DOUTOR MARIO NEGOCIO;1473;;ALECRIM;NATAL;59040000;RN;MANOEL;mlopesmg@hotmail.com;8432234335
3055;MOTOSHOCK;-8.3289001;-35.1068430;RODOVIA BR-101 SUL;2740;KM 34;CENTRO;CABO DE SANTO AGOSTINHO;54510000;PE;MAYCON;maycondouglas62@hotmail.com;8135245857
3056;MOTOSHOCK;-8.1555127;-34.9223954;ESTRADA DA BATALHA;684;;PRAZERES;JABOATÃO DOS GUARARAPES;54315010;PE;FLAVIO;flaviojav@hotmail.com;8133761054
3057;MATUTOS AUTOPEÇAS;-8.1644725;-34.9318276;AVENIDA DOUTOR JULIO MARANHAO;815;LOJA B;PRAZERES;JABOATÃO DOS GUARARAPES;54340740;PE;FLAVIO;matutoautopecas@gmail.com;8134761689
3058;SANDRA AUTOPEÇAS;-8.1619387;-34.9303713;RUA DOUTOR JULIO MARANHAO;18;PS 173;GUARARAPES;JABOATÃO DOS GUARARAPES;54325550;PE;THAYRINE;sandraautopecas@hotmail.com;8133770935
3059;VAPS;-8.1496111;-34.9122816;AVENIDA ARMINDO MOURA;182;;PIEDADE;JABOATÃO DOS GUARARAPES;54470430;PE;VALDITIEL;vapsauto@gmail.com;8133415769
3060;JUNIOR AUTOPEÇAS;-8.1637527;-34.9321021;RUA DOUTOR JULIO MARANHAO;7;LOJA 000A;GUARARAPES;JABOATÃO DOS GUARARAPES;54325440;PE;LAUDECIO;juniorautoserviceprazeres@gmail.com;8137874112
3061;SANDRA AUTOPEÇAS;-8.1631849;-34.9307662;AVENIDA DOUTOR JULIO MARANHAO;492;;GUARARAPES;JABOATÃO DOS GUARARAPES;54325440;PE;AURELIO;sandraautopecas@hotmail.com;8133768396
3062;MARC PEÇAS - O BARATEIRO;-8.1578784;-34.9261234;AVENIDA DOUTOR JULIO MARANHAO;252;;GUARARAPES;JABOATÃO DOS GUARARAPES;54325440;PE;EDGAR;autopecasseservicos@gmail.com;8133769887
3063;ANTONIO AUTOPEÇAS;-8.1721408;-34.9337393;AVENIDA DOUTOR JULIO MARANHÃO;10 e 11;;PRAZERES;JABOATÃO DOS GUARARAPES;54340740;PE;ANTONIO;antoniocaladojr@gmail.com;8134761546
3064;MOTEGI AUTOPEÇAS;-8.0978403;-34.9716541;AVENIDA AGAMENON MAGALHAES;405;;CAVALEIRO;JABOATÃO DOS GUARARAPES;54210000;PE;TARCISIO;motegi@motegi.com.br;8132515849
3065;MARCIO AUTOPEÇAS;-5.7509501;-35.3024510;AVENIDA CIDADE DAS ROSAS;270;;JARDINS;SÃO GONÇALO DO AMARANTE;59293970;RN;MARCIO;marcioautoservice@gmail.com;8499560466
3066;SERIDO AUTOPEÇAS;-6.5853516;-36.7733838;RUA PROFESSORA MARCELINA SANTOS;40;;COMISSAO;JARDIM DO SERIDÓ;59343000;RN;LUCIANO;seridoautopecas@gmail.com;8434722216
3067;GUEDES AUTOPEÇAS;-8.1345775;-34.9099835;RUA RIO AZUL;160;;BOA VIAGEM;RECIFE;51030050;PE;ELIANE;guedesautoservice@hotmail.com;8133427786
3068;3G AUTOPEÇAS;-6.6888319;-37.1901616;RUA DA PISTA;375;;CENTRO;SÃO JOÃO DO SABUGI;59310000;RN;JONYGLECIO;3gautopecasjardim@gmail.com;8496676850
3069;BARRA AUTOPEÇAS;-5.8555444;-35.2382583;RUA RIO PARDO;7695;;PITIMBU;NATAL;59068350;RN;EBENEZER;ebenezerautopecasltda@gmail.com;8432181478
3070;BASTOS AUTOPEÇAS;-3.7219990;-38.5865288;AVENIDA CORONEL CARVALHO;2227;;BARRA DO CEARÁ;FORTALEZA;60341641;CE;JÚNIOR;contato@bastopecas.com;8534337340
3071;BASTOS AUTOPEÇAS;-3.7327203;-38.5270134;AVENIDA A;774;;CONJUNTO CEARÁ;FORTALEZA;60533590;CE;JÚNIOR;contato@bastopecas.com;8534882999
3072;NORPECAS;-3.7391458;-38.5900104;AVENIDA MISTER HULL;5080;;ANTÔNIO BEZERRA;FORTALEZA;60356001;CE;NOVARINO;norpecasnb@gmail.com;8532352003
3073;JR CARDOSO AUTOPEÇAS;-3.7181809;-38.5875159;AVENIDA CORONEL CARVALHO;1775;;BARRA DO CEARÁ;FORTALEZA;60330778;CE;IGOR;cardoso@autopecascardoso.com.br;8532354243
3074;TROK PEÇAS;-3.7348295;-38.5593037;AVENIDA BEZERRA DE MENEZES;1659;;SÃO GERARDO;FORTALEZA;60325003;CE;ARMANDO;trokpecas@bol.com.br;8532831759
3075;REAL MMOTOSHOP;-3.7318694;-38.5326337;RUA CLARINDO DE QUEIROZ;932;LOJA A;CENTRO;FORTALEZA;60035130;CE;MARCOS;realmoto01@hotmail.com;8532111410
3076;REAL MMOTOSHOP;-3.8710289;-38.4669208;AVENIDA EUSÉBIO DE QUEIROZ;1890;;TAMATANDUBA;EUSÉBIO;61760000;CE;MARCOS;motofortfinanceiro@hotmail.com;(85) 98196-9061
3077;PADRE CICERO;-3.8350711;-38.4943130;RUA PADRE PEDRO DE ALENCAR;868;;MESSEJANA;FORTALEZA;60840282;CE;ACILON;acilon@pecicero.com.br;8534999074
3078;NIL  AUTOPEÇAS;-1.4220903;-48.4812211;TRAVESSA MAURITÍ;40;;TELEGRAFO;BELÉM;66083-000;PA;ODENIL;financeiro.nilautocenter@gmail.com;(91) 98124-4578
3079;CARTECH AUTOPEÇAS;-1.4299614;-48.4655279;AVENIDA VISCONDE DE INHAÚMA;1174;;PEDREIRA;BELÉM;66087-640;PA;BERG;oficinacartech@yahoo.com.br;9130310246
3080;BETO AUTOPEÇAS;-1.4217571;-48.4843379;AVENIDA PEDRO ALVARES CABRAL;2960;;TELEGRAFO;BELÉM;66113-190;PA;JOSÉ;robertoparede2015@hotmail.com;9132339486
3081;FIX CAR AUTOPEÇAS;-1.4251485;-48.4681871;TRAVESSA LOMAS VALENTINAS;753;;PEDREIRA;BELÉM;66080-322;PA;YURI;fixcar753@hotmail.com;9133526000
3082;PIT STOP AUTOPEÇAS;-1.4272287;-48.4844382;AVENIDA SENADOR LEMOS;1872;;TELEGRAFO;BELÉM;66113-000;PA;PAULO;pitstopautocenter0@gmail.com;9133486087
3083;DUQUE PNEUS E ACESSORIOS;-1.4281906;-48.4603580;AVENIDA DUQUE DE CAXIAS;1284;;MARCO;BELÉM;66630-505;PA;MANUEL;dpaduquepneus@hotmail.com;9132769620
3084;FLEX AUTOPEÇAS;-1.4493914;-48.4603766;TRAVESSA FRANCISCO MONTEIRO;396;;CANUDOS;BELÉM;66070-604;PA;HÉLIO;flexautocenter.canudos@gmail.com;9133476001
3085;CEMAUTO;-8.0718518;-34.9092210;AVENIDA COSME VIANA;550;;AFOGADOS;RECIFE;50830150;PE;IVAN;cemautoo@hotmail.com;8134480258
3086;MAX DRIVE;-8.0688231;-34.9083257;ESTRADA DOS REMEDIOS;1276;;AFOGADOS;RECIFE;50750000;PE;JULIO;adm1@maxdrive.com.br;8130597475
3087;UNIQUE;-8.0726393;-34.9076282;ESTRADA DOS REMEDIOS;824;;AFOGADOS;RECIFE;50750000;PE;ABELARDO;aberlado@uniquecentroautomotivo.com;8134281616
3088;CESAR MOTOS;-8.0806124;-34.9187847;RUA SAO MIGUEL;1336;;AFOGADOS;RECIFE;50850000;PE;CESAR;cesar_moto1@hotmail.com;8134472050
3089;PIAUI AUTOPEÇAS;-8.0763554;-34.9068141;RUA NICOLAU PEREIRA;456;LOJA 7;AFOGADOS;RECIFE;50750010;PE;ANDERSON;piaui@autocenter.com.br;8134282519
3090;LUCENA AUTOPEÇAS;-8.0699662;-34.9118439;RUA CORONEL ALFREDO DUARTE;490;;AFOGADOS;RECIFE;50830380;PE;KLEYBSON;compras@lucenaautoservice.com.br;8134282786
3091;O PORTUGUES;-8.0802533;-34.9126918;RUA SAO MIGUEL;670;;AFOGADOS;RECIFE;50850000;PE;INACIO;inaciooportugues@hotmail.com;8132280964
3092;DEDE DAS BATERIAS;-8.0821608;-34.9235973;RUA SAO MIGUEL;1892;;AFOGADOS;RECIFE;50770970;PE;ALEX;dededasbaterias@yahoo.com.br;8134284836
3093;AUTO SERVICE ABDIAS;-8.0614291;-34.9083761;AVENIDA ENGENHEIRO ABDIAS DE CARVALHO;125;;MADALENA;RECIFE;50720635;PE;ADIRTON;adirton@gmail.com;8132274001
3094;VITORINO AUTOPEÇAS;-8.0621551;-34.9202551;AVENIDA ENGENHEIRO ABDIAS DE CARVALHO;1886;;PRADO;RECIFE;50830000;PE;SERGIO;sergio@vitorinoauto.com.br;8132282049
3095;RED AUTOPEÇAS;-8.0623584;-34.9190351;AVENIDA ENGENHEIRO ABDIAS DE CARVALHO;1396;;PRADO;RECIFE;50750001;PE;EDIVALDO;redautocenter2014@outlook.com;8130402014
3096;SR AUTOPEÇAS;-8.0623207;-34.9191535;AVENIDA ENGENHEIRO ABDIAS DE CARVALHO;1420;;PRADO;RECIFE;50751000;PE;RINALDO;srautopecasltda@gmail.com;8134465533
3097;HOT CAR;-8.0874143;-34.9079403;AVENIDA MARECHAL MASCARENHAS DE MORAIS;522;;IMBIRIBEIRA;RECIFE;51170000;PE;UCHOA;uchoa@hotcar.com.br;8134285556
3098;REGULEX SUL;-8.1062120;-34.9115542;AVENIDA MARECHAL MASCARENHAS DE MORAIS;2728;;IMBIRIBEIRA;RECIFE;51170000;PE;GUILHERME;guilherme@regulex.com.br;8134720005
3099;SILVAS CAR;-8.1104493;-34.9098208;RUA JOAQUIM BANDEIRA;58;;IMBIRIBEIRA;RECIFE;51150410;PE;ALEX;alex@silvascar.autocenter.com.br;8195508558
3100;AUTO MAX;-8.0929268;-34.9092871;AVENIDA MARECHAL MASCARENHAS DE MORAES;1148;;IMBIRIBEIRA;RECIFE;51170000;PE;CLEMENTE;automax@hotmail.com;8134281112
3101;IMBIRIBEIRA AUTOPEÇAS;-8.1041902;-34.9111792;AVENIDA MARECHAL MASCARENHAS DE MORAES;2284;;IMBIRIBEIRA;RECIFE;51180001;PE;SUETI;iap.2@hotmail.com;8134711078
3102;ALIN-SERV;-8.0578381;-34.8828969;AVENIDA RECIFE;640;;AREIAS;RECIFE;50781000;PE;SAVIO;alinserv1@hotmail.com;8132513055
3103;A.SERVCAR;-8.0919522;-34.9371131;AVENIDA DOUTOR JOSE RUFINO;1580;;AREIAS;RECIFE;50900660;PE;WELLINGTON;aservcar@hotmail.com;8132499190
3104;NOVAUTOMOTIVA;-8.1017523;-34.9277327;AVENIDA RECIFE;808;;AREIAS;RECIFE;50870800;PE;FERNANDO;contato@novautomotiva.com.br;8132492027
3105;AUTOPEÇAS MARANATA;-8.0828906;-34.9472728;RUA LEANDRO BARRETO,;706;;JARDIM SÃO PAULO;RECIFE;50790000;PE;MARIANO;autopecasmaranata@hotmail.com;8132496979
3106;TMF;-8.1252165;-34.9013083;RUA CARLOS PEREIRA FALCAO;372;;BOA VIAGEM;RECIFE;51021350;PE;THOMAZ;tmfpe@ig.com.br;8134631517
3107;AUTO SHOPPING;-8.1221898;-34.9056728;RUA JORGE COUCEIRO DA COSTA EIRAS;487;;BOA VIAGEM;RECIFE;51021300;PE;JOSE ROBERTO;autoshopping@terra.com.br;8133263664
3108;AUTO INJECAO 02;-8.1463913;-34.9133757;RUA COSMORAMA;1060;;BOA VIAGEM;RECIFE;51130080;PE;ANGELA;autoinjecao02@hotmail.com;8134625000
3109;DIGICAR;-8.1231265;-34.9073042;RUA RIBEIRO DE BRITO;1197;;BOA VIAGEM;RECIFE;51021310;PE;CLERISON;digicar@digicar.com.br;8133271553
3110;DENILDO AUTOPEÇAS;-8.1303646;-34.9108865;RUA DESEMBARGADOR JOSE NEVES;190;;BOA VIAGEM;RECIFE;51030120;PE;DENILDO;denildoservicosautomotivos@hotmail.com;8130407786
3111;DIKAS AUTOPEÇAS;-8.0860905;-34.9567332;AVENIDA CANDIDO FERREIRA;20;;PIEDADE;RECIFE;54310000;PE;SEVERINA;severinapessoa@dikas.com.br;8133423266
3112;MARESIA AUTOPEÇAS;-8.1891068;-34.9216503;RUA FELICIO BARROS DE MEDEIROS CORREIA;4145;;PIEDADE;RECIFE;54420030;PE;MARIO;maresia.auto@gmail.com;8134743168
3113;AUTO PLUS;-8.1493268;-34.9129710;AVENIDA HARMINDO MOURA;646;;PIEDADE;RECIFE;54400430;PE;ANDRE;autopluscar@hotmail.com;8133615204
3114;AUTOPEÇAS VOLKSCORCEL;-8.2763345;-35.9453714;RUA DOS GUARARAPES;56;;CENTRO;CARUARU;55000000;PE;SERGIO;sergioautopecas@hotmail.com;8137214764
3115;SERGIO AUTOPEÇAS;-8.2763345;-35.9453714;RUA DOS GUARARAPES;59;;CENTRO;CARUARU;55000000;PE;SERGIO;sergioautopecas@hotmail.com;8131389595
3116;SERGIO AUTOPEÇAS;-8.2763345;-35.9453714;RUA DOS GUARARAPES;48;;CENTRO;CARUARU;55000000;PE;MARCO;sergioautopecas@hotmail.com;8137214764
3117;CHICO AUTOPEÇAS;-8.2873497;-35.9673831;RUA JOSE DE ALENCAR;71;;CENTRO;CARUARU;55002170;PE;CHICO;cap.autocenter@hotmail.com;8137220568
3118;LENO PEÇAS;-8.2817926;-35.9809152;AVENIDA CAMPINA GRANDE;68;;DIVINOPOLIS;CARUARU;55014150;PE;RICARDO;amlenopecas@hotmail.com;8137226450
3119;CHICO AUTOPEÇAS;-8.2874509;-35.9672410;RUA JOSE DE ALENCAR;93;;CENTRO;CARUARU;55002170;PE;BRUNO;chicoautopecas@hotmail.com;8137233900
3120;BRENO E ERIC PEÇAS;-8.2756196;-35.9835782;RUA PARAENSE;103;;DIVINOPOLIS;CARUARU;55010105;PE;BRENO;brenoeericpecas@hotmail.com;8137193067
3121;O VAREJÃO AUTOPEÇAS;-12.8956045;-38.4091221;AVENIDA ENGENHEIRO RAYMUNDO CARLOS NERY;543;;CAJAZEIRAS X;SALVADOR;41340280;BA;IONE;sac@ovarejao.com.br;7121018899
3122;O VAREJÃO AUTOPEÇAS;-12.9703130;-38.4213445;AVENIDA JORGE AMADO;419;;IMBUÍ;SALVADOR;41740630;BA;ROMÁRIO;sac@ovarejao.com.br;7121018899
3123;RENOVO ASSISTANCE;-8.0720382;-34.9083803;RUA CORONEL ALFREDO DUARTE;37;A;AFOGADOS;RECIFE;50830380;PE;POLLYANNA;renovoassistance@gmail.com;8189915502
3124;BONO PNEUS;-8.0711888;-34.9092328;RUA COSME VIANA;122;;AFOGADOS;RECIFE;50830370;PE;RENATO;recife.afogados@bonopneus.com.br;8137881700
3125;AUTO TREVO;-17.0813353;-42.6948880;RUA ENTROCAMENTO DE LEME DO PRADO;10;;BR;LEME DO PRADO;39655000;MG;DILMA;autotrevoldp@gmail.com;3337646060
3126;HS AUTOPEÇAS;-19.7740089;-44.1327833;RUA DIONIZIO GOMES;704;;VENEZA;RIBEIRÃO DAS NEVES;33820540;MG;HENRIQUE;filialbetim@hsautopecas.com;3131956945
3127;AUTOPEÇAS CURVELO;-18.7620382;-44.4293354;AVENIDA ANTÔNIO OLINTO;549/555;;CENTRO;CURVELO;35790000;MG;WILLIAN;williancecilio@yahoo.com.br;3837212506
3128;LUIZ AUTOPEÇAS;-16.7073638;-47.5275422;AVENIDA 07 DE SETEMBRO;131;;SETOR CENTRO;CRISTALINA;73850000;GO;LUIZ ANTONIO;luizasq@outlook.com;6136126535
3129;SARICO AUTOPEÇAS;-17.7860339;-50.9110475;RUA UBERABA;S/N;QUADRA 25 LOTE 13;VILA MARIA;RIO VERDE;75905360;GO;SEBASTIÃO;sarico@saricoautopecas.com.br;6430509028
3130;GUIMAQ MÁQUINAS;-17.8142515;-51.0811831;RODOVIA BR 060;S/N;KM 381;TRÊVO;RIO VERDE;75901970;GO;MATHEUS;guimaqrv@hotmail.com;6436121122
3131;JL AUTOPEÇAS;-17.5497342;-52.5396666;AVENIDA HINO REZENDE;S/N;QUADRA 13 LOTE 16;LEONTINO;MINEIROS;75800000;GO;GUILHERME;jlautopecasemecanica@hotmail.com;6436613100
3132;CARLONE AUTOPEÇAS;-17.5602835;-52.5515088;AVENIDA OITAVA;S/N;QUADRA 141LOTE 13;CONTA NERY;MINEIROS;75800000;GO;CARLONE;carloneautopecas@gmail.com;6499891342
3133;HILDO AUTOPEÇAS;-17.5731344;-52.5497046;AVENIDA SANTOS DUMONT;S/N;QUADRA 4 LOTE 4;SETOR CARVALHO;MINEIROS;75837672;GO;HILDO;hildoautocenter@gmail.com;6430205667
3134;H5 AUTOPEÇAS;-17.5642879;-52.5565869;AVENIDA ANTÔNIO CARLOS PANIAGO;55;;JOSE ANTONIO;MINEIROS;75833024;GO;MARÍLIA;h5autocenter1@gmail.com;6436613331
3135;AUTOPEÇAS DO KIM;-17.5618097;-52.5466876;AVENIDA ANTÔNIO CARLOS PANIAGO;S/N;QUADRA 1 LOTE 7;SÃO JOÃO;MINEIROS;75830000;GO;FRANCELINA;autopmkim@gmail.com;6436611913
3136;ALIANÇA AUTOPEÇAS;-17.5618097;-52.5466876;AVENIDA ANTÔNIO CARLOS PANIAGO;S/N;QD 10 LT 24;JARDIM;MINEIROS;75830000;GO;RENES DE SOUSA;aliancaap@gmail.com;6436614254
3137;SÃO LUCAS AUTOPEÇAS;-17.7775690;-50.9230340;AVENIDA PAUZANES DE CARVALHO;271;;SETOR PAUZANES;RIO VERDE;74904236;GO;JOYCE;radiadorespecassaolucas@gmail.com;6436614441
3138;AUTOPEÇAS RONDOBRÁS;-13.8171571;-56.0763608;AVENIDA PERIMETRAL DAS SAMAMBAIAS;485N;;CENTRO;NOVA MUTUM;78450000;MT;CLAUDENIR;claudenir.souza@rondobras.com.br;6533085650
3139;AUTOPEÇAS RONDOBRÁS;-10.8045969;-55.4630258;AVENIDA COLONIZADOR ROQUE GUEDES;1055;;SÃO JOÃO;COLÍDER;78500000;MT;MANOEL DA SILVA;manoel.silva@rondobras.com.br;6635415150
3140;AUTOPEÇAS RONDOBRÁS;-9.8874430;-56.0866030;AVENIDA LUDOVIDO DA RIVA NETO;1364;;SETOR H;ALTA FLORESTA;78580000;MT;ERICK ALEXANDRE;erick@rondobras.com.br;6635122550
3141;AUTOPEÇAS RONDOBRÁS;-12.5407237;-55.7226752;AVENIDA P SUDOESTE;10207;;CENTRO SUL;SORRISO;78896052;MT;GUIBSON COSTA;guibson.costa@rondobras.com.br;6639077600
3142;CASA DOS ACESSÓRIOS;-10.9110247;-37.0684621;RUA MARIANO SALMERON;146;;SIQUEIRA CAMPOS;ARACAJU;49075370;SE;ALEX SANDER;casadosacessorios2020@gmail.com;7930242893
3143;SUCAUTO COMÉRCIO DE PEÇAS;-10.9093055;-37.0782368;AVENIDA CHANCELER OSVALDO ARANHA;314;;JOSÉ CONRADO DE ARAÚJO;ARACAJU;49085100;SE;FRANCISCO;sucauto@hotmail.com;7932138359
3144;AUTOPEÇAS NETO;-10.9115363;-37.0683113;RUA MARIANO SALMERON;121;;SIQUEIRA CAMPOS;ARACAJU;49075370;SE;LUCIANO;netoautopecas@bol.com.br;7932241441
3145;CARLINHO AUTOPEÇAS;-1.2081563;-47.1846577;TRAVESSA CORONEL LEANDRO PINHEIRO;109;;TANCREDO NEVES;CAPANEMA;68702135;PA;JOSE;carlinhoautopecas@hotmail.com;9134624036
3146;PEREIRINHA AUTOPEÇAS;-1.3637371;-48.4057018;TRAVESSA WE 26;1;CIDADE NOVA II LOJA 02 ESQUINA C/ SN 03;COQUEIRO;ANANINDEUA;67130600;PA;MAICK;maickcosta@grupowilc.com;9132143000
3147;SÓ PEÇAS;-1.1993643;-47.1719929;AVENIDA SANTOS DUMONT;108;;3 DE MAIO;CAPANEMA;68701240;PA;FABRICIO;sopecascapanema@gmail.com;9196410277
3148;ELETROSAN AUTOPEÇAS;0.0445786;-51.0676066;RUA PROFESSOR TOSTE;3781;;MUCA;MACAPÁ;68902210;AP;GILMO;eletronson.ap2016@hotmail.com;9691911213
3149;RIBEIROS AUTOPEÇAS;0.0425571;-51.0702218;AVENIDA HILDEMAR MAIA;608;;SANTA RITA;MACAPÁ;68909864;AP;MARILENE;mecaribeiro2@hotmail.com;9632237049
3150;AMAPÁ PEÇAS;0.0361568;-51.1302064;AVENIDA PRIMEIRA AVENIDA;108;;MARABAIXO;MACAPÁ;68909865;AP;EDIELSON;compras-amapadistribuidora@hotmail.com;9699727919
3151;LEÃO DISTRIBUIDORA;0.0297904;-51.0692013;AVENIDA FELICIANO COELHO;1700;;SANTA RITA;MACAPÁ;68901208;AP;MICHEL;financeiro.leaodistribuidora@hotmail.com;9691509048
3152;RICO DISTRIBUIDORA;0.0796425;-51.0720580;RUA SANTO EXPEDITO;330;;BONE AZUL;MACAPÁ;68909539;AP;MICHEL;financeiro.ricodistribuidora@hotmail.com;9632414534
3153;AVENIDA AUTOPEÇAS;-22.2267788;-54.7996748;AVENIDA MARCELINO PIRES;3000;;CENTRO;DOURADOS;79801004;MS;PAULO;avenidaautopecasdos@gmail.com;6734223922
3154;AUTOPEÇAS 2 IRMÃOS;-20.5199461;-54.6571832;AVENIDA DOUTOR GUNTER HANS;2701;;AERO RANCHO;CAMPO GRANDE;79085108;MS;MATEUS;mateus2irmaos@hotmail.com;6733051195
3155;BAHIA AUTOPEÇAS;-22.2457563;-54.8055907;AVENIDA HAYEL BOM FAKER;1115;;JARDIN ÁGUA BOA;DOURADOS;79812110;MS;VITOR;bahiadistribuidoradepecas@hotmail.com;6734257000
3156;SALU PEÇAS;-7.5198331;-46.0630803;AVENIDA GOVERNADOR LUIZ ROCHA;772;;SANTO AMARO;BALSAS;65800000;MA;SALU;salupecas2010@hotmail.com;9935418066
3157;FEITOSA PEÇAS;-7.5229789;-46.0410735;AVENIDA GOVERNADOR LUIZ ROCHA;163;;POTOSI;BALSAS;65800000;MA;JUCIMAR;autocenter@feitosa.com.br;9935415714
3158;DINAMICA AUTOPEÇAS;-7.5229665;-46.0465851;AVENIDA GOVERNADOR LUIZ ROCHA;513;;POTOSI;BALSAS;65800000;MA;MILTON;dinamica_auto_pecas@hotmail.com;9935416078
3159;MANUS AUTOPEÇAS;-7.5223446;-46.0469916;AVENIDA GOVERNADOR LUIZ ROCHA;687;;POTOSI;BALSAS;65800000;MA;PAULO;manus.np@hotmail.com;9935412120
3160;AUTOPEÇAS DO BAIXIM;-7.5226040;-46.0501727;AVENIDA CONTORNO;2420;;INDUSTRIAL;BALSAS;65800000;MA;BAIXIM;compras@autopecasdobaixim.com.br;9935414703
3161;CANADA AUTO CENTER;-7.5206212;-46.0497963;AVENIDA GOVERNADOR LUIZ ROCHA;20B;;INDUSTRIAL;BALSAS;65800000;MA;MANOEL;compras@canadaautocenterltda.com;9935412800
3162;LEANDRO AUTOPEÇAS;-7.3365790;-47.4660670;AVENIDA FREDERICO MARTINS;240;;CENTRO;CAROLINA;65980000;MA;LEANDRO;leandro.autopecas@hotmail.com;9981315744
3163;MASTER AUTOPEÇAS;-7.3369827;-47.4638455;AVENIDA FREDERICO MARTINS;423;;CENTRO;CAROLINA;65980000;MA;BRUNO;master.adm2220@gmail.com;9985157076
3164;PLANAUTOPEÇAS;-7.3384799;-47.4591184;AVENIDA FREDERICO MARTINS;2088;;CENTRO;CAROLINA;65980000;MA;LEANDRO;planautopecas05@gmail.com;9935318341
3165;SKF AUTOPEÇAS;-7.2018343;-48.2394500;AVENIDA BERNARDO SAYAO 813;813;;ENTRONCAMENTO;ARAGUAÍNA;78818340;TO;VALDSON;skfautopecas@gmail.com;6334152841
3166;MOTOKA MOTOS;-7.1889588;-48.2203878;AVENIDA SANTOS DUMONT;452;;RODOVIÁRIO;ARAGUAÍNA;77805150;TO;LUIZ ALFREDO;motokamotos@hotmail.com;6334138730
3167;MENAUTO AUTOPEÇAS;-7.1977550;-48.2041381;RUA GETULIO VARGAS;354;;CENTRO;ARAGUAÍNA;77826235;TO;EDVAN;edvanmenauto@gmail.com;6392459594
3168;VOLCAR AUTOPEÇAS;-7.1906465;-48.2262656;AVENIDA SANTOS DUMONT;1148;;MANOEL GOMES DA CUNHA;ARAGUAÍNA;77826776;TO;MANOEL;volcar@volcarautopecas.com.br;6333212904
3169;FERRAZ AUTOPEÇAS;-7.1876261;-48.2163083;AVENIDA CONEGO JOÃO LIMA;1175;;VILA ROSÁRIO;ARAGUAÍNA;77823065;TO;CLEIDSON;vendas@ferrazautopecas.com;6334214232
3170;TANNARA AUTOPEÇAS;-8.0625635;-48.4709315;AVENIDA PEDRO LUDOVICO TEIXEIRA;479;;CENTRO;COLINAS DO TOCANTINS;77816530;TO;ALBERICO;tannaraautopecas@gmail.com;6334761228
3171;CENTROKAR AUTOPEÇAS;-8.0620161;-48.4716748;AVENIDA PEDRO LUDOVICO TEIXEIRA;581;;CENTRO;COLINAS DO TOCANTINS;77816530;TO;ZEZINHO;contato.ti@hotmail.com;6334762830
3172;TOCANTINS AUTOPEÇAS;-8.0593928;-48.4758448;AVENIDA PEDRO LUDOVICO TEIXEIRA;1113;;CENTRO;COLINAS DO TOCANTINS;77816530;TO;IVAN;tocantinsautopecas@hotmail.com;6334781052
3173;PORTILHO AUTOPEÇAS;-8.0557691;-48.4817556;AVENIDA PEDRO LUDOVICO TEIXEIRA;2016;;CENTRO;COLINAS DO TOCANTINS;77816530;TO;RODRIGO;compras.portilhoautopecas@gmail.com;6334766600
3174;GUARAI AUTO CENTER;-8.8459855;-48.5109127;AVENIDA BERNARDO SAYÃO;2676;;CENTRO;GUARAÍ;77700000;TO;LETICIA;guaraiautocenter@gmail.com;6334641883
3175;AUTOPEÇAS DEUSDARA;-8.8299900;-48.5126123;AVENIDA BERNARDO SAYÃO;1314;;CENTRO;GUARAÍ;77700000;TO;DOMINGOS;deusdaragalvao@hotmail.com;6335641084
3176;RIBEIRÃO AUTOPEÇAS;-10.1645536;-48.8814507;AVENIDA TRANBRASILIANA;2563;;MILENA;PARAÍSO DO TOCANTINS;77600000;TO;RENATO;ribeiraopecas@hotmail.com;6336020666
3177;REAL AUTOPEÇAS;-10.1576178;-48.8829763;AVENIDA TRANBRASILIANA;2511;;MILENA;PARAÍSO DO TOCANTINS;77600000;TO;EDNO;ednocoelho2403@gmail.com;6336026180
3178;BRAVO AUTOPEÇAS;-10.1780604;-48.8809298;AVENIDA TRANBRASILIANA;1301;;INTERLAGOS;PARAÍSO DO TOCANTINS;77600000;TO;ANDRE;bravoautopecas2@hotmail.com;6336024687
3179;TOCANTINS PEÇAS;-10.1778367;-48.8809597;AVENIDA TRANBRASILIANA;1327;;INTERLAGOS;PARAÍSO DO TOCANTINS;77600000;TO;SELMA;tocantinpecas@hotmail.com;6336020722
3180;AUTOPEÇAS TREVO;-10.1789074;-48.8808660;AVENIDA TRANBRASILIANA;1125;;INTERLAGOS;PARAÍSO DO TOCANTINS;77600000;TO;ANTÔNIO;abreuegomes@hotmail.com;6336026313
3181;PALMA AUTOPEÇAS;-10.2466470;-48.3333981;AVENIDA 1001 SUL LO 23;20;;CONJUNTO 02;PALMAS;77018380;TO;LUIZ CARLOS;palmapecas1001@hotmail.com;6332297040
3182;AUTOPEÇAS AGUIAR;-10.2303421;-48.3551487;AVENIDA 712 SUL AV LO 19;19;LT 09 QI6;INDUSTRIAL;PALMAS;77022422;TO;ELTON;pecasaguiar@gmail.com;6332141506
3183;O BARATÃO AUTOPEÇAS;-12.9357096;-38.4921066;AVENIDA AFRÂNIO PEIXOTO;83;;LOBATO;SALVADOR;40470630;BA;EDELSON;comercial@obaratao.com.br;7131764950
3184;UNIDOS IMPORTADOS;-9.4331803;-40.4976434;AVENIDA JOÃO DURVAL CARNEIRO;13;;ALTO DO CRUZEIRO;JUAZEIRO;48905224;BA;EDER;financeiro2@unidosimportados.com.br;7536036400
3185;AUTOPEÇAS RONI;-13.5259486;-40.0617112;AVENIDA PRESIDENTE MÉDICI;S/N;;ENTRONCAMENTO JAGUAQUARA;JAGUAQUARA;45345000;BA;RENATO;jaguaquara@roni.com.br;7331661800
3186;M G CAR;-8.1507369;-34.9150242;RUA DONA MARIA DE SOUZA;220;;PIEDADE;JABOATÃO DOS GUARARAPES;54400260;PE;WILTON LOPES;mg.car@outlook.com;8131069621
3187;VIPCAR;-8.1544601;-34.9175595;RUA DONA MARIA DE SOUZA;733;;PIEDADE;JABOATÃO DOS GUARARAPES;54400260;PE;ARMANDO;armando.jose@vipcar.com.br;8191179614
3188;MEUESTOQUE DE AUTOPEÇAS;-20.1455467;-44.8998842;RUA SERGIPE;1013;;CENTRO;DIVINÓPOLIS;35500012;MG;MATHEUS;matheus@meuestoquepecas.com.br;3732142277
3189;DIMAUTO;-19.7994363;-44.0118669;AVENIDA DENISE CRISTINA DA ROCHA;1585;;JUSTINÓPOLIS;RIBEIRÃO DAS NEVES;33900375;MG;DANIEL;administrativo@dimauto.com.br;3136325001
3190;AUTOPEÇAS MINAS GOIÁS;-20.1693031;-44.9088044;AVENIDA PARANÁ;70;;CATALÃO;DIVINÓPOLIS;35501168;MG;WEAVER;apminasgoias@gmail.com;3732121333
3191;ABC MOTOS;-23.6427120;-46.5237075;RUA PROFESSOR JOSÉ FRANCO;164;;VILA CURUÇA;SANTO ANDRÉ;9291240;SP;DANIEL;abc1000vendas@gmail.com;1144014343
3192;UNIPEÇAS;-14.0982083;-46.6330539;AVENIDA BRASÍLIA;S/N;QUADRA 50 LOTE 10-A;SETOR SUL;IACIARA;73920000;GO;ALESSANDRA ABREU;unipecas03@gmail.com;6234731541
3193;SUPREMA;-12.1430922;-44.9818297;AVENIDA ANTONIO CARLOS MAGALHÃES;1606;VILA BRASIL;JARDIM OURO BRANCO;BARREIRAS;47802147;BA;BRUNO VIANA;bruno.suprema10@gmail.com;7736110172
3194;VIP AUTOPEÇAS;-16.0042103;-47.9920187;AVENIDA ALAGADO CL117;S/N;LOTE G;SANTA MARIA;BRASÍLIA;72547207;DF;LUIS CARLOS;vipautopecas@gmail.com;6133948125
3195;SUPREMA;-12.1297738;-45.0069400;RUA JOÃO CÂNDIDO OLIVEIRA;405;;SÃO PEDRO;BARREIRAS;47810840;BA;BRUNO VIANA;bruno.suprema10@gmail.com;7736110172
3196;SUPREMA;-12.0933837;-45.7986799;RUA XIQUE XIQUE;690;QUADRA 11 LOTE 08;SANTA CRUZ;LUÍS EDUARDO MAGALHÃES;47850000;BA;BRUNO VIANA;bruno.suprema10@gmail.com;7736110172
3197;CHECAR AUTOPEÇAS;-17.8759841;-51.7279061;AVENIDA JOAQUIM CÂNDIDO;1296;;AEROPORTO;JATAÍ;75800000;GO;FRANCIS;onaldo-checar@hotmail.com;6436317506
3198;UNIAUTO AUTOPEÇAS;-17.8966215;-51.7205001;AVENIDA GOIÁS;2374;;CENTRO;JATAÍ;75800000;GO;JOÃO;uniautojatai@hotmail.com;6436315972
3199;JD AUTOPEÇAS;-17.8983340;-51.7192146;RUA MIGUEL DE ASSIS;1784;;CENTRO;JATAÍ;75800000;GO;WESLEY;jdautopecas1064@gmail.com;6436311064
3200;METAL PEÇAS AUTOPEÇAS;-17.8907246;-51.7191615;AVENIDA JORGE ZAIDEM;166;;CENTRO;JATAÍ;75800000;GO;FRANCIS;metalpecas@hotmail.com;6436315972
3201;AUTOPEÇAS MURICI;-17.9000011;-51.7218297;AVENIDA GOIÁS;2757;;JARDIM RIO CLARO;JATAÍ;75800000;GO;LEANDRO;autopecasmurici@hotmail.com;6436321277
3202;REAL AUTOPEÇAS;-17.5724484;-52.5679318;AVENIDA PARANAÍBA;S/N;QUADRA 13 LOTE 02;DONA ALCIRA;MINEIROS;75800000;GO;JAMILTON;jlautopecasemecanica@hotmail.com;6436614299
3203;BREKAUTO AUTOPEÇAS;-17.8775185;-51.7252077;AVENIDA JOAQUIM CÂNDIDO;960;;SETOR ANTENA;JATAÍ;75805066;GO;MATHEUS;brekautojatai@gmail.com;6436312727
3204;AUTOPEÇAS RONDOBRÁS;-9.9550129;-54.9034687;RUA DAS LARANJEIRAS;305;;JARDIM GUARANORTE;GUARANTÃ DO NORTE;78520000;MT;JORDANIO DA SILVA;jordanio@rondobras.com.br;6635524700
3205;ANDRE AUTOPEÇAS;-1.3802937;-48.4086057;PASSAGEM PROVIDÊNCIA;178;;COQUEIRO;ANANINDEUA;67015490;PA;ANDRE;andre-pimentel2011@hotmail.com;9183204038
3206;PINHEIRO AUTOPEÇAS;-1.4655576;-48.4913683;AVENIDA ROBERTO CAMELIER;472;;JURUNAS;BELÉM;66033420;PA;CLEITON;cleitonsp@hotmail.com;9199518933
3207;AP PNEUS E PEÇAS;0.0192741;-51.0738208;RUA SANTOS DUMONT;160;;BURITIZAL;MACAPÁ;68902360;AP;MARIA PEDREIRA;appneusmcp@appneus.com.br;9691508731
3208;ELITE AUTOPEÇAS;-1.3837241;-48.4375450;RODOVIA AUGUSTO MONTENEGRO;1508;KILOMETRO 3;MANGUEIRÃO;BELÉM;66640000;PA;CARLOS PRAXEDES;eliteautopecascompra@gmail.com;9131218792
3209;LUCAS AUTOPEÇAS;-2.5419642;-44.2817432;ALAMEDA GUAXENDUBA;1655;;BOM MILAGRE;SÃO LUÍS;65015560;MA;LUCAS ÂNGELO;lucasautopecasoficial@gmail.com;(98) 98832-2739
3210;SALVADOR AUTOPEÇAS E MOTO PEÇAS;-1.2936065;-47.9196686;RUA MARECHAL DEODORO;144;;IANETAMA;CASTANHAL;68745690;PA;ALAN MURILO;gruposalvador@hotmail.com;9137213296
3211;DKAR AUTOPEÇAS;-1.4157822;-48.4639569;AVENIDA DOUTOR FREITAS;1089;TERREO;SACRAMENTA;BELÉM;66123050;PA;GILBERTO SOUZA;gilbertodkar@gmail.com;9133519060
3212;CORDEIRO SÓ IMPORTADOS;-2.5423616;-44.2818178;AVENIDA GUAXENDUBA;1614;;FÁTIMA;SÃO LUÍS;65015560;MA;MÁRCIO COSTA;cordeirosovolks@gmail.com;9832326257
3213;LOTUS AUTOPEÇAS;-1.4273375;-48.4647591;TRAVESSA LOMAS VALENTINAS;1197;;PEDREIRA;BELÉM;66087441;PA;LUCAS DAIBES;lucasdaibes6@gmail.com;(91) 98021-6124
3214;PNEU-MAX;-2.5757458;-44.2388457;TRAVESSA RIACHUELO I;185;A;TIRIRICAL;SÃO LUÍS;65055000;MA;HOSANA LEAL;pneumax.pneus@gmail.com;9832274175
3215;ROXO AUTOPEÇAS;-2.5708370;-44.2337351;AVENIDA GUAJAJARAS;1960;;SÃO CRISTÓVÃO;SÃO LUÍS;65055285;MA;DJALMA ROXO;roxonotafiscal@gmail.com;(98) 3303-0622
3216;CENTRAL DAS LATARIAS;-2.5667423;-44.2306096;AVENIDA GUAJAJARAS;3;"LOJA: C; QUADR A:136; LOTE: 34";JARDIM SÃO CRISTÓVÃO;SÃO LUÍS;65055285;MA;NATHALIA SOARES;nathalia_ssoares@hotmail.com;(98) 3226-8189
3217;MOTO PEÇAS SILVA;-1.4135392;-48.4674916;AVENIDA SENADOR LEMOS;4393;;SACRAMENTA;BELÉM;66050000;PA;ROLANDRO SILVA;executaltda@veloxmail.com.br;(91)3233-1002
3218;JACUÍPE AUTOPEÇAS;-11.8136588;-39.3829721;RODOVIA LOMANTO JÚNIOR;54;;RANCHINHO;RIACHÃO DO JACUÍPE;44640000;BA;FRANCISCO;jacuipeautopecas_@hotmail.com;7532642365
3219;TOP MOTOS;-12.8711633;-38.4771707;AVENIDA AFRÂNIO PEIXOTO;31;;PRAIA GRANDE;SALVADOR;40720690;BA;FÁBIO;topmotosfc@hotmail.com;7132115383
3220;RICARDO PEÇAS E ACESSÓRIOS;-12.2481730;-38.9653663;RUA CARLOS VALADARES;46;;CENTRO;FEIRA DE SANTANA;44020002;BA;RICARDO;financeiro.diricardo@hotmail.com;7530242525
3221;RICARDO PEÇAS E ACESSÓRIOS;-12.9117292;-38.3487083;AVENIDA SÃO CRISTOVÃO;23;;SÃO CRISTOVÃO;SALVADOR;41510333;BA;RICARDO;financeiro.diricardo@hotmail.com;7530242525
3222;RICARDO PEÇAS E ACESSÓRIOS;-12.2485094;-38.9648434;RUA CARLOS VALADARES;85;;CENTRO;FEIRA DE SANTANA;44020002;BA;RONY;financeiro.diricardo@hotmail.com;7530242626
3223;BAIXINHO CAR AUTOPEÇAS;-12.2482457;-38.9649112;RUA CARLOS VALADARES;70;;CENTRO;FEIRA DE SANTANA;44020002;BA;EDENILTON;edypereirafsa@hotmail.com;7591163563
3224;AUTOPEÇAS FORTALEZA;-3.7248787;-40.9915809;RUA LAIR FÉLIX NUNES;1149;PROXIMO AO HOSPITAL SÃO CAMILO;CENTRO;TIANGUÁ;62320000;CE;LUIS;autopecasfortaleza_25@hotmail.com;8836111728
3225;AUTOPEÇAS DSOUZA;-4.0331897;-40.8679724;AVENIDA FRANCISCO JÚLIO FILIZOLA;2027;;PIMENTEIRAS;SÃO BENEDITO;62370000;CE;TARCISIO;jtcomercio.autopecas@hotmail.com;8894914554
3226;FAEL MOTOPEÇAS;-3.7340701;-41.0067901;RODOVIA CE 187;218;;PITANGA;TIANGUÁ;62321560;CE;RAFAEL;rafael_souzatn@hotmail.com;8899068940
3227;AUTOCAR O ROGÉRIO;-4.0413073;-40.8638263;AVENIDA TABAJARA;513;;CENTRO;SÃO BENEDITO;62370000;CE;CLARISSE;malcinemoreirapinheiro@gmail.com;8893584122
3228;SÃO LUIS AUTO ESCAPE;-4.0384614;-40.8666705;AVENIDA DEPUTADO FRANCISCO JÚLIO FILIZOLA;1099;;CENTRO;SÃO BENEDITO;62370000;CE;LUIS;saoluisautoescap@gmail.com;8836261603
3229;JM AUTOPEÇAS;-4.0338288;-40.8685745;AVENIDA SALMITO FERREIRA;246;;CRUZEIRO;SÃO BENEDITO;62370000;CE;MARDONIO;mardoniocosta@hotmail.com;8896484343
3230;TOTO AUTOPEÇAS;-3.6923550;-40.3510047;RUA JOAQUIM RIBEIRO;225;;CENTRO;SOBRAL;62011020;CE;MICHELE;totoautopecas@gmail.com;8836111137
3231;VALMIR AUTOPEÇAS;-3.6920188;-40.3511471;RUA JOAQUIM RIBEIRO;220;LOJA 05;CENTRO;SOBRAL;62011020;CE;VALMIR;valmirautopecassobral@gmail.com;8896611026
3232;THIAGO AUTOPEÇAS;-3.6926270;-40.3512544;RUA JOAQUIM RIBEIRO;55;PONTO 03;CENTRO;SOBRAL;62011020;CE;THIAGO;thiagoautopecassobral@outlook.com;8892948603
3233;MARDONIO AUTOPEÇAS;-4.0329584;-40.8680428;AVENIDA DEPUTADO FRANCISCO JÚLIO FILIZOLA;2065;;CORRENTE;SÃO BENEDITO;62370000;CE;ISAIAS;mardonioautomotivo01@gmail.com;8894408040
3234;AUTOPEÇAS EVARISTO;-3.6920188;-40.3511471;RUA JOAQUIM RIBEIRO;220;LOJA 01;CENTRO;SOBRAL;62011020;CE;EVARISTO NETO;autopecasevaristo@gmail.com;8836133183
3235;PS AUTOPEÇAS;-3.6922287;-40.3513006;RUA JOAQUIM RIBEIRO;215;;CENTRO;SOBRAL;62011020;CE;PAULO SÉRGIO;psautocenter@gmail.com;8899214486
3236;INJETRON AUTOPEÇAS;-23.2165816;-49.3781757;AVENIDA HUMBERTO MARTIGNONI;893;;CENTRO;PIRAJU;18803150;SP;LUIZ CARLOS;autopecas@injetron.com.br;1433526067
3237;PROGRESSO AUTOPEÇAS;-23.4190960;-49.0937438;AVENIDA SANTO ANTÔNIO;1430;;CENTRO;ITAÍ;18730000;SP;ANGELA;progressoautopecas@terra.com.br;1437611065
3238;SERGIO AUTOPEÇAS;-23.2165816;-49.3781757;AVENIDA HUMBERTO MARTIGNONI;760;;CENTRO;PIRAJU;18803150;SP;MARCELO;sergioautopecas760@hotmail.com;1433212999
3239;MORUMBI AUTOPEÇAS;-21.7779333;-48.8242729;AVENIDA MARIA ANTONIA SINANE;135;;PARQUE JARDIM;IBITINGA;14940000;SP;LEONARDO;morumbiautopecas@gmail.com;1633428400
3240;MOTO PRO;-21.7413767;-48.6888762;RUA TORINO FIORANI;13;;CENTRO;TABATINGA;14910000;SP;DARLEY;darleymotopro@gmail.com;1633217625
3241;VARNY AUTOPEÇAS;-7.2298866;-39.4092783;RODOVIA CURSINO BELÉM;37;;CENTRO;CRATO;63100290;CE;VARNY;varnycostajunior@gmail.com;8899660379
3242;KEKA AUTOPEÇAS;-7.2179657;-39.3185567;RUA SÃO PEDRO;2129;;SANTA TEREZA;JUAZEIRO DO NORTE;63050270;CE;ROGÉRIO;automotopecakeka@hotmail.com;8835724522
3243;PINHEIRO AUTOPEÇAS;-7.2178224;-39.3180265;RUA SANTA MARIA;148;;SANTA TEREZA;JUAZEIRO DO NORTE;63050350;CE;PINHEIRO;pinheiropg@hotmail.com;8835123409
3244;ANTÔNIO AUTOPEÇAS;-7.2163242;-39.3202885;RUA JOSÉ MARROCOS;840;;SALESIANOS;JUAZEIRO DO NORTE;63050240;CE;ANTÔNIO;antonio_autopecasjua@yahoo.com.br;8835874234
3245;CARIRI AUTOPEÇAS;-7.2281455;-39.3873545;AVENIDA TOMAZ OSTERNES DE ALENCAR;421;;VILA ALTA;CRATO;63119340;CE;THIAGO;cariri_autopecas@hotmail.com;8835218808
3246;DIFERENCIAL AUTOPEÇAS;2.7982621;-60.6975015;AVENIDA BRASIL;1228;SALA 02;CINTURÃO VERDE;BOA VISTA;69312450;RR;MARCIO;vendas@diferencialautopecas.com.br;9532248361
3247;ROCHA AUTOPEÇAS;-3.1076500;-60.0494995;AVENIDA COMPENSA;340;;VILA DA PRATA;MANAUS;69036115;AM;ALCIDIO;rochaautopag@gmail.com;9294485148
3248;QUEIROZ AUTOPEÇAS;-2.9845330;-59.9967366;RUA 4 DE JULHO;2499;;SANTA ETELVINA;MANAUS;69017195;AM;TAYRO;autopecasqueiroz86@gmail.com;9291293337
3249;ABREU AUTO CAR;-3.0730999;-59.9264404;RUA DOS AÇAIZEIROS;1;;GILBERTO MESTRINHO;MANAUS;69086666;AM;MARCINEY;marcineybraga@gmail.com;9292196136
3250;PORTELINHA MOTO PEÇAS;-3.0683249;-59.9246664;RUA DOS AÇAIZEIROS;1884;;GILBERTO MESTRINHO;MANAUS;69086666;AM;DAVID;portelinhamotopecas@hotmail.com;9293789709
3251;RALLY MOTO PEÇAS;-3.0046970;-59.9777169;AVENIDA MARGARIDA;2630;;NOVA CIDADE;MANAUS;69097305;AM;IRAILDES;rallymotosam@gmail.com;9293417141
3252;AUTO ZÉLIO;-1.4315930;-48.4672795;TRAVESSA MAURITÍ;1904;;PEDREIRA;BELÉM;66087680;PA;MARIZÉLIO BAÍA;autozelio@gmail.com;(91) 3257-5244
3253;SOUZA PEÇAS E ACESSÓRIOS;-1.3704160;-48.3768190;ALAMEDA GABRIELA BITTENCOURT;1;ESQUINA COM A RUA 2 DE JUNHO;ÁGUAS BRANCAS;ANANINDEUA;67033-062;PA;GIRLEI SOUZA; jonathansouzabelem@gmail.com;(91) 3285-0034
3254;JR MOTOS E BIKE;-1.4012798;-48.4915772;QUADRA QUARENTA E SETE;4;CONJUNTO CDP;MARACANGALHA;BELÉM;66110151;PA;JOSÉ JÚNIOR; josedamoto@hotmail.com;(91) 98133-7205
3255;META PEÇAS AUTOMOTIVAS;-9.3455069;-37.2783566;RODOVIA BR 316;2472;;SÃO JOÃO;MARITUBA;67203-135;PA;NILSON PORTO;metanivelfinanceiro@gmail.com;(91) 98535-4040
3256;META AUTOPEÇAS;-1.3691325;-48.3460167;RODOVIA BR 316;408;KM 8;SÃO JOÃO;MARITUBA;67203-135;PA;MARCELO PORTO;mt.financeiro@gmail.com;(91) 99170-6760
3257;3 A AUTOPEÇAS;-1.4231010;-48.4723186;RUA ANTONIO EVERDOSA;1630;;PEDREIRA;BELÉM;66085-755;PA;ALEXANDRE NEVES;alexandreneves0912@hotmail.com;(91) 3264-2772
3258;BORGES AUTOPEÇAS;-12.9369928;-38.4948782;RUA LUIZ REGIS PACHECO;145;;URUGUAI;SALVADOR;40451360;BA;RAIMUNDO;borgesautopecas23@yahoo.com.br;(71) 3244-2603
3259;SC CAR AUTOPEÇAS;-12.9379182;-38.4954539;RUA LUIZ REGIS PACHECO;109;;URUGUAI;SALVADOR;40451360;BA;ALEXANDRE;sccar.autopecas@gmail.com;7133157170
3260;TOP CAR;-12.9372206;-38.4950630;RUA LUIZ REGIS PACHECO;133;;URUGUAI;SALVADOR;40451360;BA;VALTERCIO;valterciogene@hotmail.com;7132071630
3261;AUTOPEÇAS VELOZ;-12.9371792;-38.4949808;RUA LUIZ REGIS PACHECO;137;;URUGUAI;SALVADOR;40451360;BA;JUNIOR;hclsantana.jr@gmail.com;7132401117
3262;O VAREJÃO AUTOPEÇAS;-12.2318367;-38.9692892;AVENIDA EDUARDO FROES DA MOTA;18960;;BARAÚNA;FEIRA DE SANTANA;44020292;BA;GILSON;sac@ovarejao.com.br;7530236071
3263;RONI AUTOPEÇAS;-14.2113906;-42.7641385;AVENIDA PREFEITO JOSÉ NEVES TEIXEIRA;283;;SOSSEGO;GUANAMBI;46430000;BA;JONATAS;guanambi@roni.com.br;7734238170
3264;SUPER FREIOS;-3.1134421;-60.0238762;AVENIDA DJALMA BATISTA;251;;SÃO GERALDO;MANAUS;69053355;AM;JOÃO BATISTA;autopecassuperfreioss@hotmail.com;9232329049
3265;BETO MOTO PEÇAS;-3.0279668;-60.0009420;AVENIDA FRANCISCO QUEIROZ;95;CJ MANOA;CIDADE NOVA;MANAUS;69090741;AM;LUANNA;beto.motopecas93@gmail.com;9233479068
3266;AJIME MOTO PEÇAS;-23.6234836;-45.4207203;RUA BENEDITA ALVES CRUZ;689;;CAPUTERA;CARAGUATATUBA;11660620;SP;ALEXANDRE;alexandrebmx@hotmail.com;1238831422
3267;JTA AUTOPEÇAS;-23.8032849;-45.4037954;RUA CRISTOVÃO SOARES;467;;CENTRO;SÃO SEBASTIÃO;11600000;SP;MARGARETE;jtabaterias@gmail.com;1238922532
3268;JTA AUTOPEÇAS;-23.6633828;-45.4351283;RUA ALVARO THEODORO DA CRUZ;705;;JARDIM BRITÂNIA;CARAGUATATUBA;11672190;SP;MARGARETE;jtabaterias@gmail.com;1238879070
3269;SASAKI AUTOPEÇAS;-23.6252672;-45.4207964;AVENIDA MARANHÃO;609;;JARDIM PRIMAVERA;CARAGUATATUBA;11660690;SP;ROBERTO;contato@sasakiautopecas.com.br;1238824702
3270;ARTUR AUTOPEÇAS;-23.6241212;-45.4194889;AVENIDA PIAUÍ;550;;CENTRO;CARAGUATATUBA;11660720;SP;JULIO;contato@arturautopecas.com.br;1238822576
3271;ARTUR AUTOPEÇAS;-23.8061066;-45.4016642;AVENIDA ANTONIO JANUÁRIO DO NASCIMENTO;140;;CENTRO;SÃO SEBASTIÃO;11600000;SP;PAULO;contato@arturautopecas.com.br;1238921709
3272;ARTUR AUTOPEÇAS;-23.8212165;-45.3770515;AVENIDA PRINCESA ISABEL;2965;;BARRA VELHA;ILHA BELA;11630000;SP;ISABELA;contato@arturautopecas.com.br;1281583977
3273;ATLANTICO NORTE AUTOPEÇAS;-23.6375303;-45.4294517;RUA HENRIQUE DIAS;188;;JARDIM ARUÃ;CARAGUATATUBA;11665440;SP;DANIELLE;financeiro@retificabeiramar.com.br;1238871881
3274;FAIZÃO AUTOPEÇAS;-23.5103011;-45.1992284;AVENIDA RIO GRANDE DO SUL;545;;CENTRO;UBATUBA;11680000;SP;ONEIA;faizaoubatuba@yahoo.com.br;1238333586
3275;ESTRELA DA ILHA AUTOPEÇAS;-23.8219098;-45.3731000;AVENIDA PRINCESA ISABEL;2343;;CENTRO;ILHA BELA;11630000;SP;IGOR;igor.ilha@hotmail.com;1296198379
3276;NOGUEIRAS AUTOPEÇAS;-3.7303896;-38.5849657;AVENIDA CORONEL CARVALHO;3088;;OLAVO OLIVEIRA;FORTALEZA;60351364;CE;PEDRO IGOR;nogueirasautopecas@gmail.com;8596369286
3277;AUTOPEÇAS BOM JESUS;-3.7874636;-38.6102961;AVENIDA OSCAR ARARIPE;2150;;GRANJA LISBOA;FORTALEZA;60540445;CE;SEBASTIÃO;autopecasbomjesus1@gmail.com;8532454502
3278;ALTERNATIVA MOTO PEÇAS;-21.1253722;-42.3829522;RODOVIA ROD BR 116;5410;A;BARRA;MURIAÉ;36884114;MG;GUILHERME;alternativamuriae@gmail.com;3237218717
3279;ALTERNATIVA MOTO PEÇAS;-21.3918086;-42.6887753;AVENIDA MEIA PATACA;222;A;CENTRO;CATAGUASES;36770056;MG;ACACIO;alternativamuriae@gmail.com;3234227727
3280;ALTERNATIVA MOTO PEÇAS;-21.2010464;-41.8975493;AVENIDA PRESIDENTE DUTRA;367;;CENTRO;ITAPERUNA;28300000;RJ;RAFAEL;alternativamuriae@gmail.com;2299641772
3281;AUTO ZAQUINE;-21.5402120;-42.6442380;AVENIDA JEHU FARIAS;128;;CENTRO;LEOPOLDINA;36700000;MG;HIAGO;zaquinepneus@yahoo.com.br;3234414300
3282;AUTOPEÇAS JOÃO DUTRA;-21.1924650;-42.6118536;AVENIDA PRESIDENTE MEDICI;451;;CENTRO;MIRAÍ;36790000;MG;RENATO;autodutra@hotmail.com;3234261415
3283;AUTOPEÇAS ZANGALE;-21.5383245;-42.6406255;AVENIDA GETULIO VARGAS;575;;CENTRO;LEOPOLDINA;36700000;MG;ALEX;autopecaszaquine@gmail.com;3234411037
3284;AUTOMOTIVA PEÇAS;-21.3779220;-42.6866630;RUA EUDALDO LESSA;175;B;CENTRO;CATAGUASES;36774552;MG;ROGERIO;automotivaps@gmail.com;3234211022
3285;CARNEIRO AUTOPEÇAS;-21.1183529;-42.9346507;RUA CAMILO DOS SANTOS;76;;CENTRO;UBÁ;36500000;MG;MANOEL;vendas@carneiro.com.br;3235211344
3286;MOTO MAIS;-21.1342975;-42.3623751;PRAÇA DOUTOR LISBOA;96;;CENTRO;MURIAÉ;36880070;MG;FABIANA;lojamotomais@hotmail.com;3237221727
3287;RACING MOTOS;-20.8471192;-42.6578517;RUA VEREADOR GERALDO LOPES;128;;CENTRO;ERVALIA;36500000;MG;CLAUDIO;claudiomartinsduarte27@gmail.com;3284178564
3288;FABINHO AUTOPEÇAS;-21.1902013;-42.6132943;AVENIDA PRESIDENTE MEDICE;149;;CENTRO;MIRAÍ;36790000;MG;FABIO;costaautocomercio@hotmail.com;3234261835
3289;FAMI AUTOPEÇAS;-21.1898034;-42.6184552;AVENIDA SANTA CECILIA;587;;CENTRO;MIRAÍ;36790000;MG;RAFAEL;famiautopecas@hotmail.com;3234261375
3290;IDEAL AUTOPEÇAS;-20.7529757;-42.8722196;AVENIDA MARECHAL HUMBERTO CASTELO BRANCO;555;LJ 10;CENTRO;VIÇOSA;36570000;MG;MARCIANO;idealautopecas@gmail.com;3238914105
3291;JF AUTOPEÇAS;-20.8404789;-42.6562709;PRAÇA PRAÇA GETULIO VARGAS;31;;CENTRO;ERVALIA;36555000;MG;FABIO;jfautocenter@hotmail.com;3235542233
3292;RT AUTOPEÇAS;-20.7544486;-42.8783308;AVENIDA MARECHAL HUMBERTO CASTELO BRANCO;91;;CENTRO;VIÇOSA;36570000;MG;DONIZETE;;3238910831
3293;KI MOTO PEÇAS;-21.2072127;-42.8933645;AVENIDA BEIRA MAR;1100;;CENTRO;UBÁ;36500000;MG;SIDNEY;kimotouba@yahoo.com;3235321683
3294;LUCIANO MOTOS;-21.1198953;-42.9346616;RUA CONSELHEIRO AUGUSTO CESAR;66;;CENTRO;UBÁ;36500000;MG;LUCIANO;nadiaaparaujo@gmail.com;3235285000
3295;BMT AUTOPEÇAS;-21.1192684;-42.9330983;RUA ANTÔNIO BATISTA;188;;CENTRO;UBÁ;36500000;MG;ANTONIO;;3235314842
3296;MARFRANCI AUTOPEÇAS;-20.7500530;-42.8696652;AVENIDA MARECHAL HUMBERTO CASTELO BRANCO;1235;;CENTRO;VIÇOSA;36570000;MG;MARLON;marfrancipecas@hotmail.com;3238919473
3297;MOTO BRAGA;-21.1196542;-42.9331349;RUA ANTÔNIO BATISTA;213;;CENTRO;UBÁ;36500000;MG;EDILENE;motobraga@hotmail.com;3235324179
3298;MOTO NAVA;-21.1269291;-42.3682403;AVENIDA PRESIDENTE CASTELO BRANCO;10;;CENTRO;MURIAÉ;36880000;MG;SERDI;navamoto@outlook.com;3237314033
3299;MUNDIAL MOTO PEÇAS;-21.3779220;-42.6866630;AVENIDA EUDALDO LESSA;175;C;CENTRO;CATAGUASES;36774552;MG;JAQUELINE;mundialmotopecas@gmail.com;3298080175
3300;PNEUS AVENIDA;-20.7483829;-42.8679976;AVENIDA MARECHAL HUMBERTO CASTELO BRANCO;10890;;CENTRO;VIÇOSA;36570000;MG;ALEX;alexfreitas436@hotmail.com;3236914147
3301;RATINHO PEÇAS;-21.5379020;-42.6407613;AVENIDA GETULIO VARGAS;586;;CENTRO;LEOPOLDINA;35700000;MG;JACY;ratinhopecasleopoldina@hotmail.com;3234414039
3302;REGINALDO OLIVEIRA AUTOPEÇAS;-20.7483829;-42.8679976;AVENIDA PRESIDENTE HUMBERTO DE ALENCAR;1170;;CENTRO;VIÇOSA;36570000;MG;LUIS;reginaldoautopecas@gmail.com;3238915938
3303;RENATA AUTOPEÇAS;-21.1287037;-42.3755283;AVENIDA MONTEIRO DE CASTRO;204;LOJA B;CENTRO;MURIAÉ;36880000;MG;MATEUS;renataapc@gmail.com;3237224757
3304;REVISA AUTOPEÇAS;-21.5379070;-42.6387998;RUA DOUTOR ANTÔNIO DE OLIVEIRA GUIMARÃES;50;GALPÃO;CENTRO;LEOPOLDINA;36700000;MG;VITOR;revisapecas@gmail.com;3234417375
3305;ROCK MOTOS;-20.8181135;-42.5901672;AVENIDA PROGRESSO;65;;CENTRO;ERVALIA;36555000;MG;ROQUE;rockmotos@gmail.com;3235542554
3306;AUTO FRANCE;-21.1130906;-42.9510047;AVENIDA DOS ANDRADAS;86;;CENTRO;UBÁ;36500000;MG;RODRIGO;autofrance@outlook.com;3235313195
3307;SUPER MOTO MIX;-21.1294655;-42.3897089;AVENIDA PREFEITO DANTE BRUNO;155;LOJA 3;CENTRO;MURIAÉ;36880070;MG;CELIO;lojamotomais@hotmail.com;3237221727
3308;TAMAUTO TALMA;-21.1107523;-42.9551176;AVENIDA EX COMBATENTES;320;;CENTRO;UBÁ;36500000;MG;VINICIUS;;3235311232
3309;TRIAUTOPEÇAS;-21.3810628;-42.6930554;RUA FRANCISCO ANTÔNIO LEONARDO;186;B;CENTRO;CATAGUASES;36774102;MG;HELENO;triautopecas2008@hotmail.com;3234212360
3310;FENIX MOTOS;-20.8358458;-42.6519543;RUA DOUTOR PAULINO DE RESENDE;53;;CENTRO;ERVALIA;35555000;MG;DANIELE;danielearaujo128@yahoo.com.br;3299855316
3311;SIPEÇAS;-8.1120322;-34.9209958;RUA JEAN EMILE FAVRE;1300;;IPSEP;RECIFE;51190450;PE;SEBASTIÃO;sipecasltda@hotmail.com;8134717844
3312;BARATÃO AUTOPEÇAS;-8.1961203;-34.9208402;AVENIDA PRESIDENTE KENNEDY;920;;CANDEIAS;JABOATÃO DOS GUARARAPES;54430030;PE;SERGIO;autopecasdabarra@gmail.com;8198675233
3313;FORT AUTOPEÇAS;2.7764713;-60.7231029;RUA COMETA;443;;RAIAR DO SOL;BOA VISTA;69316014;RR;HOMERO;fortautopecasrr@gmail.com;9591613300
3314;ANDRADE MOTO PEÇAS;2.8111699;-60.7255946;RUA MANOEL FELIPE;2367;;ASA BRANCA;BOA VISTA;69312288;RR;VINICIUS;andrademotos@hotmail.com;9536263462
3315;FORTE PEÇAS;-3.0166661;-59.9943246;AVENIDA TENENTE ROXANA BONESSI;1153;CJ GALILEIA;NOVA CIDADE;MANAUS;69090669;AM;MARINHO;fortepecas@hotmail.com;9288023259
3316;JUNIOR BATERIAS;-3.1084964;-60.0494128;AVENIDA COMPENSA;248;;VILA DA PRATA;MANAUS;69030575;AM;JUNIOR;juniorpecaseservicos@gmail.com;9291331004
3317;ARTHUR AUTOPEÇAS;-3.1039759;-60.0504858;AVENIDA COMPENSA;779;;COMPENSA;MANAUS;69035090;AM;DORVAL;arthurcatingueira22@gmail.com;9284645513
3318;FADUL AUTOPEÇAS;-3.0405129;-59.9368913;AVENIDA BRIGADEIRO HOLÁRIO GURJÃO;22;;JORGE TEIXEIRA;MANAUS;69088480;AM;EDILSON;edilson-fadul1@hotmail.com;9293688875
3319;LOURO MOTO SPORT;-3.1031109;-59.9465641;AVENIDA AUTAZ MIRIM;9883;CJ BRAGA MENDES;CIDADE NOVA;MANAUS;69099045;AM;RUBINALDO;louromotosport@hotmail.com;9293066281
3320;AUTO ESTORIL AUTOPEÇAS;-3.1233778;-60.0140716;AVENIDA TARUMÃ;1420;;PRAÇA 14 DE JANEIRO;MANAUS;69020000;AM;ANTONIO;autoestoril@hotmail.com;9232333136
3321;AUTOPEÇAS SOUSA;-3.1175390;-60.0064510;RUA BELÉM;1242;;CACHOEIRINHA;MANAUS;69100000;AM;GILMAR;compras@autopecassousa.com.br;9291613549
3322;AUTOPEÇAS SOUSA;-3.1061608;-60.0075597;AVENIDA ANDRÉ ARAÚJO;63;;ADRIANÓPOLIS;MANAUS;69057025;AM;GABRIEL;compras@autopecassousa.com.br;9299782233
3323;AUTOPEÇAS SOUSA;-3.1294800;-59.9938202;AVENIDA COSTA E SILVA;1259;;RAIZ;MANAUS;69068010;AM;JACKSON;compras@autopecassousa.com.br;9282614100
3324;AUTOPEÇAS SOUSA;-3.0788704;-60.0428409;RUA PROFESSOR ABILIO ALENCAR;119;;ALVORADA;MANAUS;69043130;AM;RAILSON;compras@autopecassousa.com.br;9282614099
3325;BR DIESEL;-15.7087030;-47.9143752;RUA SDE QUADRA 01 CONJUNTO B LOTE;6;PISTÃO SUL;TAGUATÍNGA SUL;BRASÍLIA;72145102;DF;LUCIVALDO;brdiesel-gerente@gmail.com;6183132701
3326;NOBRE CAR AUTOPEÇAS;-15.7915071;-47.9719691;QUADRA 08 LOTE 05 LOTE;1;LOJA 01;SOBRADINHO;BRASÍLIA;73005505;DF;JULLES;jalobo@uol.com.br;6133878718
3327;KAIZEN CASA DA AUTOPEÇAS;-15.8557265;-48.1115695; SMA CONJUNTO D LOTE;17;ÁREA DE DESENVOLVIMENTO ECONÔMICO;GAMA;BRASÍLIA;72429030;DF;WILLAME;angelica@pecista.com.br;6135505515
3328;KARPEÇAS AUTOPEÇAS;-15.6051511;-47.6821119; SOF CONJUNTO D LOTE;70;SETOR DE OFICINAS;PLANALTINA;BRASÍLIA;73340040;DF;HIAGO FERREIRA;hiago.ferreira@kampeão.com.br;6133489300
3329;BOSCO ACESSORIOS;-8.0343389;-50.0352058;AVENIDA SANTA TEREZA;470;;CENTRO;REDENÇÃO;68552230;PA;BOSCO;boscoacessorios@hotmail.com;9491553346
3330;SUPERBRAS;-8.0442822;-50.0287471;AVENIDA ARAGUAIA;2101;;SETOR OESTE;REDENÇÃO;68552270;PA;ALISSON;comprasloja57@superbras.com.br;9434244203
3331;CHAVEIRO BRASIL;-8.0333633;-50.0291061;AVENIDA OSCÁR TOMPSON FILHO;74;;MORADA DA PAZ;REDENÇÃO;68552140;PA;RICARDO;ricardo.brasilchaveiro@gmail.com;9434243230
3332;AUTOPEÇAS DINIZ;-8.0405218;-50.0372343;RUA GUARANTAN;934;;ENTRONCAMENTO;REDENÇÃO;68552412;PA;MANUEL;autopecasorizona@outlook.com;9434246213
3333;AUTOPEÇAS SANTA LUZIA;-8.2798797;-49.2706787;AVENIDA BENEDITO ROCHA;3736;;CENTRO;CONCEIÇÃO DO ARAGUAIA;68540000;PA;WEDER;autopecassantaluzia2010@hotmail.com;9434212245
3334;AUTOPEÇAS PIT STOP SANTA LUZIA;-8.0408715;-50.0452441;RUA ARAGUAIA;44;;ALTO PARANÁ;REDENÇÃO;68552253;PA;WEDER;weldemax88@hotmail.com;9434212382
3335;DIVINO AUTOPEÇAS;-8.0452810;-50.0198691;AVENIDA ARAGUAIA;1345;;SANTOS DUMONT;REDENÇÃO;68551000;PA;DIVINO;divino.autopecaseacessorios@gmail.com;9434248207
3336;RN AUTOMOTIVA;-8.0447344;-50.0198114;AVENIDA ARAGUAIA;1412;;ALTO PARANÁ;REDENÇÃO;68550253;PA;ROGÉRIO;rnautomotiva@gmail.com;9434244336
3337;ANHAGUERA PEÇAS;-8.0444094;-50.0274778;AVENIDA ARAGUAIA;3018;;VILA PAULISTA;REDENÇÃO;68552155;PA;KADURIM;anhangueramatriz@gmail.com;9434241597
3338;MOREIRA AUTO;-8.0407990;-50.0395633;AVENIDA ARAGUAIA;1675;;SANTOS DUMONT;REDENÇÃO;68551000;PA;SECRETA;mereiraautocenter2022@hotmail.com;9491003911
3339;NB AUTO;-8.0407582;-50.0389029;AVENIDA ARAGUAIA;3256;;ADEMAR GUIMARÃES;REDENÇÃO;68552412;PA;RICARDO;chaveirobrasilfilial@outlook.com;9434241355
3340;RIO VERDE AUTOPEÇAS;-6.0687329;-49.9035855;RUA BRASIL;S/N;;RIOVERDE;PARAUAPEBAS;68515000;PA;CAIO RUAN;rioverdeautopecaspa@gmail.com;9433564122
3341;CELLIS AUTOPEÇAS;-6.0809813;-49.9072214;AVENIDA LIBERDADE;S/N;;PARAISO;PARAUAPEBAS;68515000;PA;CELLIS;bigacellis@gmail.com;(94)3356-2662
3342;MERCADÃO DAS PEÇAS;-6.0754292;-49.8876271;RUA RIO AZUL;137;QD 02 LT 01;BEIRA RIO;PARAUAPEBAS;68515000;PA;CLAUDIO;mercado.depecas@hotmail.com;9491202004
3343;IMPORT CAR;-6.0758672;-49.8885161;AVENIDA LIBERDADE;166;QD 158  LT 166;RIOVERDE;PARAUAPEBAS;68515000;PA;VALDEQUE;cotacao.importcar@outlook.com;9433522166
3344;SÓ PEÇAS;-6.0608212;-49.8730182;RODOVIA PA 160;S/N;QD 06 LT 10;CIDADE JARDIM;PARAUAPEBAS;68515000;PA;DANIEL FELIPE;sopecaspa@gmail.com;94992303010
3345;AUTENTICAR AUTOPEÇAS;-6.0793813;-49.8856698;AVENIDA LIBERDADE;252;QD 04 LT 252;DA PAZ;PARAUAPEBAS;68515000;PA;FERNANDO;autenticaautopecas704@gmail.com;9491487948
3346;SÓ PEÇAS;-6.0795371;-49.8854097;AVENIDA LIBERDADE;264;QD 04 LT 262;DA PAZ;PARAUAPEBAS;68515000;PA;THIAGO;sopecasspa@gmail.com;94992303010
3347;BOCÃO AUTOPEÇAS;-5.3671133;-49.1230982;AVENIDA QUADRA TRINTA E OITO;S/N;FOLHA 28 LOTE 29;NOVA MARABA;MARABÁ;68506380;PA;NETO;bocaoautopecasmba@hotmail.com;9491105324
3348;VP7 AUTOPEÇAS;-5.3671133;-49.1230982;AVENIDA QUADRA TRINTA E OITO;S/N;FOLHA 28 LOTE 24;NOVA MARABA;MARABÁ;68506380;PA;MAIRA LIMA;vp7autopecas@gmail.com;9491701700
3349;AUTO GIRO;-5.3671133;-49.1230982;AVENIDA QUADRA TRINTA E OITO;S/N;FOLHA 28 LOTE 23;NOVA MARABA;MARABÁ;68506380;PA;EZEQUIEL;junior@autogironet.com.br;9433214781
3350;NEM CAR AUTOPEÇAS;-5.3671133;-49.1230982;AVENIDA QUADRA TRINTA E OITO;S/N;FOLHA 28 LOTE 22;NOVA MARABA;MARABÁ;68506380;PA;ANDERSON;newcarautopecas@hotmail.com;9433224108
3351;MANUS AUTOPEÇAS;-5.3673973;-49.1270284;AVENIDA TRANSAMAZÔNICA;1837;;CIDADE NOVA;MARABÁ;68501660;PA;NETO;aliancaautopecasmba@gmail.com;9433232274
3352;AUTOPEÇAS PLANALTO;-7.3127894;-50.0462395;AVENIDA RIO MARIA;87;;CENTRO;RIO MARIA;68530000;PA;MARCELO;autopecasplanauto@hotmail.com;9434281288
3353;MULTIMARCAS MOTOS;-6.1159690;-49.2841430;AVENIDA XINGUARA;S/N;QD 150 LT 16;NOVO ELDORADO;ELDORADO DOS CARAJÁS;68524000;PA;HELLEN;multimarcaseldoradocarajas@gmail.com;9433151470
3354;LM IMPORTS AUTOPEÇAS;-16.3124651;-48.9579712;AVENIDA PRESIDENTE KENNEDY;782;QD 33 LT 07;MARACÂNA;ANÁPOLIS;75040040;GO;LUCIENE;lm.importsautopecas@gmail.com;6293082838
3355;PREMAC AUTOPEÇAS;-2.4342448;-54.7265446;AVENIDA MAGALHÃES BARATA;1047;;APARECIDA;SANTARÉM;68030700;PA;GILVAN;premacautopecas@yahoo.com.br;9335224050
3356;REGIONAL AUTOPEÇAS;-2.4326771;-54.7262368;AVENIDA MAGALHÃES BARATA;926;;APARECIDA;SANTARÉM;68030700;PA;ADSON;adson@regionalautopecas.com;9335241637
3357;BALUART AUTOPEÇAS;-2.4390302;-54.7284673;AVENIDA MAGALHÃES BARATA;1677;;APARECIDA;SANTARÉM;68030700;PA;MARCELO;baluartstm2009@hotmal.com;9335233810
3358;MERCÚRIO PEÇAS;-2.4294530;-54.7233987;TRAVESSA BARJONAS DE MIRANDA;988;;ALDEIA;SANTARÉM;68040520;PA;MARCOS;mercurioautopecas.stm@gmail.com;9330170539
3359;SUPERBRAS;-6.7445265;-51.1519914;AVENIDA DAS INDUSTRIAS;885;;SETOR INDUSTRIAL;TUCUMÃ;68385;PA;ANDERSON;comprasloja54@superbrasautopecas.com.br;9434333872
3360;SUPERBRAS;-6.5403118;-49.8575603;AVENIDA PIONEIROS;361;;CENTRO;CANAÃ DOS CARAJÁS;68537000;PA;ZICO;superbrascanaa@hotmail.com;9491188195
3361;PIONEIRO AUTOPEÇAS;-23.5441771;-46.4996778;AVENIDA SOUZA BANDEIRA;660;;VILA NHOCUNE;SÃO PAULO;3559000;SP;MARCOS;compras@pioneiroautopecas.com.br;1127462550
3362;ITOMAN AUTOPEÇAS;-23.5951217;-46.4407251;AVENIDA RAGUEB CHOHFI;4668;;JARDIM IGUATEMI;SÃO PAULO;8380320;SP;BEATRIZ;bmkinjoz@yahoo.com.br;1127310552
3363;SP25 AUTOPEÇAS;-23.6245517;-46.4646563;AVENIDA SAPOPEMBA;15582;;JARDIM RODOLFO PIRANI;SÃO PAULO;8330180;SP;PAULO;contato@sp25autopecas.com;1120127024
3364;AUTOPEÇAS ACM;-10.9684875;-38.7871168;AVENIDA ANTONIO CARLOS MAGALHÃES;79;;CENTRO;TUCANO;48790000;BA;ALISON;acmautopecastucano@gmail.com;75992596598
3365;AGAGÊ MOTOPEÇAS;-10.9721161;-38.7920066;AVENIDA LUIZ VIANA FILHO;58;;CENTRO;TUCANO;48790000;BA;SOELI;motos.agage@gmail.com;75998321399
3366;CASA DAS BICICLETAS;-10.9620193;-38.7915298;RUA POUSADA;S\N;;CALDAS DO JORRO;TUCANO;48790000;BA;ADILTON;casadasbicicletas15@outlook.com;75991085745
3367;DAESE AUTOPEÇAS;-10.9728479;-38.7924364;RUA ILCE ARAÚJO;S\N;;ENTRONCAMENTO;TUCANO;48790000;BA;GERSON;glimasantana68@gmail.com;75974001033
3368;KK AUTOPEÇAS;-10.9760739;-38.7935648;RUA ILCE ARAÚJO;581;;ENTRONCAMENTO;TUCANO;48790000;BA;KAIO;kkautopecas10@gmail.com;75983584005
3369;LEVI AUTOPEÇAS;-10.9687107;-38.7874957;AVENIDA ANTONIO CARLOS MAGALHÃES;115;;CENTRO;TUCANO;48790000;BA;LEVI;levirafaela@hotmail.com;7532722165
3370;SOL POSTO;-11.0281528;-38.7895871;AVENIDA GOVERNADOR LUIZ VIANA FILHO;76;;ENTRONCAMENTO;TUCANO;48790000;BA;ALISON;autopecassolposto@gmail.com;7532721251
3371;CICLOPECAS O EURIDES;-1.4685716;-48.4689511;AVENIDA JOSÉ BONIFÁCIO;2410;;GUAMÁ;BELÉM;66065360;PA;MARCOS RODRIGUES;cintia@eurides.com;91991369205
3372;SO VOLKS;-2.5411678;-44.2863978;AVENIDA GUAXENDUBA;1619;LETRA C;BOM MILAGRE;SÃO LUÍS;65015560;MA;EDIELSON CASTRO;cordeirosovolks@gmail.com;98999044022
3373;ATUAL AUTOPEÇAS;-1.3662267;-48.3367242;RUA BENEVIDES;5496;;MIRIZAL;MARITUBA;67200000;PA;NIVEA MACHADO;djm_contabilidade@hotmail.com;91991723397
3374;KROKODILO AUTOPEÇAS;-1.4182870;-48.4614957;AVENIDA DOUTOR FREITAS;1463;TERREO;PEDREIRA;BELÉM;66087810;PA;GLEYDSON BRITO;krokodiloautopecas@gmail.com;9132761641
3375;AMARAL AUTOPEÇAS;-1.3462467;-48.4711455;AVENIDA CABANOS;3016;;CONDOR;BELÉM;66045000;PA;AMARAL;amaral.10@hotmail.com;9130156743
3376;AUTOPEÇAS SÃO JORGE;-22.9818054;-49.8665814;RUA EXPEDICIONÁRIO;668;;CENTRO;OURINHOS;19900041;SP;JOÃO PEDRO;almeidapedrojoaoo2@gmail.com;1433261600
3377;DIRCEU AUTOPEÇAS;-22.9864132;-49.8662956;RUA EXPEDICIONÁRIO;1162;;CENTRO;OURINHOS;19900041;SP;RODRIGO;dirceuautopecas@hotmail.com;1433226074
3378;MINHOCA AUTOPEÇAS;-22.9832185;-49.8661505;RUA EXPEDICIONÁRIO;823;;CENTRO;OURINHOS;19900041;SP;LUIZ ALBERTO;minhoca.autopecas@hotmail.com;1433267113
3379;SERRA AUTOPEÇAS;-15.5661592;-54.3046660;RUA SÃO PAULO;370;;PARQUE INDUSTRIAL;PRIMAVERA DO LESTE;78850000;MT;ANGELO;angelo@serraautopecas.com.br;6634985400
3380;SERRA AUTOPEÇAS;-14.6197344;-57.4875157;AVENIDA BRASIL;274;;CENTRO;TANGARÁ DA SERRA;78300096;MT;LOPES;lopes@serraautopecas.com.br;6533261446
3381;SERRA AUTOPEÇAS;-16.0784419;-57.6910494;RUA GENERAL OSÓRIO;1666;;CENTRO;CÁCERES;78200000;MT;VALDINEZ;VALDINEZ@SERRAAUTOPECAS.COM.BR;6533261414
3382;RONDOBRÁS AUTOPEÇAS;-15.2302997;-59.3282113;AVENIDA TANCREDO NEVES;64;;BELA VISTA;PONTES E LACERDA;78250000;MT;MARCOS GOMES;marcos.gomes@rondobras.com.br;6532663517
3383;RONDOBRÁS AUTOPEÇAS;-15.5494275;-55.1688988;AVENIDA BRASILIA;2255;;CAMPO REAL;CAMPO VERDE;78840000;MT;ELVIS PEDROLO;elvis.pedrolo@rondobras.com.br;6534199400
3384;RONDOBRÁS AUTOPEÇAS;-13.6542350;-57.8940190;AVENIDA OLACIR FRANCISCO DE MORAES;1606;;CENTRO;CAMPO NOVO DO PARECIS;78360000;MT;QUELE ADRIANA;quele.favoreto@rondobras.com.br;6533822458
3385;RONDOBRÁS AUTOPEÇAS;-16.0837499;-57.6950038;RUA DEPUTADO DORMEVIL M. DA COSTA FARIA;240;;JARDIM SÃO LUIZ DA PONTE;CÁCERES;78205200;MT;ERNI SARAVY;erni.saravy@rondobras.com.br;6535233507
3386;BOM PREÇO AUTOPEÇAS;-3.0598609;-60.0442276;RUA CAMPOS BRAVOS;177;A3;REDENÇÃO;MANAUS;69047000;AM;RUBENS ALMEIDA;bomprecoautopecas@hotmail.com;92982555424
3387;MOTO PEÇAS RIOS;-3.0801476;-60.0370367;RUA LORIS CORDOVIL;16;B;ALVORADA;MANAUS;69043010;AM;MARCO;motopecasrios@hotmail.com;92991625787
3388;AGAESSE AUTOPEÇAS;-22.9417640;-45.4616581;AVENIDA NOSSA SENHORA DO BOM SUCESSO;1855;;ALTO DO CARDOSO;PINDAMONHANGABA;12420-010;SP;FABIO;pinda@agaesse.com.br;(12) 3625-3321
3389;JA PRA MOTOS;-23.6764466;-46.4166888;RUA JACINTO FIORELLINI;60;;JARDIM SANTISTA;MAUÁ;09341-000;SP;WILLIAM;whtabata@hotmail.com;(11) 4576-2902
3390;VILA ANTÔNIO AUTOPEÇAS;-23.1121859;-45.7088119;RUA SÃO FRANCISCO;1010;;VILA ANTÔNIO AUGUSTO LUIZ;CAÇAPAVA;12287-010;SP;DANIEL;vilaantonio.pecas@hotmail.com;(12) 3653-1085
3391;JAPA MOTOSERVICE;-22.9421585;-45.4616337;AVENIDA NOSSA SENHORA DO BOM SUCESSO;1895;;ALTO DO CARDOSO;PINDAMONHANGABA;12420-010;SP;HÉLIO;heliokubota@sn.com.br;(12) 3527-2100
3392;STREET MOTOS;-23.1062025;-45.7095396;AVENIDA BRASIL;61;;VILA ANTÔNIO AUGUSTO LUIZ;CAÇAPAVA;12287-020;SP;LUQUE;streetmotos@gmail.com;(12) 3224-0713
3393;EDU MOTOS;-23.0316098;-45.5559696;AVENIDA DESEMBARGADOR PAULO DE OLIVEIRA COSTA;596;;CENTRO;TAUBATÉ;12010-230;SP;EDUARDO;eduardovati@hotmail.com;(12) 3426-0083
3394;SPEED MOTOS;-23.0356934;-45.5573506;AVENIDA DESEMBARGADOR PAULO DE OLIVEIRA COSTA;121;;CENTRO;TAUBATÉ;12010-230;SP;PABLO;compras@speedmotos.com.br;(12) 3632-4878
3395;RODRIGUES AUTOPEÇAS;-22.9450680;-45.4624387;RUA LUIZA MARCONDES DE OLIVEIRA;228;;PARQUE DAS NAÇÕES;PINDAMONHANGABA;12420-360;SP;DANIA;rodriguesautopecas31@hotmail.com;(12)3642-3156
3396;MERCO PEÇAS AUTOPEÇAS;-23.0308960;-45.5557422;AVENIDA DESEMBARGADOR PAULO DE OLIVEIRA COSTA;657;;CENTRO;TAUBATÉ;12010230;SP;MARCO;mercopecas_adm@terra.com.br;(12) 3631-5028
3397;TREVO AUTOPEÇAS;-23.7068278;-46.5027351;ESTRADA DO PEDROSO;997;;JARDIM SANTO ANDRÉ;SANTO ANDRÉ;91700000;SP;MAURICIO;trevoautopecas2012@hotmail.com;1144512740
3398;SPEED MOTOS;-22.9375065;-45.4636645;AVENIDA EUCLIDES DE FIGUEIREDO;118;;ALTO DO CARDOSO;PINDAMONHANGABA;12420060;SP;PABLO;compras@speedmotos.com.br;1236428876
3399;SPEED TECH;-23.6778131;-46.5206432;RUA CARIJÓS;833;;VILA ALZIRA;SANTO ANDRÉ;9180000;SP;RENAN;contatospeedpecas@gmail.com;1149722555
3400;RODOANELBUS AUTOPEÇAS;-23.6771741;-46.5205594;RUA CARIJÓS;755;;VILA ALZIRA;SANTO ANDRÉ;9180000;SP;FERREIRA;autopecasrodoanelbus@gmail.com;1126683070
3401;CASTRILLON AUTOPEÇAS;-13.5545090;-52.2610773;AVENIDA RIO GRANDE DO SUL;891;;PARQUE FLAMBOYANT;CANARANA;78640000;MT;LUCAS ANTONELI;gerencia.cnr@castrillon.com;64992012298
3402;CASTRILLON AUTOPEÇAS;-12.2387614;-52.8741407;AVENIDA SUL;30;;LOTEAMENTO QUERENCIA;QUERÊNCIA;78643000;MT;CLEBER MAIOLI GARCIA;financeiro.qra@castrilon.com.br;6635292550
3403;JAICAR AUTOPEÇAS;-17.7960451;-50.9338718;AVENIDA PRESIDENTE VARGAS;112;;JARDIM GOIAS;RIO VERDE;75903290;GO;DIEGO SOARES;jaicar@jaicar.com.br;6432123555
3404;RONDOBRAS AUTOPEÇAS;0.0474395;-51.0645034;AVENIDA JOSÉ TUPINAMBÁ DE ALMEIDA;1640;;JESUS DE NAZARÉ;MACAPÁ;68908126;AP;JOSE CARLOS DA SILVA;secarlos@rondobras.com.br;9630822982
3405;RONDOBRAS AUTOPEÇAS;0.0350685;-51.0598000;AVENIDA PADRE JÚLIO MARIA LOMBAERD;1178;;CENTRO;MACAPÁ;68900000;AP;JOSE CARLOS DA SILVA;zecarlos@rondobras.com.br;9632241043
3406;YOKOTA AUTOPEÇAS;-23.5612486;-46.5841218;RUA DA MOOCA;4538;;MOOCA;SÃO PAULO;3165002;SP;FABIANO;vendas@yokotaautopecas.com.br;1121982500
3407;ATLANTA AUTOPEÇAS;-23.5187009;-46.5116383;AVENIDA AMADOR BUENO DA VEIGA;3682;;PENHA;SÃO PAULO;3653000;SP;JOÃO PAULO;orcamento@atlantapecas.com.br;1120402020
3408;CELSÃO AUTOPEÇAS;-23.1107554;-46.5444478;PRAÇA VINTE E QUATRO DE JUNHO;40;;ALVINÓPOLIS;ATIBAIA;12942552;SP;DOUGLAS;celsoautopecas@uol.com.br;1151971313
3409;SS PARTS AUTOPEÇAS;-22.9330596;-46.5303901;RUA RINZO AOKI;225;;PENHA;BRAGANÇA PAULISTA;12910143;SP;LETICIA;ss-parts@hotmail.com;1140323657
3410;SS PARTS AUTOPEÇAS;-22.5806595;-46.5219953;RUA PHILOMENA BAFERO CONTI;195;;VILA SANTO ANDRÉ;SOCORRO;13960000;SP;LETICIA;ss-parts@hotmail.com;1177519836
3411;SALES MOTO PEÇAS;-3.0458195;-59.9669955;RUA JOÃO CÂMARA;27;QD 32 LT 27;NOVO ALEIXO;MANAUS;69098165;AM;RIZOMAR;dnsales.motopecas@gmail.com;9291540622
3412;ROCHA AUTOPEÇAS;-3.0571784;-59.9626767;RUA JOÃO CÂMARA;770;QD 32 LT36;NOVO ALEIXO;MANAUS;69098165;AM;NATANAEL;rochaautopecas@outlook.com;9233452406
3413;BB AUTOPEÇAS;-3.0726161;-60.0435129;AVENIDA DESEMBARGADOR JOÃO MACHADO;201;A;ALVORADA;MANAUS;69043000;AM;MARX;gerenciabbautopecas@gmail.com;9230852275
3414;ANDRÉ AUTOPEÇAS;-5.1966493;-37.3462088;RUA JOSÉ DE ALENCAR;328;;ALTO DA CONCEIÇÃO;MOSSORÓ;59600190;RN;ANDRÉ;andreautopecas@bol.com.br;8433160750
3415;IRIO AUTOPEÇAS;-5.1948430;-37.3450677;RUA JOSÉ DE ALENCAR;96;;CENTRO;MOSSORÓ;59600190;RN;RENIRIO;irioautopecas@hotmail.com;8433164010
3416;FORTALEZA AUTOPEÇAS;-5.1949219;-37.3450454;RUA JOSÉ DE ALENCAR;100;;CENTRO;MOSSORÓ;59600190;RN;PEDRO;fortalezautopecas@gmail.com;8433173821
3417;HIGASHI AUTOPEÇAS;-23.5426673;-46.4927386;RUA MACIEL MONTEIRO;837;;ARTHUR ALVIM;SÃO PAULO;3566000;SP;JEFERSON;higashiautipecas@yahoo.com.br;1127484238
3418;RD MOTOPEÇAS;-23.5539159;-46.5952752;RUA DOS TRILHOS;1477;;MOOCA;SÃO PAULO;3168009;SP;RENATO;rdparts@sonnicsound.com;1129587635
3419;VIVI AUTOPEÇAS;-23.5438430;-46.3068227;AVENIDA ANTONIO MARQUES FIGUEIRA;928;;VILA FIGUEIRA;SUZANO;8675023;SP;ALVIMAR;viviautopecas@hotmail.com;1147484760
3420;BOCA AUTOPEÇAS;-23.5449683;-46.3063620;AVENIDA ANTONIO MARQUES FIGUEIRA;1071;;VILA FIGUEIRA;SUZANO;8675023;SP;JOSÉ CARLOS;boca-autopecas@bol.com.br;1147483906
3421;MSUZUKI AUTOPEÇAS;-23.5530530;-46.3073621;AVENIDA ANTONIO MARQUES FIGUEIRA;1967;;VILA FIGUEIRA;SUZANO;8675023;SP;MARCIO;msuzuki.autopecas@gmail.com;1147425759
3422;BOM PREÇO AUTOPEÇAS;-23.5475084;-46.3072095;AVENIDA ANTONIO MARQUES FIGUEIRA;1300;;VILA FIGUEIRA;SUZANO;8675023;SP;MATHEUS;vendasbomprecopecasautomotivas@gmail.com;1142920437
3423;NEW SAKAI AUTOPEÇAS;-23.5462023;-46.3065485;AVENIDA ANTONIO MARQUES FIGUEIRA;1203;;CENTRO;SUZANO;8675023;SP;EMERSON;newsakai@gmail.com;1147481887
3424;ZTA AUTOPEÇAS;-23.5449683;-46.3063620;AVENIDA ANTONIO MARQUES FIGUEIRA;1071;;VILA FIGUEIRA;SUZANO;8675023;SP;JOSE CARLOS;boca-autopecas@bol.com.br;1147485753
3425;MOGIPEMEC AUTOPEÇAS;-23.5337410;-46.2125424;AVENIDA FRANCISCO FERREIRA LOPES;1459;;VILA LAVINIA;MOGI DAS CRUZES;8735200;SP;JEORGE;mogipemec@uol.com.br;1147956060
3426;COPALTO AUTOPEÇAS;-23.5345096;-46.2162218;AVENIDA FRANCISCO FERREIRA LOPES;1735;;BRÁS CUBAS;MOGI DAS CRUZES;8735200;SP;MARIO;copaltoap@hotmail.com;1147272359
3427;ADOLFO AUTOPEÇAS;-24.1102755;-49.3261614;RUA PRIMEIRO DE MAIO;475;;GINÁSIO;ITARARÉ;18460037;SP;ADOLFO;adolfopecas@hotmail.com;1535312578
3428;GG AUTOPEÇAS;-23.5284270;-49.2453220;RUA MARECHAL FLORIANO PEIXOTO;1279;;CENTRO;TAQUARITUBA;18740000;SP;ADAUTO;ggautopecas@gmail.com;1437621949
3429;AUTOITA AUTOPEÇAS;-24.1106963;-49.3276540;RUA FREI CANECA;2455;;CENTRO;ITARARÉ;18460000;SP;OZEIAS;autoitapecas@gmail.com;1535312467
3430;DU AUTOPEÇAS;-24.1080900;-49.3261670;RUA PRIMEIRO DE MAIO;674;;CENTRO;ITARARÉ;18460000;SP;LETICIA;diraffa@hotmail.com;1535317061
3431;OLIVEIRA CAR;-23.9884367;-48.8928191;RUA CORONEL MONTEIRO;130;;CENTRO;ITAPEVA;18407110;SP;BRUNO;2018oliveiracar@gmail.com;1598222818
3432;DELSSIS PEÇAS;-23.9879446;-48.8907592;AVENIDA DONA PAULINA DE MORAES;1270;;JARDIM MARINGÁ;ITAPEVA;18407110;SP;MICHEL;autoitapeva@hotmail.com;1535215588
3433;CHEVROCAR PEÇAS;-23.9880577;-48.8901149;AVENIDA DONA PAULINA DE MORAES;1191;;JARDIM MARINGÁ;ITAPEVA;18407110;SP;JOÃO;boleto.chevrocar@hotmail.com;1535218539
3434;PPR AUTOPEÇAS;-24.1080415;-49.3268200;RUA PRIMEIRO DE MAIO;724;;VILA OSÓRIO;ITARARÉ;18460000;SP;JEFFERSON;pprautopecas@gmail.com;1535325128
3435;BERONHA AUTOPEÇAS;-23.8608834;-49.1336415;RUA OITO DE ABRIL;18;;CENTRO;ITABERÁ;18440000;SP;GUSTAVO;beronhaautopecasitabera@hotmail.com;1535622266
3436;DIMECOL AUTOPEÇAS;-21.2956519;-50.3457643;RUA GONÇALO IBANHEZ;1123;;VILA STAFF;BIRIGUI;16200285;SP;ALEXANDRE;dimecolbirigui@hotmail.com;1836413024
3437;MOMI AUTOPEÇAS;-22.1305638;-51.3869243;AVENIDA BRASIL;1917;;JARDIM BELA DARIA;PRESIDENTE PRUDENTE;19013000;SP;RODRIGO;momiautopecas@hotmail.com;1832234995
3438;AUTO CENTER NOBRE;-21.8836221;-51.8414461;AVENIDA TIRADENTES;901;;CENTRO;PRESIDENTE VENCESLAU;19400000;SP;BARRETO;auto.center.nobre@hotmail.com;1832714748
3439;VIA ORIGINAL AUTOPEÇAS;-22.1516336;-51.4045917;AVENIDA CORONEL JOSE SOARES MARCONDES;4942;;JARDIM HIGIENOPOLIS;PRESIDENTE PRUDENTE;19053575;SP;CRHIS;vendas1@viaoriginal.com.br;1833348000
3440;SERGIO AUTOPEÇAS;-21.7749147;-52.1200234;AVENIDA PRESIDENTE VARGAS;2160;;CENTRO;PRESIDENTE EPITÁCIO;19470000;SP;SERGIO;sergioautopecassp@gmail.com;1832813530
3441;AUTOPEÇAS  BORDIN;-21.7745344;-52.1193157;AVENIDA PRESIDENTE VARGAS;2080;;CENTRO;PRESIDENTE EPITÁCIO;19470000;SP;RAFAEL;rafaelkbordin75@hotmail.com;1832811216
3442;DANILO AUTOPEÇAS;-22.4153130;-50.5771033;RUA MANILIO GOBBI;334;;CENTRO;PARAGUAÇU PAULISTA;19700000;SP;DANILO;danilobrazão@hotmail.com;1833615637
3443;AUTOPEÇAS PARATODOS;-22.2303153;-50.8951098;AVENIDA DOM PEDRO II;1224;;CENTRO;RANCHARIA;19600000;SP;MARCOS;biagi_pecas@terra.com.br;1832653103
3444;BELO PEÇAS AUTOMOTIVAS;-22.4284330;-50.5847342;AVENIDA SIQUEIRA CAMPOS;2436;;VILA NOVA;PARAGUAÇU PAULISTA;19700000;SP;ANTONIO;belopecas@hotmail.com;1833623832
3445;AUTOPEÇAS GLOBO;-21.7140226;-51.0164270;AVENIDA JOSÉ SILVEIRA MENDONÇA;391;;JARDIM PAULISTA;LUCÉLIA;17780000;SP;ANTONIO;apglobo8070@hotmail.com;1897316878
3446;JM PATERNEZ;-21.9349153;-50.5267001;RUA ESTADOS UNIDOS;680;;JARDIM AMERICA;TUPÃ;17605253;SP;MOACIR;jmpaternez@hotmail.com;1434964026
3447;GLOBAL AUTOPEÇAS;-21.5427809;-51.5570726;RUA MEXICO;207;;JARDIM DAS NAÇÕES;DRACENA;17900000;SP;MARCOS;global.autopecasdracena@gmail.com;1838226000
3448;AL PECAS GENUINAS;-22.1391466;-51.3913509;AVENIDA BRASIL;2562;;VILA INDUSTRIAL;PRESIDENTE PRUDENTE;19013002;SP;ADRIANO;alpecasgenuinas@gmail.com;1891119319
3449;MARDIESEL;-22.1443432;-51.4020802;AVENIDA JOAQUIM CONSTANTINO;1570;;JARDIM BONGIOVANI;PRESIDENTE PRUDENTE;19050220;SP;EDMILSON;mardiesel@terra.com.br;1821043300
3450;MARDIESEL;-21.2275647;-50.4510961;RUA MARCOS TOQUETAO;1262;;JUSSARA;ARAÇATUBA;16021345;SP;JUNIOR;mardieselaracatuba@terra.com.br;1836311455
3451;MDA AUTOMOTIVA;-22.6733052;-50.4189943;AVENIDA OTTO RIBEIRO;329;;SAN FERNANDO VALLEY;ASSIS;19800000;SP;OTAVIO;mdaautomotiva@hotmail.com;1833213849
3452;MIRO AUTOPEÇAS;-21.4778201;-51.5269156;AVENIDA WASHINGTON LUIZ;836;;METROPOLE;DRACENA;17900000;SP;PATRICIA;pddoprado1@hotmail.com;1838213182
3453;BATILA AUTOPEÇAS;-21.5031461;-51.4345413;AVENIDA GERALDO FUDO;425;;VILA SANTA RUTH;JUNQUEIRÓPOLIS;17890000;SP;HENRIQUE;batilaautopecas@gmail.com;1838411733
3454;FÁCIL AUTOPEÇAS;-23.6867352;-46.5226017;RUA BARBACENA;50;;VILA BELA VISTA;SANTO ANDRÉ;9181190;SP;EMERSON;autopecasfacil47@gmail.com;1125981285
3455;NIPPO MOTOS;-23.6826183;-46.5217339;RUA CARIJÓS;1393;;VILA ALZIRA;SANTO ANDRÉ;9180000;SP;ALEX;nippomotos@bol.com.br;1144517297
3456;KADUCAR AUTOPARTS;-23.6737955;-46.5472388;TRAVESSA OSCAR FREIRE;106;;VILA SCARPELLI;SANTO ANDRÉ;9050400;SP;EDUARDO;kaducar2018@gmail.com;1147223024
3457;BRASIL PEÇAS;-16.8204021;-49.2785516;AVENIDA TRIÂNGULO;S/N;QD C 6 LT 18;JARDIM CRISTALINO;APARECIDA DE GOIÂNIA;74000000;GO;HUMBERTO;brasil.autocenter@hotmail.com;6232480911
3458;E.D. MOTO LIVRE PEÇAS;-16.7727485;-49.3403548;AVENIDA TROPICAL;S/N;QD 22 LT 3;JARDIM TROPICAL;APARECIDA DE GOIÂNIA;74946540;GO;DIVINO ETENO BORGES;elianealves2304@hotmail.com;6230973271
3459;EXCELENTE PEÇAS;-16.7028431;-49.3528988;RUA PH 6;S/N;QD 12 LT 23;SOLANGE PARQUE 1;GOIÂNIA;74484090;GO;JOAO PAULO PEREIRA;excelenteautomotivo@gmail.com;6235192763
3460;NACIONAL AUTOPEÇAS;-15.8688603;-50.8677452;RUA FLAMBOYANT;250;;JARDIM PETRÓPOLIS;JUSSARA;76270000;GO;VINICIUS PEREIRA GOMES;vitoriap.auto@gmail.com;62983462161
3461;AUTOPEÇAS DO MACHADINHO;-17.5635333;-52.5527640;RUA 18;79;;VILA CARDOSO;MINEIROS;75830000;GO;MAIANE DA CRUZ;machadinhoautopecas@hotmail.com;6435345528
3462;BENI SILVA FLORIANO;-16.4341103;-51.8144154;RUA LAZARO TEODORA;337;;PALMARES;PIRANHAS;76230000;GO;BENI SILVA;benisilva2009@hotmail.com;6436651600
3463;LEOCAR AUTOPEÇAS;-15.9089223;-48.0782231;AVENIDA LUCENA RORIZ QUADRA 300 LOTE;2;JARDIM INGÁ;PARQUE ESTRELA D'ALVA;LUZIÂNIA;72853299;GO;LEOLAN;leocarpedregal@gmail.com;6195857622
3464;PREMIER PNEUS;-15.8306271;-48.0575273;QUADRA 02 CONJUNTO A LOTE;22;FAZENDINHA;ITAPOÃ;BRASÍLIA;71596223;DF;FABIANO;premierpneus-gerente@gmail.com;6191569840
3465;GOIANO PEÇAS;-15.8687800;-48.0855900;QUADRA QN 05C CONJUNTO 1 LOTE;1;LOJA 01;RIACHO FUNDO II;BRASÍLIA;71880531;DF;WELLYGTON SOARES;wellygtonsoaresdeoliveira@gmail.com;6196842735
3466;KAIZEN AUTOPEÇAS;-15.8104084;-48.0610733;QUADRA 07 CONJUNTO B LOTES;01 A 03;SOF SUL;GUARÁ;BRASÍLIA;71215237;DF;ANDRÉIA;andreia@pecista.com.br;6121957000
3467;DISPPAR SÃO SEBASTIÃO PEÇAS;-15.8615468;-48.0017110;QUADRA 103 CONJUNTO 04 LOTE;5;AVENIDA CENTRAL;SÃO SEBASTIÃO;BRASÍLIA;71692210;DF;LUCIMAR;dispparpecas@gmail.com;6199732244
3468;PLAVOLKS;-16.0044355;-48.0702181;QUADRA 02 LOTES;320/360;SETOR DE INDÚSTRIAS;GAMA;BRASÍLIA;72445020;DF;FÁBIO;plavolks@yahoo.com.br;6133847373
3469;CASTRILLON AUTOPEÇAS;-12.1429825;-44.9769034;AVENIDA ANTÔNIO CARLOS MAGALHÃES;2156;;NOVO HORIZONTE;BARREIRAS;47802366;BA;AILAN;gerencia.bar@castrillon.com.br;7736454400
3470;CASTRILLON AUTOPEÇAS;-15.7497618;-48.2821519;QUADRA 48 CONJUNTO A;33;;PARQUE DA BARRAGEM;ÁGUAS LINDAS DE GOIÁS;72911205;GO;FABIANO;gerencia.agl@castrillon.com.br;6191154918
3471;PALIO PEÇAS;-15.7442065;-48.2794916;QUADRA 01 LOTE;11;LOJA 01;JARDIM BARRAGEM 1;ÁGUAS LINDAS DE GOIÁS;72920001;GO;FABRICIO;palioautopecas@hotmail.com;6136132777
3472;REAL LIMA;-2.6897607;-54.6530429;RUA OSVALDO CRUZ;0;;VAI QUEM QUER;MOJUÍ DOS CAMPOS;68129000;PA;JOSÉ RISONEI;etica.stm@gmail.com ;(93) 99131-7990
3473;GP PNEUS;-2.5621415;-44.2268966;AVENIDA GUAJAJARAS;55;;SÃO BERNARDO;SÃO LUIS;65056045;MA;KLAYTON KENNY;fiscal@afec.com.br;(98) 98478-5069
3474;RS SOUZA;-1.3605121;-48.3505717;RUA MANOEL DE SOUZA;576;;PEDREIRINHA;MARITUBA;66200000;PA;ROBERTO SOUZA;rs@rsautocenter.com.br;(91) 3256-1043
3475;JESUS DE BELÉM AUTOPEÇAS;-1.4180357;-48.4685512;TRAVESSA ALFERES COSTA;1270;;PEDREIRA;BELÉM;66083107;PA;ELIZANGELA SOUZA;elisangelasouzadasilvamatos@gmail.com;(91) 98761-4620
3476;STOP MOTO;-1.6446552;-48.3713729;RODOVIA ALÇA VIARIA;15;KM 32;ALCA VIARIA;ACARÁ;68690000;PA;ALGENOR ARAUJO;stopmotobike@gmail.com;(91) 99242-9744
3477;J K AUTOS;-1.4021593;-48.4273199;RODOVIA BR 316;940;FUNDOS;CASTANHEIRA;BELÉM;66645000;PA;LUÍZ CLAUDIO;oficina.jk@hotmail.com;(91) 98356-0900
3478;SAMPAIO AUTOPEÇAS;-23.5146143;-46.4885711;ESTRADA DE MOGI DAS CRUZES;1169;;VILA SANTA LUCIA;SÃO PAULO;3890100;SP;ALBERTO;contato@autopecassampaio.com.br;1122805396
3479;NAVE MOTOPEÇAS;-23.5485767;-46.4468324;AVENIDA JACU-PÊSSEGO;5802;;JOSE BONIFÁCIO;SÃO PAULO;8260005;SP;TATIANE;navemotopecas@gmail.com;1145084639
3480;WIND PEÇAS;-23.6697255;-46.4327347;RUA AMÉRICO TORNEIRO;194;;JARDIM MAUÁ;MAUÁ;9340000;SP;WILLIAM;windautopecas@gmail.com;1126299013
3481;CENTER AUTOPEÇAS;-23.6805402;-46.4162877;AVENIDA JOSÉ MOREIRA;589;;JARDIM SANTISTA;MAUÁ;93411020;SP;JULIANA;centerautopecasmaua@gmail.com;1145767804
3482;NALDO PEÇAS;-23.6861306;-46.5336304;ESTRADA JOÃO DO SIM;213;;JARDIM JAMAICA;SANTO ANDRÉ;9185000;SP;NALDO;baratao330@gmail.com;1144269353
3483;TRIPLO X MOTO PEÇAS;-23.3040649;-45.9659426;RUA CÔNEGO JOSÉ BENTO;41;;CENTRO;JACAREÍ;12308530;SP;MARIA;mariaceciliatriplox@hotmail.com;1239534881
3484;BILL AUTOPEÇAS;-23.2399713;-45.9057736;AVENIDA BACABAL;1620;;PARQUE INDUSTRIAL;SÃO JOSÉ DOS CAMPOS;12235680;SP;MÁRCIO;billautopecas@terra.com.br;1239311178
3485;PIRAMIDE MOTO PEÇAS;-23.1912336;-45.8766585;RUA GENÉSIA BERARDINELLI TARANTINO;397;;JARDIM PAULISTA;SÃO JOSÉ DOS CAMPOS;12216220;SP;EDUARDO;contato@piramidemotos.com.br;1281176600
3486;SATÉLITE AUTOPEÇAS;-23.2286944;-45.8909966;AVENIDA PERSEU;761;;JARDIM SATÉLITE;SÃO JOSÉ DOS CAMPOS;12230470;SP;VALDIR;sapsatelite@gmail.com;1239333050
3487;DECLAUCAR AUTOPEÇAS;-23.1612100;-45.8974540;RUA CARLOS BELMIRO DOS SANTOS;251;;SANTANA;SÃO JOSÉ DOS CAMPOS;12212050;SP;FERREIRA;declaucar@gmail.com;1239412102
3488;VALMIR INJEÇÃO ELETRÔNICA;2.8092300;-60.6924420;RUA DAS MARGARIDAS;429;;PRICUMÃ;BOA VISTA;69309550;RR;VALMIR;valmir.ferreira9118@gmail.com;9581162568
3489;SHAMMAH AUTOPEÇAS;2.8267350;-60.7130174;AVENIDA DOS IMIGRANTES;2071;;CAIMBE;BOA VISTA;69312215;RR;ANTONIO;senna.aviz@hotmail.com;9591361862
3490;3D AUTOPEÇAS;2.8172156;-60.7381745;AVENIDA GENERAL ATAIDE TEIVE;6454;;DR SILVIO LEITE;BOA VISTA;69314292;RR;ERNANI;3dautopecas.rr@gmail.com;9599027579
3491;PRESENTE DE DEUS AUTOPEÇAS;2.7858320;-60.7304510;RUA ESTRELA D'ALVA;1085;;RAIAR DO SOL;BOA VISTA;69316002;RR;MICTHER;presentededeusautopecas@gmail.com;9591137466
3492;TOMAZ MOTO PEÇAS;2.8118788;-60.7191895;RUA MANOEL FELIPE;1648;;ASA BRANCA;BOA VISTA;69312288;RR;MARIA;t.borgesltda@outlook.com;9591254168
3493;LOBATO MOTO PEÇAS;2.8118904;-60.7193379;RUA MANOEL FELIPE;1664;;ASA BRANCA;BOA VISTA;69312288;RR;PETRONIO;lobatomotos@hotmail.com;9591427520
3494;ALTERNATIVA MOTO PEÇAS;2.8119530;-60.7200665;RUA MANOEL FELIPE;1740;;ASA BRANCA;BOA VISTA;69312288;RR;KRISTIAN;alternativa.bv@gmail.com;9595929167
3495;LW AUTOPEÇAS;-23.6125504;-46.5947883;ESTRADA LAGRIMAS;1274;;IPIRANGA;SÃO PAULO;4232000;SP;EDGARD;lw.autopeca@gmail.com;1135900794
3496;ED AUTOPEÇAS;-23.5600608;-46.6308469;RUA LAVAPÉS;36;;CAMBUCI;SÃO PAULO;1519000;SP;EDSON;edpecas.contato@gmail.com;1132084864
3497;CAISAM AUTOPEÇAS;-23.5669958;-46.6132477;RUA CLIMACO BARBOSA;835;;CAMBUCI;SÃO PAULO;1523000;SP;SAMIR;caisamap@gmail.com;1120634345
3498;GLAUCAR AUTOPEÇAS;-23.5405369;-47.1303950;RUA SÃO PAULO;1165;;TABOÃO;SÃO ROQUE;18135125;SP;THAIS;thais@gLaucar.com.br;1147123647
3499;JULIANNE AUTOPEÇAS;-23.5892899;-48.0430774;RUA EXPEDICIONÁRIOS;2655;;APARECIDA;ITAPETININGA;18200026;SP;CLAUDIA;autopecasjulianne@hotmail.com;1532733579
3500;DISPEL AUTOPEÇAS;-23.6130498;-46.5750638;RUA BARALDI;601;;CENTRO;SÃO CAETANO DO SUL;9510010;SP;DIJALMA;dijalmaservicar@hotmail.com;1142271955
3501;PEDREIRA AUTOPEÇAS;-23.6546283;-46.5688097;RUA AFONSINA;165;;RUDGE RAMOS;SÃO BERNARDO DO CAMPO;9633000;SP;MARCOS;autopecaspedreira@hotmail.com;1143687788
3502;NACIONAL REI DAS PEÇAS;-23.4996780;-47.4465513;AVENIDA SÃO PAULO;512;;ALEM PONTE;SOROCABA;18013001;SP;RODRIGO;rodridgonacionalrei@gmail.com;1532377237
3503;ALADIM AUTOPEÇAS;-23.7191561;-46.5819568;AVENIDA HUUMBERTO ALENCAR CASTELO BRANCO;3409;;ALVES DIAS;SÃO BERNARDO DO CAMPO;9850300;SP;ANDERSON;aladimautopecas@uol.com.br;1141097713
3504;AUTO ESPORTE PEPE;-23.5603994;-46.6431737;AVENIDA BRIGADEIRO LUIS ANTONIO;1255;;BELA VISTA;SÃO PAULO;1317001;SP;NELSON;cris.lod@hotmail.com;1132843633
3505;MASCOTTE AUTOPEÇAS;-23.6684511;-46.6504414;AVENIDA CUPECÊ;3623;;JARDIM PRUDÊNCIA;SÃO PAULO;4365001;SP;LUAN;mascotte@mascottepecas.com;1155676300
3506;ANINHA MOTOS;-23.6662683;-46.6059207;RUA TURQUIA;358;;TABOÃO;SÃO BERNARDO DO CAMPO;9671000;SP;ANA;aninhamotopecas@gmail.com;1128337849
3507;CENTRAL MOTOS;-23.5010991;-47.4502205;AVENIDA SÃO PAULO;128;;ALEM PONTE;SOROCABA;18013000;SP;GABRIEL;centralmotopecas@terra.com.br;1532342022
3508;CENTRAL MOTOS;-23.4993777;-47.4614033;RUA SETE DE SETEMBRO;194;;CENTRO;SOROCABA;18035000;SP;MARCOS;centralmotopecas@terra.com.br;1532342021
3509;MURA MOTOS;-23.4668319;-47.4943013;AVENIDA IPANEMA;3666;;JARDIM NOVO HORIZONTE;SOROCABA;18071801;SP;MAGDIEL;muramotos@uol.com.br;1532133657
3510;MURA MOTOS;-23.4807847;-47.4698542;RUA ATANAZIO SOARES;514;;VILA OLÍMPIA;SOROCABA;18075000;SP;ANDRE;muramotos@uol.com.br;1532114004
3511;RED SHARK MOTOS;-23.4769973;-47.4609780;RUA PAES LINHARES;1007;;VILA FIORI;SOROCABA;18075630;SP;JUCIANO;redsharkmotos@gmail.com;1533469351
3512;ACELERA MOTOS;-23.4709096;-47.4851438;RUA BELO HORIZONTE;1344;;VILA HELENA;SOROCABA;18071115;SP;GABRIEL;aceleramotocenter@gmail.com;1531421888
3513;CIDO MOTOS;-23.5354517;-47.4353013;AVENIDA OCTAVIO AUGUSTO RANGEL;1390;;RIO ACIMA;VOTORANTIM;18112056;SP;ADRIANE;dri_lucy@hotmail.com;1532435507
3514;MAXX MOTOS;-23.5451807;-47.4501792;AVENIDA CELSO MIGUEL DOS SANTOS;184;;VOSSOROLA;VOTORANTIM;18116000;SP;EVELIN;maxxmotosale@gmail.com;1530234231
3515;WANLEJO MOTOS;-23.5080490;-47.4555550;AVENIDA COMENDADOR PEREIRA INACIO;235;;VERGUEIRO;SOROCABA;18030005;SP;JULIANO;wanlejo@gmail.com;1532313044
3516;MARCONE MOTO PEÇAS;-3.0240230;-59.9466637;RUA FRANCISCA MENDES;1777;;CIDADE DE DEUS;MANAUS;69097400;AM;MARCONE;marcone_engenhariacivil@hotmail.com;9292432399
3517;TECMOTOS;-3.0184769;-59.9455405;RUA FRANCISCA MENDES;2686;;CIDADE DE DEUS;MANAUS;69099315;AM;IVANESSa;gutomotopecas4@gmail.com;9284319093
3518;MOTOCA PEÇAS;-3.0306874;-59.9633455;AVENIDA CAMAPUÃ;20;;CIDADE NOVA II;MANAUS;69097720;AM;MARLON;marlonmotocapecas@gmail.com;9291469349
3519;ATACADAO MOTO PEÇAS;-3.0704157;-59.9542884;AVENIDA AUTAZ MIRIM;122;A;SÃO JOSÉ OPERÁRIO;MANAUS;69085000;AM;MARCELO;atacadaopecasmanaus@gmail.com;9295398220
3520;XP MOTO CENTER;-3.0883222;-59.9460942;RUA ARMANDO MENDES;33;B;ARMANDO MENDES;MANAUS;69089321;AM;JOSIEL;gestorcontabil7@gmail.com;9292887395
3521;MOTO PEÇAS EQUIPE DE DEUS;-2.9816285;-60.0150068;AVENIDA 7 DE MAIO;279;;SANTA ETELVINA;MANAUS;69150140;AM;ERIDELTON;erideltoncosta@gmail.com;9291490064
3522;KAHAUTO AUTOPEÇAS;-16.4696487;-54.6333056;AVENIDA RUI BARBOSA;1782;;CENTRO;RONDONÓPOLIS;78701130;MT;PAULO;kahautoautopecas@hotmail.com;6634393600
3523;MORELATE;-19.9649749;-44.1850949;RUA QUINTINO BOCAIÚVA;295;;FILADÉLFIA;BETIM;32670200;MG;PAULO;paulo.henrique@morelate.com.br;3136656178
3524;AAP;-19.9324048;-44.1106978;RUA MATO GROSSO;235;;PETROLÂNDIA;CONTAGEM;32073760;MG;OSCAR;vinybarao@hotmail.com;3136651875
3525;AAP;-20.1252011;-44.8854733;AVENIDA JK;1685;;BOM PASTOR;DIVINÓPOLIS;35500155;MG;MARCELO;aap.divinopolis@antonioautopecas.com.br;2821010799
3526;ATUAL AUTOPEÇAS;-19.8252370;-43.9518410;RUA DOUTOR CRISTIANO GUIMARAES;370;;PLANALTO;BELO HORIZONTE;31720300;MG;DIOMAR;compras@atualautopecas.com.br;3137895756
3527;ATUAL AUTOPEÇAS;-19.6285873;-43.9002769;RUA AQUILES LISBOA;143;;LUNDCEA;LAGOA SANTA;33239052;MG;RAFAEL;compras@atualautopecas.com.br;3134438352
3528;CLÁUDIO AUTOPEÇAS;-15.6442985;-56.1480949;AVENIDA JULIO DOMINGOS DE CAMPOS;SN;;SANTA ISABEL;VÁRZEA GRANDE;78150236;MT;WINDSON;compras02@claudiopecas.com.br;6635002200
3529;CLÁUDIO AUTOPEÇAS;-15.5500596;-55.1658259;AVENIDA SENADOR ATILIO FONTANA;2284;;INDUSTRIAL;CAMPO VERDE;78840000;MT;LEANDO;leandroalmeida@claudiopecas.com.br;6634199100
3530;MULTIPARTS AUTOPEÇAS;-23.4220759;-46.4357858;RUA NOVA CANAÃ;495;;JARDIM PRESIDENTE DUTRA;GUARULHOS;7171440;SP;CIBELE;cibele73@hotmail.com;1123822125
3531;CRUZEIRO AUTOPEÇAS;-22.9661646;-45.5491258;RUA INOCÊNCIO LAZARIM;19;;CENTRO;TREMEMBÉ;12120000;SP;DAYANE;abreu.dayzinha@gmail.com;1236722115
3532;CASA DO FIAT;-10.2303421;-48.3551487;AVENIDA QD 712 SUL AV LO 19 QI 5;6;;CENTRO;PALMAS;77022434;TO;ALAIR;casadofiat-to@hotmail.com;6330261333
3533;CASA DO VOLK´S;-10.2303421;-48.3551487;AVENIDA QD 706 SUL AV LO 19;25;LOTE: 08 ACSV SE 72;CENTRO;PALMAS;77022414;TO;ROBERVAL;casadovolks@hotmail.com;6332244600
3534;AUTOPEÇAS LAJEADO;-10.2129099;-48.3203753;AVENIDA 103 NORTE AV LO 2;91;;CENTRO;PALMAS;77001022;TO;SAMUEL;financeiroautocenterlajeado@gmail.com;6332157313
3535;ALTERNATIVA AUTOPEÇAS;-10.1916299;-48.3269703;AVENIDA QD 104 SUL LO 03;75;;CENTRO;PALMAS;77020028;TO;KLEITON;kleiton.lima@gmail.com;6332150777
3536;MECANAUTOPEÇAS;-10.1659614;-48.8755134;RUA L-9;100;QUADRA 91 LOTE 01;INTERLAGOS;PARAÍSO;77600000;TO;TIAGO;tiago-damaso@hotmail.com;6336026129
3537;DEJA AUTOPEÇAS;-10.7147100;-48.4125785;AVENIDA ANIZIO ALVES COSTA;1271;;JARDIM BRASILIA;PORTO NACIONAL;77500000;TO;DEJA;dejaautopecas@hotmail.com;6333632937
3538;ELETRO PALMAS;-10.7033810;-48.4122417;AVENIDA JOAQUIM AIRES;2396;;CENTRO;PORTO NACIONAL;77500000;TO;JAKELINE;eletropalmas@hotmail.com;6333638000
3539;RIVALDO AUTOPEÇAS;-10.7144043;-48.4126105;AVENIDA ANIZIO ALVES COSTA;1176;;CENTRO;PORTO NACIONAL;77500000;TO;RIVALDO;autopecasrivaldo@gmail.com;6339632251
3540;PPR AUTOPEÇAS;-11.7244438;-49.0613827;AVENIDA GOIAS;2619;;CENTRO;GURUPI;77410010;TO;ELIZEU;prisma.prisma@outlook.com;6333128077
3541;FAISKA AUTOPEÇAS;-11.7244438;-49.0613827; GOIAS;2612;;CENTRO;GURUPI;77410010;TO;ELIZEU;faiska.faiska@hotmail.com;6333121160
3542;COMANDO AUTOPEÇAS;-11.7244438;-49.0613827;AVENIDA GOIAS;2620;;CENTRO;GURUPI;77410010;TO;SERGIO;comandoapgpi@hotmail.com;6333122042
3543;MAX AUTOPEÇAS;-11.7294074;-49.0698966;AVENIDA PARA;1991;;CENTRO;GURUPI;77403010;TO;MAXSUL;maxautopeçasto@live.com;6333121249
3544;MOTO PEÇAS ALVES;-7.5391499;-46.0430978;AVENIDA CONTORNO;367;;NAZARÉ;BALSAS;65800000;MA;JOSE ALVES;jose-alves2012@hotmail.com;9935411174
3545;MOTO PLENA;-7.5483350;-46.0505364;AVENIDA TITO COELHO;730;;NAZARÉ;BALSAS;65800000;MA;FLAVIA;motoplena@hotmail.com;9935413839
3546;CASTRILLON AUTOPEÇAS;-7.5194018;-46.0596181;AVENIDA GOVERNADOR LUIZ ROCHA;18;;SANTO AMARO;BALSAS;65800000;MA;FRANCISCO;advcastrillonbss@gmail.com;9935410008
3547;NORTE AUTOPEÇAS;-7.5229639;-46.0410511;AVENIDA GOVERNADOR LUIZ ROCHA;179;;INDUSTRIAL;BALSAS;65800000;MA;GEAN;nortema502@norteautopecas.com.br;9953425994
3548;TOCANTINS DIST. PEÇAS;-7.1915633;-48.2094801;RUA 1 QD 5 LT 3;1333;;NOVA ARAGUAINA;ARAGUAÍNA;77822504;MA;JOSE DIAS;tocantins@araguainadist.com.br;6333217400
3549;FONSECA AUTOPEÇAS;-7.2031418;-48.2050671;AVENIDA FILADELFIA;4138;;JARDIM FILADELFIA;ARAGUAÍNA;77807090;TO;JOSE MARCIO;fonsecaautocenter@hotmail.com;6334141494
3550;AUTOPEÇAS UNIÃO;-7.2067563;-48.2409080;AVENIDA TRANSBRASILIANA;1315;;CENTRO;ARAGUAÍNA;77600000;TO;JOÃO DE DEUS;autopecasuniao@gmail.com;6333612835
3551;EUROPA AUTOPEÇAS;-10.1721712;-48.3160486;AVENIDA 408 NORTE AV LO 12 LT 15;s/n;;PLANO DIRETOR NORTE;PALMAS;77001582;TO;EDIMILSON;edimilson.palmas@gmail.com;6330131340
3552;LF MOTOS;-15.3178833;-49.1625989;RUA 32;344;;CARRILHO;GOIANÉSIA;76380000;GO;ADRIELLY;lfmotos.gsia@gmail.com;6285040554
3553;SOS;-15.3153237;-49.1218125;RUA 32;349;;CARRILHO;GOIANÉSIA;76380775;GO;ITÁLO;soscamecanica@gmail.com;6282822646
3554;AUTO +;-15.3259437;-49.1076456;AVENIDA BRASIL LESTE;1434;;MUNIZ FALCÃO;GOIANÉSIA;76380460;GO;GLAUCIO;nanyribeiro10@hotmail.com;6233534900
3555;AUTOPEÇAS DO PIMENTA;-15.3178833;-49.1625989;RUA 27;229;;CARRILHO;GOIANÉSIA;76380000;GO;KELITA;kelycristina@hotmail.com;6233532539
3556;AUTOPEÇAS CENTRAL;-15.3301201;-49.1175206;AVENIDA GOIÁS;426;;CENTRO;GOIANÉSIA;76380000;GO;ADRIANO;adrianoarruda2005@yahoo.com.br;6285097119
3557;COMPACTA;-15.3178833;-49.1625989;RUA 32;342;;CARRILHO;GOIANÉSIA;76380000;GO;MARIA JOSÉ;mec_compacta@hotmail.com;6233538449
3558;DESTAK;-7.1099424;-49.9393716;AVENIDA AMAZONAS;239;;CENTRO;XINGUARA;68555100;PA;JUNIOR;autocenterdestak@hotmail.com;9434226126
3559;AUTOPEÇAS DO BIL;-15.3263988;-49.1173239;RUA 30;331;;CENTRO;GOIANÉSIA;76380000;GO;VALMIR;bilautopecas@gmail.com;6233532675
3560;AUTOPEÇAS MAGALHÃES;-15.3169365;-49.1173919;AVENIDA GOIÁS;254;;CENTRO;GOIANÉSIA;76380000;GO;CAIRO MAGALHÃES;autopontopecasmagalhaes@hotmail.com;6233533389
3561;BR AUTOPEÇAS;-15.3045633;-49.1170853;AVENIDA GOIÁS;77;;SÃO CRISTOVÃO;GOIANÉSIA;76381125;GO;JOSÉ CARLOS;goianesia@brautopecas.com.br;6233531017
3562;MESQUITA;-15.7083495;-47.9145522;ÁREA ADE QUADRA 400 CONJUNTO 02 LOTE;36;;RECANTO DAS EMAS;BRASÍLIA;72625002;DF;DIENY GONÇALVES;mesquitaalinhamento@gmail.com;6199383903
3563;EDI RACING;-15.7975154;-47.8918874;QUADRA 06 LOTE;1020;SETOR DE INDÚSTRIAS;GAMA;BRASÍLIA;72445060;DF;EDIVALDO;edimultimarcascentroauto@gmail.com;6186047635
3564;AUTOPEÇAS TAURUS;-15.4536994;-47.6089170;QUADRA 01 MR06 LOTE;21;LOJAS A E B;SETOR OESTE;PLANALTINA;73752010;GO;GUSTAVO;aptaurus@yahoo.com.br;6136373460
3565;AUTOPEÇAS TAURUS;-15.5496030;-47.3306198;AVENIDA JOÃO L. GEBRIM;923;;FORMOSINHA;FORMOSA;73813210;GO;GUSTAVO;aptaurus@yahoo.com.br;6137180108
3566;CASA DOS PNEUS PEÇAS;-16.2506453;-47.9261172;QUADRA 72;2;LOTE A;JARDIM INGÁ;LUZIÂNIA;72855072;GO;ELIAS;eliassouza18@gmail.com;6196910315
3567;GILBERTO MOTOS;-15.8365583;-48.0491137;QUADRA C 02 LOTE;7;LOJA 01 E 02;TAGUATÍNGA CENTRO;BRASÍLIA;72010020;DF;BRUNO CÉSAR;gilbertomotoc2@hotmail.com;6130397210
3568;ENEIAS MOTOS;-15.8223146;-48.0653016;QUADRA C 02 LOTE;5;LOJA 01 E 02;TAGUATÍNGA CENTRO;BRASÍLIA;72010020;DF;ENÉIAS;eneiasmotocentro@gmail.com;6186257123
3569;B2CAR;-1.4209520;-48.4714653;AVENIDA ANTONIO EVERDOSA;2111;;PEDREIRA;BELÉM;66085757;PA;GILSON SILVEIRA;adm@b2carbelem.com.br;(91) 99276-4927
3570;ROTA AUTOPEÇAS;-1.2077291;-46.1378644;TRAVESSA CORONEL ANTONIO PEDRO;S/N;;PRAINHA;VISEU;68620000;PA;GUILHERME FILHO;rotaautopecasoficial@hotmail.com;(91) 98025-9935
3571;ROTA AUTOPEÇAS;-1.3664979;-48.3427805;TRAVESSA RAIMUNDO BARBOSA;130;L 1;CENTRO;MARITUBA;67201030;PA;JOSIANE FARIAS;rotaautopecasoficial01@hotmail.com;(91) 3256-2327
3572;ROSUL DISTRIBUIDORA DE AUTOPEÇAS;-10.6569293;-51.5703740;AVENIDA BRASIL;0;QUADRA 3;CENTRO;CONFRESA;78652000;MT;MAYCON;gerencia.cfs@rosuldistribuidora.com.br;6684313565
3573;CLAUDIO AUTOPEÇAS;-13.4129933;-52.5318604;RUA RIO GRANDE SO SUL;904;QUADRA 86 LOTE 7;CENTRO;CANARANA;78640000;MT;HAMILTO;claudiocan@claudioautopecas.com.br;6635002200
3574;CLAUDIO AUTOPEÇAS;-12.2387614;-52.8741407;AVENIDA SUL;1772;;SETOR E;QUERÊNCIA;78643000;MT;WILSON;claudioquer@claudioautopecas.com;6635292900
3575;F2 AUTOPEÇAS;-22.3114010;-49.0629129;AVENIDA NUNO DE ASSIS;1662;;CENTRO;BAURU;17020310;SP;GUILHERME;f2distribuidorabauru@gmail.com;1431043030
3576;F2 AUTOPEÇAS;-22.3010312;-48.5668502;AVENIDA ZEZINHO MAGALHÃES;734;;JD ESTÁDIO;JAÚ;17203380;SP;FERRARI;f2distribuidorajau@gmail.com;1434186773
3577;GUH MOTO PEÇAS;-22.2940640;-49.0439210;RUA ALBERTO PAULOVICH;1160;;JD MARY DOTA;BAURU;17026500;SP;GUSTAVO;guhmotos2019@gmail.com;1488015739
3578;CICLO MOTOS;-22.2975241;-49.0450003;AVENIDA DOUTOR MARCOS DE PAULA RAPHAEL;919;;JD MARY DOTA;BAURU;17026000;SP;ITALO;vendasitalobauru@hotmail.com;1496722526
3579;PETRUS MOTO PEÇAS;-22.3139145;-49.0332926;RUA SÃO PATRICIO;130;;JD REDENTOR;BAURU;17032272;SP;IVANA;ivanamuriel@hotmail.com;1432030180
3580;GARAGEM 77;-22.3219614;-49.0327593;RUA BENEDITO  RIBEIRO DOS SANTOS;376;;VL CAROLINA;BAURU;17032555;SP;LEANDRO;ipatrinhani@hotmail.com;1497092729
3581;MOTOCHIC;-22.3160908;-49.0705827;RUA ARAUJO LEITE;557;;CENTRO;BAURU;17010160;SP;BRUNO;adriana@motochicpecas.com;1497321718
3582;FEDERAL MOTO PEÇAS;-22.5885610;-48.8081782;AVENIDA PROFESSOR JACOMO NICOLAU PACOLLA;265;;RESIDENCIAL RONDON;LENÇÓIS PAULISTA;18685099;SP;RICARDO;federalmotors@hotmail.com;1498867174
3583;AUTOPEÇAS BANDEIRANTE;-20.1824757;-48.0235093;AVENIDA FRANCISCO ANTONIO DE FREITAS;269;;CENTRO;MIGUELÓPOLIS;14580000;SP;CASSIO;bandloja@gmail.com;163835245
3584;AUTOPEÇAS BORBA;-20.3312298;-47.7976566;RUA MIGUEL JACOB;266;;ESTAÇÃO;ITUVERAVA;14500000;SP;BORBA;scanborba@yahoo.com.br;1638397883
3585;NILSON AUTOPEÇAS;-20.3306991;-47.7961144;RUA MIGUEL MOISÉS;232;;ESTAÇÃO;ITUVERAVA;14500000;SP;NILSON;nilsonpecasauto@hotmail.com;1638397088
3586;PONTUAL AUTOPEÇAS;-20.1936254;-47.7123967;RUA FERNANDO PINHEIRO;535;;CENTRO;BURITIZAL;14570000;SP;KÊNIA;pontiualautopecas02@gmail.com;1637511660
3587;VIEIRA ACESSÓRIOS;-20.3340628;-47.7941081;AVENIDA DOUTOR JOSÉ ANIBAL SOARES DE OLIVEIRA;1480;;CENTRO;ITUVERAVA;14500000;SP;RENATO;renatocpadvogado@yahoo.com.br;1638391600
3588;AKI TEM AUTOPEÇAS;-20.0418613;-47.7548241;AVENIDA WANDERLEI RIBEIRO;349;;CENTRO;IGARAPAVA;14540000;SP;CARLOS;rigobelomsn@hotmail.com;1637722207
3589;AUTOPEÇAS BRASIL;-20.3200638;-48.3124190;AVENIDA 03;01;;CENTRO;GUAÍRA;14790000;SP;ANDERSON;anderson_vilela@hotmail.com;1733316144
3590;MOREIRA AUTOPEÇAS;-20.3329330;-48.3077269;AVENIDA JOSÉ CAVENAGNE;1541;;CENTRO;GUAÍRA;14790000;SP;TIAGO;moreira30tiago@gmail.com;1799750375
3591;HT AUTOPEÇAS;-20.3330207;-47.8007101;AVENIDA DOUTOR JOSÉ ANIBAL SOARES DE OLIVEIRA;2301;;ESTAÇÃO;ITUVERAVA;14500000;SP;FABRICIO;htautopecasituverava@gmail.com;1638393330
3592;ALPÍNIA VEÍCULOS;-20.3383472;-47.7840374;RUA CORONEL DIONÍSIO BARBOSA SANDOVAL;786;;CENTRO;ITUVERAVA;14500000;SP;FERNANDO;pecas.ituverava@alpinia.com.br;1638395400
3593;EPIL AUTOPEÇAS;-20.4431461;-48.0137574;RUA AMÉRICO BRASILIENSE;554;;CENTRO;IPUÃ;14610000;SP;ARISTON;gibacenter@bol.com.br;1638321988
3594;ALDO CAR PEÇAS;-20.4433711;-48.0135978;RUA RUI BARBOSA;1099;;CENTRO;IPUÃ;14610000;SP;GUILHERME;aldocaripua1@gmail.com;1638322828
3595;V R DIESEL AUTOPEÇAS;-20.8041988;-49.3655330;AVENIDA DOUTOR FERNANDO COSTA;885;;VILA MACENO;SÃO JOSÉ DO RIO PRETO;15061000;SP;AMAURI;vrdieselpecas@hotmail.com;1733054896
3596;MAYLA AUTOPEÇAS;-20.2054400;-50.9356090;AVENIDA VEREADOR JOSÉ EDUARDO PRONI;922;;ANA ROSA 2;SANTA FÉ DO SUL;15775000;SP;MAYLA;maylaheloisa@gmail.com;6782006484
3597;PRF IMPORTS;-20.8459084;-49.3163062;RUA LITÉRIO GALIZIA OREIRO;732;;FAZENDA RIO PRETO;SÃO JOSÉ DO RIO PRETO;15062730;SP;LUCIANA;prfimports_riopreto@hotmail.com;1797316709
3598;FRISO AUTOPEÇAS;-20.3338398;-47.7965811;AVENIDA DOUTOR JOSÉ ANIBAL SOARES DE OLIVEIRA;1751;;CENTRO;ITUVERAVA;14500000;SP;DONATO;jpf@friso.com.br;1638397666
3599;CABEÇA MOTOS;-20.3331217;-47.8005678;AVENIDA DOUTOR JOSÉ ANIBAL SOARES DE OLIVEIRA;2297;;ESTAÇÃO;ITUVERAVA;14500000;SP;REGINA;cabecamotosoficina@gmail.com;1638391675
3600;RENE AUTOPEÇAS;-20.8216638;-49.3989386;AVENIDA BADY BASSITT;5151;;JARDIM ALTO RIO PRETO;SÃO JOSÉ DO RIO PRETO;15015700;SP;ODAIR;rene@reneautopecas.com.br;1740098600
3601;BADY AUTOPEÇAS;-20.8219679;-49.3993354;AVENIDA BADY BASSITT;5233;;JARDIM ALTO RIO PRETO;SÃO JOSÉ DO RIO PRETO;15015700;SP;RINALDO;compras@badyauto.com.br;1732330399
3602;ALPHA IMPORT;-22.7605314;-43.4291429;RUA OSCAR SOARES;1367;;CALIFORNIA;NOVA IGUAÇU;26015012;RJ;LUCAS;lucascardoso.as@outlook.com;2137738678
3603;NOVA EVOQUE;-22.7533556;-43.4438035;AVENIDA NILO PEÇANHA;1012;;CENTRO;NOVA IGUAÇU;26015011;RJ;JOÃO;nova@evoquepecas.com. Br;2135840770
3604;P 55 PEÇAS;-22.8988838;-43.2171072;RUA ESCOBAR;55;;SÃO CRISTOVÃO;RIO DE JANEIRO;20921030;RJ;AUGUSTO;toguedm@hotmail.com;2125801082
3605;MACBEM PEÇAS;-22.9000573;-43.2163999;RUA ESCOBAR;7;;SÃO CRISTOVÃO;RIO DE JANEIRO;20921030;RJ;VALDECIR;macbempecas@gmail.com;2125892861
3606;CORY AUTOPEÇAS;-22.8995411;-43.2167040;RUA ESCOBAR;33;;SÃO CRISTOVÃO;RIO DE JANEIRO;20921030;RJ;MARIA;coryautopecas@gmail.com;2125891504
3607;CORY FIIT AUTOPEÇAS;-22.8995496;-43.2166374;RUA ESCOBAR;31;;SÃO CRISTOVÃO;RIO DE JANEIRO;20921030;RJ;MARIA;coryfiitautopecas@gmail.com;2125891504
3608;SENA AUTOPEÇAS;-21.5599961;-51.2635002;RUA AMADOR RODRIGUES;851;;VILA PERES;PACAEMBU;17860000;SP;ADEMIR;ademir@senaautopecas.com.br;1838627100
3609;AUTOPEÇAS DUILIO;-22.1478439;-51.1705282;RUA TENENTE CASIMIRO DIAS;383;;CENTRO;MARTINÓPOLIS;19500000;SP;JOSÉ CARLOS;autopecasduilio@gmail.com;1832751836
3610;GG AUTOPEÇAS;-21.4190484;-50.0812817;AVENIDA MARGINAL MARIA CHICA;862;;PARQUE SAO LUIZ;PENÁPOLIS;16305042;SP;CLEBER;ggautopecasplis@gmail.com;1836536609
3611;IARAQUÃ AUTOPEÇAS;-22.9272243;-43.5548737;ESTRADA IARAQUÃ;1135;;CAMPO GRANDE;RIO DE JANEIRO;23040160;rj;FELIPE;autopecasiaraqua@gmail.com;2132283958
3612;LAVIOLA AUTOPEÇAS;-22.9061462;-43.5965673;RUA DO PAPAGAIO;30;;INHOAIBA;RIO DE JANEIRO;23098510;RJ;TATIANE;tatinhaandrade1982@gmail.com;2133643955
3613;AP AUTOPEÇAS;-21.4116862;-45.9471538;AVENIDA GOVERNADOR VALADARES;1424;;JARDIM SÃO CARLOS;ALFENAS;37130000;MG;PAULO;ap.autopecas@yahoo.com.br;3532921234
3614;AUTOPEÇAS TROMBETA;-21.4364852;-45.9475544;RUA HILÁRIO VIEIRA;66;;CENTRO;ALFENAS;37130000;MG;CLAUDINEI;trombeta.ap@hotmail.com;3532921401
3615;ALFA PEÇAS;-21.4404617;-45.9481691;AVENIDA LINCOLN WESTIN DA SILVEIRA;641;;JARDIM SÃO LUCAS;ALFENAS;37130000;MG;WALDIR;alfapneus@alfenas.psi.br;3532914040
3616;BALTER DIESEL PEÇAS;-21.4440223;-45.9573144;RUA IPUTI;691;;RESIDENCIAL TEIXEIRA;ALFENAS;37130000;MG;JOEL;balterdiesel@bol.com.br;3532912362
3617;MESQUITA AUTOPEÇAS;-21.4142531;-45.9471479;AVENIDA GOVERNADOR VALADARES;1134;;JARDIM SÃO CARLOS;ALFENAS;37130000;MG;LUIZ;mesquitaautopecas@hotmail.com;3532921250
3618;FORD AUTOPEÇAS;-21.0985270;-45.5545796;RUA PROFESSORA MARIQUINHA GOMES;568;;NOVA ERA;BOA ESPERANÇA;37170000;MG;OTÁVIO;fordpecascotacao@yahoo.com.br;3538511553
3619;AP AUTOPEÇAS;-21.6803092;-45.9122325;AVENIDA DOUTOR RENATO AZEREDO;683;;VARGEM DO RIO;MACHADO;37750000;MG;JÚLIO;lojaap.autopecas@yahoo.com.br;3532954042
3620;JRA PEÇAS;-21.6783322;-45.9149413;AVENIDA DOUTOR RENATO AZEREDO;508;;OURO VERDE;MACHADO;37750000;MG;GUILHERME;jraautopecas@hotmail.com;3532955755
3621;SHOP CAR AUTOPEÇAS;-21.6810124;-45.9118567;AVENIDA DOUTOR RENATO AZEREDO;936;;PONTE DE PEDRA;MACHADO;37750000;MG;RICARDO;autopecasshopcar@hotmail.com;3532951593
3622;GONÇALVES AUTOPEÇAS;-21.2391313;-45.7621950;AVENIDA DOUTOR ALFREDO BARBALHO CAVALCANTI;148;;PRIMAVERA;CAMPOS GERAIS;37160000;MG;LOURIVAL;gonautopecas@gmail.com;3538532075
3623;DU MOTO PEÇAS;-22.9839727;-47.0935334;RUA DAVID AUGUSTO FERREIRA;86;;PARQUE CAMÉLIAS;CAMPINAS;13052530;SP;JOSE EDUARDO;joaolucas.leia@gmail.com;1932548945
3624;BATATA AUTOPEÇAS;-22.8543119;-47.0434600;RUA BENTO ARRUDA CAMARGO;1440;;JARDIM SANTANA;CAMPINAS;13088650;SP;ANTONIO MARCOS;batataautopecassq@hotmail.com;1932564169
3625;HARPIA DISTRIBUIDORA DE PEÇAS;-22.8546030;-47.1536140;RUA BATISTA RAFFI;353;;JARDIM APARECIDA;CAMPINAS;13068601;SP;RODRIGO MOREIRA;rodrigomoreira@harpiapecas.com.br;1921297444
3626;ROMILDO AUTOPEÇAS;-22.7501205;-47.6488618;AVENIDA SÃO PAULO;1299;;PAULICÉIA;PIRACICABA;13401541;SP;AGUINALDO CRUZ;romildoautopecas.com.br;1934171320
3627;JLO AUTOPEÇAS;-23.2692095;-47.3125249;AVENIDA CAETANO RUGGIERI;2430;;PARQUE NOSSA SENHORA DA CANDELÁRIA;ITU;13310160;SP;RODOLFO;rodolfo@jlo.com.br;1140131050
3628;JLO AUTOPEÇAS;-23.1998412;-47.2850569;RUA FLORIANO PEIXOTO;1286;;CENTRO;SALTO;13320150;SP;RODOLFO;rodolfo@jlo.com.br;1140294019
3629;JLO AUTOPEÇAS;-22.8471924;-47.1908738;RUA MARIA ZEZINHA DINIZ;13;;JARDIM BOM RETIRO;SUMARÉ;13181663;SP;RODOLFO;rodolfo@jlo.com.br;1939227511
3630;JLO AUTOPEÇAS;-23.2805353;-47.2793730;AVENIDA EUGEN WISSMAN;2321;;SÃO LUIZ;ITU;13304270;SP;RODOLFO;rodolfo@jlo.com.br;1124294449
3631;JLO AUTOPEÇAS;-23.1204015;-47.2526909;AVENIDA JOSUÉ FERREIRA DA SILVA;110;;JARDIM DOS COLIBRIS;INDAIATUBA;13349125;SP;RODOLFO;rodolfo@jlo.com.br;1140131050
3632;PEÇAS AVENIDA;-22.9499661;-47.3046013;AVENIDA JÂNIO QUADROS;1159;;CENTRO;MONTE MOR;13190170;SP;DENISE;contatoautoeletricaavenida@gmail.com;1938794233
3633;PÉROLA AUTOPEÇAS;-22.9482172;-47.3153257;RUA ROQUE PRESTA;45;;CENTRO;MONTE MOR;13190000;SP;ROBERTO;autoperola@yahoo.com.br;1938891218
3634;AUTOPEÇAS BRISQUE;-22.9489717;-47.3121143;AVENIDA JÂNIO QUADROS;381;385;CENTRO;MONTE MOR;13190000;SP;FLAVIO;brisqueautopecas@gmail.com;1938791676
3635;ALIANÇA AUTOPARTS;-22.9495611;-47.3077018;AVENIDA JÂNIO QUADROS;835;;CENTRO;MONTE MOR;13190170;SP;GILSON;canesinecampos@hotmail.com;1938791433
3636;AUTOPEÇAS MESKAN;-22.8150162;-47.2600821;RUA DO CAFÉ;435;;VILA VALE;SUMARÉ;13174000;SP;CIDIMAEL;apmeskan@yahoo.com.br;1938736393
3637;AUTOPEÇAS INDEPENDÊNCIA;-23.0132174;-46.9861136;AVENIDA INDEPENDÊNCIA;7170;;JARDIM SÃO MATEUS;VINHEDO;13280001;SP;GIOVANI;apindependencia2018@gmail.com;1938761919
3638;RMG AUTOPEÇAS;-23.0240224;-46.9818767;RUA SÃO PAULO;315;;NOVA VINHEDO;VINHEDO;13280001;SP;ROSA;rmgautopecas@outlook.com;1938863734
3639;ADCAMP AUTOPEÇAS;-23.0478930;-47.0128973;RUA NICOLAU VON ZUBEN;672;;CAPELA;VINHEDO;13285686;SP;ALINE;adcamp.pecas@hotmail.com;1938865529
3640;ACACIA AUTOPEÇAS;-23.0384475;-46.9732472;RUA GUMERCINDO VIEIRA ROCHA;23;;RESIDENCIAL FLORA;VINHEDO;13280168;SP;MATHEUS;vendas@acaciaauto.com.br;1937975000
3641;MULTCAMP AUTOPEÇAS;-22.8912762;-47.0788658;RUA SANTO ANOTONIO CLARET;202;;JARDIM CHAPADÃO;CAMPINAS;13070145;SP;CLAUDIO;multcamp.pecas@terra.com.br;193213890
3642;AUTOPEÇAS CAPITELI;-21.5994543;-46.8931491;RUA DONA COSTA MACHADO;333;;CENTRO;SÃO JOSÉ DO RIO PARDO;13720000;SP;JOSE;autopecascapitelli@hotmail.com;1936081187
3643;AUTOPEÇAS RM DIESEL;-21.6079584;-46.8906377;AVENIDA SANTOS DUMONT;188;;JARDIM AEROPORTO;SÃO JOSÉ DO RIO PARDO;13720000;SP;RAFAEL;rmautopecas@terra.com.br;1936081729
3644;BIANCHINI AUTOPEÇAS;-22.3932030;-47.5783237;RUA 14;2797;;JARDIM BELA VISTA;RIO CLARO;13504-257;SP;JULIO;vendas@bianchinipecas.com.br;1633632700
3645;BIANCHINI AUTOPEÇAS;-22.0276283;-47.8840913;RUA RAIMUNDO CORRÊA;667;;VILA MONTEIRO;SÃO CARLOS;13570-591;SP;JULIO;vendas@bianchinipecas.com.br;1633632700
3646;BIANCHINI AUTOPEÇAS;-22.0542295;-47.9140836;RUA REINALDO PIZANI;29;;CIDADE ARACY;SÃO CARLOS;13573228;SP;JULIO;vendas@bianchinipecas.com.br;1633632700
3647;CARLINHOS PEÇAS PARA CAMINHÕES;-20.8889016;-47.6007749;AVENIDA AMADOR DE BARROS;1297;1307;CASTELO;BATATAIS;14300196;SP;CARLOS;compras@carlinhospecas.com.br;1636605000
3648;CARLINHOS PEÇAS PARA CAMINHÕES;-21.1340911;-47.7953140;AVENIDA MARECHAL COSTA E SILVA;4200;;VILA BRASIL;RIBEIRÃO PRETO;14075600;SP;CARLOS;compras@carlinhospecas.com.br;1636605000
3649;MERCEDÃO AUTOPEÇAS;-22.0373003;-47.8734477;AVENIDA DOUTOR HEITOR JOSÉ REALI;1537;;PARQUE INDUSTRIAL;SÃO CARLOS;13571385;SP;EVANDRO;mercedao.contato@gmail.com;1633688002
3650;MRA AUTOPEÇAS;-21.8028923;-48.1657923;AVENIDA PADRE JOSÉ DE ANCHIETA;889;;JARDIM PADRE ANCHIETA;ARARAQUARA;13601130;SP;MURILO;murilo@mrapecas.com.br;1636044440
3651;MRA AUTOPEÇAS;-21.1894857;-47.7666928;RUA JOSÉ DA SILVA;898;;JARDIM PAULISTA;RIBEIRÃO PRETO;14090092;SP;MURILO;murilo@mrapecas.com.br;1636044440
3652;SBS MOTOS;-20.7172291;-47.8803129;AVENIDA TRÊS;521;;LOTEAMENTO SÃO PEDRO;ORLÂNDIA;14620000;SP;SANDRA;vendasweb@sbsmotos.com.br;1639772777
3653;SBS MOTOS;-21.2094602;-47.6046447;AVENIDA DEOLINDA ROSA;1485;;JARDIM BOA VISTA;SERRANA;14150000;SP;SANDRA;vendasweb@sbsmotos.com.br;1639772777
3654;SBS MOTOS;-20.8825973;-47.5948113;AVENIDA PREFEITO WHASHINGTON LUIS;517;;CASTELO;BATATAIS;14300000;SP;SANDRA;vendasweb@sbsmotos.com.br;1639772777
3655;SBS MOTOS;-21.1658804;-47.8369160;RUA CORONEL CAMISÃO;975;;MONTE ALEGRE;RIBEIRÃO PRETO;14051050;SP;SANDRA;vendasweb@sbsmotos.com.br;1639772777
3656;SBS MOTOS;-21.1388777;-48.0060971;AVENIDA NOSSA SENHORA APARECIDA;1195;LOJA 13;LOURENÇO DOMINI;SERTÃOZINHO;14177060;SP;SANDRA;vendasweb@sbsmotos.com.br;1639772777
3657;SBS MOTOS;-21.1539689;-47.8222780;AVENIDA DOM PEDRO I;1111;;IPIRANGA;RIBEIRÃO PRETO;14055620;SP;SANDRA;vendasweb@sbsmotos.com.br;1639772777
3658;TN AUTOPEÇAS;-21.5956174;-46.8985391;RUA MANOEL DE SOUZA ROSA;22;;SANTO ANTÔNIO;SÃO JOSÉ DO RIO PARDO;13720000;SP;THIAGO;tn27automotivo@gmail.com;1936828787
3659;TOQUINI & TOQUINI AUTOPEÇAS;-21.6150578;-46.8946954;AVENIDA MARIA APARECIDA SALGADO BRAGHETTA;3645;;FARTURA;SÃO JOSÉ DO RIO PARDO;13720000;SP;MARCO;toquini.toquiniautopecas@hotmail.com;1936821700
3660;TOQUINI & TOQUINI AUTOPEÇAS;-21.8428046;-46.9064741;RUA RAFAEL MORENO;110;;PARQUE INDUSTRIAL NESTOR BOLONHA;VARGEM GRANDE DO SUL;13880000;SP;MARCO;toquini.toquiniautopecas@hotmail.com;1936821700
3661;TRUCK AUTOPEÇAS;-22.0341233;-47.8783029;AVENIDA GETÚLIO VARGAS;1380;;JARDIM SÃO PAULO;SÃO CARLOS;13570390;SP;CHRISTIANO;rtruckautopecas@hotmail.com;1634112465
3662;VP COMÉRCIO DE PEÇAS;-20.8876894;-47.5943966;AVENIDA NOVE DE JULHO;210;;CASTELO;BATATAIS;14300216;SP;RENATO;compras@vppecas.com.br;1637614030
3663;MALACHIAS AUTOPEÇAS;-21.7124285;-47.4919847;AVENIDA PADRE PIO CORSO;1772;;PARQUE SÃO PAULO;SANTA RITA DO PASSA QUATRO;13670000;SP;LEVINO;malachias.dani.adm@gmail.com;1935658288
3664;SERMI AUTOPEÇAS;-21.1581882;-47.9679559;RUA FRANCISCO RICCA DELA TORRE;53;;PARQUE DAS AROEIRAS;SERTÃOZINHO;14168429;SP;ERIC;comprasermi@yahoo.com.br;1639519192
3665;RAMIREZ AUTOPEÇAS;-22.0028769;-47.8815533;RUA ANTONIO BLANCO;976;;VILA COSTA DO SOL;SÃO CARLOS;13566020;SP;JORGE;ramirezautopecas@hotmail.com;(16) 3361-4182
3666;AUTOPEÇAS 3R;-22.4305396;-47.5837374;AVENIDA 7JP;453;SALA 02;JARDIM RESIDENCIAL DAS PALMEIRAS;RIO CLARO;13502230;SP;FAUSTO;luizroncoli@gmail.com;1935222300
3667;AUTOPEÇAS 3R;-22.3932030;-47.5783237;RUA 14;3754;;ALTO DO SANTANA;RIO CLARO;13504257;SP;FAUSTO;luizroncoli@gmail.com;1935222300
3668;AUTOPEÇAS 3R;-22.4032755;-47.5689812;RUA 9;558;;CENTRO;RIO CLARO;13500145;SP;FAUSTO;luizroncoli@gmail.com;1935222300
3669;MOTTA PEÇAS;-21.3367794;-47.7279430;AVENIDA CORONEL JOSÉ NOGUEIRA TERRA;288;;CENTRO;CRAVINHOS;14140000;SP;RAFAEL;mottaautopecas@hotmail.com;1639511766
3670;EVIEIRA COMÉRCIO DE PEÇAS;-21.1555229;-47.7958998;AVENIDA SAUDADES;2133;;CAMPOS ELÍSEOS;RIBEIRÃO PRETO;14080000;SP;EMANNUEL;evieiraautopecas@gmail.com;1633235200
3671;ALCLAMAR AUTOPEÇAS;-21.1576237;-47.8049344;RUA JOSE DE ALENCAR;131;;CAMPOS ELÍSEOS;RIBEIRÃO PRETO;14080000;SP;MARCELO;alclamar@hotmail.com;1636100815
3672;GARANHUNS AUTOPEÇAS;-8.8842980;-36.4889859;AVENIDA CARUARU;235;A;HELIOPOLIS;GARANHUS;55295380;PE;EMERSON;garanhunsautopecas@ig.com.br;8799381746
3673;JD AUTOPEÇAS;-8.8806260;-36.4921070;RODOVIA BR-423;505;;SÃO JOSE;GARANHUS;55295130;PE;JOSE DONIZETI;jdautopecas@hotmail.com;8799884600
3674;CAMPINA AUTOPEÇAS;-7.2169892;-35.8898800;RUA LUIS SOARES;38;;CENTRO;CAMPINA GRANDE;58400016;PB;LINDOMAR BEZERRA;campinatranstur@gmail.com;8388837196
3675;CAVALCANTE AUTOPEÇAS;-8.8801929;-36.4861554;AVENIDA CARUARU;735;;HELIOPOLIS;GARANHUS;55295380;PE;LEANDRO;cavalvanteautopecas@hotmail.com;8737632212
3676;AGRESTE AUTOPEÇAS;-9.7597412;-36.6569003;RUA SAO FRANCISCO;1402;;OURO PRETO;ARAPIRACA;57301110;AL;THIAGO;agresteautopecas@outlook.com;8296444064
3677;CENTRO AUTOMOTIVO MULTIMARCAS;-7.2480297;-35.9053798;AVENIDA PRESIDENTE  JUSCELINO KUBITSCHEK;1440;;ACACIO FIGUEIREDO;CAMPINA GRANDE;58421010;PB;BRENNO;centroautomotivomultimarcaspb@gmail.com;8333222176
3678;CAICO DIESEL;-6.4560355;-37.1198867;RODOVIA BR-427;1250;;CENTRO;CAICO;59300000;RN;ROMULO;caicodiesel@gmail.com;8434172215
3679;BR AUTOPEÇAS;-8.3289001;-35.1068430;RODOVIA BR 101 SUL;3361;;DISTRITO INDUSTRIAL;CABO DE SANTO AGOSTINHO;54505000;PE;GREGORIO;gregorio.pe@hotmail.com;8135183892
3680;ELIANE AUTOPEÇAS;-6.4601497;-37.1057820;AVENIDA ENFERMEIRO BRENO OLEGARIO MACEDO E BRITO;450;;ALTO DA BOA VISTA;CAICO;59300000;RN;ELIANE CRISTINA;elianeautopecasrn@gmail.com;8434212672
3681;ERON CENTRO AUTOMOTIVO;-8.2836681;-35.0253244;AVENIDA HISTORIADOR ISRAEL FELIPE STO INACIO;240;;SANTO INACIO;CABO DE SANTO AGOSTINHO;54515480;PE;ERONILDO TORRES;eron.automotivo@hotmail.com;8183186231
3682;IRAN AUTO SERVICE;-7.1284426;-34.8652918;AVENIDA NOSSA SENHORA DE FATIMA;1748;;TORRE;JOÃO PESSOA;58040380;PB;ISAC JUNINO;isac1@hotmail.com;8388259150
3683;JEAN CAR;-7.0307257;-34.8416653;RUA DO MARLIM AZUL;80;QUADRA05 LOTE 21;PORTAL DO POCO;CABEDELO;58106026;PB;JEAN;jeancarservicosautomotivos@gmail.com;8332501363
3684;JHON AC;-7.0990270;-34.8600968;AVENIDA PRESIDENTE TANCREDO NEVES;195;;IPES;JOÃO PESSOA;58028840;PB;JHON;autocenterjhon@gmail.com;8387875939
3685;JOAO PAULO AUTOPEÇAS;-6.4607100;-37.1085809;RUA GODOFREDO FERNANDES;181;;BARRA NOVA;CAICO;59300000;RN;JOAO ALVES;jpautomotivo@gmail.com;8434171889
3686;JONAS AUTO CAR;-7.2555551;-35.8948533;RUA JOAO CAROLINO;1;BLOCO 01;JARDIM PAULISTANO;CAMPINA GRANDE;58415045;PB;JONAS;jonasautocar@gmail.com;8388973721
3687;LUBRIFICAR;-7.1611800;-34.8707007;RUA LUZIA PEDROSA;382;;CRISTO REDENTOR;JOÃO PESSOA;58071530;PB;JOAO CLAUDIO;lubrificar@hotmail.com;8332313511
3688;PIANO AUTOPEÇAS;-6.2628472;-36.5199112;RUA BALDOMERO CHACON;475;;CENTRO;CURRAIS NOVOS;59380000;RN;OSAMI;pianopecas@ig.com.br;8434122244
3689;ESPACO CAR;-8.0207598;-34.9248618;AVENIDA NORTE MIGUEL ARRAES DE ALENCAR;6669;;CASA AMARELA;RECIFE;52070660;PE;MARIA DAS GRAÇAS;espacocarautocentro@hotmail.com;8132688747
3690;RUBENS E EDGLEY AC;-7.2308570;-35.9108726;RUA DINAMERICA CORREIA;440;;DINAMERICA;CAMPINA GRANDE;58432190;PB;EDGLEY;rubenscentroauto@gmail.com;8330662003
3691;ZACARIAS DO OLEO;-6.2499975;-36.5179317;RUA PROFESSORA NAIR COSTA;249;;PARQUE DOURADO;CURRAIS NOVOS;59380000;RN;IVANALDO;ivanaldotavares2011@hotmail.com;8488107951
3692;VOLCAR AUTO SERVICE;-7.2301961;-35.9079168;AVENIDA MARECHAL FLORIANO PEIXOTO;2250;;CENTENARIO;CAMPINA GRANDE;58428130;PB;ALANA;volcarautoservice@hotmail.com;8398120411
3693;ROSUL DISTRIBUIDORA DE PEÇAS;-13.9398971;-52.4465474;RUA 2;25;;CENTRO;ÁGUA BOA;78635000;MT;THIAGO;vendas04@rosuldistribuidora.com.br;6634683600
3694;ALTERNATIVA AUTOPEÇAS;-16.7573441;-49.3421954;AVENIDA LIBERDADE;;QD70LT28;GARAVELO;APARECIDA DE GOIÂNIA;74930550;GO;ALESSANDRO;compras@alternativaautopecas.com.br;6232333744
3695;JOHN AC;-15.7975154;-47.8918874; MÓDULO D LOTES;03 E 04;CONDOMÍNIO MESTRE D'ARMAS;PLANALTINA;BRASÍLIA;73403512;DF;JOHN;autocenterjohn@gmail.com;6198592933
3696;FLORESTAL AUTOPEÇAS;-15.8464159;-48.0091090;QUADRA QS 310 CONJUNTO 06 LOTE;7;;SAMAMBAIA SUL;BRASÍLIA;72306536;DF;AILTON ALVES;florestal.altiaga@gmail.com;6134583027
3697;BIRIGÓ AUTOPEÇAS;-15.4536994;-47.6089170;QUADRA 10, NÚMERO 01 LOJA;1;;SETOR LESTE;PLANALTINA;73752110;GO;MAURI RIBEIRO;mrsiraci@yahoo.com.br;6136392913
3698;CW GARAGE;-15.8253984;-48.0601724;QUADRA 02, CONJUNTO A LOTE 07 LOJA;1;SOF SUL;GUARÁ;BRASÍLIA;71215211;DF;WILLIAN DE SOUZA;cwgarage77@gmail.com;6196121218
3699;AUTOPEÇAS PIONEIRO;-12.3759027;-38.3845201;RUA JOSÉ VISCO;668;;PIONEIRO;CATU;48110000;BA;ADEILSON;autopecaspioneiro@ig.com.br;7131391693
3700;REVISE CAR AUTOPEÇAS;-12.3757312;-38.3845147;RUA JOSÉ VISCO;514;;PIONEIRO;CATU;48110000;BA;SIDNEI;sidnei.menezes@hotmail.com;7191529606
3701;AUTOPEÇAS PERFECT;-12.3720821;-38.3892392;RUA JOSÉ VISCO;326;;PIONEIRO;CATU;48110000;BA;HELIO;perfectpecas.ba@hotmail.com;7136419482
3702;AUTOPEÇAS POPULAR;-12.2497675;-38.9620591;RUA SÃO JOSÉ;132;;CENTRO;FEIRA DE SANTANA;44002392;BA;JUCIMAR;jucafsa@hotmail.com;7532258164
3703;GODA AUTOPEÇAS;-12.2535848;-38.9600762;AVENIDA ACM;500;;SÃO FELIZ;FEIRA DE SANTANA;45400000;BA;GODOFREDO;godaautopecasfiscal1@gmail.com;7530240386
3704;BOMPREÇO AUTOPEÇAS;-12.2599137;-38.9631889;PRAÇA DA REPÚBLICA;100;;CENTRO;FEIRA DE SANTANA;44001784;BA;NELSON;autopecasbp@hotmail.com;7532213344
3705;FEIRA FIAT;-12.2461230;-38.9642896;RUA WASHINGTON LUIZ;112;;CENTRO;FEIRA DE SANTANA;44036356;BA;WELLINGTON;feirafiat@fsonline.com.br;7521017400
3706;NARDIN AUTOPEÇAS;-20.8045126;-49.3545588;AVENIDA CARMELO TANCREDI;940;;JARDIM PRIMAVERA;SÃO JOSÉ DO RIO PRETO;15061370;SP;NARDIN;nardin_vendas@hotmail.com;1732133347
3707;AUTOPEÇAS PADRE CICERO;-3.7839661;-38.6229839;AVENIDA OSCAR ARARIPE;3611;;GRANJA LISBOA;FORTALEZA;60540442;CE;DEVAN;filial34@pecicero.com.br;8540095088
3708;AUTOPEÇAS PADRE CICERO;-3.7329372;-38.4805985;AVENIDA ENGENHEIRO SANTA JÚNIOR;416;;PAPICU;FORTALEZA;60181206;CE;WILSON;filial32@pecicero.com.br;8540095088
3709;AUTOPEÇAS PADRE CICERO;-3.8957957;-38.5028030;RODOVIA BR 116;7993;;SANTO ANTÔNIO;EUSÉBIO;61767590;CE;REGIS NETO;filial33@pecicero.com.br;8540095088
3710;AUTOPEÇAS PADRE CICERO;-3.7145483;-38.5888484;AVENIDA CORONEL CARVALHO;1360;;BARRA DO CEARÁ;FORTALEZA;60347112;CE;DENIS;filial28@pecicero.com.br;8540095088
3711;AUTOPEÇAS PADRE CICERO;-5.0496172;-42.8172475;AVENIDA UNIÃO;2830;;REAL COPAGRE;TERESINA;64009500;PI;JHEMISSON;filial25@pecicero.com.br;8631947200
3712;AUTOPEÇAS GUAXINIM;-5.7451747;-39.6280520;RUA JAIME BENEVIDES;136;;CENTRO;MOMBAÇA;63610000;CE;DEDE;financeirojpecas@yahoo.com.br;8899885445
3713;AUTOPEÇAS GUAXINIM;-6.0096087;-40.2874413;RUA SOLON MEDEIROS;14;;ALTO BRILHANTES;TAUÁ;63660000;CE;DEDE;financeirojpecas@yahoo.com.br;8899885445
3714;AUTOPEÇAS GUAXINIM;-4.9712470;-39.0182716;RUA DOUTOR RUI MAIA;394;;CENTRO;QUIXADÁ;63900195;CE;DEDE;financeirojpecas@yahoo.com.br;8899885445
3715;AUTOPEÇAS GUAXINIM;-5.7527510;-39.6279592;AVENIDA ANTONIO NONATO DE CARVALHO;259;;TEJUBANA;MOMBAÇA;63610000;CE;DEDE;financeirojpecas@yahoo.com.br;8899885445
3716;AUTOPEÇAS GUAXINIM;-6.3729749;-39.2996440;AVENIDA JOAQUIM AILTON ALEXANDRE;564;;LETRA A;IGAUTU;63504220;CE;DEDE;financeirojpecas@yahoo.com.br;8899885445
3717;AUTOPEÇAS GUAXINIM;-5.1920779;-39.2865862;RUA CEL TEOFILO LESSA;146;;CENTRO;QUIXERAMOBIM;63800000;CE;DEDE;financeirojpecas@yahoo.com.br;8899885445
3718;AUTOPEÇAS GUAXINIM;-5.1817625;-40.6695032;RUA DOM PEDRO II;1135;;SÃO VICENTE;CRATÉUS;63700160;CE;DEDE;financeirojpecas@yahoo.com.br;8899885445
3719;AUTOPEÇAS GUAXINIM;-5.7527271;-39.6271848;RUA MARIA SABINO;85;;TEJUBANA;MOMBAÇA;63610000;CE;DEDE;financeirojpecas@yahoo.com.br;8899885445
3720;AUTOPEÇAS GUAXINIM;-6.2175119;-40.6979294;RUA MARIA DO ROSARIO CACHIMBO;19;;CACHIMBO;PARAMBU;63680000;CE;DEDE;financeirojpecas@yahoo.com.br;8899885445
3721;AUTOPEÇAS GUAXINIM;-6.0931519;-39.4531552;RUA PADRE LEOPOLDO ROLIM;444;;CENTRO;ACOPIARA;63680000;CE;DEDE;financeirojpecas@yahoo.com.br;8899885445
3722;AUTOPEÇAS GUAXINIM;-4.7067815;-40.5637839;AVENIDA JOAQUIM PEDROSA;2420;G;UNIVERSIDADE;NOVA RUSSAS;63680000;CE;DEDE;financeirojpecas@yahoo.com.br;8899885445
3723;ZOOM AUTOPEÇAS;-22.8361242;-42.1352309;RODOVIA AMARAL PEIXOTO;KM 106;491;BALNEÁRIO DAS CONCHAS;SÃO PEDRO DA ALDEIA;28940000;RJ;EWERTON;zoomautopecas@hotmail.com;2226277258
3724;LP PNEUS;-22.8309349;-42.0925447;RODOVIA RJ 140;300;;NOVA SÃO PEDRO;SÃO PEDRO DA ALDEIA;28941030;RJ;EVERALDO;lpcomerciodepneus@gmail.com;2223209710
3725;CHAVAUTO;-22.8586265;-42.0505512;RODOVIA RJ 140;59;KM 8;VINHATEIRO;SÃO PEDRO DA ALDEIA;28941040;RJ;EDILSON;autopecaschavauto@gmail.com;2226218180
3726;N S JANA;-22.8411480;-42.0716840;RODOVIA RJ 140;55;KM 8;BAIXA GRANDE;SÃO PEDRO DA ALDEIA;28940000;RJ;VERNESSON;maurofelipe76@hotmail.com;2226219622
3727;REZENDE AUTOPEÇAS;-22.8326374;-42.0831770;RODOVIA RJ 140;;KM 5;SÃO JOÃO;SÃO PEDRO DA ALDEIA;28943042;RJ;REGINALDO;rezendeautopecasspdd@gmail.com;2226258295
3728;CMV MOTOS;-22.2575100;-42.5318464;AVENIDA DOS FERROVIARIOS;469;;DUAS PEDRAS;NOVA FRIBURGO;28633010;RJ;CARLOS;cmvmotos@hotmail.com;2225804582
3729;CDI MOTO PECAS;-22.2976021;-42.5391339;AVENIDA CONSELHEIRO JULIUS ARP;371;;OLARIA;NOVA FRIBURGO;28623000;RJ;CLAUDIO;cdi.motopecas@gmail.com;2225236823
3730;COELHO & SOUZA PEÇAS;-22.2621826;-42.5322679;RUA BENJAMIN CONSTANT;85;LOJA A;DUAS PEDRAS;NOVA FRIBURGO;28630085;RJ;MOACYR;coelhoautomecanica@gmail.com;2220100377
3731;GP MOTO PEÇAS;-22.2632030;-42.5243724;RUA IZELINO MADURO;400;;CHACARA  PARAISO;NOVA FRIBURGO;28605300;RJ;DANIEL;danielglda@icloud.com;2297055540
3732;DOIS IRMAOS DE FRIBURGO;-22.2766568;-42.5337873;AVENIDA EUTERPE FRIBURGUENSE;33;;CENTRO;NOVA FRIBURGO;28605130;RJ;DAVID;doisirmaosbaterias@yahoo.com.br;2225226207
3733;GUGA MOTOS;-22.2720385;-42.6107831;AVENIDA ANTONIO MARIO AZEVEDO;21300;;CENTRO;NOVA FRIBURGO;28630560;RJ;GUSTAVO;gugamotopecasfrib@gmail.com;2225222579
3734;LF AUTOPEÇAS;-22.5266986;-44.2012534;RUA LUIZ FERNANDES DE CASTRO;261;;ESPERANÇA;BARRA MANSA;27351310;RJ;LEANDRO;lfautopecasbm@gmail.com;2433236898
3735;AUTOPEÇAS CARRETEIRO;-22.2248913;-42.5175670;RUA SEBASTIAO MARTINS;441;GALPAO  2;CONSELHEIRO PAULINO;NOVA FRIBURGO;28635430;RJ;ROBSON;autopecascarreteiro@gmail.com;2225662570
3736;STOCK CAR AUTOPEÇAS;-22.2373671;-42.5200176;RUA HERDY;41;;PRADO;NOVA FRIBURGO;28635160;RJ;LIZ CARLOS;stockcarapfrib@gmail.com;2225801749
3737;JM PECAS;-22.2210016;-42.5151831;RUA EUGENIA DE ALMEIDA MAIA;184;;CONSELHEIRO PAULINO;NOVA FRIBURGO;28635530;RJ;PATRICIA;patricia.matias1424@gmail.com;2299622266
3738;WIDMEN AC;-22.7973411;-43.2950349;AVENIDA BRIGADEIRO LIMA E SILVA;571;;CENTRO;DUQUE DE CAXIAS;25085131;RJ;GILBERTO;widmencxs@widmen.com.br;2124610300
3739;PNEUAC;-22.7921297;-43.3031150;AVENIDA BRIGADEIRO LIMA E SILVA;1627;;CENTRO;DUQUE DE CAXIAS;25071180;RJ;GUILHERME;duquecaxias@pneuac.com.br;2126714413
3740;WPR RECUPERADORA;-22.6815930;-43.2761427;AVENIDA EMILIO DE MENEZES;S/N;LOTE 15 QUADRA 10;JARDIM PRIMAVERA;DUQUE DE CAXIAS;25215255;RJ;RONALDO;wprrecuperadora@gmail.com;2127730212
3741;MERCEROL AUTOMOTIVA;-22.2265506;-54.7975925;AVENIDA MARCELINO PIRES;3218;;CENTRO;DOURADOS;79801004;MS;EDUARDO;merceroldistribuidora@gmail.com;6734162172
3742;MERCEROL AUTOMOTIVA;-22.2351247;-54.8069648;RUA HAYEL BOM FAKER;2063;;JARDIM SÃO PEDRO;DOURADOS;79810050;MS;THIAGO;thiagokussura@gmail.com;6734212500
3743;AUTOPEÇAS GIDEION;-15.9512880;-54.9821655;RUA TAMANDARÉ;781;78820000;CENTRO;JACIARÁ;78820000;MT;JOÃO MARCOS;gidion4@hotmail.com;6634611410
3744;IZAUTO AUTOPEÇAS;-16.4672232;-54.6355553;AVENIDA PONCE DE ARRUDA;1844;78700100;CENTRO;RONDONÓPOLIS;78700100;MT;JEFERSON;jefersonautopecas@hotmail.com;6634232440
3745;AUTOPEÇAS STOCK;-16.4718980;-54.6407527;AVENIDA PONCE DE ARRUDA;1997;78700100;CENTRO;RONDONÓPOLIS;78700100;MT;SÉRGIO;sergioprinaldi@hotmail.com;6634217000
3746;DISTRIBUIDORA RONDONÓPOLIS;-16.4663247;-54.6386521;RUA JOÃO PESSOA;1420;78700000;CENTRO;RONDONÓPOLIS;78700000;MT;CARLOS;distribuidorarondonópolis@hotmail.com;6634101440
3747;AUTOPEÇAS 3 IRMÃOS;-20.4846054;-54.6155843;AVENIDA COSTA E SILVA;194;79080000;CENTRO;CAMPO GRANDE;79080000;MS;CLAUDEMIR;claudemir3irmaos@hotmail.com;6733421322
3748;ROLICAR AUTOPEÇAS;-22.2239939;-54.7729402;AVENIDA MARCELINO PIRES;5830;79840630;CENTRO;DOURADOS;79840630;MS;ADRIANA;rolicar885@yau.com.br;6734241081
3749;JK AUTOPEÇAS;-22.2401178;-54.8062777;RUA HAYEL BOM FAKER;1803;79811100;CENTRO;DOURADOS;79811100;MS;KENDY;jkpecas.compras@gmail.com;6734101800
3750;AUTOPEÇAS SÓ FIAT;-20.4709207;-54.6180423;AVENIDA CALOGERAS;1301;79004381;CENTRO;CAMPO GRANDE;79004381;MS;ARMANDO;shibataap@hotmail.com;6733241010
3751;BAHIA AUTOPEÇAS;-23.0709393;-54.1961415;AVENIDA AMÉLIA FUKURA;1027;7995000;RESIDENCIAL SOL NASCENTE;NAVIRAI;79950000;MS;AFONSO;bahiadistribuidoradepecas@hotmail.com;6734613865
3752;CIRCUITO PNEUS;-21.1100910;-44.2356310;AVENIDA TRINTA E UM DE MARÇO;600;;COLÔNIA DO MARÇAL;SÃO JOÃO DEL REI;36302016;MG;GUILHERME;cps.circuito@gmail.com;(32) 3372-3546
3753;CIRCUITO PNEUS;-21.1137695;-44.2436738;AVENIDA LEITE DE CASTRO;2722;;FÁBRICAS;SÃO JOÃO DEL REI;36301180;MG;GUILHERME;cps.circuito@gmail.com;(32) 3372-3546
3754;AUTOPEÇAS PAULISTA;-21.1314809;-44.2505760;AVENIDA LEITE DE CASTRO;472;;FÁBRICAS;SÃO JOÃO DEL REI;36300000;MG;HERNANI;autopaulista@outlook.com.br;(32) 3371-9431
3755;CA SÃO JOÃO;-21.1311736;-44.2549305;PRAÇA RAUL SOARES;71;;CENTRO;SÃO JOÃO DEL REI;36300002;MG;VIVIANE;centroautomotivosaojoao@gmail.com;(32) 3371-7664
3756;PNEUS SAO PAULO;-21.1080734;-44.2323430;AVENIDA TRINTA E UM DE MARÇO;866;;COLÔNIA DO MARÇAL;SÃO JOÃO DEL REI;36302016;MG;PAULO;pneus.pspmic@gmail.com;(32) 3372-4745
3757;FIBRA;-21.1089297;-44.2324251;RUA GOVERNADOR VALADARES;90;;COLÔNIA DO MARÇAL;SÃO JOÃO DEL REI;36302346;MG;ALEXANDRE;atendimento@fibracentroautomotivo.com.br;(32) 3379-2100
3758;AUTO CLAQUEL;-21.1055612;-44.2290621;AVENIDA TRINTA E UM DE MARÇO;1478;;COLÔNIA DO MARÇAL;SÃO JOÃO DEL REI;36302016;MG;LUANA;claquelautocenter@gmail.com;(32) 3371-5933
3759;PNEUS SÃO PAULO;-21.1167303;-44.2452229;AVENIDA LEITE DE CASTRO;1577;;FÁBRICAS;SÃO JOÃO DEL REI;36301180;MG;LIVIA;pneumaster@pneussaopaulo.com.br;(32) 3371-7007
3760;AUTO-R CAPUTO;-21.1024351;-44.2282543;AVENIDA TRINTA E UM DE MARÇO;1910;;COLÔNIA DO MARÇAL;SÃO JOÃO DEL REI;36302016;MG;GILSON;oficinacaputo@gmail.com;(32) 3371-1800
3761;DUCAR AUTOPEÇAS;-21.1241376;-44.2456248;RUA JOSÉ NARCÍSO SILVA;127 e 131;;FÁBRICAS;SÃO JOÃO DEL REI;36301206;MG;WILDER;ducarpecas@mgconecta.com.br;(32) 3373-2675
3762;AUTOPEÇAS SUDESTE;-21.0984965;-44.2286931;AVENIDA TRINTA E UM DE MARÇO;2565;;COLÔNIA DO MARÇAL;SÃO JOÃO DEL REI;36302016;MG;LUCAS;sudestepecas@hotmail.com;(32) 3371-7805
3763;AUTOPEÇAS SUDESTE;-21.1864055;-43.9757254;RUA LADISLAU MAGALHÃES;31;;CENTRO;SÃO JOÃO DEL REI;36212000;MG;LUCAS;autopecassudeste@city10.com.br;(32) 3371-7805
3764;AUTOPEÇASSUDESTE;-20.9229839;-44.0810548;AVENIDA SEBASTIÃO PINTO DE ANDRADE;810;;CENTRO;SÃO JOÃO DEL REI;36345000;MG;LUCAS;sudestepecas@hotmail.com;(32) 3371-7805
3765;SKALDARIA;-19.8177200;-44.0000251;RUA MARIA GERTRUDES SANTOS;272;;CÉU AZUL;BELO HORIZONTE;31578300;MG;EMÍLIO;nfe.skaldaria@gmail.com;(31) 3495-8441
3766;SKALDARIA;-19.7823561;-43.9083235;AVENIDA BRASíLIA;630;;DUQUESA - SãO BENEDITO;SANTA LUZIA;33170000;MG;EMÍLIO;nfe.skaldaria@gmail.com;(31) 3495-8441
3767;CASA SALES AUTOPEÇAS;-2.8955490;-40.4487930;AVENIDA MANOEL TEIXEIRA;78;A;CENTRO;JIJOCA DE JERICOACORA;62598000;CE;SALES;casasalesphb@gmail.com;8896824452
3768;CASA SALES AUTOPEÇAS;-2.9276488;-41.7536992;AVENIDA DEPUTADO PINHEIRO MACHADO;2600;;BOA ESPERANÇA;PARNAÍBA;64215420;PI;WESLEY RICARDO;casasalesphb@gmail.com;8695455800
3769;IPÊ;-3.4665799;-51.2035883;AVENIDA GETÚLIO VARGAS;150;;CENTRO;ANAPU;68365000;PA;LUCAS;ipeautocenteranapu@gmail.com;9492275880
3770;TOCANTINS AUTOPEÇAS;-4.6395773;-49.7768797;RODOVIA BR 230;2;;MONTE REI;NOVO REPARTIMENTO;68473000;PA;TARCISIO;tocantinscenter2@gmail.com;9491450206
3771;TOCANTINS AUTOPEÇAS;-4.4086495;-49.9385832;RODOVIA BR 230;55;;NOVO HORIZONTE;NOVO REPARTIMENTO;68473000;PA;ELDER;tocantinarep@gmail.com;9481580007
3772;VOLARER AUTOPEÇAS;-3.2072860;-52.2201268;AVENIDA JOÃO RODRIGUES;1377;;PREMEM;ALTAMIRA;68372191;PA;ABNEGO DIAS;hulkelios@hotmail.com;9391957288
3773;XINGU AUTOPEÇAS;-3.2192551;-52.2223678;AVENIDA TRANCREDO NEVES;2432;;JARDIM INDEPENDENTE;ALTAMIRA;68372573;PA;CLINALDO;xingu_autopecas2011@hotmail.com;9335157667
3774;CASTANHEIRA AUTOPEÇAS;-3.2077839;-52.2171052;TRAVESSA PEDRO GOMES;825;;CENTRO;ALTAMIRA;68371150;PA;NILSON;castanheira.autopecas@hotmail.com;9335153443
3775;AUTOPEÇAS CAPITAL;-3.2060283;-52.2177042;TRAVESSA PEDRO GOMES;1088;;CENTRO;ALTAMIRA;68371150;PA;JOSÉ WELLINGTON;autopecascapital@gmail.com;9335152087
3776;PERI AUTOPEÇAS;-3.7735076;-49.6739408;TRAVESSA W 01;555;;COHAB;TUCURUÍ;68459820;PA;ANTONIA CRISTINA;periautocenter076@gmail.com;9491241722
3777;ATUAL AUTOPEÇAS;-3.7716948;-49.6740951;AVENIDA BRASÍLIA;376;;BELA VISTA;TUCURUÍ;68455005;PA;REGINALDO SANTOS;atualpecas10@gmail.com;9491681994
3778;CAMPIONI;-3.7600645;-49.6814811;RODOVIA BR 422;S/N;QD 05;PARQUE DOS BURITIS;TUCURUÍ;68455130;PA;RODRIGO;campionipneus@yahoo.com.br;9481662323
3779;BICAR;-3.7649134;-49.6683179;RUA SANTA TEREZINHA;17;;CENTRO;TUCURUÍ;68458000;PA;MARIO IUZO;bicar@mconline.com.br;9437871584
3780;TOCANTINS AUTOPEÇAS;-3.7690408;-49.6721140;RUA RAIMUNDO VERIDIANO CARDOSO;68;;CENTRO;TUCURUÍ;68456760;PA;GILSON;gilson_caraujo@hotmail.com;9437872756
3781;ASSUERO AUTOPEÇAS;-3.7732626;-49.6751442;RUA RAIMUNDO VERIDIANO CARDOSO;100;;CENTRO;TUCURUÍ;68456760;PA;ASSUERO;assueropecas@gmail.com;(94) 9199-6747
3782;CALPEN AUTOPEÇAS;-20.2349041;-41.5107931;AVENIDA BELO HORIZONTE;9;GALPÃO;BELA VISTA;IBATIBA;29395000;ES;ALAIR BENTO;cobrancacpa@calpen.com.br;2734213350
3783;CALPEN AUTOPEÇAS;-20.2560046;-42.0244490;RODOVIA BR 262;KM 39;;PONTE DA ALDEIA;MANHUAÇU;36000000;MG;JENIFFER;calpen@calpen.com.br;3333393000
3784;CALPEN AUTOPEÇAS;-19.7817103;-42.1333797;AVENIDA PRESIDENTE TANCREDO NEVES;1141;;ZACARIAS;CARATINGA;35300010;MG;JOAO;joao@calpen.com.br;3333224600
3785;CA MANHUMIRIM;-20.3508595;-41.9577261;AVENIDA TEOFILO TOSTES;563;;CENTRO;MANHUMIRIM;36970000;MG;HELENO;automais@yahoo.com.br;3333412606
3786;JANINHO AUTOPEÇAS;-20.3526693;-41.9577544;AVENIDA TEOFILO TOSTES;329;LOJA 2;CENTRO;MANHUMIRIM;36970000;MG;LUCAS VIDON GARCIA DE PAULA;janinhoautopecas@yahoo.com.br;3333411261
3787;LEVI AUTOPEÇAS;-20.2358202;-41.5081444;AVENIDA SETE DE NOVEMBRO;194;;CENTRO;IBATIBA;29395000;ES;PEDRO HENRIQUE B DA SILVEIRA;leviautopecas@hotmail.com;2835431224
3788;ANTONIO AUTOPEÇAS;-20.2560957;-42.0334316;RUA BEIRA RIO;S/N;;BOM JARDIM;MANHUAÇU;36906408;MG;DOUGLAS NASCIMENTO;aapmg011.caixa@aap.com.br;2821011900
3789;ANTONIO AUTOPEÇAS;-20.6563373;-40.5025787;AVENIDA GOVERNADOR JONES DOS SANTOS NEVES;3027;;MUQUIÇABA;GUARAPARI;29215002;ES;GILMAR BIANCARDI;caixa.guarapari@aap.com.br;2733625827
3790;FROSSARD AUTOPEÇAS;-20.6091242;-41.2037784;AVENIDA NOSSA SENHORA DA PENHA;631;;CENTRO;CASTELO;29360000;ES;CELSO;frossardautopecas@hotmail.com;2835421900
3791;GILVAN AUTOPEÇAS;-20.0843338;-41.1210237;AVENIDA MARFISA DE BARROS LEITE;580;;CAMPO VINTE;AFONSO CLAUDIO;29600000;ES;RAFAEL;rafpires10@hotmail.com;2737351131
3792;GILVAN AUTOPEÇAS;-19.9009345;-41.0560307;RUA PROJETADA;SN;;SEDE;LARANJA DA TERRA;29615000;ES;RAFAEL;rafpires10@hotmail.com;2737361056
3793;GILVAN AUTOPEÇAS;-20.0843338;-41.1210237;RUA MARFISA DE BARROS LEITE;580;;CAMPO VINTE;AFONSO CLAUDIO;29600000;ES;RAFAEL;rafpires10@hotmail.com;2737351131
3794;PEÇAUTO AUTOPEÇAS;-20.1202711;-40.2956945;RUA JOSE DE SOUZA ALENCAR;30;;JD LIMOEIRO;SERRA;29163360;ES;CARLINHOS;financeiroponte@gmail.com;2733281198
3795;KITSPEÇAS;-20.2216243;-40.2606666;RUA JOAQUIM DA SILVA CARNEIRO;202;AREA B/ESCRI;SÃO DIOGO I;SERRA;29163280;ES;ROGER;geraldomangelocosta@hotmai.com;2736366904
3796;PEÇAUTO AUTOPEÇAS;-20.2883979;-40.3047177;RUA DONA MARIA ROSA;425;;PONTE DA PASSAGEM;VITÓRIA;29045110;ES;PAULO;pecautoponte@gmail.com;2733254656
3797;SELEME AUTOPEÇAS;-19.3947210;-40.0456436;AVENIDA VITORIA;2394;;CENTRO;LINHARES;29900080;ES;JOAO;compras@selemeoficina.com.br;2721033363
3798;SMAP AUTOPEÇAS;-20.2165607;-40.2657286;RUA CASTELO;537;;JD LIMOEIRO;SERRA;29164030;ES;CARLOS;gerenciaes@ancora.com.br;2740099300
3799;HELL AUTOPEÇAS;-20.0293596;-40.7416254;RUA FLORIANO BERGER;19;;CENTRO;SANTA MARIA DE JETIBÁ;29645000;ES;URIEL;helautopecas@hotmail.com;2732631198
3800;FAE AUTOPEÇAS;-20.3116804;-40.3201759;AVENIDA VITORIA;1956;LJ 01 E 02;SANTA MARIA;VITÓRIA;29051040;ES;VITOR;faeimports@hotmail.com;2732278044
3801;FAE AUTOPEÇAS;-20.1209612;-40.3038778;AVENIDA SÃO JOSE;226;LOTE 6;JD LIMOEIRO;SERRA;29164037;ES;HERCULES;faeimportsserra@faeauto.com.br;2733282277
3802;PRINCESA CAR AUTOPEÇAS;-22.8798004;-43.5039523;AVENIDA SANTA CRUZ;8865;;REALENGO;RIO DE JANEIRO;21710232;RJ;ANDERSON;princesapecas@gmail.com;2122090024
3803;LEÃO DE JUDÁ IMPORT;-22.7771379;-43.3019965;AVENIDA DUQUE DE CAXIAS;599;;PAULICÉIA;DUQUE DE CAXIAS;25070096;RJ;LUCAS;leaodejudaimport@gmail.com;2141290955
3804;BELOMA AUTOPEÇAS;-22.7823027;-43.3013955;AVENIDA DUQUE DE CAXIAS;676;;PAULICÉIA;DUQUE DE CAXIAS;25071000;RJ;MARCELO;belpiri@uol.com.br;2126713440
3805;DUDAS CAR;-22.7814667;-43.3026627;RUA PARANA;816;;PAULICÉIA;DUQUE DE CAXIAS;25071000;RJ;RONI;avila.pereirapecas@ig.com.br;2127716748
3806;VITÓRIA DA PAULICEIA;-22.7825146;-43.3050096;AVENIDA DUQUE DE CAXIAS;718;;PAULICÉIA;DUQUE DE CAXIAS;25070070;RJ;MARTA;vitoriadapauliceia@hotmail.com;2126714146
3807;AMIGOS AUTOPEÇAS;-22.7825133;-43.3050077;AVENIDA DUQUE DE CAXIAS;716;A;PAULICÉIA;DUQUE DE CAXIAS;25070102;RJ;ELIZEU;elizeugonzagacosta@hotmail.com;2126520630
3808;ROMÁRIO AE;-22.9036552;-43.1894007;AVENIDA DUQUE DE CAXIAS;693;;VILA ITAMARATI;DUQUE DE CAXIAS;25020080;RJ;LINEKER;romarioautoeletrica@yahoo.com.br;2139392470
3809;VIANNA AE;-22.9036552;-43.1894007;AVENIDA DUQUE DE CAXIAS;720;;PAULICÉIA;DUQUE DE CAXIAS;25020080;RJ;LUCAS;vianna.autoeletrica@gmail.com;2127713828
3810;ESTRELA AUTOPEÇAS;-22.7868557;-43.3130887;AVENIDA DUQUE DE CAXIAS;716;B;PAULICÉIA;DUQUE DE CAXIAS;25020102;RJ;BRUNO;atendimentoestrelaautopecas@gmail.com;2126525213
3811;MOTO DUDAS PEÇAS;-22.7818731;-43.3045818;AVENIDA PRESIDENTE TANCREDO NEVES;3;;ITATIAIA;DUQUE DE CAXIAS;25070096;RJ;FERNANDO;motodudas.fernando@gmail.com;2138480183
3812;PEÇA CERTA FREDERICO;-27.3433093;-53.3864579;RODOVIA BR 386;KM 32;PAVILHÃO 2;SÃO FRANCISCO DE PAULA;FREDERICO WESTPHALEN;98400000;RS;CLEDER;danfre@pecacerta.com.br;5537440900
3813;PEÇA CERTA TRÊS PASSOS;-27.4530872;-53.9349337;RUA VISCONDE DE MAUÁ;266;;CENTRO;TRÊS PASSOS;98600000;RS;DANIEL;danfre@pecacerta.com.br;5520320900
3814;CENTRAL AUTOPEÇAS;-27.8637749;-54.4847244;AVENIDA INHACORÁ;799;;CENTRO;SANTA ROSA;98780818;RS;GERSSON;sac@acentralresolve.com.br;5535126244
3815;CENTRAL AUTOPEÇAS;-28.2397347;-52.3783244;AVENIDA BRASIL LESTE;2183;;PETRÓPOLIS;PASSO FUNDO;99050073;RS;CUSTODIO;sac@acentralresolve.com.br;5421006244
3816;CENTRAL AUTOPEÇAS;-28.3939534;-53.9185928;AVENIDA 21 DE ABRIL;523;;CENTRO;IJUÍ;98700000;RS;CLEITON;sac@acentralresolve.com.br;5533336244
3817;AM SANTO CRISTO;-27.8281752;-54.6686018;RUA MARECHAL FLORIANO;2182;;CENTRO;SANTO CRISTO;98960000;RS;DELMAR;amutzig@gmail.com;5535411245
3818;SNOW PARTS;-29.7270192;-51.1309883;RUA MÉXICO;114;PRÉDIO A;SANTO AFONSO;NOVO HAMBURGO;93420310;RS;CLEITON;contato@snowpartsbrasil.com.br;5130671540
3819;VANESSA COMÉRCIO PEÇAS;-29.6460732;-51.0248281;RODOVIA RS 239;5001;;VILA IRMA;SAPIRANGA;93805798;RS;JUNIOR;vanessaradiadores@gmail.com;5135294991
3820;ELICAR AUTOPEÇAS;-29.7242602;-51.1373129;RUA ALVEAR;238;;SANTO AFONSO;NOVO HAMBURGO;93334370;RS;ELIAS;elicarautopecas@hotmail.com;5135254717
3821;CA ALIANÇA;-27.8285740;-54.6598714;AVENIDA DOM PEDRO II;1545;;CENTRO;SANTO CRISTO;98960000;RS;MATHEUS;aliancacentroauto.financeiro@hotmail.com;5599651379
3822;MAX AC;-30.0032600;-51.1810100;AVENIDA SERTÓRIO;2435;;SANTA MARIA GORETTI;PORTO ALEGRE;91030541;RS;RODRIGO;maxsertorio@hotmail.com;5130228808
3823;JR AUTOPEÇAS;-28.3049807;-54.2592484;RUA MARECHAL FLORIANO;999;;CENTRO;SANTO ÂNGELO;98816500;RS;ROBERTO;jr.nfentrada@gmail.com;5533122339
3824;LERM AUTOPEÇAS;-31.7225478;-52.3533805;RUA SANTA CLARA;504;;TRÊS VENDAS;PELOTAS;96065420;RS;CLAISTON;autopecaslerm@gmail.com;5332831034
3825;SUL PEÇAS;-27.9430598;-52.9196933;AVENIDA 7 DE SETEMBRO;1822;;CENTRO;SARANDI;99560000;RS;FABIANO;ffsulpecas1@gmail.com;5499002601
3826;MARQUES AUTOPEÇAS;-31.7587828;-52.3678871;AVENIDA DUQUE DE CAXIAS;363;;FRAGATA;PELOTAS;96030001;RS;SERGIO;marquesautopecas@gmail.com;5332713616
3827;AUTOPEÇAS CAPONI;-29.9010759;-51.1768144;AVENIDA GETÚLIO VARGAS;7326;BR 116;CENTRO;CANOAS;92010064;RS;VILNEI;autopecascaponi@gmail.com;5134725245
3828;PONTO CAR AUTOPEÇAS;-29.9015968;-51.2143062;AVENIDA RIO GRANDE DO SUL;3140;;MATHIAS VELHO;CANOAS;92330001;RS;LEONARDO;pontocarap@gmail.com;5130800326
3829;ATLÂNTICO AUTOPEÇAS;-29.9015347;-51.2077181;AVENIDA RIO GRANDE DO SUL;2631;;MATHIAS VELHO;CANOAS;92330001;RS;DIEGO;atlanticonfsap@gmail.com;5134726444
3830;RENAUTO;-29.6766416;-51.4748779;RUA CORONEL ANTÔNIO INÁCIO;1999;;SANTO ANTÔNIO;MONTENEGRO;92513200;RS;RAFAEL;contato@renautoautocenter.com.br;5136321555
3831;TAMAVI AUTOPEÇAS;-29.9035251;-51.1820089;AVENIDA RIO GRANDE DO SUL;284;;MATHIAS VELHO;CANOAS;92330001;RS;LEANDRO;tamavi@tamavi.com.br;5134728565
3832;CONFIANÇA AUTOPEÇAS;-10.9097292;-37.0790828;AVENIDA CHANCELER OSVALDO ARANHA;387;;NOVO PARAÍSO;ARACAJU;49082110;SE;DYVANGEL;loja@autopecasconfianca.com;7932411798
3833;M.W. PEÇAS;-12.7862394;-38.3949444;AVENIDA WASHIGTON LUIS;223;;CENTRO;SIMÕES FILHO;43700000;BA;ITALO;mwsimoesfilho@hotmail.com;7199875624
3834;PARAÍSO AUTOPEÇAS;-10.9093536;-37.0787595;AVENIDA CHANCELER OSVALDO ARANHA;374;;NOVO PARAÍSO;ARACAJU;49082110;SE;KAIO;kaio@paraisoautopecas.com.br;7933031691
3835;WA AUTOPEÇAS;-10.9093018;-37.0790014;AVENIDA CHANCELER OSVALDO ARANHA;396;;NOVO PARAÍSO;ARACAJU;49082110;SE;WILSON;vendas@waautopecas.com.br;7932419246
3836;ARW PEÇAS;-11.4140492;-39.4591103;RODOVIA BA 120;635;;CENTRO;VALENTE;48890000;BA;MAICKI;arwautopecas@hotmail.com;7532632403
3837;LW AUTOPEÇAS;-12.9182755;-38.4672711;ESTRADA VELHA DE CAMPINAS;57;;CAMPINAS DE PIRAJÁ;SALVADOR;41270000;BA;CLERISON;lw_autopecas@hotmail.com;7132462442
3838;IPIRANGA AC;-25.3993060;-52.4139937;RUA IVAN FERREIRA DO AMAREL FILHO;2797;;CENTRO;LARANJEIRAS DO SUL;85303000;PR;BIRA;ipiranga_autocenter@hotmail.com;4236354811
3839;BS AUTOPEÇAS;-25.4513508;-52.9081094;AVENIDA MARGINAL IÊ;2762;;PROGRESSO;QUEDAS DO IGUAÇU;85460000;PR;ALBERI;dspecas2662@gmail.com;4635321908
3840;TECNOCAR CA;-25.7064897;-52.9163716;RUA DAS AMÉRICAS;305;;CENTRO;SÃO JORGE DO OESTE;85575000;PR;ELISA;tecnocar@netoeste.com.br;4635341406
3841;SCHADESK AUTOPEÇAS;-25.3777473;-52.1222646;RUA MARTA HEUPA;486;;CENTRO;CANTAGALO;85160000;PR;LUCAS;schadeckpecas@hotmail.com;4236361766
3842;CA VITÓRIA;-24.9378303;-53.4485011;RUA MANAUS;640;;COUNTRY;CASCAVEL;85813100;PR;JOSUÉ;josue.bfc@hotmail.com;4530996264
3843;RS TINTAS AC;-25.4059569;-52.4129243;RUA MARECHAL CANDIDO RONDON;2358;;CENTRO;LARAJEIRAS DO SUL;85301060;PR;DELCIR;nenarstintas@gmail.com;4236352016
3844;RS CA;-25.4069493;-52.4123802;RUA CORONEL GUILHERME DE PAULA;1337;;CENTRO;LARANJEIRAS DO SUL;85301070;PR;DELCIR;rscentroautomotivoltda@gmail.com;4236356541
3845;PRIMON CA;-24.9643582;-53.4820787;RUA CUIABÁ;4660;;ALTO ALEGRE;CASCAVEL;85805260;PR;GILBERTO;primonautocenter@hotmail.com;4533268899
3846;MT CAPELIN AE;-25.8366973;-52.0255361;RUA PEDRI SIQUEIRA;811;;CENTRO;RESERVA DO IGUAÇU;85195000;PR;MEIRE;meirecapelin@gmail.com;4236511364
3847;AUTOPEÇAS FIORENTIN;-25.7635040;-53.0580074;AVENIDA PRESIDENTE KENNEDY;1337;;CENTRO SUL;DOIS VIZINHOS;85660000;PR;LEANDRO;fiorentincentroautomotivo@gmail.com;4635363221
3848;KOSOUSKI;-25.3703466;-52.1176359;RUA JÕAO MILTON FAGUNDES;351;;VILA DARIANA;CANTAGALO;85160000;PR;JOSIANE;kosouskimecanica@hotmail.com;4298392919
3849;SUPER CAR;-25.7511034;-53.0606298;AVENIDA MÉXIXO;213;;CENTRO;DOIS VIZINHOS;85660000;PR;LUIZ CARLOS;lcsupercar@gmail.com;4699120100
3850;AM DO MARCELO;-24.5391323;-54.0497801;RUA CAMPO GRANDE;197;;HIGIENÓPOLIS;MARECHAL CÂNDIDO RONDON;85960000;PR;MARCELO;marcelotombini@hotmail.com;4599378067
3851;MORAES AUTOPEÇAS;-26.2292407;-52.6750063;AVENIDA BRASIL;140;;CENTRO;PATO BRANCO;85501071;PR;MORAIS;moraespatopecas@gmail.com;4632253400
3852;MCR AC;-24.9429494;-53.4764236;RUA MANAUS;3648;;CAMCELLI;CASCAVEL;85811030;PR;CARLOS ROCHA;carlosrocha1988@gmail.com;4533064226
3853;KRÁUSE AC;-24.5684686;-54.0391528;RUA DOM PEDRO;467;;CENTRO;MARECHAL CÂNDIDO RONDON;85960000;PR;FRÁUSE;krauseautocenter@gmail.com;4532541929
3854;AM CORO;-25.3533838;-54.2482696;RUA ANGELO GHELLERE;105;;JARDIM MISSÕES;SÃO MIGUEL DO IGUAÇU;85877000;PR;ALAN MORO;mec.moro85@gmail.com;4599357230
3855;AUTOPEÇAS CERCENA;-25.3480992;-54.2401425;AVENIDA IGUAÇU;1033;;CENTRO;SÃO MIGUEL DO IGUAÇU;85877000;PR;VAGNER;autopecascecena@hotmail.com;4535651029
3856;AUTOPEÇAS MEDIANEIRA;-25.2947528;-54.0934686;AVENIDA BRASILIA;1025;;CENTRO;MEDIANEIRA;85884000;PR;ALCEU;spancerski.financeiro@hotmail.com;4532643040
3857;L R PERFOMANCE MOTO PEÇAS;-22.2545703;-42.5465382;AVENIDA ANTONIO MARIO DE AZEVEDO;2261;;DUAS PEDRAS;NOVA FRIBURGO;28630100;RJ;RENATO;lrperformancemotopecas@hotmail.com;2225230025
3858;J R MOTOS E PEÇAS;-22.2363735;-42.5202231;AVENIDA GOVERNADOR ROBERTO SILVEIRA;3520;;DUAS PEDRAS;NOVA FRIBURGO;28635000;RJ;FRANCYELE;francyene_lopes@hotmail.com;2299924633
3859;MELHORANCE MOTO PEÇAS;-22.2518480;-42.5254824;AVENIDA GOVERNADOR ROBERTO SILVEIRA,;1290;;DUAS PEDRAS;NOVA FRIBURGO;28635000;RJ;NIVALDO;melhorlancemotopecas@gmail.com;2292078446
3860;MINEIRO MOTO PEÇAS;-22.5342790;-43.2195039;ESTRADA AYRTON SENNA;847;;QUITANDINHA;PETRÓPOLIS;25650340;RJ;JOAO HENRIQUE;mineiromotopecaspet@gmail.com;2422912093
3861;MV MOTOS;-22.2738434;-42.5328306;AVENIDA EUTERPE FRIBURGUENSE;160;;CENTRO;NOVA FRIBURGO;28605130;RJ;MARCELO;mvmotopecasnfrib@gmail.com;2225227854
3862;BEIRA RIO AUTOPEÇAS;-22.5023134;-44.1062379;AVENIDA ALMIRANTE ADALBERTO DE BARROS NUNES;1870;;VILA MURY;VOLTA REDONDA;27281800;RJ;FRANCISCO;beirarioatopecasvr@gmail.com;2433460590
3863;ATERRADO AUTOPEÇAS;-22.5056143;-44.0921131;AVENIDA PAULO DE FRONTIN;750;;ATERRADO;VOLTA REDONDA;27213150;RJ;JARBAS;aterradoautopecas@hotmail.com;2433460590
3864;AUTOPEÇAS TOURON;-22.5223807;-43.1897508;RUA CORONEL VEIGA;233;;CORONEL VEIGA;PETRÓPOLIS;25655171;RJ;SERGIO;touronautopecas@gmail.com;2422431030
3865;DCAR BOM ASTRAL;-22.4948426;-43.1592721;RUA QUISSAMA;1232;;QUISSAMA;PETRÓPOLIS;25615412;RJ;CRISTIANE;paulomd17@gmail.com;2431112695
3866;CRISTINA AUTOPEÇAS;-22.4683276;-43.1436368;RUA HUMBERTO ROVIGATTI;514;;SAMAMBAIA;PETRÓPOLIS;25710252;RJ;CRITINA;cristinaautopecas514@gmail.com;2422420835
3867;G.R. AUTOPEÇAS;-21.1595075;-47.7956663;AVENIDA CORONEL QUITO JUNQUEIRA;276;;CAMPOS ELÍSEOS;RIBEIRÃO PRETO;14085610;SP;GUILHERME;grautopecas@outlook.com;1632377051
3868;TAVARES AUTOPEÇAS;-21.1608257;-47.7934150;AVENIDA CORONEL QUITO JUNQUEIRA;547;;CAMPOS ELÍSEOS;RIBEIRÃO PRETO;14085620;SP;ANDRÉ;andre@tavaresautopecas.com.br;1633236646
3869;CASA DO FUSCA;-21.1811230;-47.8111600;RUA AMAZONAS;1039;;CAMPOS ELÍSEOS;RIBEIRÃO PRETO;14080270;SP;THIAGO;casadofuscarp@gmail.com;1632117636
3870;M C BATERIAS E AUTOPEÇAS;-22.7420551;-43.7049461;AVENIDA MINISTRO FERNANDO COSTA;883;LOJA;CENTRO;SEROPÉDICA;23890001;RJ;CRISTIANO;deisecbm@bol.com.br;2137877181
3871;GUARATIBA AC;-22.9984889;-43.6302346;ESTRADA DA MATRIZ;536;;PEDRA DE GUARATIBA;RIO DE JANEIRO;23020715;RJ;RENATO;guaratibaautocenter@yahoo.com.br;2124171963
3872;CELIA QUEIROS;-22.6375949;-43.2691484;AVENIDA AUTOMOVEL CLUBE;628;;SANTA CRUZ DA SERRA;DUQUE DE CAXIAS;25267135;RJ;CELIA;araujocautomotivo@outlook.com;2126757116
3873;FERT AUTOPEÇAS;-22.7509800;-43.3038647;AVENIDA REPUBLICA DO PARAGUAI;77;;GRAMACHO;DUQUE DE CAXIAS;25050100;RJ;RENAN;renan.barboza@fertautopecas.com;965016038
3874;ALIANÇA AUTOPEÇAS;-22.6464758;-43.2837043;RODOVIA WASHINGTON LUIZ;18208;;SANTA CRUZ DA SERRA;DUQUE DE CAXIAS;25240005;RJ;CARLOS;aliancaautopecas@gmail.com;2134916275
3875;K R AUTOPEÇAS;-22.6408519;-43.2770893;AVENIDA AUTOMOVEL CLUBE;492;KM 48;SANTA CRUZ DA SERRA;DUQUE DE CAXIAS;25240005;RJ;EDMILSON;krautopecas9@gmail.com;981941283
3876;SEROPEÇAS ACESSORIOS;-22.7133633;-43.3366886;AVENIDA MINISTRO FERNANDO COSTA;888;;SANTA CRUZ DA SERRA;DUQUE DE CAXIAS;23835302;RJ;FELIPE;potikar@ibest.com.br;2121681594
3877;ROLUGA AUTOPEÇAS;-22.7479323;-43.6984971;AVENIDA MINISTRO FERNANDO COSTA;38;KM 49;SEROPEDICA;RIO DE JANEIRO;23894358;RJ;DOUGLAS;rolugaautopecas@yahoo.com;2126821981
3878;LUIZ E ANA AUTOPEÇAS;-22.8517470;-43.6024107;ESTRADA RIO SÃO PAULO;3540;;KM 32;RIO DE JANEIRO;26298566;RJ;ELTON;rlmdesouza@gmail.com;2126865058
3879;AUTOPEÇAS PIRAQUE;-22.9940951;-43.6139386;ESTRADA DA MATRIZ;2345;;PEDRA DE GUARATIBA;RIO DE JANEIRO;23020715;RJ;PAULO;autopecaspiraque@gmail.com;967824823
3880;NOVA MATRIZ 610 AUTOPEÇAS;-22.9941029;-43.5950564;ESTRADA DA MATRIZ;610;;PEDRA DE GUARATIBA;RIO DE JANEIRO;23020710;RJ;FABIANA;novamatriz@yahoo.com.br;2132922068
3881;SEROPEDICA DIESESL;-22.8043647;-43.6390872;RODOVIA BR 465;42;;CENTRO;SEROPÉDICA;23890001;RJ;GUILHERME;seropedicadiesel@yahoo.com.br;2127963203
3882;AC MARIOS;-22.9870204;-43.6514402;ESTRADA DA PEDRA;7364;;PEDRA DE GUARATIBA;RIO DE JANEIRO;23030380;RJ;SERGIO;administrativo2mariosautopecas.com;2124173234
3883;AUTOPEÇAS ROCAR;-25.0244788;-50.5867597;RUA JOSE MARIA TAQUES;284;;CENTRO;IPIRANGA;84450000;PR;CARLOS;rocarautopecasipga@hotmail.com;4232421400
3884;AUTOPEÇAS IPERIN;-25.5297569;-48.5204177;ALAMEDA CORONEL ELYSIO PEREIRA;914;SALA 3;ESTRADINHA;PARANAGUÁ;83206000;PR;ELIANE;autopecasiperin.paranagua@gmail.com;4134229631
3885;AUTOPEÇAS 4X4;-24.3339405;-50.6389944;AVENIDA MARECHAL FLORIANO PEIXOTO;1062;;ALTO DAS OLIVEIRAS;TELEMACO BORBA;84266010;PR;MARCOS;parana4x4pecas@gmail.com;4232731265
3886;AUTOPEÇAS NINO;-25.4778577;-49.3440710;RUA MUNICIPIO DE ENEAS MARQUES;12;;CIDADE INDUSTRIAL;CURITIBA;81250260;PR;FABRICIO;fabricionino1@hotmail.com;4130442947
3887;AUTOPEÇAS WS;-25.5297569;-48.5204177;ALAMEDA CORONEL ELYSIO PEREIRA;914;;ESTRADINHA;PARANAGUÁ;83206000;PR;WALTER;wtt.luizz@gmail.com;41988378090
3888;AUTOPEÇAS TOTAL;-25.4339344;-49.1621192;RUA HUMBERTO DE ALENCAR BRANCO;364;;VILA AMELIA;PINHAIS;83330124;PR;DAVID;total@totalpecas.com;4135577337
3889;AUTOPEÇAS ULTRA MAX;-25.4340556;-49.1750145;RODOVIA DEPEPUTADO JOÃO LEOPOLDO JACOMEL;11034;;PINEVILLE;PINHAIS;83320005;PR;CRISTIANO;dvdesouzafinanceiro@gmail.com;4130590025
3890;AC BRANELLO;-25.4838687;-49.2444939;RUA ANNE FRANK;2045;;HAUER;CURITIBA;81610000;PR;RONALDO;gerente.hauer@branello.com.br;4133762290
3891;AC BRANELLO;-25.3989229;-49.2386400;RUA NICARAGUA;1043;;BACACHERI;CURITIBA;82610170;PR;FABIANO;atendimento1@branello.com.br;4133566339
3892;AUTOPEÇAS INVICTA;-25.4530037;-49.0710860;AVENIDA BARAO DO CERRO AZUL;1883;LOJA 5;CENTRO;PIRAQUARA;83301000;PR;IVAN;invictapiraquara@hotmail.com;4137975990
3893;AUTOPEÇAS INVICTA;-25.5277800;-49.0923700;RUA VANDERLEI MORENO;11110;;BORDA DO CAMPO;SÃO JOSÉ DOS PINHAIS;83075342;PR;IVAN;invictaautopecas@hotmail.com;4136736147
3894;DISAUTO;-26.7728745;-51.0018610;RUA ALFREDO GIOPPO;2800;;CHAMPAGNAT;CAÇADOR;89503570;SC;JEFFERSON;disauto@disauto.com.br;4932511933
3895;DISAUTO;-27.6242613;-48.6469019;RUA JUDITE MELO DOS SANTOS;133;;DISTRITO INDUSTRIAL;SÃO JOSÉ;88104765;SC;ALEX;samuel@disauto.com.br;4932511912
3896;AUTOPEÇAS POSITIVA;-25.4588459;-49.0981270;RODOVIA JOAO LEOPOLDO JACOMEL;1780;;JARDIM PRIMAVERA;PIRAQUARA;83302000;PR;GESSE;positivapiraquara@gmail.com;4130346910
3897;AUTOPEÇAS POSIVA;-25.4673976;-49.2092097;RUA FILIPINAS;442;;CAJURU;CURITIBA;82960150;PR;GILSON;positivacajuru@gmail.com;4131488600
3898;MOTO PEÇAS SAVAGES;-25.4942420;-49.2808460;AVENIDA BRASILIA;6391;;XAXIM;CURITIBA;81020010;PR;RICHARD;richard@motosavages.com.br;4133333344
3899;MOTO PEÇAS SAVAGES;-25.3972462;-49.2340673;AVENIDA PREFEITO ERASTO GAERTNER;1499;;BACACHERI;CURITIBA;82515000;PR;RICHARD;loja2@motosavages.com.br;4133333344
3900;MOTO PEÇAS SAVAGES;-25.4439372;-49.2601066;RUA JOAO NEGRAO;1758;;REBOUÇAS;CURITIBA;80230150;PR;WILSON;loja3@motosavages.com.br;4130227475
3901;MOTO PEÇAS SAVAGES;-25.4519525;-49.1759621;AVENIDA IRAI;1275;;JARDIM WEISOPOLIS;PINHAIS;83321000;PR;ELISEU;pinhais@motosavages.com.br;4133333344
3902;AUTOPEÇAS POSITIVA;-25.5320739;-49.1984490;AVENIDA DAS AMERICAS;1870;;TRES MARIAS;SÃO JOSÉ DOS PINHAIS;83030640;PR;GILSON;saojose@positivaautopecas.com.br;4130589300
3903;COBRA AUTOPEÇAS;-24.6286482;-53.3180299;RUA INTES DOLAR FONTANA;178;;CENTRO;CAFELÂNDIA;85415000;PR;ANDERSON;cobrapecas.caf@hotmail.com;4532411515
3904;REVISAUTO AUTO;-18.3075488;-51.9629978;RUA JOAQUIM MANECO;18;;CENTRO;SERRANOPÓLIS;75800000;GO;ROGERIO;joserogeriovalentin@gmail.com;6496067042
3905;DELMA AUTOPEÇAS;0.0297742;-51.0569770;RUA ELIEZER LEVY;2450;;TREM;MACAPÁ;68908908;AP;DELMA;delmaamanajas04@gmail.com;9684567042
3906;LUBFLEX AUTOPEÇAS;-7.1789301;-48.2220341;AVENIDA CÔNEGO JOÃO LIMA;8;;LOTEAMENTO SÃO FRANCISCO;ARAGUAÍNA;77823375;TO;ROBERO;lubflex.autopeca@hotmail.com;6334152355
3907;AUTO LATAS COLINAS;-8.0634837;-48.4693959;AVENIDA PEDRO LUDOVICO TEIXEIRA;285;;CENTRO;COLINAS DO TOCANTINS;77760000;TO;OSMAEL;souzaesantos_2017@hotmail.com;6334764342
3908;BRASIL AUTOPEÇAS;-10.1671333;-48.8813862;AVENIDA TRANSBRASILIANA;1341;;CENTRO;PARAÍSO DO TOCANTINS;77600000;TO;VAVÁ;alvesegomesjc@hotmail.com;6336026001
3909;AUTOPEÇAS CENTRAL;-10.1766132;-48.8813540;AVENIDA TRANSBRASILIANA;1345;;CENTRO;PARAÍSO DO TOCANTINS;77600000;TO;HERNANES;apeautopecas@hotmail.com;6336023010
3910;MB AUTOMOTIVE;-7.1915633;-48.2094801;RUA 11;320;;VILA SÃO PEDRO;ARAGUAÍNA;77823440;TO;INDECLEEY;mbautomotive2016@gmail.com;6392245155
3911;NORTE AUTOPEÇAS;-10.1788731;-48.3275454;QUADRA 104 NORTE AV LO 4;44;;PLANO DIRETOR NORTE;PALMAS;77006016;TO;FERNANDO;nortecarpalmas@gmail.com;6332133046
3912;TREVÃO AUTOPEÇAS;-10.1594398;-48.8823667;AVENIDA TRANSBRASILIANA;2431;;MILENA;PARAÍSO DO TOCANTINS;77600000;TO;MARCIO;trevoautopecas.to16@gmail.com;6333611744
3913;JAICAR AUTOPEÇAS;-7.1912050;-48.2266081;AVENIDA SANTOS DUMONT;1181;;LOTEAMENTO MANOEL GOMES;ARAGUAÍNA;77818010;TO;JOAO VICTOR;joaonogueira@fortbraz.com.br;6330266001
3914;PIT STOP MOTOS;-7.1849420;-48.2217043;AVENIDA SANTO DUMONT;581;;RODOVIARIO;ARAGUAÍNA;77818330;TO;LUIZ ALFREDO;pitstop.arn.motos@gmail.com;6333214806
3915;ELETROPOLES AUTOPEÇAS;-16.9666725;-51.8188146;RUA PREVISTO DE MORAES DOS SANTOS;0;;AEROPORTO;CAIAPÔNIA;75850000;GO;DANIEL;eletropolescar@gmail.com;6499394671
3916;COQUINHO AUTOPEÇAS;-17.8881027;-51.7263895;AVENIDA W4;726;QUADRA 22 LOTE 15;EPAMINONDAS;JATAÍ;75805033;GO;WELLINGTON;coquinhoautopecas2017@gmail.com;6436369676
3917;RODANTE PNEUS E PEÇAS;-17.8914935;-51.7176693;AVENIDA GOIÁS;1746;;CENTRO;JATAÍ;75801701;GO;ZENITON;rodantepneus@gmail.com;6436311403
3918;COELHO AUTOPEÇAS;-0.1142929;-51.2928890;AVENIDA INTENDENTE ALFREDO PINTO;1048;;CENTRO;MAZAGÃO;68940000;AP;ISAC;isac-r@yahoo.com;9683637684
3919;SHOPPING CAR;-0.0449748;-51.1554651;RUA PEDRO SALVADOR DINIZ;2430;;REMEDIOS;SANTANA;68927027;AP;WANDER;filhoanasilva@gmail.com;9687375286
3920;JL AUTOPEÇAS;-17.5616694;-50.6405943;AVENIDA RIO VERDE;146;;CENTRO;SANTO ANTÔNIO DA BARRA;75935000;GO;MARIA;luericamatias@gmail.com;6481106334
3921;BRAZ AUTOPEÇAS;-3.0462202;-59.9668134;RUA JOÃO CÂMARA;11;CJ CN ET 4 NC 16;NOVO ALEIXO;MANAUS;69098320;AM;JOÃO BRAZ;joao.queiroz920@icloud.com;(92) 993249434
3922;PEDRINHO AUTOPEÇAS;-3.0008330;-59.9913012;AVENIDA SUMAUMA;2114;;NOVA CIDADE;MANAUS;69092003;AM;FRANCISCO EZIO;pedrinhocentroautomotivo@gmail.com;(92) 985171341
3923;L MOTO PEÇAS;-3.0721949;-60.0607973;AVENIDA LAGUNA;7;;LIRIO DO VALE;MANAUS;69038010;AM;MARLETE ALMEIDA;lohannymoto@hotmail.com;(92) 994388644
3924;BRAGA MOTO PEÇAS;-3.0479057;-59.9645572;AVENIDA CORONEL SAVIO BELOTA;110;QD 8 CJ AMADEU RIBEIRO;NOVO ALEIXO;MANAUS;69099096;AM;HUMBERTO BARBOSA;hbssilva196809@gmail.com;(92) 991355010
3925;ROXO AUTOPEÇAS;-2.6415280;-44.3103539;RODOVIA BR 135 AVENIDA ENGENHEIRO EMILIANO MACIERA;4;;VILA ITAMAR;SÃO LUÍS;65090000;MA;OSIEL LIRA DOS SANTOS;roxoauto@gmail.com;(98) 982173513
3926;FORMOSA PNEUS;-1.3518970;-48.4531125;RODOVIA AUGUSTO MONTENEGRO;;KILOMETRO 7 BLOCO B;PARQUE VERDE;BELÉM;66635110;PA;ALAN SILVA;ana.ctb@formosanet.com.br;(91) 980332592
3927;PNEUS SMILE;-1.4380757;-48.4675715;AVENIDA DUQUE DE CAXIAS;589;;MARCO;BELÉM;66093023;PA;PAULO JUNIOR;paralegal@contesolucoescontabeis.com.br;(92) 981113399
3928;CASTRILLON AUTOPEÇAS;-1.4265074;-48.4549257;AVENIDA DOUTOR FREITAS;2578;;MARCO;BELÉM;66087810;PA;NEUTON FERREIRA;vendas02.bl2@castrillon.com.br;(91) 981717991
3929;AUTOPEÇAS PEIXOTO;-16.3607786;-48.9553530;AVENIDA A;59;;CENTRO;TRINDADE;75000000;GO;SUELI;autopecaspeixotoltda@hotmail.com;6235051116
3930;TAKAGI AUTOPEÇAS;-16.6410859;-49.3901093;AVENIDA ELIZABETH MARQUES;496;QUADRA 25 LOTE 17;MAYSA;TRINDADE;75380307;GO;TIAGO;tiago@takagi.com.br;6292099382
3931;AUTO CAPAS BRASIL;-1.0617524;-46.7688981;TRAVESSA CAPITÃO FERREIRA BARRETO;559;;ALEGRE;BRAGANÇA;68600000;PA;JOSÉ PIRES;autocapasbrasil.10@gmail.com;(91) 3425-2154
3932;PEMAZA AUTOPEÇAS;-2.5380777;-44.2231173;AVENIDA JERÔNIMO DE ALBUQUERQUE MARANHÃO;642;;CRUZEIRO DO ANIL;SÃO LUÍS;65060715;MA;JOÃO PEDRO;contabilidade@grupopmz.co.br;(92) 3619-4990
3933;CASTRILLON AUTOPEÇAS;-1.2969698;-47.9334153;AVENIDA PRESIDENTE GETÚLIO VARGAS;S/N;LOTE 16 QUADRA 41;NOVA OLINDA;CASTANHAL;68741-000;PA;FAGNER;gerencia.cas@castrillon.com.br;(91) 98403-4550
3934;PEMAZA AUTOPEÇAS;-1.4244516;-48.4875551;AVENIDA PEDRO ALVARES CABRAL;2483;;SACRAMENTA;BELÉM;66120000;PA;GUSTAVO;contabilidade@grupopmz.co.br;(91) 98568-3406
3935;DE PNEUS;-1.4395722;-48.4863207;RUA CÔNEGO JERÔNIMO PIMENTEL;650;;UMARIZAL;BELÉM;66055000;PA;ANDRE;deivid@depneus.com.br;(91) 3199-8051
3936;CASTRILLON AUTOPEÇAS;-1.3655967;-48.3362799;RODOVIA BR 316;758;KILÔMETRO 13 ANEXO A;CENTRO;MARITUBA;67201045;PA;WENDERSON SOUXA BEZERRA;fiscal.contabil@castrillon.com.br;(91) 98409-5674
3937;PEMAZA AUTOPEÇAS;-1.2972515;-47.9319193;AVENIDA PRESIDENTE VARGAS;1588;;SAUDADE II;CASTANHAL;68740005;PA;RONIELTON CÂNDIDO PEREIRA;contabilidade@grupopmz.com.br;(91) 98408-4630
3938;BRASIL PETRODIESEL;-1.2990286;-47.9298011;TRAVESSA PRIMEIRO DE MAIO;1042;;CRISTO REDENTOR;CASTANHAL;68742390;PA;JOSÉ MARCELO MONTEIRO DE SOUSA;brasilpetrodiesel@bol.com.br;(91) 99120-2063
3939;MAIS MOTUS;-1.4240976;-48.4569434;AVENIDA DOUTOR FREITAS;2256;;PEDREIRA;BELÉM;66087810;PA;EVANDRO DE ARAÚJO BEZERRA;maismotos@uol.com.br;(91) 3226-3448
3940;AM 4 IRMÃOS;-1.2026768;-47.1727739;RODOVIA PA-242;58;;DOM JOÃO VI;CAPANEMA;68701-410;PA;JOAQUIM DE LIMA OLIVEIRA;joaquim.oliveira@gmail.com;(91) 3462-2869
3941;TOUCHÊ AUTOSERVIÇO;-1.4268133;-48.4847846;AVENIDA SENADOR LEMOS;1891;;TELEGRAFO;BELÉM;66113000;PA;NELSON PINHEIRO;mecnelsonpinheiro@amazon.com.br;(91) 3233-5937
3942;AUTOPEÇAS FEIJÓ;-3.7203414;-38.5870467;AVENIDA CORONEL CARVALHO;2025;;JARDIM IRACEMA;FORTALEZA;60341641;CE;LUCAS FEIJÓ;lucas1101@gmail.com;8598323886
3943;CONQUISTAUTO AUTOPEÇAS;-3.7243197;-38.5859591;AVENIDA CORONEL CARVALHO;2467;;JARDIM IRACEMA;FORTALEZA;60341641;CE;REGINALDO;conquistauto@hotmail.com;8532284910
3944;JONAS AUTOPEÇAS;-3.7199876;-38.5870546;AVENIDA CORONEL CARVALHO;1969;B;JARDIM IRACEMA;FORTALEZA;60341641;CE;ANDREIA;andreia.lavor@hotmail.com;8597714788
3945;PRIMICIAS CAR;-4.4155778;-39.0461198;RUA JÚLIO PEREIRA;S/N;VIZINHO AO FORÚM;CENTRO;ARATUBA;62762000;CE;DARLISON;primiciasautopecas@gmail.com;8596290990
3946;AUTOPEÇAS PADRE CICERO;-3.7296001;-38.6579402;AVENIDA JUACI SAMPAIO PONTES;1634;;CENTRO;CAUCAIA;61600150;CE;PEDRO;filial37@pecicero.com.br;8534999000
3947;AUTOPEÇAS SÃO MATHEUS;-23.3882793;-49.5122117;RUA FLORIANO PEIXOTO;154;;CENTRO;FARTURA;18870017;SP;MATHEUS;autopecassaomatheus@outlook.com;1497648533
3948;BORGES AUTOPEÇAS;-23.7012346;-49.4811239;RUA SETE DE SETEMBRO;1054;;CENTRO;ITAPORANGA;18480000;SP;BORGES;osmarbf@hotmail.com;1497442647
3949;DENNY AUTOPEÇAS;-23.3845866;-49.5059345;AVENIDA JOÃO ROCHA DE ANDRADE;255;;VILA NOSSA SENHORA FÁTIMA;FARTURA;18873000;SP;JOSE CARLOS;denny_pecas@hotmail.com;1433823666
3950;DENNY AUTOPEÇAS;-23.4534388;-49.3996619;RUA SETE DE SETEMBRO;240;;CENTRO;TAGUAÍ;18890093;SP;LUCIO;dennypecas@uol.com.br;1433861741
3951;AUTOPEÇAS YURI CAR;-4.3510988;-39.3225090;AVENIDA LUCIANO MAGALHAES;1570;;SANTA LUZIA;CANINDE;62700000;CE;ITALO;fitalocosta@hotmail.com;8596980011
3952;POP CAR;-4.3463820;-39.3113448;AVENIDA LUCIANO MAGALHAES;550;;BELA VISTA;CANINDE;62700000;CE;RAFAEL;popcarauto1@hotmail.com;8587261435
3953;ADAIL AUTOPEÇAS;-4.3546548;-39.3212119;RUA EUCLIDES BARROSO;1294;;SANTA LUZIA;CANINDE;62700000;CE;DANIEL;adailautocenter@hotmail.com;8533431155
3954;AUTOPEÇAS SÃO FRANCISCO;-4.3500083;-39.3213548;AVENIDA LUCIANO MAGALHAES;1392;;SANTA LUZIA;CANINDE;62700000;CE;KELLY;mardem.rodrigues@hotmail.com;8533431112
3955;DOMIX AUTOPEÇAS;-4.3501052;-39.3210497;AVENIDA LUCIANO MAGALHAES;1389;;SANTA LUZIA;CANINDE;62700000;CE;LUIZA;luizadomix@gmail.com;8596523731
3956;UNIDOS AUTOPEÇAS;-2.9999123;-59.9938994;AVENIDA ARQUITETO JOSE HENRIQUE BENTO RODRIGUES;4316;;MONTE DAS OLIVEIRAS;MANAUS;69093149;AM;WESTING;d.westing@yahoo.com.br;9232377379
3957;UNIDOS AUTOPEÇAS;-3.0698944;-59.9418235;AVENIDA COSME FERREIRA;6480;;ZUMBI DOS PALMARES;MANAUS;69084425;AM;WASTEIN;unidosbetanialtda@gmail.com;9236384091
3958;UNIVERSOKAR;-3.7143841;-38.5601104;AVENIDA PASTEUR;960;;CARLITO PAMPLONA;FORTALEZA;60335000;CE;CARLOS;cm_pecas@hotmail.com;8532362591
3959;ARTHUR FILHO'S AUTOPEÇAS;-3.1061451;-60.0494992;AVENIDA COMPENSA;501;BL D;COMPENSA;MANAUS;69036115;AM;DORVAL;dorval_varela@hotmail.com;9281634291
3960;BRENDO MOTO PEÇAS;-2.9851564;-60.0095584;AVENIDA SETE DE MAIO;1012;;SANTA ETELVINA;MANAUS;69017188;AM;BRENDO;brendoleliss@hotmail.com;9281703994
3961;GL MOTO CENTER;-3.0883222;-59.9460942;RUA ARAMANDO MENDES;33;SALA D;ARMANDO MENDES;MANAUS;69089321;AM;GLENDY;glendylima27@gmail.com;9294468064
3962;CAPACETES E ACESSORIOS VITORIA;-2.9470569;-60.0335502;RUA YANOMAMI;174;LT RECREIO CANAÂ;MONTE DAS OLIVEIRAS;MANAUS;69093590;AM;IVANIA;ivania.vilasboas@uol.com.br;9292449472
3963;SANTAREM MOTO PEÇAS;-3.1254911;-59.9959929;AVENIDA TEFÉ;72;;RAIZ;MANAUS;69068000;AM;AERCIO;aerciosantarem@hotmail.com;9288164493
3964;SINAL VERDE MOTOPEÇAS;-3.7687375;-38.5445725;RUA CONEGUNDES RODRIGUES;1029;;MONTESE;FORTALEZA;60410226;CE;FELIPE;donizete1280barra@gmail.com;8531224529
3965;SINAL VERDE MOTOPEÇAS;-3.8009143;-38.5331488;RUA 1;453;CONJUNTO HERMES PEREIRA;BARRA DO CEARÁ;FORTALEZA;60330065;CE;FELIPE;donizete1280barra@gmail.com;8588507640
3966;AUTOPEÇAS PADRE CICERO;-2.5937912;-44.2450535;RODOVIA BR 135;;AV ENGENHEIRO EMILIANO MACIEIRA 230;VILA ITAMAR;SÃO LUIZ;65090000;MA;ALEXANDRE;alexandre.neiva@pecicero.com.br;9881278860
3967;MERCADO DAS LATAS;-22.2265710;-54.7977658;AVENIDA MARCELINO PIRES;3198;;CENTRO;DOURADOS;79801-004;MS;ANDRÉIA;financeiro@mercadodaslatas.com;6734162100
3968;SANTA CLARA AUTOPEÇAS;-13.8260107;-56.0799168;AVENIDA PERIMETRAL DAS SAMAMBAIAS;562;;CENTRO;NOVA MUTUM;78450-000;MT;RENA;rena@aesanta clara.com.br;6533081282
3969;ROSUL DISTRIBUIDORA DE AUTOPEÇAS;-11.8836300;-55.5015370;RUA COLONIZADOR ENIO PIPINO;563;;SETOR INDUSTRIAL SUL;SINÓP;78557-484;MT;HENRIQUE;henrique@distribuidora.com.br;6635327172
3970;ROSUL DISTRIBUIDORA DE AUTOPEÇAS;-16.4702878;-54.6089932;AVENIDA PERIMETRAL;106;;VILA GOULART;RONDONÓPOLIS;78745270;MT;ALIOMAR;compras@rosuldistribuidora.com.br;6634237900
3971;ROSUL DISTRIBUIDORA DE AUTOPEÇAS;-15.7043017;-56.1451824;RODOVIA DOS IMIGRANTES KM 19;S/N;;SÃO MATHEUS;VÁRZEA GRANDE;78152135;MT;JOSÉ;gerencia.vg@rosuldistribuidora.com.br;6592671138
3972;ATACADÃO AUTOPEÇAS;-12.5455510;-55.7106120;AVENIDA PERIMETRAL SUDESTE;11645;;CENTRO;SORRISO;78890-000;MT;OLDAIR;atacadaosorriso@hotmail.com;6635448002
3973;RONDOBRÁS AUTOPEÇAS;-15.6443236;-56.1840846;AVENIDA JULIO DOMINGOS CAMPOS;4625;;MARAJOARA;VÁRZEA GRANDE;78138177;MT;RAFEL;rafael.palavro@fortbras.com.br;6530589193
3974;KAHAUTO AUTOPEÇAS;-16.4679060;-54.6379067;AVENIDA PRESIDENTE KENEDY;1726;;CENTRO;RONDONÓPOLIS;78700-300;MT;VALDINEI;kahauto2compras@@hotmail.com.br;6634234545
3975;RONDOBRÁS AUTOPEÇAS;-13.5388824;-58.8242615;AVENIDA ENGENHEIRO JOSÉ DA SILVA TIAGO;2130;;AGUAS CLARAS;SAPEZAL;78365000;MT;ADEMIR;ademir.oliveira@rondobras.com.br;6539273888
3976;RONDOBRÁS AUTOPEÇAS;-13.0821869;-55.9391026;AVENIDA AMAZONAS;2739;;MENINO DEUS;LUCAS DO RIO VERDE;78455-000;MT;MATHEUS;mateus.mendonca@fortbras.com.br;6532124930
3977;AUTOPEÇAS MORETTO;-12.2289867;-56.6392653;AVENIDA DEPUTADO JOSÉ GERALDO DA RIVA;747;;CENTRO;ITANHANGA;78579-000;MT;MARISTELA;autopecas_mt@hotmail.com;6684010083
3978;CASTRILLON AUTOPEÇAS;-10.2303489;-48.3556995;AVENIDA 812 SUL AV LO 19;314;;PLANO DIRETOR SUL;PALMAS;77023116;TO;GUSTAVO;gerencia.pms@castrillon.com.br;6331420400
3979;DISON AUTOPEÇAS;-8.0535918;-48.4735084;AVENIDA NATAL;860;;CENTRO;COLINAS;77760000;TO;PEDRO HENRIQUE;phb47@hotmail.com;6392846227
3980;DI PEÇAS;-6.5548782;-47.4439239;RODOVIA BR 010;1459;;CENTRO;ESTREITO;65975000;MA;ELCIFRAN;dipecasautocenter@gmail.com;9991473747
3981;CENTRAL PEÇAS;-6.5548606;-47.4435702;RODOVIA BR 010;1651;;CENTRO;ESTREITO;65975000;MA;JOSIAS;autopecasmecanicacentral@hotmail.com;9991526765
3982;LUCIVALDO AUTOPEÇAS;-5.5134529;-47.4779696;RUA GUANABARA;1670;;ENTRONCAMENTO;IMPERATRIZ;65913447;MA;LUCIVALDO;pontesautopecas@outlook.com;9993214988
3983;KL AUTOPEÇAS;-5.5200748;-47.4727256;RUA JOÃO LISBOA;1701;;ENTRONCAMENTO;IMPERATRIZ;65913447;MA;AUGART;augartgomes@hotmail.com;9930150084
3984;MEGA CAR SERVICE;-15.7400267;-47.8881848;QUADRA CRS 514 BLOCO C LOJA;69;W3 SUL;ASA SUL;BRASÍLIA;70380535;DF;JOESSANDRO;joessandro2005@yahoo.com.br;6132081515
3985;EIXO FREIOS AUTOPEÇAS;-12.0926953;-45.8023021;RUA ENEDINO ALVES DA PAIXÃO;3134;;SANTA CRUZ;LUÍS EDUARDO MAGALHÃES;47855244;BA;CASSIO;eixofreiosautopecas@hotmail.com;7799207090
3986;L R AUTOPEÇAS;-9.4002269;-38.2335050;AVENIDA APOLONIO SALES;1578A;;CENTRO;PAULO AFONSO;48601208;BA;LINDEMAR LIMA;lrautopecas@gmail.com;7532810626
3987;CARANGO TUNING;-9.4048114;-38.2377553;AVENIDA ERALDO ROCHA;41;;SÃO VICENTE;PAULO AFONSO;48603500;BA;FABIO COSTA;contato@carangotuning.com.br;7532812211
3988;GR AUTOPEÇAS;-9.4005403;-38.2198124;AVENIDA LANDULFO ALVES;244;;CENTRO;PAULO AFONSO;48602490;BA;ROGENIA LIMA;grautopel@hotmail.com;7532812035
3989;EUROPEÇAS;-16.4377491;-39.0875598;AVENIDA ADNO MUSSER;4670;;CAMBOLO;PORTO SEGURO;45810000;BA;MARCELLO;europecas@europecas.com.br;7332684567
3990;RAFAEL PNEUS E AUTOPEÇAS;-9.6627323;-37.7919696;AVENIDA PAULO AFONSO;2;;TRÊVO;CANINDÉ DE SÃO FRANCISCO;49820000;BA;RAFAEL ELIAS;rafael.pecas@hotmail.com;7999408206
3991;ROM CAR & TRUCK;-17.5437874;-39.7181086;RODOVIA BR101;1400;;MONTE CASTELO;TEIXEIRA DE FREITAS;45990012;BA;ROMULO FONSECA;romulo@romcaretruck.com.br;7332886367
3992;CENTRAL AUTOPEÇAS;-13.7355081;-39.4793858;RUA DOIS DE JULHO;217;;DOIS DE JULHO;GANDU;45450000;BA;JOILSON  SANTOS;centralgandu@hotmail.com;7332540708
3993;COPA 70 AUTOPEÇAS;-11.2937635;-41.8359738;RODOVIA BA 052;S/N;;SEDE;IRECÊ;44900000;BA;RODRIGO;copa-70@hotmail.com;7436413477
3994;SUBURBANA AUTOPEÇAS;-12.9284818;-38.4867000;AVENIDA AFRÂNIO PEIXOTO;32;;PRAIA GRANDE;SALVADOR;40720690;BA;PERISVALDO;suburbanaautopecas@gmail.com;7189530834
3995;RNC PEÇAS E ACESSÓRIOS;-12.2893967;-38.9573072;AVENIDA DEPUTADO COLBERT MARTINS DA SILVA;220;;TOMBA;FEIRA DE SANTANA;44091002;BA;JORGE;ssemarnc@gmail.com;7536225600
3996;RNC MOTOS;-12.2929437;-38.9577988;AVENIDA DEPUTADO COLBERT MARTINS DA SILVA;221;;TOMBA;FEIRA DE SANTANA;44091002;BA;ROBERTO;rncmotopecas@gmail.com;7534719616
3997;O VAREJÃO AUTOPEÇAS;-11.6684554;-38.9999386;AVENIDA LOMANTO JUNIOR;1069;;VAQUEJADA;SERRINHA;48700000;BA;GUSTAVO;sac@ovarejao.com.br;7591330033
3998;O VAREJÃO AUTOPEÇAS;-12.9689595;-39.2734525;RODOVIA BR 101;S/N;;AMPARO;SANTO ANTÔNIO DE JESUS;44436242;BA;AGNALDO;sac@ovarejao.com.br;7536324585
3999;O VAREJÃO AUTOPEÇAS;-12.8431314;-38.4607558;RUA ALMIRANTE MOURÃO DE SÁ;85;;FAZENDA COUTOS;SALVADOR;40800620;BA;ANA PAULA;sac@ovarejao.com.br;7121018899
4000;AUTOPEÇAS REI DOS REIS;-7.8430189;-35.2631622;AVENIDA AGAMENON MAGALHAES;1113;;SAO JOSE;CARPINA;55815000;PE;ERINALDA;distribuidorareisdosreis@gmail.com;8199187999
4001;TREVO AUTOPEÇAS;-7.8430142;-35.2564992;AVENIDA AGAMENON MAGALHAES;355;A;SAO JOSE;CARPINA;55815060;PE;PAULA;trevooficina@ig.com.br;8136221235
4002;CARPINA AUTOPEÇAS;-7.8434397;-35.2481745;AVENIDA CONGRESSO EUCARISTICO INTERNACIONAL;115;;SAO JOSE;CARPINA;55815005;PE;TONY;carpinaautopecas@hotmail.com;8136213992
4003;G B BATERIAS;-7.8427145;-35.2560293;AVENIDA AGAMENON MAGALHAES;334;;SAO JOSE;CARPINA;55815060;PE;EVALDO PEREIRA;gbbateria@hotmail.com;8136213762
4004;MEC NEOPOLIS;-7.8491047;-35.2537338;AVENIDA EUCARISTICO INTERNACIONAL;1155;;CENTRO;CARPINA;55810000;PE;SILVANA;mecanica.neopolis@gmail.com;8199275255
4005;ADAUTO AUTOPEÇAS;-7.8436931;-35.2635560;AVENIDA AGAMENON MAGALHAES;1175;;SAO JOSE;CARPINA;55815060;PE;RODRIGO;adautoapecas@gmail.com;8195644727
4006;RINALDO AUTOPEÇAS;-7.8422675;-35.2623544;AVENIDA AGAMENON MAGALHAES;1048;B;SAO JOSE;CARPINA;55815060;PE;JANE TORRES;automecanicarinaldo@hotmail.com;8193625066
4007;TROCAP´S;-7.8426926;-35.2598118;AVENIDA AGAMENON MAGALHAES;705;;CENTRO;CARPINA;55810000;PE;GILSON DIAS;trocaps@hotmail.com;8136210187
4008;DANILO PNEUS;-7.2584852;-35.8961917;AVENIDA JOAO WALLIG;S/N;;DISTRITO INDUSTRIAL;CAMPINA GRANDE;58411170;PB;SIDNEY;vendas.danilopneusepecas@gmail.com;8387044659
4009;MIXCAR CENTRO AUTOMOTIVO;-7.1279075;-34.8655192;AVENIDA NOSSA SENHORA DE FATIMA;1701;;TORRE;JOÃO PESSOA;58040380;PB;FLAVIO;lojamixcar@gmail.com;8388368167
4010;CAVALCANTE AUTOPEÇAS;-8.1167226;-35.2968702;AVENIDA HENRIQUE DE HOLANDA;909;;ALTO JOSE LEAL;VITÓRIA DE SANTO ANTÃO;55608001;PE;CAVALCANTE;cavalcanteautopecassbu@outlook.com;8137351165
4011;PEDAO AUTOPEÇAS;-8.1180499;-35.3006448;AVENIDA HENRIQUE DE HOLANDA;1927;LOJA C;ALTO JOSE LEAL;VITÓRIA DE SANTO ANTÃO;55608001;PE;DEBORAH;autopecaspedao@gmail.com;8191433772
4012;FABIO AUTOPEÇAS;-7.1755579;-34.8889337;RUA JESSE DA COSTA CABRAL;13;;FUNCIONÁRIOS;JOÃO PESSOA;58078000;PB;FABIO;fabioautopecas@gmail.com;8332334098
4013;G - CAR AUTOPEÇAS;-8.6786491;-35.5779568;AVENIDA JOSE AMERICO DE MIRANDA;2599;A;SANTA ROSA;PALAMRES;55540000;PE;GABRIEL;gcarauto-pecas@outlook.com;8199179162
4014;GIRO AUTOPEÇAS;-7.2552979;-35.8977132;AVENIDA JOAO WALLIG;2020;BOX 21;DISTRITO INDUSTRIAL;CAMPINA GRANDE;58411170;PB;GILCLEAN;girodistrito@gmail.com;8333311436
4015;AMIGÃO DO ÓLEO;-8.0011702;-34.8845787;RUA DO MARCO;140;;AGUAZINHA;OLINDA;53270250;PE;GIVALDO;amigaodooleo@gmail.com;8188153307
4016;FABIO AUTOPEÇAS;-7.1793045;-34.8724352;AVENIDA PRESIDENTE JUSCELINO KUBITSCHEK;137;;ERNESTO GEISEL;JOÃO PESSOA;58075400;PB;FABIO;fabioautopecas@yahoo.com.br;8332649711
4017;PARCERIA AUTOPEÇAS;-8.2731901;-35.9826091;RUA JOAO SOARES  DE LIRA;1388;;DIVINOPOLIS;CARUARU;55010630;PE;JOAO;jksromario@hotmail.com;8131554229
4018;PERIMETRAL PEÇAS;-8.0023071;-34.8826156;AVENIDA SENADOR NILO DE SOUZA COELHO;16;;AGUAZINHA;OLINDA;53270035;PE;NETO;perimetralpecas@gmail.com;8134290777
4019;DAU AUTOPEÇAS;-8.1173802;-35.2984221;AVENIDA HENRIQUE DE HOLANDA;1686;;ALTO JOSE LEAL;VITÓRIA DE SANTO ANTÃO;55608001;PE;ELPIDEIO JUNIOR;dauautopecasvitoria@outlook.com;8135261037
4020;GOIÁS MOTO PEÇAS;-15.7908700;-48.7733500;AVENIDA GOIÁS;SN;QD 44 LT 05;CIDADE DOS PIRINEUS;COCALZINHO DE GOIÁS;72975000;GO;ARLINDO;multimarcaseleeela@gmail.com;6233391049
4021;AUTOPEÇAS PALESTINA;-13.4329160;-49.1424015;RUA 2;12;;SETOR BOM JESUS;PORANGATU;76550000;GO;REGINALDO;reinaldopalestina@icloud.com;6285344953
4022;AUTOPEÇAS TAVARES;-15.7806244;-48.7674522;AVENIDA COMERCIAL;SN;QD 23 LT 16;CIDADE DOS PIRINEUS;COCALZINHO DE GOIÁS;72975000;GO;ALEX TAVARES;tavaresautococal@hotmail.com;6233391140
4023;LOTUS AUTOPEÇAS;-14.5261354;-49.1518747;RUA RIO VERDE;6;QD 28 LT 06;CENTRO;URUAÇU;76400000;GO;CHARLES;lotus.autocenter@outlook.com;6233573704
4024;MOTO BRASIL PEÇAS;-16.3402092;-48.9538308;AVENIDA BRASIL SUL;1206;;BATISTA;ANÁPOLIS;75123390;GO;ANTONIO CARLINO;motosbrasilps@hotmail.com;6291636159
4025;CENTROCAR;-14.5340228;-49.1392815;AVENIDA PRESIDENTE JK;SN;QD 53 LT 02;SETOR SUL;URUAÇU;76400000;GO;GUSTAVO;qualyautomotivo@gmail.com;6233575226
4026;RD AC;-14.5340228;-49.1392815;AVENIDA PRESIDENTE JK;SN;QD 49 LT 04;SETOR SUL;URUAÇU;76400000;GO;RICHARD;rduruacu@gmail.com;6298756486
4027;AUTOPEÇAS OLIVEIRA;-15.3368417;-49.1087487;AVENIDA CONTORNO;3000;;MUNIZ FALCÃO;GOIANÉSIA;76380475;GO;ANA CRISTINA;anacristinaoliveira076@gmail.com;6299525262
4028;AC DESTAK;-15.3215531;-49.1194557;RUA 27;243;;CARRILHO;GOIANÉSIA;76380710;GO;ELICIO FERNABDES;autocenterdestak.go@gmail.com;6298023652
4029;AUTOPEÇAS TAPAJÓS;-4.2594285;-55.9966074;RODOVIA TRANSAMAZONICA;SN;SUB ESQUINA C22;BOM REMÉDIO;ITAÍTUBA;68180656;PA;CARLOS ARAMIS;contabilize.fisco@gmail.com;9335182224
4030;BONO PNEUS;-2.4323866;-54.7337765;AVENIDA BORGES LEAL;3841;;CARANAVAL;SANTARÉM;68040665;PA;JONAS BATISTA;bonopneusstm@gmail.com;9391009374
4031;MOTTO MIL;-15.3105248;-49.5911738;RUA RUI BARBOSA;63;QD INDUSTRIAL LT 67-B;CENTRO;CERES;76300000;GO;ANA LUISA;motormiladm@hotmail.com;6285249093
4032;RODAGEM AC;-2.4325301;-54.7250071;AVENIDA PLACÍDO DE CASTRO;1094;;APARECIDA;SANTARÉM;68040090;PA;FRANCISCO FERREIRA;rodagemautocente@gmail.com;9392110776
4033;ALTA FIX DISTRIBUIDORA;-5.3671133;-49.1230982;RUA QUADRA 07 FOLHA 31;SN;LT 12;NOVA MARABÁ;MARABÁ;68507590;PA;WELVIS;welvisrepresentacoes@hotmail.com;9433214078
4034;BR CAR PEÇAS;-5.1742941;-49.0453318;RODOVIA PA 150 KM 02;SN;GALPÃO B;SÃO FELIX 2;MARABÁ;68514300;PA;JOSÉ DELGADO;jjosedelgadosousa@gmail.com;9496675061
4035;ATACADÃO DAS PEÇAS;-9.3421353;-50.3408092;AVENIDA ALBINO MALZONE;231;ANEXO 1;BELRECANTO;SANTANA DO ARAGUIA;68560000;PA;CARLOS EDUARDO;atacadaodaspecasaires@bol.com.br;9484165976
4036;RN AUTOPEÇAS;-8.0443978;-50.0250318;AVENIDA ARAGUAIA;1802;QD 43 LT 05;ALTO PARANÁ;REDENÇÃO;68550253;PA;ROGERIO;rnautomotiva@gmail.com;9491105960
4037;TREVÃO AC;-6.1159690;-49.2841430;AVENIDA XINGUARA;39;BLOCO A;CENTRO;ELDORADO DOS CARAJÁS;68524000;PA;JONAS ALVES;trevaoautocenter@gmail.com;9491372842
4038;TOP PNEUS;-4.1498010;-50.2144760;RODOVIA BR 230;41;QD  02;NOVO HORIZONTE;NOVO REPARTIMENTO;68473000;PA;WELVIS FERREIRA;compras_altafixdistribuidora@outlook.com;9491865072
4039;TIGRÃO PNEUS;-16.3019844;-48.9657961;AVENIDA TIRADENTES;2500;QD 12 LT 17;JARDIM ALEXANDRINA;ANÁPOLIS;75060450;PA;DONIZETE;donizeteguerra@hotmail.com;6295004010
4040;REICAR AUTOPEÇAS;-5.5213237;-47.4721049;RUA GUANABARA;100;;ENTRONCAMENTO;IMPERATRIZ;65903380;MA;BIDA;reicarpecas@hotmail.com;9935253005
4041;UTILIPECAS AUTOPEÇAS;-5.5211759;-47.4719044;PRAÇA LINO TEIXEIRA;S/N;;ENTRONCAMENTO;IMPERATRIZ;65909610;MA;RONALDO;utilipecasservice@hotmail.com;9935258200
4042;MAIS PEÇAS;-5.5215650;-47.4720360;RUA GUANABARA;65;;CENTRO;IMPERATRIZ;65903380;MA;MATHEUS;maispecasitz@gmail.com;9984199333
4043;CARGO DIESEL;-5.5207245;-47.4723989;AVENIDA DORGIVAL PINHEIRO DE SOUZA;1861;;ENTRONCAMENTO;IMPERATRIZ;65903270;MA;RAIMUNDO;pilotoautomotiva@uol.com.br;9935283666
4044;IAMAUTO AUTOPEÇAS;-5.5210268;-47.4723347;AVENIDA DORGIVAL PINHEIRO DE SOUZA;1852;;ENTRONCAMENTO;IMPERATRIZ;65903270;MA;DILSON;iamautopecas@hotmail.com;9935243284
4045;CASA DO CHEVROLET;-10.2490910;-48.3242858;QUADRA 1004 SUL AV LO 25;25;;CENTRO;PALMAS;77023505;TO;VILMAR;casadochevrolet@gmail.com;6332161412
4046;CARRO CHEFE AUTOPEÇAS;-7.2011839;-48.1849275;AVENIDA FILADELFIA;6550;;RESIDENCIAL CAMARGO;ARAGUAÍNA;77808699;TO;DANILO;danilocarrochefepecas@gmail.com;6324145667
4047;DAS-AUTO;-7.2059827;-48.2337670;RUA 26;85;;OESTE;ARAGUAÍNA;77816450;TO;REGI;dasauto.ca@gamil.com;6334142245
4048;JF AUTOS;-4.1696931;-38.4626935;RUA EPIFANIO NOGUEIRA;106;;CENTRO;PACAJUS;62870000;CE;PEDRO;jfautos@gmail.com;8533480071
4049;JF AUTOS;-4.1057826;-38.4931332;AVENIDA PRESIDENTE CASTELO BRANCO;5246;;CENTRO;HORIZONTE;62880060;CE;PEDRO;jfautos@gmail.com;8533360674
4050;JF AUTOS;-4.1328093;-38.2468862;RUA JOÃO DAMASCENO FONTINELE;2966;;RIO NOVO;CASCAVEL;62850000;CE;PEDRO;jfautos@gmail.com;8533341493
4051;JF AUTOS;-4.9474792;-37.9843634;AVENIDA IRMA MARIA DA GRACA;1051;;YPIRINGA;RUSSAS;62900000;CE;PEDRO;jfautos@gmail.com;8821450164
4052;JF AUTOS;-5.1428151;-38.0951809;RUA CONEGO MIZAEL ALVES DE SOUSA;2843;LT-Q;CENTRO;LIMOEIRO DO NORTE;62930000;CE;PEDRO;jfautos@gmail.com;8834233987
4053;PRONTOCAR;-4.0973336;-38.4954613;AVENIDA PRESIDENTE CASTELO BRANCO;4284;;CENTRO;HORIZONTE;62880384;CE;JÚNIOR;prontocar_autos@hotmail.com;8533361760
4054;PRONTOCAR;-4.1689880;-38.4654176;RUA CONEGO EDUARDO ARARIPE;899;;CENTRO;PACAJUS;62870000;CE;JÚNIOR;prontocar_autos@hotmail.com;8581821500
4055;PRONTOCAR;-4.1814154;-38.1275278;RUA JOSÉ DE PAULA PEROBA;101;;CENTRO;BEBERIBE;62840000;CE;JÚNIOR;prontocar_autos@hotmail.com;8592337682
4056;PRONTOCAR;-4.5745773;-37.7761932;RUA CORONEL ALEXANDRINO;1858;;CENTRO;ARACATI;62800000;CE;JÚNIOR;prontocar_autos@hotmail.com;8834213315
4057;AUTOSCAP;-8.4155070;-37.0627480;AVENIDA JOSÉ BONIFÁCIO;190;;SÃO CRISTOVAO;ARCOVERDE;56503250;PE;JAIME;autoscap@outlook.com;8738212078
4058;RENILSON AC;-8.4151582;-37.0766423;AVENIDA JOSÉ BONIFÁCIO;2677;;SÃO CRISTOVAO;ARCOVERDE;56503250;PE;IGOR;renilsonautocenter@hotmail.com;8798216088
4059;AUTOPEÇAS EDINHO;-8.4160333;-37.0621389;AVENIDA JOSÉ BONIFÁCIO;104;;SÃO CRISTOVAO;ARCOVERDE;56503250;PE;ANA MARIA;ana-minervino@hotmail.com;8799920133
4060;ALCANTARA PEÇAS;-8.3659346;-36.6919186;RUA PETRONIO TENORIO DE MOURA;SN;;VILA ANAPOLIS;PESQUEIRA;55200000;PE;MEIDSON;alcantarapesqueira@gmail.com;8738356326
4061;ALCANTARA PEÇAS;-8.4151750;-37.0766108;AVENIDA JOSÉ BONIFÁCIO;1753;;SÃO CRISTOVAO;ARCOVERDE;56512000;PE;DGOBERTO;alcantaraarcoverde@gmail.com;8738211591
4062;ASTEP-PE;-7.9927359;-34.9363402;AVENIDA DA RECUPERACAO;116;;BREJO DA GUABIRABA;RECIFE;52291630;PE;MARIA CAROLINA;astep-pe@outlook.com;8131048762
4063;GALEGO PEÇAS;-8.4153800;-37.0628930;AVENIDA JOSÉ BONIFÁCIO;214;;SÃO CRISTOVAO;ARCOVERDE;56503250;PE;PEDRO;galegopecaspe@gmail.com;8798211477
4064;D. & D. AUTOPEÇAS;-8.3457077;-36.4332763;RODOVIA BR 232;98;;ALTO LIMPO;BELO JARDIM;55152130;PE;ROGERIO;dd_autopecas.filial@hotmail.com;8132265434
4065;RONALDO AC;-8.3658612;-36.6926072;RUA PETRONIO TENORIO DE MOURA;28;;VILA ANAPOLIS;PESQUEIRA;55200000;PE;YAGO;ronaldoautocenter68@gmail.com;8791144646
4066;SANDRA AUTOPEÇAS;-8.3665037;-36.6933097;RUA PETRONIO TENORIO DE MOURA;3;LOJA 1;VILA ANAPOLIS;PESQUEIRA;55200000;PE;SANDRA;sandraautopecaspe@gmail.com;8791399833
4067;L.AUTO SERVCAR;-8.0177803;-34.9524179;RUA MANUEL DE MEDEIROS;102;A;DOIS IRMAOS;RECIFE;52171030;PE;LEANDRO;leandro.221@hotmail.com;8185070034
4068;CA LINS;-6.8946902;-38.5627587;RUA DOM MOUZINHO;747;;ESPERANCA;CAJAZEIRAS;58900000;PB;CERAFIM;centroautomotivolins@gmail.com;8393301982
4069;SANDRA AUTOPEÇAS;-8.1401838;-36.3745448;RUA ANANIAS FELIX RAMOS;173;;CENTRO;BREJO DA MADRE DE DEUS;55170000;PE;SANDRA;sandraautopecas@hotmail.com;8137471987
4070;J M AUTO CAR;-1.3493889;-48.3987583;TRAVESSA WE 75;362;;CIDADE NOVA;ANANINDEUA;67140-645;PA;CARLOS;jmautocar.02@gmail.com;(91) 98279-7038
4071;CAMARAO MOTOBIKE;-1.3004754;-48.4704683;RODOVIA AUGUSTO MONTENEGRO;891;;CAMPINA DE ICOARACÍ;BELÉM;66813-000;PA;JOANA;sandrabrandaocontabil@gmail.com;(91) 3271-0156
4072;AE DINAMICA;-1.4081565;-48.4532342;RUA RODOLFO CHERMONT;8;;MARAMBAIA;BELÉM;66620-000;PA;LUZEDILSON;luzedilsonsoares@gmail.com;(91) 98854-8513
4073;ARTERIAL CAR;-1.3637371;-48.4057018;TRAVESSA WE 26;1;;CIDADE NOVA;ANANINDEUA;67130-660;PA;ALEXANDRE;alexandre.silva@gmail.com;(91) 99820-0214
4074;AUTOPEÇAS O NEN;-4.2588075;-38.0518398;RUA MAJOR ROCHA;15;;SUCATINGA;BEBERIBE;62840000;CE;MARCIO;autopecasonen@hotmail.com;(88) 99265-6436
4075;PONTÃO 17 PEÇAS;-22.9095195;-42.8388213;RODOVIA ERNANI DO AMARAL PEIXOTO;LT 02;LOJA 01 E 02;INOÃ;MARICA;29492375;RJ;JOSE LUIZ;pontao17autopecas@hotmail.com;2126014689
4076;MARC;-1.3517279;-48.4033072;TRAVESSA WE 70;722;;CIDADE NOVA;ANANINDEUA;67140-120;PA;JULIANA;ejcontabil01@gmail.com;(91) 98032-1559
4077;CASA DO FIAT;-2.5413803;-44.2859133;AVENIDA GUAXENDUBA;722;;FÁTIMA;SÃO LUÍS;65030-001;MA;NIVALDO;nivaldo.silva@gmail.com;(98) 98327-1000
4078;PX SOM;-2.5413478;-44.2182553;AVENIDA JERÔNIMO DE ALBUQUERQUE;6;;CONJUNTO HABITACINAL VINHAS;SÃO LUÍS;65060-641;MA;PAULO;paulo.rodrigues@gmail.com;(98) 3221-4960
4079;SALVADOR AUTOPEÇAS E MOTO PEÇAS;-1.2950297;-47.9003593;AVENIDA GETÚLIO VARGAS;100;ANEXO A - CRISTO REDENTOR;CRISTO REDENTOR;CASTANHAL;68741-000;PA;DIEGO;gruposalvador@hotmail.com;(91) 98955-6938
4080;INJECAR;-1.3050306;-47.9376193;RUA ARTHUR CAVALCANTE;S/N;;SAUDADE I;CASTANHAL;68741-162;PA;MAYARA;mayara_lopes@hotmail.com;(91) 98044-1042
4081;NEIVA;-2.5306721;-44.2988947;AVENIDA 02 QUADRA Q LOT ALTEROSA LOTE 05;S/N;;JARACATY;SÃO LUÍS;65076-821;MA;ALEXANDRE;autocenterneiva@gmail.com(;(98) 98127-8860
4082;IMPERIO VOLKS AUTOPEÇAS;-2.5673562;-44.2311473;AVENIDA GUAJAJARAS;542;QUADRA121 LOTE 04;JARDIM SÃO CRISTÓVÃO;SÃO LUÍS;65056-045;MA;TIAGO;imperiodovolks@gmail.com;(98) 98202-5812
4083;MUNIZ;-1.2971802;-47.9330393;AVENIDA GETÚLIO VARGAS;1580;;CENTRO;CASTANHAL;68740-005;PA;ADRIANO;minizautocenterbelem@gmail.com;(91) 99808-0893
4084;RVR AUTOPEÇAS;-1.4187390;-48.4610090;AVENIDA DOUTOR FREITAS;1535;;PEDREIRA;BELÉM;66087-810;PA;RONIELTON;autopecasrvr@gmail.com;(91) 98083-4747
4085;PARALAMA AUTOPEÇAS;-12.9361012;-38.4943444;RUA LUIZ REGIS PACHECO;181;;URUGUAI;SALVADOR;40451360;BA;VALFREDO;contato@paralamaautopecas.com.br;7181996379
4086;CARRO FORTE AUTOPEÇAS;-12.9358703;-38.4941731;RUA LUIZ REGIS PACHECO;200;;URUGUAI;SALVADOR;40451360;BA;VALTER;carroforte@hotmail.com;(71) 3315-0687
4087;VIRTUAL PEÇAS;-12.9370500;-38.4945545;RUA LUIZ REGIS PACHECO;90;;URUGUAI;SALVADOR;40451360;BA;DANILO;virtualpecas11083@hotmail.com;7133164297
4088;SÓ FIAT;-12.9648582;-38.4929073;RUA GENERAL ARGOLO;27;;BAIXA DE QUINTAS;SALVADOR;40300410;BA;ROBERTO;sofiatautopecas@hotmail.com;(71) 3234-1835
4089;SÓ GM AUTOPEÇAS;-12.9648653;-38.4929649;RUA GENERAL ARGOLO;29;;BAIXA DE QUINTAS;SALVADOR;40300410;BA;VITOR;sogm@gmail.com;(71) 3042-0854
4090;LEVI AUTOPEÇAS;-12.9651808;-38.4928237;RUA GENERAL ARGOLO;17;;BAIXA DE QUINTAS;SALVADOR;40300410;BA;LEVI;leviautopecas@outlook.com;(71) 3043-9385
4091;AUTOLATINA PEÇAS;-12.9645170;-38.4931049;RUA GENERAL ARGOLO;175;;BAIXA DE QUINTAS;SALVADOR;40300410;BA;LIBERATO;autolatina@gmail.com;7133813737
4092;BOY PEÇAS;-12.9153939;-38.4605950;RUA DA BOLÍVIA;S\N;;CAMPINAS DE PIRAJÁ;SALVADOR;41270298;BA;ADRIANA;menezeslessa@gmail.com;7133920156
4093;KABELUDO AUTOPEÇAS;-12.9150163;-38.4327691;AVENIDA ALIOMAR BALEEIRO;3200;;PAU DA LIMA;SALVADOR;41245020;BA;JEORGE;kabelludosom@gmail.com;7132134793
4094;O VAREJÃO AUTOPEÇAS;-12.7001932;-38.3253450;RUA CAMPINAS;S\N;;AREMBEPE;CAMAÇARI;42830170;BA;VALTAIR;sac@ovarejao.com.br;7131144200
4095;NOVA DISTRIBUIDORA;-22.9047698;-47.0774262;RUA DOUTOR DAVID VICENTE;240;;BONFIM;CAMPINAS;13070771;SP;MARCELO;marcelo.rossi@chevroletnova.com.br;1937372000
4096;NOVA DISTRIBUIDORA;-23.5924435;-46.6731473;RUA COMENDADOS MIGUEL CALFAT;35;;VILA NOVA CONCEIÇÃO;SÃO PAULO;4537080;SP;PEDRO;pedro.batista@chevroletnova.com.br;1136190800
4097;NOVA DISTRIBUIDORA;-23.6446553;-46.7221396;AVENIDA JOÃO DIAS;2258;;SANTO AMARO;SÃO PAULO;4723003;SP;RAPHAEL;rafhael.rodrigues@chevroletnova.com.br;1156462000
4098;NOVA DISTRIBUIDORA;-20.7998527;-49.3950297;AVENIDA DOUTOR CENOBELINOB SERRA;1085;;PARQUE INDUSTRIAL;SÃO JOSÉ DO RIO PRETO;15030000;SP;FELIPE;felipe.alves@chevroletnova.com.br;1732155020
4099;NOVA DISTRIBUIDORA;-23.5436460;-46.5962115;RUA SÃO LEOPOLDO;811;;BELENZINHO;SÃO PAULO;3055000;SP;LUIS;luis.carlos@chevroletnova.com.br;1136190800
4100;NOVA DISTRIBUIDORA;-21.1954657;-47.7678176;RUA DOUTOR HUGO FORTES;1119;;LAGOINHA;RIBEIRÃO PRETO;14095260;SP;JUSCELINO;atendimento@chevroletnova.com.br;1639686060
