produto_id;aplicacao_id
7108;39261
7108;39262
7108;42598
7108;42599
7108;42600
7109;28328
7109;28707
7109;42202
7109;28708
7109;28709
7109;28710
7109;28711
7109;28343
7109;28712
7109;28713
7109;28330
6310;43372
6310;43373
6310;43374
6310;43375
7110;43376
7111;43377
7112;40167
7112;43378
7113;40167
7113;43378
7114;43379
7115;43379
7116;43380
7116;43381
7117;43382
7118;38473
7119;43383
7119;43384
7120;43385
7121;43386
7121;43387
7121;43388
7121;43389
7121;43390
7121;43391
7121;43392
7121;43393
7122;43394
7122;43395
7122;43396
7122;43397
7122;43398
7122;43399
7123;43400
7123;43401
7124;43402
7124;43403
7124;43404
7125;43405
7125;43406
7125;43407
7125;43408
7125;43409
7126;43410
7126;43411
7127;43412
7127;43413
7127;43414
7128;43415
7129;43416
7131;43420
7131;43421
7132;43422
7133;43423
7134;43424
7135;43425
7136;43426
7137;43427
7137;43428
7138;43429
7139;43430
7140;43430
7141;43431
7141;43432
7141;43433
7143;41021
7144;43435
7145;43435
7146;41754
7147;41768
7148;43436
7148;43437
7148;43438
7149;43436
7149;43437
7149;43438
7150;43439
7152;38948
7152;38949
7152;38950
7153;38957
7153;38958
7154;43441
7156;43444
7157;43445
7158;43445
7159;43446
7159;43447
7159;43448
7159;43449
7159;43450
7159;43451
7159;43452
7159;43453
7159;43454
7160;43455
7160;43456
7161;43457
7162;43458
7162;43459
7163;43460
5970;43461
5970;43462
6083;43461
6083;43462
6084;43461
6084;43462
7155;43463
7155;43464
7051;43465
7051;43466
3683;43467
3683;43468
3684;43467
3684;43468
7164;42118
7164;42119
7164;42120
7164;42121
7164;42122
7164;42123
7164;42124
7164;42125
7164;42126
7164;42127
7164;42128
7164;42129
7165;43469
3791;40625
3792;40625
265;31074
7167;42601
7167;43470
7167;28994
7166;41370
7166;41371
7166;41372
7166;41373
7166;41374
7166;41375
7166;41376
7166;41377
7166;41187
7166;41378
7166;41379
7166;41380
2;28244
2;28248
2;31091
2;31092
2;31093
2;31094
2;31096
2;40610
3;27992
3;27993
4;27992
5;28081
6;28082
7;27223
8;30178
8;33681
8;33682
8;33683
9;30761
9;30762
9;30763
9;30764
9;30765
10;30761
10;30762
10;30763
10;30764
10;30765
11;27280
11;27281
13;32936
13;32937
13;32954
13;32955
13;32956
13;32957
15;32954
15;32955
15;32957
15;36459
15;36460
15;36461
17;32722
17;32723
17;32724
18;32725
18;32726
18;32727
19;32884
19;32885
19;32886
19;32887
20;32884
20;32885
20;32887
21;32725
21;32726
21;32727
23;29401
24;31226
25;33662
26;30746
27;30743
27;30744
27;30745
27;30872
28;31058
29;31058
30;31058
33;27177
33;27178
35;31100
35;31101
36;31106
37;31107
37;31108
39;32882
40;32883
41;27295
41;27296
42;27297
42;27298
43;29557
43;29558
43;29559
43;29560
43;29561
43;29562
44;32692
44;32693
45;32699
45;32700
46;32699
46;32700
47;32692
47;32958
48;29559
48;33875
48;33876
48;33877
48;33878
49;32980
49;32981
50;32998
50;32999
50;33000
51;27227
52;27227
53;31148
54;27327
54;27328
55;28005
55;28006
56;28005
56;28006
57;30868
57;30869
58;30868
58;30869
59;28005
59;28006
60;28005
60;28006
62;27989
62;27990
62;40586
62;41806
63;27989
63;27990
63;30865
63;30866
63;40586
63;41806
64;27988
64;27990
64;31221
64;31222
64;40586
65;27988
65;27990
65;31221
65;40586
66;43251
67;28010
68;28007
68;28022
68;28023
69;28023
70;28022
70;28023
71;28023
72;28010
73;28008
74;28008
75;33655
76;27184
77;27219
1912;43487
1912;43488
1912;43489
6532;43652
78;31215
79;31215
80;28542
81;28542
82;28542
84;28542
85;31077
86;31077
87;31077
89;27142
90;27338
90;27339
91;27360
91;27361
92;27360
93;27360
93;33193
93;42575
94;28688
95;27141
96;41598
97;33641
98;28041
99;28079
100;28079
101;28041
102;28007
103;27182
104;31076
105;31076
106;31076
108;42177
110;31218
111;31218
112;41612
112;41613
112;41614
114;27140
115;41974
116;28012
117;28058
120;36464
122;27342
122;27343
123;28073
124;27342
125;27342
125;31056
126;28073
126;28541
127;30776
127;30777
127;30778
127;30779
127;40847
128;31080
129;31081
130;31089
131;37809
132;37810
133;37811
134;37812
135;32712
137;31081
139;31081
140;31089
141;32722
141;32723
141;32724
141;38150
141;42688
142;40854
145;28541
146;31056
148;31054
148;31055
149;31054
149;31055
150;27233
151;27234
152;27235
153;27362
154;27362
155;30743
156;30754
157;31065
158;31068
159;30754
160;30754
161;31294
162;31294
163;31295
164;31295
165;31065
166;31065
167;32694
168;27181
169;28330
170;28330
171;28330
172;31087
173;40848
174;40740
176;30769
177;27269
178;27269
179;38108
179;38109
180;27309
181;27193
181;30867
182;27193
182;31292
182;31293
183;27193
183;31292
183;31293
184;27187
184;27188
185;30770
186;30770
187;30770
188;30768
189;30768
190;30768
191;41850
191;41913
191;41914
192;40946
193;31146
193;31147
194;31146
194;31147
195;31146
195;31147
196;39828
196;42925
196;42926
197;31116
197;31117
197;39828
198;39947
199;39947
200;27194
201;27203
204;32800
205;27136
206;27346
207;27347
208;27348
209;27348
210;27253
211;27213
212;31278
212;31279
212;38014
213;27248
214;27248
215;30909
216;31297
217;31301
218;30693
219;31143
220;30693
221;31143
222;31097
223;31097
225;27363
225;27364
225;27365
225;27366
226;33879
226;33880
227;33894
227;33895
227;33896
228;33894
228;33897
229;30347
229;33889
229;33890
229;33902
230;30347
230;33889
230;33890
230;33902
231;27363
231;27364
231;27365
231;27366
232;27363
232;27364
232;27365
232;27366
233;41583
234;41584
235;27358
235;27359
236;30738
236;30739
237;30740
238;30740
239;30738
239;30739
241;33898
241;33899
242;27358
242;27359
243;33900
243;33901
245;27254
246;28265
247;39263
248;30892
249;30892
250;30896
251;30896
252;27237
252;37704
253;42108
254;42108
255;31271
255;31272
255;38012
255;38013
256;31280
256;31281
257;27279
258;40409
259;30919
261;40106
262;27196
262;27197
262;40314
262;40315
264;30741
264;30742
265;31059
265;31060
266;31207
266;31208
266;31209
266;31210
267;31211
267;31212
267;31213
267;31214
268;31273
268;31274
268;31275
269;40849
269;40850
270;27199
270;27200
270;41975
270;41976
271;31149
272;31219
272;31220
273;40914
273;40915
273;40916
273;40917
274;31276
274;31277
278;30747
281;30916
281;30917
281;30918
282;40594
282;40595
283;40594
283;40595
284;30916
284;30917
284;30918
284;37713
284;37714
285;30916
285;30917
285;30918
285;37713
285;37714
289;31074
291;42262
291;42263
291;42264
292;31282
294;30748
295;31085
296;31206
297;30748
298;31150
299;30732
300;30732
301;30736
301;30737
302;30736
302;30737
303;30749
304;30749
305;31082
305;40608
308;31082
308;40608
309;30736
309;30737
310;30736
310;30737
316;40146
317;40146
318;33881
319;33887
320;33887
323;30347
323;33889
323;33890
323;39257
324;30347
7166;41381
324;33889
324;33890
324;39257
327;28025
327;28026
327;28027
327;28028
329;28025
329;28038
329;36290
329;36291
329;36292
329;36293
330;28025
330;32812
331;28036
331;28037
331;28038
333;31110
334;28026
334;32813
335;28037
335;32844
336;28037
336;32844
336;36293
337;28026
337;32813
338;31057
339;31057
339;40614
341;30871
342;28038
343;28038
345;30767
346;38300
347;41582
348;33643
349;33644
350;33646
351;41587
352;40402
353;30873
353;30874
353;30875
353;30876
354;40408
355;30885
356;31194
356;31195
357;30885
357;40416
358;30873
358;30874
358;30875
358;31270
359;27148
359;33882
359;33883
359;33884
359;33885
360;27148
360;33882
360;33884
360;33885
360;33886
361;27148
361;33885
361;39275
362;27148
362;33885
362;39275
363;31079
363;40607
364;40607
365;40609
366;31079
366;31086
367;31111
368;31111
369;40860
370;32814
371;40860
372;31079
372;31086
373;40609
374;32814
375;29563
376;31104
377;40611
378;36455
378;36456
378;36457
379;27160
379;27161
381;27209
381;27210
382;38260
382;38261
383;38157
383;38158
384;30891
385;38157
385;38158
385;38159
386;31223
387;27211
390;30760
391;30760
392;30760
393;27225
394;40801
395;33001
398;30860
399;30878
400;31200
401;31359
402;31098
403;31099
404;31109
405;32729
406;32730
407;32821
408;32729
409;32730
410;31161
411;42500
412;31084
413;31161
414;33653
414;33654
415;27316
416;27329
416;27330
416;27331
416;27332
416;27333
416;27334
416;27335
416;27336
416;27337
417;27356
417;30733
417;30734
417;30735
418;27356
418;30733
418;31191
420;27317
420;27318
420;27319
420;27320
420;27321
420;27322
420;27323
420;27324
420;27325
420;27326
421;30734
421;31190
422;30734
422;33128
425;30861
428;30861
429;31363
430;31363
7166;41382
431;30864
432;30864
433;27238
434;31053
435;31053
436;31053
437;33659
438;29976
440;29976
441;38176
443;28089
444;28089
445;27986
446;28147
447;27240
448;31047
449;31047
450;31047
451;28933
451;31358
452;31360
452;31361
453;31360
453;31361
455;27993
456;30898
457;30899
458;30898
458;30899
459;28141
461;27247
462;27241
463;39240
464;27222
465;29566
465;29567
469;27252
470;42023
470;42024
470;42025
470;42026
470;42027
471;27987
472;28094
473;28095
474;28106
474;28107
474;28108
475;28113
476;28113
477;27987
478;28106
479;39473
480;39473
481;27207
483;28977
483;30888
484;30915
485;31061
486;31102
487;30915
488;28977
488;37989
489;30886
490;30887
491;30886
492;30887
492;30890
493;27255
494;27221
495;30890
496;27189
496;27190
497;27201
497;38064
497;38065
498;27201
498;27202
499;31064
500;31072
500;31217
501;31072
501;31217
502;31072
502;31073
503;27205
507;31069
507;31070
507;42571
508;31069
508;31070
508;43213
509;31069
509;31070
509;43213
510;31066
511;31066
512;31066
513;27212
514;27191
514;27192
515;31071
516;31071
517;31071
518;27175
518;41606
518;41607
519;30883
519;40473
519;40474
519;40475
520;40474
521;30883
521;40282
522;27258
522;27259
523;27258
525;33893
526;38082
526;38097
527;38082
527;38093
528;31130
529;31131
529;31132
530;31131
531;27220
532;30897
533;31140
534;30897
534;39864
535;39797
535;41567
536;38094
536;38095
536;38096
537;38086
538;27174
539;31090
540;31090
541;27308
544;27282
544;27283
545;28090
545;28091
546;28090
546;28091
546;28092
546;28114
546;28115
546;33905
547;28114
547;28115
548;32690
549;32691
550;32728
551;32739
552;32740
553;32741
554;33002
555;33003
556;31062
556;31063
557;37886
558;37886
559;37886
560;37886
561;31051
562;31051
563;31364
564;31364
565;31364
566;31364
567;31062
567;31063
568;31062
568;31063
571;30900
572;30900
573;31052
574;31052
576;31051
577;27156
577;27157
578;27156
578;27157
579;38015
581;27148
582;27310
582;27311
582;27312
582;27313
582;27314
582;27315
583;28018
583;28019
583;40587
583;40588
584;27312
584;27313
584;27314
584;28018
584;28020
584;28021
584;28111
584;28112
585;28018
585;28019
585;28020
585;28021
585;36288
586;28018
586;28019
586;28020
586;28021
588;30758
588;30759
589;30758
589;30759
591;28617
591;41655
591;42356
592;27229
592;31285
592;31286
592;31287
592;31288
593;28109
593;28110
594;36289
597;33648
602;27350
602;27351
602;27352
603;27353
603;27354
605;27369
605;27370
606;27371
606;27372
606;27373
607;27994
608;27371
608;27995
609;27350
609;28029
610;28030
610;28031
611;27367
612;28093
613;28096
613;28098
613;28099
613;28100
613;42495
613;42496
614;27367
615;27350
615;28029
615;30750
616;27367
617;27350
617;28029
621;40599
621;40600
621;42952
623;39238
624;27249
625;27249
627;27960
628;27961
629;27242
632;27996
632;27997
634;28024
635;28032
635;28033
636;28080
637;28033
642;40800
643;28035
644;27349
645;27349
646;41585
647;41586
648;27228
649;28092
651;33128
652;27356
652;27357
653;33128
654;27959
655;27959
655;30733
656;41590
657;27368
658;28034
659;28543
660;28544
660;28545
660;28547
660;40589
661;30907
662;40233
662;40234
662;40235
665;27244
665;27245
666;27134
667;39946
667;43212
668;39946
668;43212
669;31241
670;31241
671;42487
671;42488
676;39946
676;39947
677;28265
677;30912
678;28265
678;30912
681;40918
681;40919
682;40918
682;40919
683;30919
684;30919
685;37833
685;41595
686;37835
686;41596
687;43047
688;40597
688;41076
688;41077
690;28244
690;28245
690;28246
690;28247
690;28248
690;28249
690;28250
690;28251
691;28244
691;28245
691;28246
691;28247
691;28248
691;28249
691;28250
691;28251
692;28149
692;28150
692;28151
692;28152
693;28153
693;28154
693;28155
693;28156
693;28157
693;28158
696;28289
696;28290
696;28291
696;28292
696;28293
696;28294
696;28295
696;28296
697;28289
697;28290
697;28291
697;28292
697;28293
697;28294
697;28295
697;28296
698;28289
698;28290
698;28291
698;28292
698;28293
698;28294
698;28295
698;28296
702;28297
702;28298
702;28299
702;28300
702;28301
702;28302
702;28303
703;28297
703;28298
703;28299
703;28300
703;28301
703;28302
703;28303
704;28297
704;28298
704;28299
704;28300
704;28301
704;28302
704;28303
707;28333
707;28334
707;28335
709;28312
709;28313
710;28312
710;28313
712;28306
712;28307
713;28306
713;28307
714;28308
714;28309
715;28308
715;28309
716;28307
716;28308
718;28308
718;28309
719;28310
719;28311
720;28310
720;28311
725;28314
725;28315
725;28316
726;28314
726;28315
726;28316
727;28317
727;28318
728;28317
728;28318
729;28326
730;28326
731;28331
731;28332
732;28331
732;28332
733;28304
733;28305
734;28304
1526;43620
734;28305
735;28424
735;28425
735;28426
735;28427
735;28428
735;28429
736;28424
736;28425
736;28426
736;28427
736;28428
736;28429
737;28433
737;28434
737;28435
737;28436
738;28433
738;28434
738;28435
738;28436
741;28258
741;28259
741;28260
741;28261
741;28262
743;28234
743;28235
743;28236
743;28238
743;28239
743;28240
743;28241
743;28242
743;28243
743;40309
744;28273
744;28275
744;28276
744;28277
744;28278
744;38151
744;38152
744;38153
745;28273
745;28275
745;28276
745;28277
745;28278
745;38151
745;38152
745;38153
746;28231
746;28232
746;28233
747;28231
747;28232
747;28233
751;28265
751;28266
751;28267
751;28667
754;28356
754;28357
754;28358
754;28359
754;28360
756;28363
756;28364
756;28365
759;28368
759;28369
760;28370
760;28371
761;28388
761;38294
761;38295
762;28388
762;38294
762;38295
763;28391
763;38296
763;38297
764;28391
764;38296
764;38297
765;28383
765;28384
766;28383
766;28384
767;28377
767;28378
767;28379
768;28372
768;28373
768;28374
768;28375
768;28376
769;28361
769;28362
770;28385
772;28380
773;28380
774;39944
775;39944
778;28382
779;28382
780;28377
780;28378
780;28379
781;28410
783;28411
784;28411
785;28412
786;28412
792;28430
792;28431
792;28432
793;28430
793;28431
793;28432
794;28437
794;28438
794;28439
794;28440
795;28437
795;28438
795;28439
795;28440
796;38068
797;38068
799;28454
799;28455
800;28444
803;28461
804;28461
805;28465
805;40804
805;40805
806;28465
806;40804
806;40805
807;28182
807;28183
807;28184
807;28185
807;28186
808;28159
808;28160
808;28161
808;28162
808;28163
808;28164
809;28165
809;28166
809;28167
809;28168
809;28169
811;28187
811;28188
811;28189
811;28190
811;28191
811;28192
811;28193
811;28194
811;28195
813;36090
813;36091
813;36092
813;36093
813;36094
813;36095
813;36096
814;36266
814;36267
814;36268
814;36269
814;36271
814;38353
815;36266
815;36267
815;36268
815;36269
815;36271
815;38353
816;30498
816;36173
816;36174
816;36175
816;36176
816;36177
816;36178
817;28346
817;28347
818;32150
818;36026
818;36027
818;36028
818;36029
818;36030
818;36031
819;32150
819;36026
819;36027
819;36028
819;36030
819;36031
819;36032
820;40305
821;36123
821;36124
821;36125
822;30385
822;36120
822;36121
822;36122
823;39477
823;39478
823;39479
823;39480
823;39481
824;28258
824;28265
824;28272
824;28666
824;28667
824;36097
824;36098
824;36099
824;38342
825;28374
825;28375
825;28603
825;36172
826;40976
826;40977
826;40978
826;40979
826;40980
826;40981
826;40982
827;36023
827;36024
827;36025
828;36037
828;36038
828;36039
828;36040
829;36037
829;36038
829;36039
829;36040
830;36100
830;36101
830;36102
831;36103
831;36104
831;36105
831;36106
834;36732
834;36734
834;37473
834;37474
834;37475
834;37476
834;37477
836;37610
836;37612
836;37613
836;40426
845;37389
845;37390
845;37391
845;37392
845;37393
849;37555
849;37556
849;37557
849;37558
851;37523
851;37524
851;37525
851;37526
852;36779
852;37568
852;37569
852;37570
852;37571
852;37572
853;37589
853;37590
853;37591
853;37592
853;37593
853;37594
859;38354
859;38355
859;38356
860;37445
860;37446
860;37447
860;37448
860;37449
860;37450
863;37518
863;37519
863;37520
863;37521
863;37522
865;37536
865;37537
865;37538
869;37628
869;37629
869;37630
870;37631
870;37632
876;37394
876;37395
876;37396
876;37397
876;37398
876;37399
876;37400
878;37639
878;37640
879;37641
879;37642
881;36130
881;37516
881;37517
884;37529
884;37530
885;37545
885;37546
885;37547
887;37553
887;37554
890;37581
890;37582
890;37583
890;37584
890;37585
890;37586
890;37587
890;37588
891;37609
894;37454
898;37564
898;37565
898;37566
901;37455
901;37456
901;37457
901;37458
901;37459
902;37467
902;37468
902;37469
902;37470
902;37471
902;37472
903;37559
903;37560
903;37561
903;37562
903;37563
904;37573
904;37574
904;37575
904;37576
906;37577
910;28223
910;37407
910;37408
910;37409
910;37410
910;37411
914;37460
914;37461
914;37462
914;37463
914;37464
914;37465
914;37466
926;37478
926;37479
926;37480
926;37481
927;37482
927;37483
927;37484
927;37485
928;37486
928;37487
928;37488
935;37444
941;37548
942;28155
942;28156
942;36664
942;36665
942;36666
943;36266
943;36472
943;36667
943;36668
944;36266
944;36472
944;36667
944;36668
945;28325
945;36561
945;36748
945;36749
945;36750
946;39492
946;39493
946;39494
946;39495
946;39496
946;39497
946;39498
946;39499
946;39500
946;39501
946;39502
947;28372
947;28374
947;28375
947;28603
947;36777
948;32389
948;32390
948;32391
948;32392
951;32317
951;32318
951;32319
951;32320
951;32321
951;32322
951;32323
951;32324
951;32325
951;32326
952;32317
952;32318
952;32323
952;32327
952;32368
953;36826
953;36827
953;36828
953;36829
953;36830
953;36831
953;36832
953;40503
954;36867
954;40504
958;37070
958;37071
958;37072
958;37073
958;37074
958;37075
958;37076
958;37077
958;37078
958;37079
958;37080
958;37081
958;37082
958;37083
958;37084
959;32467
960;32517
961;36971
962;32460
962;32461
962;32462
963;32476
963;32477
963;32478
964;32512
965;36949
965;36950
965;36951
966;32479
966;32480
967;32514
968;32515
969;32468
969;32469
969;32470
969;32471
969;32472
969;32473
969;32474
970;32504
970;32505
970;32506
970;32507
970;32508
970;32509
971;36952
971;36953
971;36954
971;36955
971;36957
971;36958
971;40507
972;36959
972;36960
972;36961
972;36962
972;36964
972;36965
972;40508
973;32481
974;36966
975;32510
976;32463
976;32464
977;36944
977;36945
978;32484
979;32513
980;36969
981;32485
982;36970
983;36943
984;32465
984;32466
985;36946
985;36947
986;32503
987;32480
988;32475
989;32482
989;32483
990;32511
991;36948
992;38106
992;38107
993;32516
994;32618
995;32579
995;32580
995;32581
996;37034
996;37035
997;32593
998;37041
999;32582
1000;32406
1000;32407
1000;32408
1001;32409
1001;32410
1001;32411
1002;32406
1002;32446
1002;32447
1003;36916
1003;36917
1003;36918
1004;36916
1004;36917
1004;36918
1005;38269
1006;38270
1007;37036
1008;32393
1008;32394
1009;40970
1009;40971
1009;40972
1009;40973
1009;40974
1010;32438
1010;32439
1010;32440
1010;32441
1011;36911
1011;40506
1012;32402
1012;32403
1012;32404
1013;32443
1013;32444
1013;32445
1014;36913
1014;36914
1014;36915
1015;36913
1015;36914
1015;36915
1016;32372
1016;32373
1016;32374
1016;32375
1016;32376
1016;32377
1017;32378
1017;32380
1017;39932
1018;32379
1018;32381
1018;32382
1018;32383
1019;36873
1019;36874
1019;36875
1019;36876
1019;36877
1019;36878
1020;36879
1020;36880
1020;36881
1021;36882
1021;36884
1021;39938
1022;32448
1022;32449
1022;32450
1023;32451
1023;32452
1024;32455
1024;32456
1025;32457
1025;32458
1025;32459
1025;38301
1026;32395
1026;32396
1026;32397
1026;32398
1026;32399
1026;32400
1026;32401
1027;36887
1027;36888
1027;36889
1027;36890
1027;36891
1027;36892
1028;36893
1028;36894
1028;36895
1028;36896
1028;36897
1028;36898
1029;32385
1029;32386
1029;32387
1029;32388
1030;32386
1030;32388
1031;36900
1031;36901
1031;36902
1031;36903
1031;36904
1031;40065
1032;36906
1032;36907
1032;36908
1032;36909
1032;36910
1032;40505
1033;32405
1034;32442
1035;36919
1036;32432
1037;32384
1038;32431
1039;36885
1040;36886
1041;36941
1042;32453
1042;32454
1043;32530
1043;32531
1043;32532
1043;32533
1044;32555
1045;36998
1045;36999
1045;37000
1045;37001
1046;32535
1046;32536
1047;32536
1047;32556
1048;37002
1048;37003
1049;32520
1049;32521
1049;32522
1049;32523
1050;32524
1050;32525
1050;32527
1050;32528
1050;32529
1050;40420
1051;32520
1051;32521
1051;32522
1051;32523
1052;32525
1052;32527
1052;32528
1052;32529
1052;32553
1052;40421
1053;36988
1053;36989
1053;36990
1053;36991
1054;36992
1054;36993
1054;36994
1054;36995
1055;36996
1055;36997
1056;36996
1056;40427
1057;32531
1057;32532
1058;36999
1058;37000
1059;32534
1060;32533
1060;32534
1061;37004
1062;37001
1063;32308
1063;32309
1063;32310
1063;32311
1063;32312
1063;32313
1063;32314
1063;32315
1063;32316
1064;32309
1064;32313
1064;32360
1064;32361
1064;32362
1065;36810
1065;36811
1065;36812
1065;36813
1066;32561
1066;32562
1067;32560
1068;32564
1069;32558
1070;32558
1071;37023
1072;32559
1073;32565
1074;32626
1074;32627
1074;32628
1075;32626
1075;32628
1075;32631
1076;37092
1076;37093
1076;37094
1077;32637
1078;32369
1079;32371
1082;32643
1082;32644
1085;32575
1085;32576
1086;37037
1086;37038
1087;37037
1087;37038
1088;37037
1089;37037
1090;32577
1090;32578
1091;37039
1091;37040
1092;32583
1092;32584
1093;32583
1093;32584
1094;37042
1098;32594
1098;32595
1098;32596
1098;32597
1099;32599
1099;32600
1100;37052
1100;37053
1100;37054
1100;37055
1101;32598
1102;37056
1102;37057
1103;32612
1103;32613
1104;32614
1104;32615
1105;32327
1105;32328
1105;32329
1105;32330
1106;36841
1106;36842
1107;32333
1107;32334
1107;32335
1107;32336
1108;36843
1108;36844
1108;36845
1108;36846
1109;36868
1109;36869
1109;36870
1109;36871
1110;32333
1110;32334
1110;32335
1110;32336
1111;32355
1111;32356
1111;32357
1112;32358
1112;32359
1113;32326
1113;32364
1113;32365
1113;32366
1114;36814
1114;36816
1114;36818
1114;40500
1114;40501
1115;36838
1115;36839
1115;36840
1116;36819
1116;36820
1116;36821
1116;36822
1116;40502
1117;32367
1118;36824
1119;36833
1119;36834
1119;36835
1120;32331
1120;32332
1121;32331
1122;36836
1122;36837
1123;32363
1124;33205
1124;33206
1124;33207
1124;33208
1124;33209
1125;33213
1125;33214
1125;33215
1125;33216
1125;33217
1125;33218
1126;33185
1126;33186
1126;33187
1127;33192
1127;33193
1128;33194
1128;33195
1128;33196
1129;33197
1129;33198
1129;33199
1130;33246
1130;33247
1130;33248
1130;33249
1130;33250
1131;33259
1131;33260
1131;33261
1132;33262
1132;33263
1132;33264
1133;33133
1133;33134
1134;33253
1134;33254
1134;33255
1135;33257
1135;33258
1136;33210
1136;33211
1136;33212
1138;33190
1138;33191
1139;33240
1141;33188
1141;33189
1145;33157
1146;33244
1147;33129
1147;33130
1147;33131
1148;28683
1150;33176
1150;33177
1150;33178
1151;33184
1152;33160
1153;33219
1153;33220
1155;33227
1156;33228
1157;33229
1157;33230
1157;33231
1157;33232
1158;33233
1158;33234
1159;33139
1159;33140
1160;33141
1161;33142
1162;33226
1163;33251
1163;33252
1164;33135
1164;33136
1165;33137
1166;33138
1167;33166
1168;33167
1169;33168
1170;33223
1170;33224
1170;33225
1171;27360
1172;33131
1174;33181
1175;33182
1176;33183
1177;33200
1178;33201
1179;28058
1179;33202
1179;33203
1181;33179
1181;33180
1182;33204
1183;33245
1184;33162
1185;33163
1185;33164
1187;33172
1188;33173
1189;33159
1190;33169
1191;33170
1192;33171
1193;28305
1194;33174
1195;33175
1196;33235
1198;33156
1199;33237
1199;33238
1201;33239
1202;33265
1203;33266
1204;33161
1205;33256
1206;33132
1208;33241
1209;33242
1210;33243
1213;30720
1213;30721
1213;30722
1214;30680
1214;30681
1214;30682
1214;30683
1215;33273
1215;33274
1216;33339
1216;33340
1216;33341
1217;33356
1217;33357
1218;33381
1218;33382
1219;33353
1219;33354
1219;33355
1220;30692
1221;33372
1222;33295
1223;33373
1224;33291
1224;33292
1225;30693
1226;30691
1227;33290
1228;33293
1229;33403
1230;33404
1232;30686
1233;30687
1233;30688
1234;30689
1234;30690
1235;33275
1235;33276
1235;33278
1237;33284
1238;33285
1240;33405
1242;28273
1243;33398
1244;33400
1245;33337
1245;33338
1246;33342
1247;33344
1247;33345
1248;33379
1248;33380
1249;33351
1249;33352
1251;33343
1252;33313
1252;33314
1252;33315
1253;33316
1253;33317
1253;33318
1253;33319
1253;33320
1253;33321
1254;33322
1254;33323
1254;33324
1254;33325
1254;33326
1255;33327
1255;33328
1256;33329
1257;33401
1257;33402
1258;33359
1258;33360
1258;33361
1258;33362
1258;33363
1258;33364
1258;33365
1259;33366
1259;33367
1259;33368
1260;33369
1260;33370
1261;43219
1261;43220
1261;43221
1261;43222
1261;43223
1261;43224
1261;43225
1261;43226
1261;43227
1261;43228
1262;33391
1262;33392
1263;33391
1264;33286
1265;30919
1266;33288
1267;33289
1268;33349
1268;33350
1269;33346
1269;33347
1270;33331
1271;33332
1271;33333
1272;33334
1272;33335
1272;33336
1273;33383
1274;30685
1276;33394
1277;33395
1277;33396
1278;33397
1279;33399
1280;33348
1281;33384
1282;33358
1283;33371
1284;33393
1285;33385
1286;33386
1287;33387
1288;33388
1289;33389
1290;33390
1291;30261
1292;33374
1293;33375
1294;30694
1295;33294
1296;33303
1297;33312
1298;33330
1299;30684
1301;33407
1301;33408
1301;33409
1302;33410
1302;33411
1302;33412
1303;33413
1304;30321
1304;33414
1305;30321
1305;30919
1305;33415
1306;33287
1307;30695
1308;33279
1308;33280
1308;33281
1308;33282
1308;33283
1309;33406
1310;33440
1310;33441
1311;33458
1311;33459
1312;33462
1312;33463
1314;33476
1314;33477
1316;33455
1316;33456
1316;33457
1317;33443
1317;33444
1317;33445
1318;33446
1318;33447
1318;33448
1319;33423
1320;33460
1320;33461
1322;33422
1324;33453
1325;33454
1327;33464
1327;33465
1327;33466
1328;33468
1328;33469
1328;33470
1329;33471
1329;33472
1329;33473
1330;33475
1331;33467
1332;29476
1332;33479
1334;33480
1334;33481
1334;33482
1334;33483
1337;31270
1337;33484
1337;33485
1337;33486
1338;33487
1338;33488
1340;33421
1344;33442
1349;33491
1352;33449
1354;33416
1355;33417
1355;33418
1356;33452
1357;33424
1358;33439
1361;33419
1362;33420
1364;33450
1365;33451
1366;33478
1367;33572
1367;33573
1367;33574
1367;33575
1368;33576
1368;33577
1368;33578
1368;33579
1369;33580
1369;33581
1369;33582
1369;33583
1370;33599
1370;33600
1370;33601
1370;33602
1371;27148
1371;33474
1372;33564
1372;33565
1372;33566
1377;33497
1378;33498
1380;27252
1383;33512
1384;33513
1385;33508
1385;33509
1386;33510
1386;33511
1389;33521
1390;30724
1390;30725
1390;30726
1390;30727
1391;30728
1391;30729
1391;30730
1391;30731
1392;40542
1392;40543
1393;33531
1393;33532
1394;33558
1394;33559
1394;33560
1394;33561
1394;33562
1394;33563
1395;33567
1395;33568
1395;33569
1395;33570
1395;33571
1396;33584
1396;33585
1397;33586
1398;33587
1398;33588
1399;33594
1400;33589
1400;33590
1401;33591
1401;33592
1401;33593
1403;33534
1403;33535
1403;33536
1403;33537
1404;33612
1405;33613
1409;33604
1410;33605
1411;33606
1412;30723
1415;33556
1417;33595
1417;33596
1417;33597
1417;33598
1418;33603
1419;33528
1420;33557
1421;39856
1422;39857
1423;33611
1425;33609
1426;33533
1427;33610
1428;33614
1429;33615
1430;33616
1443;41735
1443;41736
1446;40291
1446;40292
1446;40293
1446;40294
1446;40295
1458;38620
1458;38621
1465;38358
1469;38605
1469;38606
1471;38611
1471;38612
1471;38613
1480;38634
1480;38635
1481;38598
7166;41383
7166;41384
7166;41385
7166;41386
7166;41387
7166;41388
7166;43471
7166;41390
7166;43472
7166;41392
7166;41393
7166;41394
7166;41395
7166;41396
7166;41397
7166;41398
7166;41205
7166;41399
7166;41400
7166;41401
7166;43473
1912;43490
7168;43491
7168;43492
7168;43493
7168;43494
7168;43495
7168;43496
7168;43497
7168;43498
7168;43499
7168;43500
7168;43501
7168;43502
7168;43503
7168;43504
7168;43505
7168;43506
7168;43507
7168;43508
7168;43509
7168;43510
7168;43511
7168;43512
7168;43513
7168;43514
7168;43515
7168;43516
7168;43517
7169;43518
7170;43519
7170;43520
7170;43521
7170;43522
7171;43523
7172;43524
7173;43525
7174;43526
7174;43527
7174;43528
7174;43529
7175;43530
7175;43531
7175;43532
7175;43533
7175;43534
7175;43535
2278;43585
2278;43586
2278;43587
2278;43588
2278;43589
1502;38749
1504;38556
1521;28375
1521;28600
1521;28601
1521;28602
1521;28603
1522;28155
1522;28156
1522;28604
1522;28605
1523;28606
1523;28607
1524;28608
1524;28609
1524;28610
1525;28611
1525;28612
1525;28613
1525;28614
1526;28198
1526;28199
1526;28202
1526;28615
1526;28616
1526;28617
1526;28618
1526;28619
1526;28620
1526;28621
1526;28622
1526;28623
1526;40845
1526;40846
1527;28624
1527;28625
1527;28626
1528;28634
1529;28635
1530;28636
1532;28638
1533;28640
1534;28641
1534;28642
1534;28643
1535;28644
1535;28645
1535;28646
1535;42372
1536;28647
1536;28648
1536;28649
1536;41850
1536;41851
1536;41852
1537;28650
1537;28651
1537;28652
1537;28653
1537;28654
1537;28655
1537;28656
1537;28657
1537;28658
1537;39832
1538;28659
1538;28660
1542;28662
1542;28663
1542;28664
1542;28665
1543;28662
1543;28663
1543;28664
1543;28665
1544;28675
1546;28676
1546;28677
1546;28678
1547;28679
1548;28331
1548;28680
1548;28681
1548;28682
1549;28683
1549;28684
1549;28685
1550;28686
1550;28687
1551;28688
1551;28689
1552;28690
1553;28691
1554;28692
1554;28693
1555;28694
1555;28695
1556;28696
7103;43357
7166;41403
7166;41404
7166;43474
7166;41406
7166;41208
7176;43536
7176;43537
7177;43538
7178;43539
7178;43540
7179;43541
7179;43542
7179;43543
7180;43544
7180;43545
7180;43546
7180;43547
7180;43548
2278;43590
7193;42372
7194;42372
5397;43591
687;43592
7195;43593
7195;43594
441;43630
1556;28697
1557;28698
1557;28699
1558;28700
1558;28701
1559;28702
1560;28703
1561;28704
1561;28705
1561;28706
1562;28718
1564;28386
1564;28729
1565;28360
1565;28730
1565;28731
1566;28732
1566;28733
1567;28734
1568;28735
1569;28736
1570;28736
1571;28737
1571;28738
1573;28743
1575;28744
1576;28744
1577;36780
1578;28762
1579;28763
1580;28743
1581;28764
1581;28765
1582;28766
1582;28767
1582;28768
1582;28769
1583;28770
1584;28772
1585;28773
1586;28774
1587;28774
1588;28775
1589;28775
1590;28776
1591;28776
1592;28777
1592;28778
1592;28779
1593;28780
1594;28784
1595;28784
1596;28776
1597;28776
1598;41073
1599;41073
1600;28790
1600;28791
1601;28792
1602;28793
1603;28793
1604;28794
1604;28795
1604;28796
1604;28797
1604;28798
1604;28799
1605;28801
1605;28803
1605;28805
1605;28806
1605;28807
1605;40012
1605;40947
1605;41053
1605;42497
1605;42498
1606;28810
1606;28811
1607;28811
1608;28440
1608;28814
1608;28817
1608;36627
1608;36628
1608;38135
1608;38136
1608;38137
1608;38138
1608;38139
1609;28821
1610;28827
1611;28828
1613;28829
1614;28829
1615;28830
1615;28831
1615;28832
1616;28835
1616;28836
1616;28837
1616;28838
1618;28852
1618;28853
1619;28854
1619;28855
1619;28856
1619;28857
1620;28858
1620;28859
1621;28861
1622;28976
1622;28977
1622;28978
1622;28979
1623;28862
1624;28863
1625;40948
1625;40949
1625;40950
1626;28867
1627;28868
1628;28868
1629;28869
1630;28463
1630;28870
1631;28463
1631;28870
1632;28882
1633;28883
1635;28885
1636;28886
1636;28887
1637;28888
1638;28888
1639;28898
1639;28899
1640;28900
1641;28901
1642;28902
1643;28901
1645;28904
1645;28905
1648;28908
1649;28475
1649;28476
1649;28477
1649;38125
1649;38126
1649;38127
1651;28923
1651;28924
1652;28923
1652;28924
1653;28494
1653;28925
1653;28926
1654;28927
1655;28928
1656;28929
1657;28929
1658;28930
1521;43354
1521;43355
1521;43356
1521;28728
1658;28931
1658;28932
1658;28933
1659;28929
1660;28931
1660;28933
1661;28944
1661;28945
1662;28946
1663;28947
1664;28948
1665;40951
1666;40951
1667;28514
1668;28514
1669;28966
1671;28970
1671;28971
1672;28972
1673;28973
1675;29079
1675;29080
1675;29081
1676;29082
1676;29083
1677;29084
1677;29085
1677;29086
1677;29087
1678;29088
1678;29089
1678;29090
1679;29091
1679;29092
1679;29093
1679;29094
1679;29095
1679;29096
1680;29097
1680;29098
1681;29099
1681;29100
1681;29101
1681;29102
1682;28198
1682;29103
1682;29104
1682;29105
1682;29106
1682;29107
1682;29108
1682;29109
1682;29110
1682;29111
1682;29112
1682;29113
1682;29114
1683;29115
1683;29116
1684;29117
1684;29118
1684;29119
1684;29120
1684;29121
1684;29122
1685;29123
1685;29124
1685;29125
1685;29126
1685;29127
1686;29128
1686;29129
1686;29130
1686;29131
1687;29132
1687;29133
1687;29134
1688;29135
1688;29136
1689;29137
1689;29138
1689;29139
1689;29140
1690;28161
1691;29161
1691;29162
1691;29163
1691;29164
1691;29165
1692;29166
1692;29167
1692;29168
1693;29367
1693;29368
1693;29369
1694;29370
1694;29371
1694;29372
1694;29373
1695;29374
1695;29375
1695;29376
1695;29377
1695;29378
1695;29379
1695;29380
1695;29385
1695;39842
1695;39843
1695;39844
1695;39845
1696;29386
1696;29387
1697;29391
1698;28242
1698;29392
1698;29393
1699;28310
1699;28311
1700;29395
1701;28689
1701;29396
1702;29397
1702;29398
1702;29399
1702;29400
1703;29397
1703;29398
1703;29399
1703;29400
1704;28328
1704;28330
1704;28718
1705;28680
1706;28308
1706;28309
1707;28308
1707;28309
1708;28296
1708;29424
1708;29425
1708;29426
1709;29427
1709;29428
1709;29429
1710;28676
1710;28678
1710;29430
1710;29431
1710;29432
1711;28680
1712;29447
1713;29448
1713;29449
1713;29450
1714;29451
1714;29452
1714;29453
1715;29454
1715;29455
1715;29456
1716;29457
1716;29458
1716;29459
1717;28378
1717;28726
1717;29460
1718;29461
1718;29462
1718;29463
1719;29464
1719;29465
1720;29466
1720;29467
1720;29468
1721;29469
1721;29470
1722;29471
1723;29471
1724;29472
1724;29473
1724;29474
1725;29471
1725;29473
1726;28374
1726;28375
1726;28376
1726;29475
1726;29476
1726;29478
1726;29479
1726;33421
1727;28372
1727;28374
1727;28375
1727;28376
1727;29475
1727;29479
1727;29480
1727;29481
1728;29482
1729;29483
1729;29484
1729;29485
1729;29486
1729;29487
1730;28378
1730;28379
1730;29460
1730;29476
1731;29468
1731;29490
1731;29491
1732;28372
1732;28374
1732;28375
1732;28376
1733;29473
1733;29475
1733;29479
1733;40405
1734;29478
1734;29479
1734;40405
1735;28411
1736;28818
1736;29498
1737;29498
1738;29509
1739;28622
1739;30128
1739;30129
1739;30130
1740;27352
1740;28375
1740;28604
1740;30134
1740;30148
1740;39846
1740;39847
1740;39848
1742;30140
1744;30140
1745;30139
1746;30139
1747;39849
1747;39850
1748;30141
1748;30142
1748;30143
1749;27352
1749;29166
1749;30136
1749;30144
1749;30145
1749;30146
1749;30147
1749;30148
1750;27352
1750;29166
1750;30136
1750;30144
1750;30145
1750;30146
1750;30147
1750;30148
1751;27352
1751;29166
1751;30136
1751;30144
1751;30145
1751;30146
1751;30147
1751;30148
1752;29117
1752;30149
1752;30150
1752;30151
1752;30152
1753;29117
1753;30149
1753;30150
1753;30151
1753;30152
1754;28622
1754;30128
1754;30129
1754;30130
1755;30153
1755;30154
1756;30155
1756;30156
1757;30157
1757;30158
1757;30159
1757;30160
1757;30161
1758;30162
1758;30163
1758;30164
1759;30157
1759;30160
1759;30165
1759;30166
1759;30167
1759;30168
1759;30169
1760;30157
1760;30159
1760;30160
1760;30161
1760;30170
1761;30157
1761;30159
1761;30160
1761;30161
1761;30170
1762;30162
1762;30163
1762;30164
1763;30162
1763;30163
1763;30164
1764;30156
1764;30171
1765;29108
1765;29156
1765;30172
1766;29108
1766;29156
1766;30172
1767;30173
1767;30174
1767;30175
1768;30176
1768;30177
1769;28198
1769;28618
1769;29101
1769;29105
1769;29109
1769;29112
1769;29114
1769;30178
1770;28198
1770;28618
1770;29101
1770;29105
1770;29109
1770;29112
1770;29114
1770;30178
1771;30139
1772;29370
1772;29371
1772;29372
1772;29373
1773;30252
1774;30253
1774;30254
1774;30255
1774;30256
1775;29370
1775;29371
1775;29372
1775;29373
1776;30254
1776;30257
1776;30258
1776;30259
1776;30260
1776;30261
1777;30262
1777;30263
1777;30264
1777;30265
1778;30266
1778;30267
1778;30268
1778;30269
1779;30270
1780;30271
1780;30272
1781;30274
1781;30275
1782;30276
1782;30277
1783;30278
1783;30279
1785;30278
1785;30279
1787;30262
1787;30285
1787;30286
1787;30287
1788;30253
1788;30254
1788;30268
1789;30253
1789;30254
1789;30255
1790;30288
1790;30289
1790;30290
1791;30280
1791;30288
1791;30289
1791;30290
1791;30291
1792;30253
1792;30254
1792;30268
1793;30280
1793;30288
1793;30289
1793;30290
1793;30291
1794;30253
1794;30254
1794;30255
1795;30288
1795;30289
1795;30290
1796;28264
1796;28265
1796;28266
1796;28272
1796;28667
1796;29365
1796;30292
1796;30293
1797;28264
1797;28265
1797;28266
1797;28267
1797;28272
1797;28667
1797;29365
1797;30292
1797;40471
1797;40472
1798;30294
1798;30295
1798;30296
1798;30297
1799;30343
1800;30344
1800;30345
1800;30346
1801;28242
1801;30347
1801;30348
1801;30349
1801;30350
1802;28314
1802;28315
1802;30373
1803;28301
1803;28302
1803;30375
1804;30376
1804;30377
1805;28328
1805;28330
1805;30378
1806;28309
1806;28314
1807;28690
1808;28688
1808;30379
1809;29432
1809;30380
1810;30381
1810;30382
1811;30381
1811;30382
1812;30383
1813;30383
1813;30384
1814;29402
1814;30385
1814;30386
1814;30387
1815;30389
1816;28688
1816;30390
1817;30389
1818;28688
1818;29432
1818;30391
1818;30392
1818;30393
1819;28301
1819;28302
1819;28690
1820;28690
1821;29432
1821;30394
1821;30395
1822;28680
1822;30388
1822;30396
1823;28680
1823;30388
1823;30396
1824;28680
1824;30388
1824;30397
1825;30388
1825;30396
1825;30398
1826;30486
1826;30487
1827;30488
1827;30489
1827;30490
1828;30491
1828;30492
1828;30493
1829;30494
1829;30495
1829;30496
1830;30497
1830;30498
1830;30499
1831;29471
1831;30500
1832;30501
1832;30502
1833;28372
1833;28374
1834;29471
1834;29479
1834;30500
1835;29475
1836;30503
1836;30504
1837;28378
1837;29476
1837;30505
1838;29471
1838;29479
1838;30500
1839;29475
1840;30503
1841;28378
1841;29476
1841;30505
1842;29464
1842;29491
1843;29471
1843;30500
1844;30506
1844;30507
1844;30508
1845;30494
1845;30495
1845;30496
1846;29478
1846;30509
1846;30510
1847;30511
1847;30512
1848;30513
1849;28600
1850;28600
1851;30535
1851;30536
1852;30537
1852;30538
1852;30539
1853;30540
1854;30541
1854;30542
1855;30541
1855;30542
1856;30560
1856;30561
1857;30562
1857;30563
1858;30564
1858;30565
1859;30653
1860;30653
1864;32706
1864;32707
1873;32703
1873;32704
1877;32795
1877;32796
1877;32797
1877;32798
1877;32799
1877;42927
1879;32970
1879;32971
1879;32972
1879;32973
1880;32974
1880;32975
1880;32976
1880;32977
1882;33048
1883;27853
1884;27853
1884;39858
1884;42354
1887;27855
1888;27861
1888;27862
1889;27886
1890;32801
1891;32879
1891;39871
1891;42359
1893;33031
1893;33032
1893;33033
1894;33036
1894;39871
1894;39872
1894;41104
1894;41105
1896;32979
1897;33062
1897;33063
1898;33039
1898;33040
1898;33041
1900;27588
1900;27597
1900;41251
1900;41252
1900;41253
1900;41254
1900;41255
1900;41256
1900;41257
1900;41258
1900;41259
43;43339
2540;43340
2540;27276
7101;43095
7180;43549
7181;43550
6025;43581
6028;43582
6030;43583
1900;41260
1900;41261
1900;41262
1900;41263
1900;41264
1900;41265
1900;41266
1900;41267
1900;41268
1900;41269
1900;41270
1900;41271
1900;41272
1900;41273
1900;41274
1900;41275
1900;41276
1900;41277
1900;41278
1900;41279
1900;41280
1900;41281
1900;41282
1900;41283
1900;41284
1900;41285
1900;41286
1900;41287
1900;41288
1900;41289
1900;41290
1900;41291
1900;41292
1900;41293
1900;41294
1900;41295
1900;41296
1900;41297
1900;41298
1901;32756
1901;32759
1901;32760
1901;32761
1901;32762
1901;32803
1901;32804
1902;27888
1902;32756
1902;32757
1902;32759
1902;32762
1902;32763
1902;32764
1902;32765
1902;32766
1902;32767
1902;32768
1902;32769
1902;32771
1902;32772
1902;41097
1902;41098
1902;41099
1902;41100
1902;41101
1902;41102
1904;41187
1904;41188
1904;41189
1904;41190
1904;41191
1904;41192
1904;41193
1904;41194
1904;41195
1904;41196
1904;41197
1904;41198
1904;41199
1904;41200
1904;41201
1904;41202
1904;41203
1904;41204
1904;41205
1904;41206
1904;41207
1904;41208
1904;41209
1904;41210
1904;41211
1904;41212
1904;41213
1904;41214
1904;41215
1904;41216
1904;41217
1904;41218
1904;41219
1904;41220
1904;41221
1904;41222
1904;41223
1904;41224
1904;41225
1904;41226
1904;41227
1904;41228
1904;41229
1904;41230
1904;41231
1904;41232
1904;41233
1904;41234
1904;41235
1904;41236
1904;41237
1904;41238
1904;41239
1904;41240
1904;41241
1904;41242
1904;41243
1904;41244
1904;41245
1904;41246
1904;41247
1904;41248
1904;41249
1904;41250
1904;42334
1904;42335
1904;42336
1904;42337
1904;42338
1904;42339
1904;42340
1904;42341
1904;42342
1904;42343
1904;42344
1904;42345
1904;42346
1904;42347
1904;42348
1904;42349
1904;42350
1904;42351
1904;42352
1904;42353
1908;41188
1908;41214
1908;41235
1908;41247
1908;41350
1908;41351
1908;41352
1908;41353
1908;41354
1908;41355
1908;41356
1908;41357
1908;41358
1908;41359
1908;41360
1908;41361
1908;41362
1908;41363
1908;41364
1908;41365
1908;41366
1908;41367
1908;41368
1908;41369
1909;27518
1909;41187
1909;41205
1909;41209
1909;41210
1909;41211
1909;41212
1909;41214
1909;41216
1909;41218
1909;41224
1909;41235
1909;41236
1909;41247
1909;41249
1909;41250
1909;41359
1909;41361
1909;41362
1909;41363
1909;41365
1909;41366
1909;41367
1909;41368
1909;41369
1909;41370
1909;41371
1909;41372
1909;41373
1909;41374
1909;41375
1909;41376
1909;41377
1909;41378
1909;41379
1909;41380
1909;41381
1909;41382
1909;41383
1909;41384
1909;41385
1909;41386
1909;41387
1909;41388
1909;41389
1909;41390
1909;41391
1909;41392
1909;41393
1909;41394
1909;41395
1909;41396
1909;41397
1909;41398
1909;41399
1909;41400
1909;41401
1909;41402
1909;41403
1909;41404
1909;41405
1909;41406
1909;41407
1909;41408
1909;41409
1909;41410
1909;41411
1909;41412
1909;41413
1909;41414
1909;41415
1909;41416
1909;41417
1909;41418
1911;41146
1911;41147
1911;41148
1911;41149
1912;27824
1912;27828
1914;31103
1915;31103
1916;33016
1916;36462
1916;36463
1917;32877
1917;32878
1918;33014
1918;33015
1918;33016
1918;33017
1919;32705
1920;31145
1921;32909
1921;32910
1921;32911
1921;32912
1921;32913
1921;32914
1921;32915
1922;32853
1922;32854
1923;33064
1923;33065
1923;33066
1924;33023
1924;33024
1924;33025
1924;33026
1924;33027
1926;27827
1927;27606
1927;27607
1927;27609
1927;27610
1927;27611
1927;27612
1927;27613
1927;27614
1927;27615
1927;41090
1928;27606
1928;27607
1928;27612
1928;27613
1928;27614
1928;27616
1928;27617
1928;27618
1928;27619
1928;41090
1928;42658
1928;42659
1928;42660
1928;42661
1929;32838
1929;32839
1929;32840
1929;32841
1929;32842
1930;32838
1930;32840
1930;32841
1930;32842
1930;32843
1931;32889
1931;32890
1932;27424
1932;27425
1932;27426
1932;27427
1932;27428
1932;27429
1932;27430
1933;27777
1933;27778
1933;27779
1934;27741
1934;27742
3167;43584
7195;43595
7195;43596
7195;43597
1934;27743
1934;27744
1935;41285
1935;41311
1935;41312
1935;41313
1937;27763
1938;27796
1939;27849
1940;27762
1941;32802
1942;27762
1943;27831
1944;33045
1945;27782
1945;27783
1945;27784
1945;27785
1946;27782
1946;27783
1947;27784
1947;27785
1948;31118
1948;31119
1948;31120
1948;31121
1949;31122
1949;31123
1949;31124
1949;31125
1949;31126
1949;31127
1949;31128
1949;31129
1950;31134
1950;31135
1950;31136
1951;31137
1951;31138
1951;31139
1952;31112
1952;31113
1952;31114
1953;33094
1954;33095
1955;33092
1956;33093
1958;31154
1960;27820
1960;27821
1960;27822
1960;27823
1961;27836
1961;33049
1961;33050
1961;33051
1961;33052
1961;33053
1961;33054
1961;33055
1961;33056
1965;32695
1967;27867
1967;27868
1968;33070
1968;33071
1968;33072
1968;33073
1968;33074
1968;33075
1968;33076
1969;27872
1969;27873
1969;27884
1970;27868
1970;27869
1970;27870
1970;27871
1970;27872
1970;27873
1970;27874
1970;27875
1970;27876
1970;27877
1970;27878
1970;27879
1970;27880
1972;27881
1972;27882
1972;27883
1973;27909
1973;33077
1973;33078
1973;33079
1974;27885
1975;33080
1975;33081
1975;33082
1975;33083
1975;33084
1975;42734
1975;43252
1975;43253
1975;43254
1976;27746
1976;32737
1976;32950
1976;33097
1976;33098
1976;42103
1977;33085
1977;33086
1978;27872
1978;33090
1978;33091
1980;28002
1980;28003
1980;28004
1981;28014
1981;28015
1981;28016
1981;28017
1983;28087
1983;29347
1983;32982
1983;32983
1983;32984
1983;32985
1983;32986
1983;32987
1983;32988
1983;32989
1983;32990
1983;32991
1983;32992
1983;32993
1983;32994
1983;32995
1983;32996
1983;32997
1984;33004
1984;33005
1984;33006
1984;33007
1986;27708
1986;27787
1986;32737
1986;32940
1986;32941
1986;32942
1986;32943
1986;32944
1986;32945
1986;32946
1986;32947
1986;32948
1986;32949
1986;32950
1986;32951
1986;32952
1959;43341
1959;43342
7102;41754
4826;43358
4826;43359
6093;43360
3213;43361
1986;32953
1987;27416
1987;27417
1987;27418
1987;27419
1987;27420
1987;27421
1987;27422
1987;27423
1988;27653
1988;27666
1988;27667
1988;27670
1988;27671
1988;27672
1988;27673
1988;27786
1988;32855
1988;32856
1988;32857
1988;32858
1988;32859
1988;32860
1988;32861
1988;32862
1988;32863
1988;32864
1988;32865
1988;32866
1988;32867
1988;32868
1988;32869
1988;32870
1988;32871
1988;32872
1988;32873
1988;32874
1988;32875
1988;32876
1989;27645
1989;27653
1989;27654
1989;27655
1989;27656
1989;27657
1989;27658
1989;27659
1989;27660
1989;27661
1989;27662
1989;27663
1989;27664
1989;27665
1989;27666
1989;27667
1989;27668
1989;27669
1989;27670
1989;27671
1989;27672
1989;27673
1989;27674
1989;27675
1989;27676
1989;27677
1989;27678
1989;27679
1989;27680
1989;27681
1989;27682
1989;27683
1989;27684
1989;27685
1989;27686
1989;27687
1989;27688
1989;27689
1989;27690
1989;27691
1989;27692
1989;27693
1989;27694
1989;27695
1989;27696
1989;27697
1989;27698
1989;27699
1989;27700
1989;27701
1989;27702
1989;27703
1989;27704
1989;27705
1989;27706
1989;27707
1991;27380
1991;27381
1991;27382
1991;27383
1992;27708
1993;27745
1993;27746
1993;27747
1993;27748
1993;27749
1997;27735
1997;32713
1997;32714
1998;27735
1998;27736
1999;32742
2000;32834
2000;32835
2000;32836
2000;32837
2003;27733
2003;27734
2004;42715
2004;42716
2004;42717
2004;42718
2004;42719
2004;42720
2004;42721
2004;42722
2004;42723
2004;42724
2004;42725
2004;42726
2004;42727
2004;42728
2004;42729
2004;42730
2004;42731
2004;42732
2004;42733
2005;32752
2006;32716
2006;32717
2006;32718
2006;32719
2006;32720
2006;32721
2008;33008
2008;33009
2008;33010
2008;33011
2008;33012
2008;33013
2010;32888
2011;27390
2011;27391
2011;27392
2011;27393
2011;27394
2011;27395
2011;27396
2012;27395
7181;43551
7181;43552
2012;27396
2013;42486
2013;42669
2013;42670
2013;42671
2013;42672
2013;42928
2013;42929
2013;42930
2013;42931
2013;42932
2013;42933
2013;42934
2013;42935
2013;42936
2013;42937
2013;42938
2014;27440
2014;27441
2014;27442
2016;27620
2017;27781
2020;32810
2020;32811
2021;32881
2022;32916
2022;32917
2022;32918
2022;32919
2022;32920
2022;32921
2022;32922
2022;32923
2022;32924
2022;32925
2022;32926
2022;32927
2022;32928
2022;32929
2022;32930
2022;32931
2022;32932
2022;32933
2022;32934
2022;32935
2023;27631
2023;27632
2023;27633
2023;27634
2023;27635
2023;27636
2023;27637
2023;27638
2023;27639
2023;27640
2023;27641
2023;27642
2023;27643
2023;27644
2023;27645
2023;27646
2023;27647
2023;27648
2023;27649
2023;27650
2023;27651
2023;27652
2024;32791
2026;27709
2026;27710
2026;27711
2026;27712
2026;27713
2026;27714
2026;27715
2026;27716
2026;27717
2026;27718
2026;27719
2026;27720
2027;27709
2027;27710
2027;27711
2027;27712
2027;27713
2027;27714
2027;27715
2027;27717
2027;27718
2027;27719
2027;27720
2027;27721
2027;27722
2028;27848
2029;27848
2030;27723
2030;32753
2031;27723
2031;27724
2031;27786
2031;27787
2031;42559
2031;42560
2032;27830
2033;33046
2033;33047
2034;27790
2035;27790
2036;32744
2036;32745
2036;32746
2036;32747
2036;32748
2036;32749
2036;32750
2038;27850
2040;27850
2041;27732
2043;41260
2043;41299
2043;42941
2043;42942
2043;42943
2043;42944
2043;42945
2043;42946
2043;42947
2043;42948
2043;42949
2043;42950
2044;27389
2045;27794
2045;27795
2045;40661
2046;32701
2046;32702
2049;27384
2049;27385
2049;27386
2049;27387
2049;27388
2050;27384
2050;27385
2050;27386
2050;27387
2054;27729
2056;27470
2056;27471
2056;27472
2057;27470
2057;27471
2057;27473
2057;27474
2057;27475
2057;27476
2057;42330
2057;42331
2057;42332
2057;42333
2060;27433
2060;27434
2060;27435
2060;27436
2061;27758
2061;27759
2061;27760
2061;27761
2061;42683
2062;27774
2062;27775
2062;27776
2063;27819
2064;32822
2064;32823
2064;32824
2064;32825
2064;32826
2064;32827
2065;32828
2065;32829
2065;32830
2065;32831
2065;32832
2065;32833
2066;32776
2066;32777
2066;32787
2066;32790
2066;42473
2066;42474
2066;42475
2066;42476
2066;42477
2066;42478
2066;42479
2066;42480
2066;42481
2066;42482
2067;33057
2067;33058
2067;33059
2069;33030
2070;32815
2070;32816
2070;32817
2070;32818
2070;32819
2070;32820
2071;27410
2071;27411
2071;27412
2071;27413
2071;27414
2075;41219
2075;41239
2075;41247
2075;41419
2075;41420
2076;27725
2076;27726
2076;27727
2077;33043
2077;42328
2077;42329
2077;42574
2080;27765
2080;27767
2080;27768
2080;42632
2080;42633
2080;42634
2080;42635
2080;42636
2080;42637
2081;27764
2081;32738
2082;27842
2082;41093
2082;41094
2082;42662
2082;42663
2082;42664
2082;42665
2084;33060
2085;27797
2085;27798
2085;27799
2085;27800
2086;27801
2086;27802
2086;27803
2086;27804
2087;27401
2088;27443
2088;27444
2088;27445
2088;27446
2089;27443
2089;27444
2089;27445
2089;27446
2089;27564
2089;27565
2090;27562
2090;27563
2092;27780
2093;27622
2093;27623
2094;27622
2094;27623
2094;27624
2094;27625
2094;27626
2094;27627
2094;27628
2095;27622
2095;27623
2095;27629
2095;27630
2096;27621
2097;27621
2098;27415
2099;32537
2100;32557
2101;32629
2102;32629
2103;32539
2104;27261
2105;27262
2106;27263
2107;27264
2108;27267
2108;37692
2109;27268
2110;27242
2111;27263
2112;27269
2112;27270
2113;27265
2114;27266
2114;37705
2115;31356
2115;31357
2116;30858
2116;30859
2117;30920
2117;31306
2118;30920
2118;31306
2119;41594
2121;31155
2123;28442
2123;28443
2125;28487
2125;28488
2126;28487
2126;28488
2127;28486
2128;28486
2129;28327
2130;28327
2133;28518
2134;28518
7166;41209
2138;28448
2138;39859
2176;29573
2177;28011
2178;28013
2184;28102
2184;28103
2184;28104
2184;28105
2185;27962
2185;27963
2185;27964
2185;27965
2185;27966
2186;28009
2187;28083
2187;28084
2187;28085
2187;28086
2188;28074
2188;28075
2190;28140
2191;28135
2191;28136
2192;28137
2192;28138
2192;28139
2199;33425
2199;33427
2199;40422
2200;33428
2201;32032
2201;32033
2201;32034
2201;32035
2201;32036
2201;32037
2201;32038
2201;32039
2201;32040
2201;32041
2201;32042
2201;32043
2201;32044
2201;32045
2201;32046
2201;32047
2201;32048
2201;32049
2201;32050
2201;32051
2201;32052
2201;32053
2201;32054
2201;32055
2201;32056
2201;32057
2201;32058
2202;32059
2203;32046
2203;32060
2204;32061
2204;32062
2204;32063
2204;32064
2204;32065
2204;32066
2204;32067
2204;32068
2204;32069
2205;38210
2205;38211
2206;32075
2206;32076
2206;32077
2206;32078
2206;32079
2206;32080
2206;32081
2206;32082
2206;32083
2207;32084
2207;32085
2207;32086
2207;32087
2208;32092
2208;32093
2208;32094
2208;32095
2208;32096
2208;32097
2209;32104
2209;32105
2209;32106
2209;32107
2209;32108
2209;32109
2210;32110
2210;32111
2211;32112
2211;32113
2212;38212
2212;38213
2212;38214
2212;38215
2212;38216
2212;38217
2212;38218
2213;32115
2213;32116
2213;32117
2213;32118
2213;32119
2214;32061
2214;32063
2214;32066
2214;32067
2214;32077
2214;32152
2214;32153
2214;32154
2214;32155
2214;32157
2214;32158
2214;32159
2214;32160
2214;32161
2214;40486
2215;32038
2215;32041
2215;32043
2215;32044
2215;32045
2215;32046
2215;32047
2215;32048
2215;32049
2215;32050
2215;32051
2215;32052
2215;32053
2215;32054
2215;32055
2215;32056
2215;32057
2215;32058
2215;32162
2216;32046
2216;32060
2217;32163
2217;32164
2217;32165
2218;32173
2218;32174
2218;32175
2218;32176
2218;32177
2218;32178
2218;32179
2218;32180
2218;32181
2218;32183
2218;32184
2218;32185
2218;32186
2218;32187
7166;41210
2218;32188
2218;32189
2218;32190
2218;32191
2218;40311
2219;32088
2219;32089
2219;32090
2220;32084
2220;32085
2220;32086
2220;32087
2220;32199
2220;32200
2221;32207
2221;32208
2221;32209
2221;32210
2221;32211
2221;32212
2221;32213
2221;32214
2221;32215
2221;32216
2221;32217
2221;32218
2221;32219
2221;32220
2221;32221
2222;40487
2222;40488
2225;32224
2225;32225
2226;32227
2226;40489
2227;32092
2227;32093
2227;32094
2227;32095
2227;32096
2227;32097
2228;32112
2228;32114
2228;32233
2228;32234
2228;32235
2228;32236
2228;32237
2228;32238
2228;32239
2228;32240
2229;32105
2229;32106
2229;32107
2229;32109
2229;40490
2230;32241
2230;32242
2230;32243
2231;32116
2231;32117
2231;32118
2231;32119
2231;40491
2232;32255
2232;32258
2232;40492
2232;40493
2232;40494
2232;40495
2232;40496
2232;40497
2232;40498
2232;40499
2233;32260
2233;32261
2234;32034
2234;32036
2234;32042
2234;32262
2234;32263
2234;32264
2235;32037
2235;32265
2235;32266
2235;32267
2236;32268
2236;32269
2237;32270
2237;32271
2237;32272
2238;32273
2238;32274
2238;32275
2238;32276
2238;32277
2239;32283
2239;32284
2239;32285
2239;32286
2240;32173
2240;32175
2240;32176
2240;32177
2240;32179
2240;32180
2240;32181
2240;32185
2240;32186
2240;32189
2240;32659
2240;40311
2241;32188
2241;32190
2241;32220
2241;32221
2241;32660
2241;32661
2241;32662
2241;32663
2241;32664
2241;32665
2241;32666
2241;32667
2241;32668
2242;32207
2242;32208
2242;32210
2242;32213
2242;32215
2242;32216
2242;32218
2242;32219
2242;32669
2243;32253
2243;32255
2243;32257
2243;32258
2243;32676
2243;32677
2244;32271
2244;32272
2244;32678
2244;32679
2244;32680
2245;32268
2245;32269
2245;32273
2245;32274
2245;32275
2245;32276
2245;32277
2247;39776
2247;39777
2248;27272
2249;27273
2251;27305
2253;27307
2254;28393
2255;28393
2258;28107
2258;28108
2259;27737
7181;43553
7181;43554
7182;43555
7183;43556
2259;27738
2259;27739
2259;27740
2260;27737
2260;27739
2260;27740
2260;32791
2260;42445
2261;36467
2262;36467
2263;29402
2263;36468
2263;36469
2264;29402
2264;36468
2264;36469
2265;29401
2265;36470
2266;29401
2266;36470
2267;30660
2267;30661
2267;30662
2267;30663
2268;30664
2268;30665
2268;30666
2268;30667
2269;40983
2269;40984
2269;40985
2269;40986
2269;40987
2269;40988
2269;40989
2269;40990
2269;40991
2269;40992
2269;40993
2269;40994
2269;40995
2269;40996
2270;40997
2270;40998
2270;40999
2270;41000
2270;41001
2270;41002
2270;41003
2270;41004
2270;41005
2270;41006
2270;41007
2270;41008
2270;41009
2270;41010
2271;28198
2271;36036
2271;36669
2271;36670
2271;36671
2271;36672
2271;36673
2271;36674
2271;36675
2272;28198
2272;36036
2272;36669
2272;36670
2272;36671
2272;36672
2272;36673
2272;36674
2272;36675
2273;43273
2273;43274
2273;43275
2273;43276
2273;43279
2273;43280
2273;43281
2273;43282
2273;43283
2273;43284
2273;43285
2273;43286
2273;43301
2273;43302
2274;43287
2274;43288
2274;43289
2274;43290
2274;43291
2274;43292
2274;43293
2274;43294
2274;43295
2274;43296
2274;43297
2274;43298
2274;43299
2274;43300
2276;28328
2276;28330
2276;28343
2276;28707
2276;28708
2276;28709
2276;28710
2276;28711
2276;28712
2276;28713
2276;42167
2276;42202
2277;28714
2277;28715
2279;28839
2279;28840
2279;28841
2279;28843
2279;28984
2279;39330
2280;28458
2280;28844
2280;28845
2280;28846
2281;30583
2281;30585
2281;43173
2282;30583
2282;30585
2282;43173
2283;30789
2284;30920
2284;30921
2288;28707
2289;28707
2290;31355
2291;31355
2292;27260
2293;28372
2293;28374
2293;28375
2293;28603
2293;36777
2294;30389
2294;36126
2294;36127
2294;36128
2295;30298
2295;30299
2295;30300
2296;30301
2296;30302
2296;30303
2297;29350
2297;30304
2298;29350
2298;30304
2299;29350
2299;30304
2300;29350
2300;30304
1526;43621
1526;43622
7107;43623
7107;43622
1531;28636
2301;29350
2301;30304
2302;28753
2302;29470
2303;29112
2303;30120
2303;30179
2304;29112
2304;30120
2304;30179
2305;30399
2306;30528
2307;28627
2307;28628
2307;28631
2307;31042
2307;38005
2307;38133
2307;38134
2307;38255
2307;38256
2307;40232
2308;40925
2309;40925
2310;40201
2310;40202
2310;40203
2311;28754
2312;28754
2313;28755
2314;30932
2315;30929
2316;30929
2317;30929
2318;30931
2319;30931
2320;30931
2321;40969
2322;40969
2323;40969
2324;40741
2324;40742
2324;40743
2325;32538
2327;32540
2328;32639
2329;32638
2330;32640
2331;32603
2331;32604
2331;32605
2332;28279
2332;28280
2333;28279
2333;28280
2336;30933
2337;30933
2338;30864
2339;33892
2340;33892
2341;27968
2342;40601
2343;36246
2344;30862
2345;30934
2346;30934
2347;33526
2348;33527
2349;33143
2350;36055
2350;36056
2351;36755
2351;36756
2352;36751
2352;36752
2352;36753
2352;36754
2353;28325
2353;36145
2353;36146
2353;36147
2353;36148
2354;36129
2354;36130
2355;30498
2355;36173
2355;36174
2355;36175
2355;36176
2355;36177
2356;31312
2357;31312
2358;30941
2361;31311
2362;31311
2363;42451
2363;42452
2364;42451
2364;42452
2365;42446
2365;42448
2365;42471
2366;30788
2367;30788
2368;31243
2369;37777
2370;30936
2370;39241
2371;32099
2371;32100
2371;32101
2371;32192
2372;32098
2372;32099
2372;32100
2372;32101
2373;38236
2373;38237
2373;38238
2373;38239
2374;28265
2374;28267
2374;28272
2374;28666
2374;28667
2375;36676
2375;36677
2375;36678
2375;36679
2375;36680
2375;36681
2375;36682
2375;36683
2377;30937
2378;30937
2379;30937
2380;30938
2381;30938
2382;30938
2383;30790
2384;31159
2385;31159
2386;33221
2386;33222
2388;41011
2388;41012
2388;41013
2388;41014
2388;41015
2388;41016
2388;41017
2389;28689
2389;36149
2389;36150
2389;36151
2390;28688
2390;28689
2390;30389
2390;36151
2390;36757
2391;28688
2391;28689
2391;30389
2391;36151
2391;36757
2392;28995
2392;28996
2393;31244
2394;31244
2395;27255
2396;30944
2397;30944
2398;30944
2401;30945
2401;30946
2402;28949
2403;28949
2404;28949
2405;41879
2405;41880
2406;41879
2406;41880
2408;30943
2409;30943
2410;30943
2411;30942
2412;38276
2413;31313
2413;31314
2414;31313
2414;31314
2415;32541
2416;37005
2417;28196
2418;28196
2419;32412
2420;32413
2421;32414
2422;36023
2422;36024
2422;36025
2423;28290
2423;28294
2423;28296
2423;36131
2423;36132
2423;36133
2423;36134
2423;36135
2423;36136
2423;36137
2424;28145
2425;28144
2426;28143
2428;28146
2429;28146
2430;28142
2431;30863
2432;30863
2433;30863
2434;42468
2435;30893
2435;36109
2436;36160
2436;36161
2436;36162
2437;36525
2437;36528
2437;36719
2437;36720
2437;36721
2437;36722
2438;29370
2438;36522
2438;36523
2438;36525
2438;36531
2438;36723
2438;36724
2438;36725
2438;36726
2438;36727
2439;36264
2439;36265
2440;36057
2440;36058
2440;36059
2444;39492
2444;39493
2444;39494
2444;39495
2444;39496
2444;39497
2444;39498
2444;39499
2444;39500
2444;39501
2444;39502
2445;30947
2446;30947
2448;28337
2448;28338
2448;28339
2448;28340
2448;28341
2448;28342
2448;28343
2449;28337
2449;28338
2449;28339
2449;28340
2449;28341
2449;28342
2449;28343
2450;41591
2450;41592
2451;41591
2451;41592
2452;36925
2453;36925
2454;36926
2455;36926
2456;36927
2457;36927
2458;37021
2458;37022
2459;37025
2459;37026
2460;32630
2461;33429
2462;33430
2463;33144
2464;30949
2465;30949
2466;30948
2467;30948
2468;30948
2469;28668
2469;28669
2470;28668
2470;28669
2471;28345
2471;28719
2472;28345
2472;28719
2473;42951
2474;42951
2476;28757
2477;28786
2477;40296
2478;28786
2478;40296
2479;28871
2479;41054
2480;28872
2482;28847
2483;30791
2484;31317
2485;31317
2486;30529
2487;30791
2488;36185
2489;30498
2489;36173
2489;36175
2489;36177
2490;28155
2490;28156
2490;36062
2490;36063
2490;36064
2491;28155
2491;28156
2491;36062
2491;36063
2491;36064
2492;36533
2492;36537
2492;36728
2492;36729
2492;36730
2493;36731
2493;36732
2493;36733
2493;36734
2493;36735
2493;39987
2494;28328
2494;28330
2494;36164
2494;40548
2495;36123
2495;36124
2495;36125
2496;36166
2497;36166
2506;36688
2506;36689
2506;36690
2507;36688
2507;36689
2507;36690
2508;28581
2508;28582
2508;32150
2508;36026
2508;36027
2508;36029
2508;36030
2508;36031
2508;36032
2508;36691
2508;36692
2509;28581
2509;28582
2509;32150
2509;36026
2509;36027
2509;36029
2509;36030
2509;36031
2509;36032
2509;36691
2509;36692
2510;36133
2510;36760
2510;36761
2510;36762
2510;36763
2510;36764
2510;36765
2511;28682
2511;36566
2511;36766
2512;36123
2512;36124
2512;36125
2513;36684
2513;36685
2513;36686
2513;36687
2514;36065
2514;36066
2514;36067
2514;36068
2514;36069
2514;36070
2514;36071
2514;36072
2514;36073
2515;28575
2515;28576
2515;28577
2515;28578
2515;28579
2516;28580
2516;28581
2516;28582
2517;28584
2517;28585
2517;28586
2518;36163
2519;40802
2522;27276
2523;30305
2523;30306
2523;30307
2523;30308
2524;28421
2524;29976
2524;30530
2524;30531
2525;28421
2525;29976
2525;30530
2525;30531
2526;28953
2527;30566
2527;30567
2527;30568
2527;30569
2527;30570
2528;30572
2528;30573
2528;30574
2528;30575
2528;30581
2531;28159
2531;28162
2531;36060
2531;36061
2532;28159
2532;28162
2532;36060
2532;36061
2533;42043
2533;42044
2534;27241
2535;27241
2536;30952
2537;30952
2538;30952
2541;27861
2541;27863
2542;28489
2542;30966
2543;28489
2543;30966
2545;33113
2545;33114
2546;40783
2546;41560
2548;30904
2548;30905
2548;30906
2548;41807
2549;28282
2549;30953
2550;42710
2550;42711
2550;42713
2550;42714
2551;40591
2551;40592
2554;28282
2554;31320
2555;28282
2555;31320
2556;31318
2557;31318
2558;32075
2558;32081
2558;32082
2558;32083
2558;40428
7166;41408
2558;41071
2558;41616
2559;32337
2559;32338
2559;32339
2559;32340
2559;32341
2560;32640
2562;32281
2565;32166
2565;32167
2565;32168
2568;31321
2569;31321
2570;37708
2570;37709
2571;27301
2571;27302
2572;30955
2572;37996
2573;30956
2574;30956
2575;30956
2614;38177
2614;38178
2615;38177
2615;38178
2616;38177
2616;38178
2620;30927
2621;30927
2622;30927
2623;30957
2623;30958
2624;37887
2625;36213
2625;36214
2625;36215
2625;36216
2625;36217
2626;36218
2626;36219
2626;36220
2626;36221
2626;36222
2626;36223
2626;36224
2626;36225
2626;36226
2627;30896
2627;36110
2627;36111
2628;30896
2628;36110
2628;36111
2631;28587
2631;28588
2631;28589
2631;28590
2632;28593
2632;28594
2633;28583
2634;28591
2634;28592
2635;28909
2636;28328
2636;28330
2636;28680
2636;28718
2636;30388
2636;30396
2636;36163
2639;32174
2639;32187
2639;32658
2640;32088
2640;32089
2640;32090
2640;32091
2643;32091
2643;38231
2643;38232
2643;38234
2643;38235
2643;42420
2647;32280
2649;32292
2650;32150
2650;32151
2651;32343
2652;32344
2653;39933
2653;39934
2653;39935
2653;39936
2654;32420
2655;32421
2655;32422
2656;32486
2656;32487
2656;32488
2657;32489
2657;32490
2657;32491
2658;32492
2659;32518
2660;32519
2661;32542
2662;32543
2663;32601
2663;40637
2664;32630
2665;32641
2666;32642
2667;39939
2667;39940
2667;39941
2667;39942
2668;36928
2668;36929
2668;36930
2668;36931
2669;37666
2670;37666
2671;37006
2672;37024
2673;37024
2674;37058
2674;37059
2676;33165
2679;34291
2679;34292
2679;34293
2680;34372
2680;34379
2680;34380
2680;34381
2681;34394
2681;34395
2681;34396
2681;34397
2681;34398
2681;34399
2681;34400
2681;34401
2683;34414
2683;34415
2683;34416
2683;34417
2684;34009
2684;34313
2684;34314
7166;41211
7166;41212
7166;43475
7166;43476
7166;41216
7166;41410
7166;41218
7166;43477
7183;43557
7183;43558
7183;43559
7195;43598
7195;43599
2684;34315
2684;34316
2684;34317
2684;34318
2684;34319
2684;34320
2685;34315
2685;34371
2687;35653
2687;35654
2687;35655
2688;35548
2688;35549
2688;35550
2688;35551
2689;33998
2689;34049
2689;34050
2689;34051
2689;34052
2689;34053
2690;34044
2690;34045
2690;34046
2691;33990
2691;33991
2691;33993
2691;33996
2691;35943
2691;35949
2691;39363
2691;39364
2691;39365
2691;39366
2691;39367
2691;39368
2691;39369
2691;39370
2691;39371
2691;39372
2691;39373
2691;39374
2691;39375
2691;39376
2691;39377
2691;39378
2691;39379
2691;39380
2691;39381
2691;39382
2691;39383
2691;39384
2691;39385
2691;39386
2691;39387
2691;39388
2691;39389
2691;39390
2691;39391
2691;39392
2691;39393
2691;42208
2692;33954
2692;33959
2692;33960
2692;33961
2692;39550
2692;42503
2692;42504
2692;42505
2692;42506
2692;42507
2692;42508
2692;42509
2692;42510
2692;42511
2693;33953
2693;33957
2693;33972
2693;33973
2694;33974
2694;33975
2694;33976
2695;33974
2695;33975
2695;33976
2696;33947
2696;33948
2696;33949
2696;33950
2696;33951
2696;33952
2697;34023
2697;34024
2697;34025
2697;34026
2697;34027
2698;34023
2698;34024
2698;34025
2698;34026
2698;34027
2699;34019
2699;34020
2699;34022
2699;34054
2700;34018
2700;34019
2700;34020
2700;34021
2700;34022
2701;34057
2701;34058
2701;34059
2701;34060
2702;33994
2702;34009
2702;34010
2702;34011
2702;34012
2702;34013
2702;34014
2702;34015
2702;34016
2702;34017
2704;35233
2704;35234
2704;35235
2704;35236
2704;35237
2704;35238
2704;35239
2704;35240
2705;35183
2706;35198
2706;35199
2706;35200
2706;35201
2706;35202
2706;35203
2706;35204
2706;35205
2706;35206
2706;35207
2706;35208
2706;35209
2706;35210
2706;35211
2707;35196
2707;35197
2708;35243
2709;35245
2710;35230
2710;35231
2710;35232
2711;35222
2711;35223
2711;35224
2712;35244
2713;35241
2713;35242
2714;35191
2714;35192
2714;35193
2714;35194
2714;35195
2715;35184
2715;35185
2715;35186
2715;35187
2715;35188
2715;35189
2715;35190
2716;35225
2716;35226
2716;35227
2717;35225
2717;35228
2717;35229
2718;35130
2718;35131
2718;35132
2719;35826
2720;34528
2720;34529
2720;34530
2720;34531
2720;34532
2721;34595
2721;34596
2721;34597
2721;34598
2721;34599
2721;34600
2721;34601
2721;34602
2722;34563
2722;34564
2722;34565
2723;34537
2723;34538
2723;34539
2723;34542
2723;39597
2723;39598
2724;34620
2724;34621
2724;34622
2724;34623
2725;39603
2726;39600
2727;34638
2727;34640
2727;39609
2727;39610
2728;34590
2728;34591
2728;34592
2728;34593
2728;34594
2729;34632
2729;34633
2729;34634
2729;34635
2729;34636
2729;34637
2730;34533
2730;34534
2730;34535
2730;34536
2731;34582
2731;34583
2732;34582
2732;34583
2733;34574
2733;34575
2733;34576
2733;34577
2734;34624
2735;34624
2736;34578
2736;34579
2736;34580
2736;34581
2737;34570
2737;34571
2737;34572
2737;34573
2738;34651
2738;34652
2738;34653
2739;34642
2739;34643
2739;34644
2739;34645
2740;34603
2740;34604
2740;34607
2740;34608
2740;34609
2740;34610
2740;34611
2740;34612
2740;34613
2740;39604
2740;39605
2741;34617
2741;34619
2741;39607
2742;34646
2743;34646
2744;34553
2744;34554
2744;34555
2744;34556
2744;34557
2744;34558
2744;34559
2744;34560
2744;34561
2745;34549
2745;34550
2745;34551
2745;34552
2746;39606
2747;34630
2747;34631
2747;39608
2748;34544
2748;34545
2748;34546
2748;34547
2748;34548
2748;39599
2749;39601
2749;39602
2750;34562
2751;34625
2751;34626
2751;34627
2751;34628
2752;34647
2752;34648
2752;34649
2752;34650
2753;34584
2754;34585
2754;34586
2754;34587
2754;34588
2754;34589
2755;34615
2755;34616
2756;35336
2756;35337
2756;35338
2757;35332
2757;35333
2757;35334
2757;35335
2759;35339
2760;34962
2760;34965
2760;41623
2760;41624
2760;41625
2760;41626
2761;34968
2761;34969
2762;34961
2763;34966
2763;34967
2764;34751
2764;34752
2764;34753
2764;34754
2764;34755
2764;34756
2764;34757
2764;34758
2764;34759
2764;34760
2764;34761
2764;34762
2765;34354
2765;34355
2765;34356
2766;34354
2766;34355
2766;34358
2767;34351
2767;34352
2767;34353
2768;34351
2768;34353
2768;34357
2769;34332
2769;34333
2769;34334
2769;34335
2769;34336
2769;34337
2769;34338
2769;34339
2769;34340
2769;34341
2769;34342
2769;34343
2769;34344
2769;34345
2769;34346
2770;34347
2770;34348
2770;34349
2770;34350
2771;34347
2771;34348
2771;34350
2771;34409
2772;34981
2772;34982
2772;34983
2772;34984
2772;34985
2772;34986
2772;34987
2772;34988
2773;34970
2773;34971
2773;34972
2773;34973
2773;34974
2773;34975
2773;34976
2773;34977
2773;34978
2773;34979
2773;34980
2774;34957
2774;34958
2774;34959
2774;34960
2775;34954
2775;34955
2775;34956
2776;34996
2776;34997
2776;34998
2776;34999
2776;35000
2776;35001
2777;34936
2777;34937
2777;34938
2777;34939
2777;34940
2777;34941
2778;34989
2778;34990
2778;34991
2778;34992
2779;34993
2779;34994
2779;34995
2780;35344
2781;34303
2781;34304
2781;34305
2781;34306
2781;34307
2781;34308
2781;34309
2781;34310
2781;34311
2781;34312
2783;34402
2783;34403
2783;34404
2784;34405
2784;34406
2784;34407
2784;34408
2785;34406
2785;34408
2785;34422
2785;34423
2785;34424
2785;39403
2785;39404
2785;39405
2785;39406
2785;39408
2785;39409
2785;42421
2786;34322
2786;34323
2787;34362
2787;34363
2787;34364
2787;34365
2787;34366
2787;34367
2787;34368
2787;34369
2787;34370
2788;34359
2788;34360
2789;34359
2789;34361
2790;34378
2791;34378
2792;34294
2792;34295
2792;34296
2792;34297
2792;34298
2793;34294
2793;34295
2793;34296
2793;34297
2793;34299
2795;34284
2795;34285
2795;34286
2796;34426
2796;34427
2796;34428
2797;34324
2797;34325
2797;34326
2797;34327
2798;34326
2798;34410
2798;34411
2798;34412
2799;34413
2800;34329
2800;34330
2800;34331
2801;34329
2801;34330
2801;34331
2802;34328
2803;34321
2804;34321
2805;34419
2805;34420
2806;34418
2807;34287
2807;34288
2807;34289
2807;34290
2808;34286
2808;34300
2808;34301
2808;34302
2809;34282
2809;34283
2811;34384
2811;34385
2811;34386
2811;34387
2811;34388
2811;34389
2811;34390
2811;34391
2811;39394
2811;39395
2811;39396
2811;39397
2811;39398
2811;39399
2811;39400
2811;39401
2811;39402
2812;34393
2813;34737
2814;34698
2814;34699
2814;34700
2814;34701
2815;34004
2815;34005
2815;34006
2815;34007
2815;34008
2816;34750
2817;34769
2817;34770
2817;34771
2817;34772
2817;34774
2817;34775
2817;34776
2817;34777
2817;39619
2818;34711
2818;34712
2818;34713
2818;34714
2819;34752
2819;34754
2819;34755
2819;34756
2819;34757
2819;34758
2819;34759
2819;34760
2819;34763
2820;34729
2820;34730
2820;34731
2820;34732
2820;34733
2821;34730
2821;34732
2821;34733
2821;34734
2821;34735
2822;34734
2822;34738
2823;33910
2823;33911
2823;33913
2823;33914
2823;33915
2823;33916
2823;33917
2823;33918
2824;33910
2824;33911
2824;33912
2824;33913
2824;33914
2825;34696
2825;34697
2826;34692
2826;34693
2827;34715
2827;34716
2828;34710
2829;39418
2829;39419
2829;39420
2829;39421
2830;34703
2830;34704
2830;34705
2831;34706
2832;34707
2832;34708
2832;39617
2833;34717
2834;34717
2835;34036
2835;34037
2835;34038
2835;34039
2835;34040
2835;34041
2836;33919
2836;33920
2836;33921
2836;33922
2836;33923
2836;33924
2836;33925
2836;33926
2836;33927
2837;33933
2837;33934
2837;33935
2837;33936
2837;33937
2837;33938
2837;33939
2837;33940
2838;33933
2838;33934
2838;33935
2838;33937
2838;33938
2838;33939
2838;33941
2838;33942
2838;33943
2840;34764
2841;34694
2841;34695
2842;34694
2842;34695
2843;34726
2843;34727
2843;34728
2844;34726
2844;34727
2844;34728
2845;34055
2845;34056
2846;34736
2848;39618
2849;33944
2849;33945
2849;33946
2850;34798
2850;34799
2850;34800
2851;34796
2851;34797
2852;34801
2852;34802
2852;34803
2853;34794
2853;34795
2854;39422
2854;39423
2854;39424
2854;39425
2854;39426
2854;40297
2854;40298
2855;34808
2855;34809
2855;34810
2856;34804
2856;34805
2856;34806
2856;34807
2857;34811
2857;34812
2858;35482
2858;35483
2858;35484
2858;35485
2858;35486
2859;35455
2860;35464
2860;35465
2860;35466
2860;35467
2860;35468
2861;35470
2861;35471
2861;35472
2862;35469
2863;35481
2864;35463
2865;35461
2866;35461
2867;35454
2868;35454
2869;35456
2870;35462
2871;35457
2871;35458
2871;35459
2871;35460
2872;34865
2873;34873
2874;34872
2875;34866
2875;34867
2875;34868
2876;34866
2876;34867
2876;34868
2877;34869
2877;34870
2877;34871
2878;34869
2878;34870
2878;34871
2879;35563
2879;35564
2879;35565
2879;35566
2879;35567
2879;35568
2879;35569
2879;35570
2880;35842
2881;35552
2881;35553
2881;35554
2882;35559
2883;35556
2883;35557
2883;35558
2884;35561
2885;35560
2886;35562
2887;35546
2888;35555
2889;35547
2890;35603
2890;35604
2891;35599
2891;35600
2891;35601
2892;35602
2893;35598
2894;34164
2894;34165
2894;34166
2895;39554
2895;39555
2895;39556
2895;39557
2895;39558
2896;34142
2898;34158
2898;34159
2898;34160
2898;34161
2899;34148
2899;34149
2899;34150
2899;34151
2900;34148
2900;34149
2900;34150
2900;34151
2902;34152
2902;34153
2903;34154
2903;34155
2903;34156
2903;34157
2904;35673
2904;35674
2905;35689
2905;35690
2905;35691
2905;35692
2906;35677
2906;35678
2906;35679
2907;35686
2907;35687
2907;35688
2908;35675
2908;35676
2909;35681
2909;35682
2910;35693
2910;35694
2910;35695
2910;35696
2911;35683
2911;35684
2911;35685
2912;35672
2913;35680
2914;35671
2915;35375
2915;35376
2915;35377
2916;35371
2916;35372
2917;39448
2917;39449
2917;39450
2917;39451
2917;39452
2917;39453
2917;39454
2917;39455
2918;35373
2919;35374
2920;34942
2920;34943
2921;34950
2921;34951
2921;34952
2921;34953
2922;34934
2922;34935
2923;34949
2924;34947
2925;34947
2925;34948
2926;34944
2926;34945
2926;34946
2927;35026
2927;35027
2927;35028
2927;35029
2927;35030
2927;35031
2928;35026
2928;35027
2928;35029
2928;35030
2928;35032
2928;35033
2930;40175
2930;40176
2930;40177
2930;40178
2931;35048
2931;39433
2931;39434
2931;39435
2931;39436
2931;39437
2931;39438
2932;35036
2932;35037
2932;35038
2932;39875
2932;39876
2933;35019
2934;35039
2936;35021
2936;35022
2937;33977
2937;33978
2937;33979
2937;33980
2937;33981
2937;33982
2938;33962
2938;33963
2938;33964
2938;33965
2938;33967
2938;33968
2938;33969
2938;33970
2938;33971
2938;39551
2939;35817
2939;35818
2939;35819
2939;35820
2939;35821
2940;35817
2940;35818
2940;35819
2940;35822
2940;35823
2940;35824
2940;35825
2941;35586
2941;35587
2941;35588
2941;35589
2942;35146
2942;35147
2943;35144
2943;35145
2944;35135
2945;39877
2945;39878
2946;39878
2946;39879
2947;35133
2948;35134
2949;35149
2949;35150
2949;35151
2950;35129
2951;35148
2952;35139
2953;39439
2953;39440
2953;39441
2953;39442
2953;39443
2953;39444
2953;39445
2953;39446
2953;39447
2954;35140
2955;35814
2956;35816
2957;35815
2958;34028
2958;34029
2958;34030
2958;34031
2958;34032
2958;34033
2958;34034
2958;34035
2959;33928
2959;33929
2959;33930
2959;33931
2959;33932
2960;34064
2960;34065
2960;34066
2960;34067
2961;34047
2961;34048
2962;34042
2962;34043
2963;34003
2964;35062
2964;35063
2964;35064
2964;35065
2965;35061
2966;35057
2966;35058
2966;35059
2966;35060
2967;32699
2967;36138
2967;36139
2967;36140
2967;36141
2967;36142
2967;36143
2967;36144
2968;36167
2968;36168
2969;36089
2970;28474
2970;28475
2970;28476
2970;28477
2970;28484
2970;38352
2971;36138
2971;36139
2971;36141
2971;36142
2971;36143
2971;36144
2971;36758
2971;36759
2972;36737
2972;36738
2972;36739
2973;28379
2973;29460
2973;29476
2973;36601
2974;36778
2974;36779
2975;28610
2976;28610
2976;36693
2976;36694
2976;36695
2976;36696
2976;36697
2976;36698
2976;36699
2977;32150
2977;36026
2977;36027
2977;36029
2977;36030
2977;36031
2977;36032
2977;36691
2978;32150
2978;36026
2978;36027
2978;36029
2978;36030
2978;36031
2978;36032
2978;36691
2979;37412
2979;37413
2979;37414
2979;37415
2979;37416
2979;37417
2979;37418
2979;37419
2979;37420
2979;37421
2979;37422
2980;37539
2980;37540
2980;37541
2980;37542
2980;37543
2980;37544
2981;37527
2981;37528
2982;37659
2982;37660
2982;37661
2983;37531
2983;37532
2983;37533
2983;37534
2983;37535
2984;37614
2984;37615
2984;37616
2984;37617
2984;37618
2985;37662
2986;36283
2986;37619
2986;37620
2986;37621
2987;37622
2987;37623
2987;37624
2987;37625
2988;37489
2989;37633
2989;37634
2990;37578
2990;37579
2990;37580
2991;37595
2991;37596
2991;37597
2991;37598
2992;37655
2992;37656
2992;37657
2993;37626
2993;37627
2994;37402
2994;37403
2994;37404
2994;37405
2994;37406
2995;37401
2996;28197
2997;28197
2998;28395
2999;28395
3000;43259
3001;43259
3002;28474
3003;28474
3004;28475
3004;28476
3004;28477
3005;28475
3005;28476
3005;28477
3006;28485
3006;42047
3007;28485
3007;42047
3008;38298
3008;38299
3009;38298
3009;38299
3010;39509
3011;39509
3012;27340
3012;27341
3013;27967
3014;27998
3014;27999
3014;28000
3014;28001
3015;42759
3015;42760
3016;28047
3016;42178
3016;42179
3016;42180
3016;42181
3016;42182
3016;42183
3016;42184
3016;42185
3016;42186
3016;42187
3016;42188
3016;42189
3016;42190
3016;42191
3016;42192
3016;42193
3016;42194
3016;42195
3016;42196
3016;42197
3016;42198
3016;42199
3016;42200
3016;42201
3017;28049
3017;28050
3017;28051
3017;28052
3017;28053
3017;28054
3017;28055
3018;28056
3018;28057
3019;28059
3019;28060
3019;28061
3019;28062
3019;28063
3019;28064
3019;28065
3019;28066
3019;28067
3019;28068
3019;28069
3019;28070
3019;28071
3019;28072
3020;28076
3020;28077
3020;28078
3024;29569
3024;29570
3025;28559
3025;28560
3025;31829
3026;29564
3027;29443
3028;27137
3029;27138
3029;27139
3034;27144
3035;27147
3038;27155
3039;27158
3040;27162
3040;27163
3040;27164
3040;27165
3040;27166
3040;27167
3040;27168
3041;27169
3042;27179
3042;27180
3043;27185
3043;27186
3044;27139
3044;27284
3045;27284
3047;27284
3047;27285
3048;27286
3050;27139
3050;27185
3051;27289
3053;27292
3054;27293
3055;27294
3056;33873
3056;33874
3060;43260
3062;28491
3062;28492
3063;28491
3063;28492
3064;28739
3064;28740
3064;28741
3064;28742
3065;32071
3065;32072
3065;32073
3067;41035
3068;32193
3068;32194
3069;32282
3070;39338
3071;42028
3072;42028
3073;42028
3074;42028
3075;42029
3076;42029
3077;42029
3078;42029
3079;33499
3080;33500
3081;33501
3081;33502
3081;33503
3082;28270
3082;28271
3083;33522
3083;33523
3084;33542
3084;33543
3084;33544
3084;33545
3085;33434
3085;33435
3086;28415
3087;28415
3088;33524
3088;33525
3089;28494
3090;28494
3091;28453
3092;28453
3095;33432
3096;33433
3097;39177
3101;33431
3103;28467
3104;28467
3107;29574
3108;32681
3109;32195
3111;32196
3111;32197
3111;32198
3112;28476
3112;28477
3112;30582
3112;30583
3112;30584
3112;30585
3112;30586
3113;28265
3113;28267
3113;28272
3113;28667
3114;30351
3115;30378
3115;30400
3115;30401
3116;30307
3116;30308
3117;30307
3117;30308
3118;30307
3118;30308
3119;30307
3119;30308
3121;30959
3122;30959
3123;30959
3124;39337
3125;39337
3126;30961
3127;37751
3128;37751
3129;32493
3129;32494
3130;32493
3130;32494
3131;32495
3132;36974
3132;36975
3132;36976
3133;32544
3134;32544
3135;37007
3136;32545
3137;32545
3138;32546
3139;36107
3139;36108
3140;32586
3140;32587
3140;32588
3140;32589
7166;43478
7166;41412
7166;41221
7183;43560
3142;32616
3143;36561
3144;28941
3144;28942
3144;28943
3145;28941
3145;28942
3145;28943
3146;41140
3146;41141
3146;41142
3147;41143
3147;41144
3147;41145
3148;28721
3148;28722
3149;28721
3149;28722
3150;28787
3151;28787
3153;30309
3153;30310
3154;28629
3154;30180
3154;30181
3154;30182
3154;30183
3155;28629
3155;30180
3155;30181
3155;30182
3155;30183
3156;32684
3156;32685
3156;32686
3156;32687
3157;32682
3157;32683
3162;28782
3163;28782
3164;28723
3165;28723
3166;28670
3166;28672
3166;38144
3166;38145
3166;38147
3166;38148
3166;38155
3168;28507
3168;28951
3173;36227
3174;27255
3174;31260
3174;36244
3174;42466
3175;36640
3176;37567
3179;28413
3179;28414
3180;28413
3180;28414
3181;28346
3181;28347
3182;28346
3182;28347
3183;33145
3184;33146
3185;33147
3188;27262
3188;36153
3188;36154
3188;36157
3188;36159
3188;39829
3188;39830
3188;39831
3189;28290
3189;28294
3189;28296
3189;36131
3189;36132
3189;36133
3189;36134
3189;36135
3189;36136
3189;36137
3190;29489
3190;30518
3191;30622
3191;30623
3192;28514
3192;30624
3193;30403
3193;30404
3194;28451
3195;28451
3196;28416
3197;28416
3198;28342
3198;28343
3198;28710
3198;29413
3198;30402
3199;30514
3199;30515
3199;30516
3200;30517
3202;31250
3203;31251
3204;27259
3205;41421
3205;41422
3205;41423
3205;41424
3205;41425
3205;41426
3206;30963
3207;30963
3208;30963
3209;31162
3210;30964
3210;30965
3210;41809
3210;41810
3212;30964
3213;30965
3213;39335
3214;27769
3214;27770
3214;27771
3214;27772
3214;27773
3215;30612
3216;28745
7166;41222
7166;43479
7166;41224
7166;41225
7166;41226
7166;43480
7166;41416
7166;43481
7166;43482
7166;43483
7184;43561
7195;43600
3217;28746
3217;28747
3217;28748
3218;36205
3218;36206
3218;36207
3219;28680
3219;36573
3220;31158
3221;43263
3221;43264
3222;33150
3222;33151
3223;33152
3223;33153
3224;40119
3225;32229
3225;32230
3225;32231
3225;32232
3226;32228
3227;28934
3228;30587
3229;36186
3229;36187
3230;28468
3230;28469
3231;36743
3231;36745
3231;38357
3232;28347
3232;36768
3233;28788
3234;28788
3235;42756
3235;42757
3236;28967
3237;28967
3238;32296
3239;28197
3240;30967
3241;30967
3242;28117
3244;28342
3244;28343
3244;28710
3244;29413
3244;30402
3245;28342
3245;28343
3245;28710
3245;29413
3245;30402
3246;30543
3246;30544
3246;30545
3247;27905
3248;28496
3248;28497
3248;36252
3249;28969
3250;28462
3250;28463
3251;36112
3251;36114
3251;38350
3252;30654
3252;30655
3252;30656
3253;30654
3253;30655
3253;30656
3254;39258
3254;39259
3254;39260
3254;39261
3254;39262
3254;42596
3254;42597
3254;42598
3254;42599
3254;42600
3255;28993
3255;28994
3255;42601
3256;36977
3257;37010
3258;32563
3259;32563
3260;37030
3261;37030
3262;37043
3262;37044
3263;37008
3264;32298
3265;32496
3266;32497
3267;30570
3267;30577
3267;30578
3268;30579
3268;30580
3268;30581
3269;32619
3269;32620
3270;32619
3270;32620
3271;32617
3272;32617
3273;37066
3274;27908
3274;27909
3275;27920
3276;27919
3277;27919
3278;27914
3278;27915
3278;27918
3279;27914
3279;27915
3279;27916
3279;27917
3280;27914
3280;27915
3280;27916
3280;27917
3283;28916
3283;28917
3283;28918
3283;28919
3284;36972
3284;36973
3285;36978
3285;36979
3286;36978
3286;36979
3287;36980
3287;36981
3287;36982
3288;36980
3288;36981
3288;36982
3289;40851
3289;40852
3290;40851
3290;40852
3291;40853
3292;40853
3293;37765
3294;37765
3295;37766
3296;37766
3297;37009
3298;37095
3299;37096
3300;33154
3301;28758
3303;27901
3304;27896
3305;30388
3305;36767
3306;28346
3306;28347
3307;36769
3307;36770
3307;36771
3307;36772
3307;36773
3308;36196
3308;36197
3308;36198
3309;32298
3310;32144
3310;32299
3311;32299
3312;32299
3313;36088
3314;36115
3314;36117
3314;38351
3315;36248
3315;36249
3315;36250
3315;36251
3316;30311
3317;30312
3317;30313
3317;30314
3317;30315
3318;30316
3319;30406
3319;30408
3319;40544
3319;40545
3320;30406
3320;30408
3320;40544
3320;40545
3321;29401
3321;30409
3321;30410
3321;30411
3321;30412
3322;30653
3323;30653
3324;28198
3326;29592
3326;29593
3326;29594
3326;29595
3326;29596
3326;29597
3326;29598
3327;29599
3327;29600
3327;29601
3328;29602
3328;29603
3328;29604
3329;29605
3329;29606
3329;29607
3330;29608
3330;29609
3330;29610
3330;29611
3331;29612
3331;29613
3331;29614
3331;29615
3332;29612
3332;29613
3332;29614
3332;29615
3333;29616
3334;29617
3335;29618
3336;29619
3337;29620
3337;29621
3338;29641
3338;29642
3338;29643
3338;29644
3341;29645
3341;29646
3341;29647
3341;29648
3342;38030
3342;38031
3342;38032
3342;38033
3342;38034
3342;38035
3342;38036
3342;38037
3342;38038
3343;29657
3343;29658
3343;29659
3343;29660
3343;29661
3343;29662
3343;29663
3343;29664
3343;29665
3343;29666
3343;29667
3343;29668
3343;29669
3343;29670
3343;42048
3343;42049
3343;42050
3343;42051
3343;42052
3343;42053
3343;42054
3344;29674
3344;29675
3344;29676
3344;29677
3344;29678
3344;29679
3344;29680
3344;29681
3344;29682
3344;29683
3344;29684
3344;29685
3344;29686
3344;29687
3344;29688
3344;29689
3344;29690
3344;29691
3344;29692
3344;29693
3345;29694
3345;29695
3345;29696
3345;29697
3345;29698
3346;42055
3346;42056
3346;42057
3346;42058
3346;42059
3346;42060
3346;42061
3346;42062
3346;42063
3346;42064
3346;42065
3346;42066
3347;29704
3348;29705
3348;29706
3349;28263
3349;42067
3349;42068
3349;42069
3349;42070
3349;42071
3349;42072
3349;42073
3349;42074
3349;42075
3349;42076
3349;42077
3349;42078
3349;42079
3349;42080
3349;42081
3349;42082
3349;42083
3349;42084
3349;42085
3349;42086
3349;42087
3349;42088
3349;42089
3349;42090
3349;42091
3349;42092
3349;42093
3349;42094
3349;42095
3349;42096
3349;42097
3349;42098
3349;42099
3350;29726
3350;29727
3350;29736
3350;29737
3350;29738
3350;29739
3350;29740
3350;29741
3350;29742
3350;29743
3350;29744
3350;29745
3350;29746
3350;29747
3350;29748
3350;29749
3350;29750
3350;29751
3350;29752
3350;29753
3350;29754
3350;29755
3350;29756
3350;29757
3350;29758
3350;29759
3350;29760
3350;29761
3351;29762
3351;29763
3351;29764
3351;29765
3352;29705
3352;29766
3352;29767
3352;29768
3353;29769
3353;29770
3353;29771
3354;38039
3354;38040
3354;38041
3354;38042
3354;38043
3354;38044
3354;38045
3354;38046
3357;29779
3357;29780
3357;29781
3357;29782
3357;29783
3357;38047
3358;29822
3358;29823
3358;29824
3358;29825
3359;29826
3359;29827
3359;29828
3359;29829
3359;29830
3359;29831
3359;29832
3360;29833
3360;29834
3360;29835
3360;29836
3360;29837
3360;29838
3360;29839
3360;29840
3361;29841
3361;29842
3361;29843
3361;29844
3361;29845
3361;29846
3361;29847
3361;29848
3362;29841
3362;29842
3362;29843
3362;29844
3362;29847
3362;29848
3362;29849
3362;29850
3362;29851
3362;29852
3362;29853
3362;29854
3363;29855
3363;29856
3363;29857
3363;29858
3363;29859
3364;29855
3364;29858
3364;29859
3364;29860
3364;29861
3364;29862
3364;29863
3365;29864
3365;29865
3365;29866
3365;29867
3365;29868
3366;29865
3366;29867
3366;29868
3366;29869
3366;29870
3366;29871
3366;29872
3367;29873
3367;29874
3367;29875
3367;29876
3368;29877
3368;29878
3368;29879
3368;29880
3368;29881
3369;29882
3369;29883
3370;29884
3371;29885
3371;29886
3372;29882
3372;29883
3373;29887
3374;29910
3374;29911
3374;29912
3374;29913
3374;29914
3374;29915
3374;29916
3375;39510
3375;39511
3375;39512
3376;29920
3377;29921
3378;29920
3379;29922
3379;29923
3380;29924
3380;29925
3380;29926
3380;29927
3381;29928
3382;29929
3383;29930
3383;29931
3383;29932
3383;29933
3383;29934
3383;29935
3383;29936
3383;29937
3383;29938
3383;29939
3383;29940
3383;29941
3383;29942
3383;29943
3383;29944
3384;29945
3385;29946
3386;29961
3387;29962
3388;29963
3389;29962
3390;29963
3391;29964
3392;29965
3392;29966
3393;40952
3393;40953
3393;40954
3393;40955
3393;40956
3393;40957
3393;40958
3393;40959
3393;40960
3393;40961
3394;29990
3394;29991
3394;29992
3394;29993
3394;29994
3394;29995
3395;29996
3395;29997
3396;40962
3396;40963
3397;30002
3398;30003
3399;30004
3399;30005
3399;30006
3399;30007
3399;30008
3400;30027
3400;30028
3401;30029
3402;30030
3403;30031
3403;30032
3404;30033
3405;30034
3405;39861
3406;30061
3407;30062
3407;30063
3408;30064
3409;30071
3410;37749
3411;30073
3411;30074
3414;30100
3414;30101
3415;30103
3416;40964
3416;40965
3416;40966
3417;40967
3417;40968
3418;28981
3419;28981
3420;28915
3420;40625
3421;28915
3421;40625
3422;28639
3423;28639
3425;28344
3425;28345
3426;28344
3426;28345
3427;28344
3427;28345
3428;30403
3428;30404
3429;30519
3430;29544
3430;29546
3430;30546
3430;30547
3431;29433
3433;28616
3433;28622
3433;29112
3433;30118
3433;30120
3433;30129
3434;28616
3434;28622
3434;29112
3434;30118
3434;30120
3434;30129
3435;30184
3436;28198
3437;28198
3438;28616
3438;28617
3438;28618
3438;28620
3438;28622
3438;29114
3438;30185
3439;27277
3440;28465
3440;28789
3440;33664
3441;40009
3442;41057
3442;41058
3442;41059
3443;28117
3445;41150
3445;41151
3445;41152
3445;41153
3445;41154
3445;41155
3445;41156
3445;41157
3445;41158
3445;41159
3445;41160
3445;41161
3445;41162
3445;41163
3447;33096
3448;41814
3448;41815
3449;33107
3450;30626
3450;30627
3450;30628
3451;28490
3451;28495
3451;30625
3452;30627
3452;30629
3452;30630
3453;30627
3453;30629
3453;30630
3454;33538
3455;33540
7166;41238
3456;33541
3458;30186
3458;30187
3458;30188
3458;30189
3458;30190
3458;30191
3458;30192
3458;30193
3459;30183
3459;30194
3459;30195
3460;28751
3460;30516
3460;30520
3461;30625
3462;30637
3463;30657
3464;32567
3465;32568
3466;37031
3467;32342
3468;37067
3469;32495
3470;36983
3471;32606
3471;32607
3471;32608
3471;32609
3471;38241
3472;37060
3472;37061
3472;37062
3472;37063
3472;38252
3473;28197
3474;28197
3475;32547
3476;32548
3477;37011
3478;37012
3486;38951
3487;32621
3487;32622
3488;37085
3488;37086
3489;32656
3491;32136
3491;32137
3491;32138
3492;32136
3492;32137
3492;32138
3493;37753
3494;37753
3495;28495
3495;28496
3495;28497
3496;28495
3496;28496
3496;28497
3497;28953
3497;28954
3498;28913
3499;28889
3500;28889
3501;28890
3501;28891
3501;28892
3501;28893
3502;28906
3503;28906
3504;28724
3505;28724
3506;28197
3507;28481
3508;28764
3508;36190
3508;36191
3508;36192
3508;36193
3508;36194
3509;36195
3510;36195
3514;39181
3522;36740
3522;36741
3522;36742
3523;36740
3523;36741
3523;36742
3524;36182
3524;36183
3524;36184
3525;32699
3525;36138
3525;36139
3525;36140
3525;36141
3525;36142
3525;36143
3525;36144
3526;36259
3526;36260
3527;31328
3528;31328
3529;28263
3530;42610
3531;42610
3532;42608
3532;43121
3533;42608
3533;43121
3534;40920
3535;40920
3536;30928
3538;42682
3539;30784
3540;33116
3541;30973
3542;43046
3543;42572
3543;42573
3545;30785
3546;33022
3547;33022
3548;29568
3549;29568
3550;39243
3551;39243
3552;39244
3553;39244
3554;40613
3556;33104
3557;40236
3557;40237
3558;42606
3559;42608
3559;43121
1959;43343
1959;43344
7166;43484
7195;43601
7196;43602
3560;30801
3561;31253
3562;31253
3563;30971
3564;30971
3565;30971
3566;30972
3567;30972
3568;30972
3569;42490
3570;42490
3571;30785
3572;30785
3573;27891
3574;40744
3574;40745
3574;40746
3574;40747
3574;40748
3575;27911
3575;27912
3575;43200
3576;37746
3576;37747
3576;37748
3576;40749
3577;32144
3578;28720
3579;28720
3580;28421
3581;28421
3582;28873
3584;30975
3585;31325
3586;31325
3587;30968
3587;40602
3587;40603
3587;40604
3587;40605
3590;32632
3590;32633
3590;32634
3591;37097
3591;37098
3592;37014
3593;37015
3594;37016
3595;32621
3595;32622
3595;32623
3596;32623
3597;30532
3598;28473
3598;30613
3599;28478
3599;28479
3599;28482
3600;32120
3600;32121
3600;32244
3604;38953
3606;32122
3606;32123
3607;32125
3607;32126
3607;32127
3608;32122
3608;32123
3608;32124
3609;38219
3609;38220
3609;38221
3609;38222
3610;28980
3611;28980
3612;33514
3612;33515
3613;33516
3614;33517
3615;33539
3620;32245
3621;28770
3621;28951
3621;28952
3622;28874
3622;28875
3622;28876
3623;28481
3624;30525
3624;36587
3624;36780
3624;36781
3625;28394
3625;36781
3625;36782
3625;36783
3626;38223
3626;38224
3626;38225
3626;38226
3626;38227
3626;38228
3626;38229
3626;39867
3627;28446
3628;28446
3629;33617
3629;33618
3630;33310
3631;33308
3632;33304
3633;33305
3634;33306
3635;33307
3636;33298
3637;33296
3638;38023
3639;38021
3640;38022
3641;38024
3642;33297
3643;30975
3644;30975
3645;30976
3646;30976
3647;31333
3648;31333
3649;40147
3650;40147
3651;40940
3652;33668
3653;33155
3654;33309
3655;33311
3656;38952
3657;38952
3658;28822
3659;28959
3659;28960
3660;28959
3660;28960
3661;28937
3662;28937
3663;28963
3664;28963
3665;28501
3665;28962
3665;28963
3665;28964
7166;43485
3666;28961
3667;28961
3668;28961
3669;31158
3670;28281
3670;28282
3671;28281
3671;28282
3672;33492
3673;33519
3674;33518
3675;37788
3677;31058
3679;37754
3680;37754
3681;37754
3683;40217
3683;42656
3683;42657
3684;40217
3684;42656
3684;42657
3685;31291
3686;31291
3687;30977
3688;30977
3689;43008
3691;30966
3697;28484
3698;38087
3698;38100
3699;30968
3699;40602
3699;40603
3699;40604
3699;40605
3700;30980
3701;30980
3702;30980
3703;30981
3704;41653
3704;41654
3704;41655
3705;37780
3706;30984
3706;30985
3706;38005
3706;41808
3708;33674
3708;33675
3708;33676
3708;33677
3708;33678
3709;33642
3711;28650
3712;33672
3712;33673
3713;33660
3714;33609
3714;33679
3714;33680
3715;33671
3716;33670
3717;33636
3717;33637
3718;33684
3719;33649
3719;33650
3719;33651
3720;33652
3721;33685
3722;28446
3723;32296
3724;42104
3724;42105
3725;33638
3726;33645
3727;33647
3728;33639
3729;33686
3730;27349
3730;33629
3730;33630
3730;33631
3730;33632
3730;33633
3730;33634
3730;33635
3731;37099
3731;37100
3732;32566
3733;32566
3734;34061
3734;34062
3734;34063
3735;39410
3735;39411
3735;39412
3735;39413
3735;39414
3735;39415
3735;39416
3735;39417
3736;34660
3737;34661
3738;34439
3738;34440
3738;34441
3738;34442
3738;34443
3738;34444
3739;34445
3739;34446
3740;34431
3741;34432
3741;34433
3741;34434
3742;40188
3742;40189
3742;40190
3742;40191
3742;40192
3742;40193
3742;40351
3742;40361
3742;42631
3743;34765
3744;34817
3744;34818
3745;34827
3745;34828
3746;34819
3746;34820
3746;34821
3746;34822
3747;34823
3747;34824
3747;34825
3747;34826
3748;35571
3749;35378
3749;35379
3749;35380
3749;35381
3750;35385
3751;35040
3751;35041
3751;35042
3751;35043
3751;35044
3752;35049
3753;35154
3753;35155
3753;35156
3754;35152
3754;35153
3755;34068
3756;34435
3756;34436
3756;34437
3756;34438
3757;35846
3757;40191
3757;40194
3757;40195
3757;40196
3757;40197
3757;42631
3758;35697
3758;35698
3759;35049
3760;36188
3760;36189
3761;41599
3761;41600
3762;36228
3763;36231
3763;36232
3763;36233
3763;36234
3763;36235
3763;36236
3764;28463
3764;36238
3765;38142
3766;32145
3766;36261
3766;36262
3766;36263
3767;27188
3767;28814
3767;28820
3767;36276
3767;36277
3767;36278
3767;36279
3767;36280
3767;36281
3767;36282
3767;36283
3767;36284
3767;36285
3767;36286
3767;36287
3769;28198
3769;30120
3769;30196
3769;30197
3769;30198
3769;30199
3769;30200
3770;30627
3770;30628
3771;30627
3771;30628
3772;30548
3772;30549
3773;30548
3773;30549
3774;30548
3774;30549
3775;30548
3775;30549
3776;30550
3776;30551
3777;30550
3777;30551
3778;30550
3778;30551
3779;30550
3779;30551
3781;29488
3781;29489
3782;30352
3782;30353
3782;30354
3782;30355
3782;30356
3782;30357
3782;30358
3782;30359
3782;30360
3782;30361
3783;30362
3783;30363
3783;30364
3783;30365
3783;30366
3783;30367
3784;30413
3784;30414
3784;30415
3784;30416
3785;30417
3785;30418
3785;30419
3785;30420
3786;30423
3786;30424
3786;30425
3786;30426
3786;30427
3787;33105
3788;28494
3788;28498
3789;28494
3789;28498
3790;28717
3793;38486
3795;28177
3795;28198
3795;28200
3795;28202
3795;29103
3795;29107
3795;29109
3795;29114
3795;29141
3795;29142
3795;29143
3795;29144
3795;29145
3795;29146
3795;29147
3795;29148
3795;29149
3795;29150
3795;29151
3795;29152
3795;29153
3795;29154
3795;29155
3795;29156
3795;29157
3795;29158
3795;29159
3795;29160
3802;38704
3802;38705
3803;38791
3810;28597
3810;28598
3811;28415
3812;30317
3812;30318
3812;30319
3813;30786
3813;30787
3814;39162
3814;39163
3814;39164
3814;39165
7166;41418
7166;43486
7166;41247
7166;41369
7166;41249
7166;27518
7184;43562
3820;38467
3822;30786
3826;43112
3826;43113
3829;41771
3829;41772
3830;38767
3831;33116
3832;29389
3832;29390
3833;29389
3833;29390
3834;28988
3835;28680
3835;30421
3835;30422
3836;30620
3837;30620
3838;28264
3839;28264
3840;28346
3840;28347
3841;36199
3841;36200
3841;36201
3841;36202
3841;36203
3842;36209
3843;36229
3844;36230
3845;30966
3845;36255
3845;36256
3845;36257
3845;36258
3846;40626
3846;40627
3846;40628
3848;38476
3848;38477
3849;28118
3850;30803
3853;42489
3854;29571
3855;30588
3855;30589
3856;30588
3856;30589
3857;30590
3858;30590
3859;32345
3860;32346
3861;32348
3862;32347
3863;42463
3863;42464
3863;42465
3864;32423
3864;32424
3865;37068
3866;37103
3866;37104
3867;37103
3867;37104
3868;37107
3869;30533
3870;30521
3871;28814
3871;28817
3871;28819
3871;30658
3872;28707
3872;28708
3872;28710
3872;28711
3872;29434
3872;29435
3873;28497
3873;30631
3874;28497
3874;30631
3875;28497
3875;30631
3876;27270
3876;28536
3876;40315
3876;41906
3876;41907
3877;27270
3877;28536
3877;40315
3877;41906
3877;41907
3878;32128
3879;36074
3879;36075
3879;36076
3879;36077
3879;36078
3879;36079
3879;36080
3879;36081
3879;36082
3879;36083
3879;36084
3879;36085
3879;36086
3879;38349
3880;27268
3880;36074
3880;36075
3880;36076
3880;36077
3880;36078
3880;36079
3880;36080
3880;36081
3880;36082
3880;36083
3880;36084
3880;36085
3880;36086
3881;28197
3882;28633
3883;28965
3884;28965
3885;28968
3885;42499
3886;32074
3887;30533
3888;30533
3889;33493
3890;29494
3891;33494
3892;33494
3893;33546
3894;33546
3895;33102
3895;33103
3896;27895
3897;33099
3897;33100
3898;27887
3901;30591
3902;39276
3902;39277
3902;39278
3902;39279
3903;28983
3903;28984
3904;32425
7166;41250
3904;32426
3904;32427
3904;38240
3904;39267
3904;39268
3904;39937
3905;32549
3906;32657
3907;36850
3908;42109
3909;42109
3910;30522
3910;30523
3911;30524
3912;30525
3912;30526
3913;30428
3914;30429
3915;30430
3916;28267
3916;30320
3916;30321
3917;30322
3917;30323
3917;30324
3918;30325
3919;28716
3920;28903
3921;28920
3921;38257
3921;42373
3922;29407
3922;29408
3923;29407
3923;29408
3924;29401
3924;29402
3924;29403
3924;29405
3924;29406
3925;29401
3925;29402
3925;29403
3925;29405
3925;29406
3926;28468
3926;28469
3927;28468
3927;28469
3928;28404
3928;28405
3929;28404
3929;28405
3930;30592
3930;30593
3930;30594
3931;41080
3932;33505
3933;28417
3934;28417
3935;33547
3936;33548
3937;38140
3937;38141
3938;28413
3938;40300
3939;32349
3940;40102
3941;32569
3942;32624
3943;32590
3943;32591
3944;32610
3945;32634
3945;32635
3946;32635
3947;32430
3948;40102
3949;40103
3950;32423
3950;32424
3951;37115
3951;37116
3952;37115
3952;37116
3953;41755
3955;32645
3955;32646
3955;32647
3956;32645
3956;32646
3956;32647
3957;42682
3959;41957
3960;27890
3962;27854
3963;27851
3966;38916
3968;39187
3969;32074
3970;32295
3971;32246
3972;32287
3976;30388
3977;27892
3977;27893
3979;33108
3981;33110
3982;36450
3982;36451
3982;36452
3982;36453
3983;30805
3984;30805
3985;30805
3986;28998
3986;28999
3986;29000
3986;29001
3986;29002
3986;29003
3986;29004
3986;29005
3986;29006
3986;29007
3986;29008
3986;29009
3986;29010
3986;29011
3986;29012
3986;29013
3986;29014
3986;29015
3986;29016
3986;29017
3986;29018
3986;29019
3986;29020
3986;29021
3986;29022
3986;29023
3986;29024
3986;29025
3986;29026
3986;29027
3986;29028
3986;29029
3986;29030
3986;29031
3986;29032
3986;29033
3986;29034
3986;29035
3986;29036
3986;29037
3986;29038
3986;29039
3986;29040
3986;29041
3986;29042
3986;29043
3986;29044
3986;29045
7184;43563
3986;29046
3986;29047
3986;29048
3986;29049
3986;29050
3986;29051
3986;29052
3987;29002
3987;29053
3987;29054
3987;29055
3987;29056
3987;29057
3987;29058
3987;29059
3987;29060
3987;29061
3987;29062
3987;29063
3987;29064
3987;29065
3987;29066
3987;29067
3987;29068
3987;29069
3987;29070
3988;29002
3988;29005
3988;29053
3988;29054
3988;29055
3988;29056
3990;29176
3991;28561
3991;28564
3991;29177
3991;29178
3991;29179
3991;29180
3991;29181
3991;29182
3991;29183
3991;29184
3991;29185
3991;29186
3991;29187
3991;29188
3991;29189
3991;29190
3991;29191
3991;29192
3991;29193
3991;29194
3991;29195
3991;29196
3991;29197
3991;29198
3991;29199
3991;29200
3991;29201
3991;29202
3991;29203
3991;29204
3991;29205
3991;29206
3991;29207
3991;29208
3991;29209
3991;29210
3991;29211
3991;29212
3991;29213
3991;29214
3991;29215
3991;29216
3991;29217
3991;29218
3991;29219
3991;29220
3991;29221
3991;29222
3991;29223
3993;29177
3993;29179
3993;29182
3993;29183
3993;29184
3993;29189
3993;29191
3993;29192
3993;29194
3993;29195
3993;29196
3993;29200
3993;29202
3993;29203
3993;29204
3993;29207
3993;29210
3993;29212
3993;29213
3993;29226
3993;29227
3993;29228
3993;29229
3993;29230
3993;29231
3993;29232
3993;29233
3993;29234
3993;29235
3993;29236
3993;29237
3993;29238
3993;29239
3993;29240
3993;29241
3993;29242
3993;29243
3993;29244
3993;29245
3993;29246
3993;29247
3993;29248
3993;29249
3993;29250
3993;29251
3993;29252
3993;29253
3993;29254
3993;29255
3993;29256
3993;29257
3993;29258
3993;29259
3993;29260
3993;29261
3993;29262
3993;29263
3993;29264
3993;29265
3993;29266
3993;29267
3993;29268
3993;29269
3993;29270
3993;29271
3993;29272
3993;29273
3993;29274
3993;29275
3993;29276
3993;29277
3993;29278
3993;29279
3993;29280
3993;29281
3993;29282
3993;29283
3993;29284
3993;29285
3993;29286
3993;29287
3994;29177
3994;29179
3994;29182
3994;29192
3994;29199
3994;29200
3994;29203
3994;29207
3994;29208
3994;29210
3994;29211
3994;29212
3994;29215
3994;29226
3994;29228
3994;29230
3994;29231
3994;29232
3994;29236
3994;29248
3994;29253
3994;29254
3994;29257
3994;29258
3994;29259
3994;29261
3994;29262
3994;29263
3994;29288
3994;29289
3994;29290
3994;29291
3994;29292
3994;29293
3994;29294
3994;29295
3994;29296
3994;29297
3994;29298
3994;29299
3994;29300
3994;29301
3995;29302
3996;29303
3996;29304
3996;29305
3996;29306
3996;29307
3996;29308
3996;29309
3997;29304
3997;29305
3997;29306
3997;29309
3997;29310
3997;29311
3997;29312
3997;29313
3997;29314
3997;29315
3997;29316
3997;29317
3998;29319
3998;29320
3998;29321
3998;29322
3998;29323
3998;40943
3999;29324
3999;29325
3999;29326
3999;29327
4000;29303
4000;29313
4000;29314
4000;29328
4000;29329
4000;29330
4000;29331
4000;29332
4000;29333
4000;29334
4000;29335
4000;29339
4000;29340
4001;29303
4001;29313
4001;29314
4001;29330
4001;29331
4001;29339
4001;29340
4001;29341
4001;29342
4001;29343
4001;29344
4001;29345
4002;29409
4002;29410
4002;29411
4002;29412
4003;29437
4003;29438
4003;29439
4003;29440
4004;29441
4005;27914
4006;29503
4006;29504
4007;29510
4007;29511
4008;29535
4009;29540
4010;29548
4010;29549
4011;29550
4012;29551
4013;29505
4013;29506
4013;29507
4013;29508
4014;29346
4014;29347
4015;29552
4015;29553
4016;29554
4017;29043
4017;29046
4017;29048
4017;29049
4017;29071
4017;29072
4018;29555
4019;29556
4020;28733
4020;29442
4020;29443
4021;29585
4021;29586
4022;29587
4023;29588
4024;29588
4025;29589
4026;29590
4027;29589
4028;29589
4029;29591
4030;29577
4030;29578
4030;29579
4030;29580
4030;29581
4030;29582
4030;29583
4030;29584
4031;30442
4031;30443
4031;30444
4031;30445
4031;30446
4031;30447
4031;30448
4031;30449
4031;30450
4031;30451
4031;30452
4031;30453
4031;30454
4031;30455
4031;30456
4031;30457
4031;30458
4031;30459
4031;30460
4031;30461
4031;30462
4031;30463
4031;30464
4031;30465
4031;30466
4032;29437
4032;29438
4032;29439
4032;29440
4032;30467
4032;30468
4032;30469
4032;30470
4032;30471
4033;33267
4033;33268
4034;30547
4042;28148
4043;28148
4044;37601
4044;37602
4045;37511
4045;37512
4045;37513
4045;37514
4045;37515
4046;37499
4046;37500
4046;37501
4046;37502
4046;37503
4046;37504
4046;37505
4046;37506
4047;28595
4047;28596
4048;38140
4048;38141
4053;27969
4054;30806
4054;37885
4055;33107
4056;28456
4056;28457
4058;28462
4058;28463
4059;28462
4059;28463
4067;31262
4068;31262
4069;28789
4071;39062
4071;39063
4071;39064
4073;39216
4073;39217
4073;39218
4074;31047
4076;28418
4076;28419
4077;28418
4077;28419
4078;28348
4078;28349
4078;28350
4079;28348
4079;28349
4079;28350
4080;30327
4080;30328
4080;30329
4080;30330
4080;30331
4080;30332
4081;30233
4081;30333
4082;30527
4083;28877
4084;28877
4085;28499
4085;28500
4086;28499
4086;28500
4087;41164
4087;41165
4087;41166
4088;41164
4088;41165
4088;41166
4091;28501
4092;28501
4094;38110
4095;38110
4096;28402
4097;28402
4098;37549
4098;37550
4099;32297
4102;28402
4103;32296
4104;41048
4104;41049
4105;28472
4109;41782
4109;41783
4111;39172
4111;39173
4112;41700
4112;41701
4114;32429
4115;36932
4116;32570
4117;32570
4118;32571
4119;32571
4120;29793
4120;29794
4120;29795
4121;29799
4121;29800
4121;29801
4121;29802
4121;29803
4121;29804
4121;29805
4122;38048
4122;38049
4122;38050
4122;38051
4122;38052
7184;43564
7185;43565
7185;43566
7196;43603
7197;43604
7197;43605
4122;38053
4122;38054
4122;38055
4122;38056
4123;29909
4124;29955
4125;29967
4126;29976
4127;30014
4127;30015
4127;30016
4127;30017
4127;30018
4127;30019
4128;28829
4129;30020
4129;30021
4130;30022
4130;30023
4130;30024
4130;30025
4130;30026
4131;30039
4132;41453
4133;30042
4134;29634
4134;29635
4134;29636
4135;29806
4135;29807
4135;29808
4135;29809
4136;41617
4136;41618
4136;41619
4136;41620
4136;41621
4137;29903
4137;29904
4137;29905
4137;29906
4137;41622
4138;29908
4139;29975
4141;30068
4142;30069
4142;30070
4143;28930
4143;30095
4144;30096
4144;30097
4144;30098
4145;30099
4146;36648
4146;36649
4147;29075
4147;29076
4147;29077
4147;29078
4148;29348
4148;29349
4149;29355
4149;29356
4150;29388
4150;29389
4150;29390
4151;29388
4151;29389
4151;29390
4152;28707
4152;28710
4152;29413
4152;29414
4152;29415
4153;28707
4153;28710
4153;29413
4153;29414
4153;29415
4154;27195
4154;29543
4154;29544
4154;29545
4154;29546
4155;27195
4155;29544
4155;29547
4156;28482
4156;29519
4156;29520
4157;28482
4157;29519
4157;29520
4158;30232
4159;30236
4159;30237
4160;30238
4160;30239
4160;30240
4161;29803
4162;28487
4162;28933
4162;28953
4162;29536
4162;29537
4162;29538
4162;29539
4163;30334
4163;30335
4163;30336
4163;30337
4163;30338
4163;30339
4163;30340
4164;30472
4164;30473
4165;30474
4166;29526
4166;29527
4166;29528
4167;37782
4167;40780
4168;28202
4168;42176
4170;31277
4172;37430
4172;37431
4172;37432
4172;37433
4172;37434
4172;37435
4172;37436
4172;37437
4172;37438
4172;37439
4172;37440
4172;37441
4172;37442
4172;37443
4173;39485
4173;39486
4173;39487
4173;39488
4173;39489
4174;37507
4174;37508
4175;36253
4175;36650
4176;38852
4176;38853
4176;38854
4176;38855
4180;38857
4180;38858
4180;38859
4184;28199
4184;28200
4184;28201
4184;28202
4184;42106
4185;28199
4185;28200
4185;28201
4185;28202
4185;42106
4186;28470
4187;28471
4188;30341
4189;30341
4190;30125
4190;30126
4191;30485
4192;30650
4192;30651
4192;30652
4193;30231
4194;30233
4194;30234
4194;30235
4195;30241
4196;29803
4197;38991
4197;38992
4197;38993
4198;39632
4202;41785
4204;38479
4204;38480
4211;40230
4211;40231
4212;39069
4212;39070
4212;39071
4212;39072
4212;39073
4212;39074
4212;39076
4212;39077
4212;42423
4214;39120
4216;39122
4220;28877
4221;28975
4222;28491
4222;28492
4222;28935
4222;28936
4222;28937
4222;28938
4222;28950
4222;42203
4223;32673
4223;32674
4223;32675
4224;28985
4225;28881
4227;37101
4227;37102
4228;37110
4228;37111
4228;37112
4229;37088
4229;37089
4229;37090
4230;37088
4230;37089
4230;37090
4231;38059
4231;38060
4231;38061
4231;38062
4232;38059
4232;38060
4232;38061
4232;38062
4233;37047
4233;38063
4234;37047
4234;38063
4235;37064
4241;32102
4241;32103
4242;29169
4242;29170
4242;29171
4242;29172
4243;29169
4243;29172
4243;29173
4243;29174
4244;30122
4244;30123
4244;30124
4245;28994
4245;30342
4246;28994
4246;30342
4247;30615
4247;39862
4248;30614
4251;32140
4252;32140
4253;28203
4254;28203
4255;29521
4256;28486
4256;28487
4256;28513
4256;28930
4256;28933
4256;29529
4256;29530
4256;29531
4256;29532
4256;29533
4256;29534
4257;30225
4257;30226
4257;30227
4257;30228
4257;30229
4257;30230
4258;29394
4259;29394
4260;32670
4260;32671
4260;32672
7185;43567
4263;28342
4263;36579
4263;36580
4263;36581
4263;36582
4264;40629
4264;40630
4264;40631
4265;37495
4265;37496
4266;37599
4267;37603
4268;37606
4268;37607
4269;28777
4269;40303
4270;42318
4273;39874
4274;37637
4274;37638
4275;40431
4276;33623
4277;33624
4278;33626
4279;33625
4280;33619
4281;33620
4282;33621
4283;33269
4283;33270
4284;42449
4285;41072
4286;41072
4287;42136
4287;42137
4287;42138
4287;42139
4288;40191
4288;41167
4288;41168
4288;41169
4288;41170
4288;42631
4290;38686
4292;41764
4293;41765
4295;38897
4295;38898
4298;41729
4298;41730
4298;41731
4301;42136
4301;42137
4301;42138
4301;42139
4302;29637
4302;29638
4302;29639
4302;29640
4303;29784
4304;32426
4305;36933
4306;32499
4307;36986
4308;32648
4308;32649
4308;32650
4309;32649
4309;32650
4310;32651
4311;28997
4312;33689
4313;33690
4314;37013
4315;39799
4316;28197
4317;28197
4318;29522
4318;29523
4318;29524
4318;29525
4319;28263
4319;28266
4319;30201
4319;30202
4319;30203
4319;30204
4319;30205
4320;30368
4320;30369
4320;30370
4320;30371
4320;30372
4321;33695
4322;33717
4323;33720
4323;33721
4324;34069
4325;34070
4325;39552
4326;34072
4326;34073
4326;38189
4327;40158
4327;40159
4327;40160
4327;40161
4327;40162
4327;40163
4327;40164
4328;34084
4328;34085
4329;34086
4329;34087
4329;34088
4329;34089
4329;34090
4329;34091
4330;39559
4330;39560
4331;39561
4331;39562
4332;34171
4332;34172
4332;34173
4332;34174
4332;34175
4332;34176
4333;34177
4334;34178
4335;34179
4335;34180
4335;34181
4336;34447
4337;34448
4337;34449
4337;34450
4337;34451
4337;34452
4337;34453
4337;34454
4337;42209
4337;42210
4337;42211
4337;42212
4337;42213
4337;42214
4337;42215
4337;42216
4337;42217
4337;42218
4337;42219
4338;34448
4338;34449
4338;34450
4338;34451
4338;34452
4338;34453
4338;34454
4338;42210
4338;42211
4338;42212
4338;42213
4338;42214
4338;42215
4338;42216
4338;42217
4338;42218
4338;42219
4338;42220
4339;34662
4339;34663
4339;34664
4339;34665
4340;34662
4340;34663
4341;34666
4341;34667
4342;34668
4342;34669
4342;34670
4342;34671
4343;34672
4344;34766
4345;34766
4346;34778
4347;34779
4347;34780
4348;34829
4348;34830
4349;34831
4349;34832
4349;34833
4349;34834
4349;34835
4350;34836
4351;34891
4351;34892
4351;34893
4351;34894
4351;34895
4351;34896
4351;34897
4351;34898
4351;34899
4351;34900
4351;34901
4351;34902
4351;34903
4351;34904
4351;34905
4351;34906
4351;34907
4351;34908
4351;34909
4351;34910
4351;34911
4351;34912
4351;34913
4351;34914
4352;34915
4352;34916
4352;34917
4352;34918
4353;34919
4353;34920
4353;34921
4353;34922
4353;34923
4353;34924
4353;34925
4353;34926
4353;34927
4353;34928
4353;34929
4353;34930
4353;34931
4354;35002
4354;35003
4354;35004
4354;35005
4354;35006
4354;35007
4354;35008
4354;35009
4354;35010
4355;35050
4356;35066
4357;35067
4357;35068
4357;35069
4357;35070
4357;35071
4358;35072
4358;35073
4358;35074
4358;35075
4358;35076
4358;35077
4358;35078
4358;35079
4358;35080
4358;35081
4359;35082
4359;35083
4359;35084
4359;35085
4359;35086
4359;35087
4360;35088
4360;35089
4360;35090
4361;35157
4361;35158
4361;35159
4361;35160
4361;35161
4361;35162
4362;35163
4363;35246
4363;35247
4363;35248
4363;35249
4363;35250
4363;35251
4363;35252
4363;35253
4363;35254
4363;35255
4363;35256
4363;35257
4363;35258
4363;35259
4363;35260
4363;35261
4363;35262
4363;35263
4364;35386
4365;35387
4365;35388
4365;35389
4365;35390
4365;35391
4365;35392
4365;35393
4365;35394
4365;35395
4365;35396
4365;35397
4365;35398
4365;35399
4365;35400
4365;35401
4365;35402
4365;35403
4366;35389
4366;35395
4366;35404
4366;35405
4366;35406
4366;35407
4366;35408
4366;35409
4366;35410
4366;35411
4366;35412
4366;35413
4366;35414
4367;35473
4367;35474
4367;35475
4367;35476
4367;35477
4367;35478
4367;35479
4367;35480
4368;35473
4368;35474
4368;35475
4368;35476
4368;35478
4368;35479
4368;35487
4368;35488
4368;35489
4368;35490
4369;35491
4369;35492
4369;35493
4369;35494
4369;35495
4369;35496
4369;35497
4369;35498
4369;35499
4370;35500
4371;35501
4371;35502
4371;35503
4371;35504
4371;35505
4372;35506
4372;35507
4372;35508
4372;35509
4373;35510
4373;35511
4373;35512
4373;35513
4373;35514
4373;35515
4373;35516
4373;35517
4374;35572
4375;35656
4375;35657
4375;35658
4375;35659
4375;35660
4375;35661
4375;35662
4375;35663
4375;35664
4375;35665
4375;35666
4375;35667
4375;35668
4375;35669
4376;35699
4376;35700
4376;35701
4377;35828
4377;35829
4377;35830
4377;35833
4377;42619
4377;42620
4378;35849
4378;35850
4378;35851
4378;35853
4378;38271
4379;35940
4379;35941
4379;39630
4380;35942
4380;35943
4380;35944
4380;35945
4380;35946
4380;35947
4380;35948
4380;35949
4380;35950
4381;35955
4381;35956
4381;35957
4381;35958
4381;38272
4381;38273
4381;38274
4381;38275
4382;35959
4382;35960
4382;35961
4382;35962
4383;36007
4384;36015
4384;36016
4385;41693
4390;38783
4390;38784
4391;38796
4391;39865
4395;38959
4396;38959
4397;36934
4397;36935
4397;36936
4397;39271
4397;39272
4397;39273
4397;39943
4398;37032
4399;37033
4400;37423
4400;37424
4400;37425
4400;37426
4400;37427
4400;37428
4400;37429
4401;37600
4402;42744
4402;42745
4403;37635
4403;37636
4404;32302
4405;32145
4405;32146
4406;32145
4406;32300
4407;32147
4408;32301
4409;32305
4410;32303
4410;32304
4411;30992
4412;31334
4413;31334
4414;37790
4415;37790
4416;30996
4417;30996
4418;30997
4419;30997
4420;30997
4421;31335
4422;30998
4423;30998
7185;43568
7185;43569
4424;30998
4425;31263
4425;31264
4426;37769
4427;28197
4428;28263
4428;28264
4428;28265
4428;28666
4428;28667
4428;29350
4428;29351
4428;29352
4428;29353
4428;29354
4429;30595
4429;30596
4429;30597
4429;30598
4429;30599
4429;30600
4429;30601
4429;30602
4429;30603
4429;30604
4429;30605
4430;30621
4431;33117
4433;27921
4434;28894
4434;28895
4434;28896
4435;28894
4435;28895
4435;28896
4436;28897
4437;28897
4438;28781
4439;28781
4440;28782
4441;28782
4442;28823
4442;28824
4442;28825
4442;28826
4443;28878
4443;28879
4443;28880
4444;41471
4444;41555
4444;41556
4444;41557
4444;41558
4445;33118
4445;33119
4445;33120
4445;33122
4445;41106
4445;41107
4447;38179
4447;38180
4447;41066
4447;41067
4447;41068
4447;41069
4447;41070
4448;31170
4448;38181
4448;38182
4449;36851
4449;36853
4449;36854
4449;36855
4449;40519
4450;37802
4451;32351
4451;32352
4451;32353
4451;32354
4452;32427
4453;32429
4454;29493
4454;29494
4455;29522
4455;29523
4455;29524
4455;29525
4456;28197
4457;28202
4457;29160
4457;30113
4457;30114
4457;30115
4458;30206
4458;30207
4458;30208
4459;30209
4460;30210
4461;28514
4462;28514
4463;28520
4463;39509
4464;28520
4464;39509
4465;28484
4466;28484
4467;28422
4468;28422
4469;28421
4470;28421
4471;28420
4472;28420
4474;28639
4475;33765
4476;28789
4477;28789
4478;28604
4478;36444
4478;36445
4478;36446
4479;30807
4479;40593
4480;30807
4480;40593
4481;30807
4481;40593
4482;28789
4483;28789
4484;30996
4485;27922
4486;27923
4487;27929
4488;27868
4489;29622
4489;29623
4490;29888
4491;29902
4492;30036
4493;30038
4494;30078
4494;30079
4494;30080
4494;30081
4494;30082
4495;33733
4496;33734
4497;33735
4498;27957
4498;33736
4498;33737
4498;33738
4499;33740
4500;31000
4503;36987
4504;36938
4505;37808
4506;36856
4506;36857
4506;36858
4506;36859
4507;30431
4508;30552
4508;30553
4508;30554
4508;30555
4509;30608
4510;30211
4510;30212
4510;30213
4510;30214
4510;30215
4510;30216
4511;30217
4511;30218
4512;30219
4513;30220
4513;30221
4514;30222
4514;30223
4515;39088
4515;39089
4515;39090
4515;39091
4516;39134
4517;41791
4518;41791
4519;34718
4519;34719
4519;34720
4519;34721
4519;34722
4519;34723
4519;34724
4519;34725
4520;34718
4521;34874
4521;34875
4521;34876
4521;34877
4521;34878
4521;34879
4521;34880
4521;34881
4521;34882
4521;34883
4521;34884
4521;34885
4521;34886
4521;34887
4521;34888
4521;39622
4521;39623
4522;34126
4522;34127
4522;34128
4522;34129
4522;34130
4522;34131
4522;34132
4523;34126
4523;34127
4523;34128
4523;34129
4523;34130
4523;34131
4523;34132
4524;34163
4525;34162
4526;34140
4526;34141
4527;34134
4527;34135
4527;34136
4527;34137
4527;34138
4527;34139
4528;34134
4528;34135
4528;34136
4528;34137
4528;34138
4528;34139
4529;34133
4532;28551
4532;28552
4532;28553
4532;28554
4533;28555
4533;28556
4533;28557
4533;28558
4534;27144
4534;28559
4534;28560
4534;28561
4534;28562
4534;28563
4534;28564
4534;28565
4534;28566
4534;28567
4536;28572
4536;28573
4538;28551
4541;28548
4541;28549
4541;28550
4542;28569
4542;28570
4542;28571
4543;28574
4544;28551
4545;28561
4545;28562
4545;28563
4545;31849
4545;31850
4545;31851
4546;32306
4546;32307
4547;33906
4547;33907
4548;33906
4548;33907
4549;32307
4549;33906
4550;28551
4551;28551
4552;28551
4552;33908
4552;33909
4553;28551
4553;33908
4553;33909
4554;32307
4554;33906
4555;41318
4555;41319
4555;41320
4555;41321
4555;41322
4555;41323
4555;41324
4555;41325
4555;41326
4556;31337
4557;31337
4558;36454
4559;31335
4560;41479
4561;37767
4562;37608
4563;37605
4564;37605
4565;36231
4565;36636
4565;39883
4566;37551
4566;37552
4568;32547
4569;37113
4569;37114
4570;37091
4571;37091
4572;32129
4573;32132
4573;32133
4573;32134
4574;41784
4576;32139
7185;43570
4580;33764
4581;28204
4581;28205
4582;28204
4582;28205
4583;28502
4583;28503
4584;28502
4584;28503
4585;28508
4585;28509
4585;28510
4585;28511
4586;31001
4587;39490
4587;39491
4588;38142
4589;39503
4589;39504
4589;39505
4589;39506
4589;39507
4589;39508
4590;39503
4590;39504
4590;39505
4590;39506
4590;39507
4590;39508
4591;28342
4591;36579
4591;36580
4591;36581
4591;36582
4592;28421
4593;28421
4594;42746
4594;42747
4595;42746
4595;42747
4596;36799
4597;36799
4598;36804
4599;33691
4599;33692
4599;33693
4600;32688
4600;32689
4601;41576
4602;41576
4603;41576
4604;41559
4605;38098
4605;38099
4607;28472
4608;28472
4609;41905
4610;41905
4611;28403
4612;28403
4613;28922
4614;31343
4615;31343
4616;31338
4616;31339
4617;31338
4617;31339
4618;31005
4619;31005
4620;31005
4621;29624
4621;29625
4621;29626
4621;29627
4622;29628
4622;29629
4622;29630
4622;29631
4623;29632
4624;29789
4624;29790
4624;29791
4624;29792
4625;29889
4626;29890
4627;41451
4627;41452
4628;41862
4628;41863
4628;41864
4629;31002
4630;31002
4631;42609
4634;37667
4634;37668
4634;37669
4634;37670
4635;31340
4636;31340
4637;38101
4637;38102
4638;29947
4639;29948
4640;29949
4641;29950
4642;29956
4642;29957
4643;30009
4643;30010
4643;30011
4644;30012
4645;30088
4645;30089
4646;30083
4646;30084
4646;30085
4646;30086
4647;30087
4648;30066
4649;30065
4650;28717
4651;28266
4652;33770
4653;33768
4654;31348
4655;33763
4656;33741
4656;33742
4656;33743
4656;33744
4656;33745
4656;33746
4656;33747
4656;33748
4656;33749
4656;33750
4656;33751
4656;33752
4656;33753
4656;33754
4656;33755
4656;33756
4656;33757
4656;33758
4656;33759
4656;33760
4656;33761
4656;33762
4657;33696
4657;33697
4657;33698
4657;33699
4657;33700
4657;33701
4657;33702
4657;33703
4657;33704
4657;33705
4657;33706
4657;33707
4657;33708
4657;33709
4657;33710
4657;33711
4657;33712
4657;33713
4657;33714
4657;33715
4657;33716
4658;33841
4658;33842
4659;33722
4659;33723
4659;33724
4659;33725
4659;33726
4659;33727
4659;33728
4659;33729
4659;33730
4660;33731
4661;28783
4661;41985
4661;42537
4662;41811
4663;41327
4663;41328
4663;41329
4663;41330
4663;41331
4663;41332
4663;41333
4663;41334
4663;41335
4664;41327
4664;41328
4664;41329
4664;41330
4664;41331
4664;41332
4664;41333
4664;41334
4664;41335
4665;30986
4665;30987
4665;30988
4665;30989
4666;30986
4666;30987
4666;30988
4666;30989
4667;30986
4667;30987
4667;30988
4667;30989
4668;30809
4668;30810
4672;36171
4673;36087
4674;36087
4675;28415
4676;36801
4676;36802
4677;36801
4677;36802
4678;36795
4679;38118
4680;33846
4681;33732
4682;33739
4683;33771
4684;29160
4684;41977
4685;37509
4686;28475
4686;28476
4686;37645
4686;37646
4686;37647
4686;37648
4687;28474
4687;37649
4688;32278
4689;28496
4690;28496
4691;28496
4692;30995
4693;30995
4694;30995
4695;32141
4695;32142
4695;32143
4696;28351
4697;28351
4698;28206
4698;28207
4698;28208
4698;28209
4699;28206
4699;28207
4699;28208
4699;28209
4700;36118
4701;36118
4702;37651
4702;37652
4702;37653
4702;37654
4704;39092
4705;29785
4705;29786
4705;29787
4705;29788
4706;29958
4706;29959
4706;29960
4707;28197
4707;36507
4707;36508
4707;36509
4707;36510
4707;36511
4708;36623
4708;36624
4708;36625
4708;36626
4708;36627
4708;36628
4709;36545
4709;37510
4710;37604
4713;36662
4714;36662
4715;42008
4715;42009
4715;42010
4716;42008
4716;42009
4716;42010
4717;30484
4717;36196
4717;36197
4718;30484
4718;36196
4718;36197
4719;42530
4719;42533
4719;43048
4719;43049
4719;43050
4719;43051
4719;43052
4719;43053
4719;43054
4719;43055
4719;43056
4719;43057
4720;29796
4720;29797
4720;29798
4721;41858
4721;41859
4722;36774
4722;36775
4723;28413
4723;36784
4724;28413
4724;36784
4725;30966
4725;36648
4725;36649
4726;30966
4726;36648
4726;36649
4728;38764
4729;28839
4729;31344
4731;28987
4732;28987
4733;29517
4733;29518
4735;30224
4736;30647
4736;30648
4736;30649
4737;30475
4737;30476
4737;30477
4738;30659
4739;30609
4739;30610
4741;39139
4741;39140
4741;39141
4741;39142
4741;39143
4744;39873
4747;31003
4748;28263
4748;28264
4749;28263
4749;28264
4750;30716
4750;30717
4750;30718
4750;30719
4751;30696
4751;30697
4751;30698
4751;30699
4752;30700
4752;30701
4752;30702
4752;30703
4753;30704
4753;30705
4753;30706
4753;30707
4754;30708
4754;30709
4754;30710
4754;30711
4755;30712
4755;30713
4755;30714
4755;30715
4756;30668
4756;30669
4756;30670
4756;30671
4756;30672
4756;30673
4757;30674
4757;30675
4757;30676
4758;30677
4758;30678
4758;30679
4759;33436
4760;34092
4760;34093
4760;34094
4761;28941
4761;35518
4762;34100
4762;34101
4762;34102
4762;34103
4762;34104
4763;34182
4764;34095
4764;34096
4764;34097
4764;34098
4764;34099
4765;35266
4765;35267
4765;35268
4765;35269
4765;35270
4765;35271
4765;35272
4765;35273
4766;35264
4766;35265
4767;34673
4767;34674
4768;34675
4768;34676
4768;34677
4768;34678
4768;34679
4768;34680
4768;34681
4768;34682
4768;34684
4768;39611
4768;39612
4768;39613
4768;39614
4768;39615
4768;39616
4769;40185
4769;40186
4769;40187
4770;40187
4770;41480
4770;42621
4770;42622
4770;42623
4770;42624
4771;34455
4771;34456
4771;34457
4771;34458
4771;34459
4771;34460
4771;34461
4771;34462
7186;43571
4771;34463
4771;34464
4771;34465
4772;34781
4772;34782
4773;28788
4773;34837
4773;40170
4773;40171
4774;40299
4775;28941
4776;35519
4776;35520
4776;35521
4776;35522
4776;35523
4776;35524
4776;35525
4777;34183
4777;34184
4777;34185
4777;34186
4778;34105
4782;36776
4785;28942
4786;28942
4787;36650
4787;36803
4788;36650
4788;36803
4789;27307
4789;32145
4789;36808
4790;27307
4790;32145
4790;36808
4791;37658
4792;29416
4792;29417
4792;29418
4792;29419
4792;29420
4793;30606
4793;30607
4794;28504
4794;28505
4795;28504
4795;28505
4796;31015
4797;31015
4798;31015
4799;42491
4800;42491
4801;37789
4802;31348
4803;31348
4804;39863
4805;38899
4811;39980
4813;39986
4814;40774
4814;40775
4814;40776
4814;40777
4814;40778
4814;40779
4815;40774
4815;40775
4815;40776
4815;40777
4815;40778
4815;40779
4816;31267
4817;37761
4818;37761
4819;37761
4820;31348
4821;31348
4822;40811
4822;40812
4822;40813
4822;40814
4822;40815
4822;40816
4823;40811
4823;40812
4823;40813
4823;40814
4823;40815
4823;40816
4824;28199
4824;29160
4825;31024
4827;41630
4827;41631
4827;41632
4827;41633
4827;41634
4827;41635
4827;41636
4827;41637
4828;36860
4828;36861
4828;36862
4828;36863
4828;36864
4828;36865
4829;37018
4830;37105
4831;37109
4832;35963
4832;35964
4832;35965
4832;35966
4832;35967
4832;35968
4833;35609
4833;35610
4833;35611
4833;35612
4833;35613
4833;35614
4833;35624
4833;35625
4834;36017
4834;36018
4834;36019
4834;36020
4835;35590
4835;35591
4835;35592
4835;35593
4836;34106
4836;34107
4836;38189
4837;35093
4837;35108
4837;35109
4837;35110
4838;28860
4839;34843
4839;34844
4839;34845
4839;34846
4839;34847
4839;34848
4839;34849
4839;34850
4839;34851
4839;34852
4839;34853
4840;35638
4840;35640
4840;35644
4840;35645
4840;35646
4840;35647
4841;35648
3210;43363
5499;43364
7187;43572
2004;43573
2004;43574
4841;35649
4841;35650
4841;35651
4841;35652
4842;35415
4842;35416
4846;40774
4846;40775
4846;40776
4846;40777
4846;40778
4846;40779
4847;40766
4847;40767
4847;40768
4847;40769
4847;40770
4847;40771
4848;41794
4848;41795
4850;28506
4851;28506
4852;28473
4853;28473
4854;31006
4855;33437
4856;33438
4857;34481
4857;34482
4857;34483
4857;34484
4857;34485
4857;34486
4857;34487
4857;34488
4858;35632
4858;35633
4858;35634
4858;35635
4858;35636
4858;35637
4859;35638
4859;35639
4859;35640
4859;35641
4859;35642
4859;35643
4860;35963
4860;35966
4860;35971
4861;34466
4861;34468
4861;34472
4861;34483
4861;34484
4861;34489
4861;34490
4861;34491
4861;34492
4861;34493
4861;34494
4861;34495
4861;34496
4861;34497
4861;34498
4861;34499
4861;34500
4861;34501
4861;34502
4861;34503
4861;34504
4862;34783
4863;34842
4864;35594
4864;35595
4865;30326
4866;30534
4867;30632
4867;30633
4867;30634
4868;30636
4869;30635
4870;30611
4871;28446
4872;30617
4873;30112
4874;29073
4875;31186
4880;33777
4881;33778
4882;31042
4883;40312
4884;42493
4884;42494
4885;33843
4886;33718
4886;33719
4887;41081
4887;41082
4887;41083
4888;33773
4889;33774
4890;33775
4891;33776
4891;38171
4892;30812
4892;30813
4892;30814
4892;30815
4892;30816
4893;30812
4893;30813
4893;30814
4893;30815
4893;30816
4894;30812
4894;30813
4894;30814
4894;30815
4894;30816
4895;33663
4896;42360
4897;28986
4898;35164
4898;35165
4898;35166
4898;35167
4899;29575
4899;29576
4900;35111
4901;35096
4901;35097
4901;35098
4901;35099
4901;35100
4901;35101
4901;35102
4901;35103
4901;35104
4901;35105
4901;35106
4901;35107
4902;35345
4902;35346
4903;28941
4904;40179
4904;40180
4904;40181
4904;40182
4904;40183
4904;40184
4905;35573
4905;35574
4906;35626
4906;35627
4906;35628
4906;35629
4906;35630
4906;35631
1861;43575
4907;35702
4908;33848
4909;33847
4910;33845
4911;41597
4912;33767
4913;33766
4914;31265
4915;31265
4916;31265
4917;31265
4918;32135
4919;32135
4920;28521
4920;28522
4921;28521
4921;28522
4922;33495
4923;31911
4923;31912
4923;31913
4924;31914
4924;31915
4925;31886
4925;31887
4925;31888
4925;31889
4926;31890
4927;31935
4927;31936
4927;31937
4927;31938
4928;31897
4928;31898
4928;31899
4929;31897
4929;31898
4929;31899
4930;31964
4930;31965
4930;31966
4930;31967
4931;32017
4932;32022
4933;31931
4933;31948
4933;31949
4934;31930
4934;31931
4935;32018
4936;31852
4937;31968
4938;31945
4939;32024
4939;32025
4940;32009
4941;31939
4942;31965
4943;32024
4944;32021
4945;31974
4946;32016
4947;31969
4947;31970
4947;31971
4947;31972
4948;31876
4949;31876
4950;42614
4950;42615
4950;42616
4951;42611
4951;42612
4951;42613
4952;31874
4952;31875
4953;31874
4953;31875
4954;31914
4954;31916
4954;31917
4954;31918
4954;31919
4955;32010
4956;32011
4957;31893
4957;31894
4957;31895
4957;31896
4958;31893
4958;31894
4958;31895
4958;31896
4959;31980
4959;31981
4960;31975
4960;31976
4960;31977
4961;31870
4961;31871
4961;31872
4961;31873
4962;31932
4962;31933
4962;31934
4963;31953
4963;31954
4963;31955
4963;31956
4964;31921
4964;31923
4964;31926
4964;31927
4965;31921
4965;31922
4965;31923
4965;31924
4965;31925
4966;31958
4966;31959
4966;31960
4966;41043
4966;41044
4967;31942
4967;31943
4968;31858
4968;31860
4968;31861
4968;31862
4969;31858
4969;31860
4969;31861
4969;31862
4970;31957
4971;31880
4971;31881
4971;31882
4971;31883
4972;31973
4973;31963
4974;31878
4974;31879
4975;31878
4975;31879
4976;31946
4976;31947
4977;31929
4978;31944
4979;31928
4980;31978
4981;31979
4982;31993
4982;31994
4983;32027
4983;32029
4983;32030
4983;32031
4983;38268
4984;31903
4985;31902
4986;31904
4986;31905
4986;31906
4987;32026
4988;31885
4989;31885
4990;31884
4991;31884
4992;31950
4992;31951
4992;31952
4993;32003
4993;32004
4994;32006
4995;32021
4996;31901
4997;31900
4998;31858
4998;31859
4998;31860
4999;31858
4999;31859
4999;31860
5000;32008
5001;31999
5001;32000
5001;32001
5001;32002
5002;31998
5002;31999
5002;32000
5002;32001
5003;31988
5004;31989
5005;31863
5005;31864
5005;31865
5006;31990
5007;31984
5008;31985
5009;31996
5009;31997
5010;31907
5011;31907
5012;31891
5012;31892
5013;31986
5014;31877
5015;32023
5016;32023
5017;32023
5018;31995
5019;31940
5019;31941
5020;32013
5021;32012
5022;31987
5023;31854
5023;31855
5023;31856
5023;31857
5024;31853
5024;31854
5024;31855
5024;31856
5025;31867
5026;31867
5026;31868
5026;31869
5027;32019
5028;31982
5028;31983
5029;32020
5030;32014
5030;32015
5031;31866
5032;31866
5033;32006
5033;39866
5034;32005
5035;31991
5035;31992
5036;40547
5037;33124
5038;41472
5038;41473
5038;41474
5039;31013
5039;31014
5040;27930
5040;27931
5041;27932
5042;27933
5043;27934
5044;29302
5046;27929
5047;42034
5048;28124
5049;42530
5049;42533
5049;43048
5049;43049
5049;43050
5049;43051
5049;43052
5049;43053
5049;43054
5049;43055
5049;43056
5049;43057
5050;41638
5050;41639
5050;41640
5050;41641
5050;41642
5050;41643
5050;41644
5050;41645
5050;41646
5051;31027
5053;35838
5053;35839
5054;35530
5054;36008
5054;36009
5054;36010
5055;35165
5055;35168
5055;35169
5055;35170
5056;34107
5057;33271
5058;40975
5059;34840
5059;40171
5059;40172
5059;40173
5059;40174
5060;36008
5061;35846
5062;34187
5063;34188
5064;28860
5064;35091
5064;35092
5064;35093
5064;35094
5064;35095
5065;35605
5065;35606
5065;35607
5065;35608
5065;35609
5065;35610
5065;35611
5065;35612
5065;35613
5065;35614
5065;35615
5065;35616
5065;35617
5065;35618
5065;35619
5065;35620
5065;35621
5065;35622
5065;35623
5066;31174
5066;31175
5067;31176
5068;31177
5068;31178
5069;31179
5070;31180
5071;31180
5072;31181
5072;31182
5073;31183
5074;31184
5075;31185
5076;27921
5076;33117
5076;43106
5077;36939
5078;32550
5079;32551
5080;32500
5081;32636
5082;32636
5083;32625
5084;32625
5085;37087
5086;32611
5087;32611
5088;37065
5089;28212
5089;28213
5089;28214
5089;28215
5089;28216
5089;28217
5089;28218
5089;28219
5089;28220
5090;28212
5090;28213
5090;28214
5090;28215
5090;28216
5090;28217
5090;28218
5090;28219
5090;28220
5091;28221
5091;28222
5091;28223
5091;28224
5091;28225
5091;28226
5091;28227
5091;28228
5091;28229
5092;28221
5092;28222
5092;28223
5092;28224
5092;28225
5092;28226
5092;28227
5092;28228
5092;28229
5093;28273
5093;28275
5093;28276
5093;28277
5093;28288
5094;28273
5094;28275
5094;28276
5094;28287
5094;28288
5095;28230
5096;28230
5097;28261
5097;28262
5097;28283
5097;28285
5097;28286
5097;29359
5098;28261
5098;28262
5098;28283
5098;28285
5098;28286
5098;29359
5099;28270
5099;28271
5100;28198
5101;28198
5105;41751
5107;41752
5108;39095
5109;39123
5110;39138
5113;28413
5113;29495
5114;28446
5115;29512
5116;30556
5116;30557
5116;30558
5116;30559
5117;28446
5118;28446
5119;28446
5120;28537
5121;28537
5122;41908
5122;41909
5122;41910
5123;41908
5123;41909
5123;41910
5124;28416
5125;28416
5126;31082
5126;31083
5127;30991
5128;28982
5128;36805
5128;36806
5128;36807
5129;28474
5130;28474
5131;29951
5132;43018
5132;43019
5132;43020
5132;43021
5132;43022
5132;43023
5132;43024
5132;43025
5133;39968
5133;39969
5133;39970
5133;39971
5133;39972
5133;39973
5133;39974
5133;39975
5133;39976
5133;39977
5133;39978
5134;38128
5134;38129
5134;38130
5137;38960
5139;38110
5140;38110
5141;28515
5142;28515
5143;31021
5144;29810
5144;29811
5145;30000
5145;30001
5146;30013
5147;40302
5148;40302
5149;30966
5150;28916
5151;28881
5151;36242
5151;39547
5151;39548
5151;39880
5151;41060
5152;28650
5152;28652
5152;36119
5153;28650
5153;28652
5153;36119
5154;30403
5155;36661
5157;38694
5158;38827
5159;28760
5160;33506
5161;30978
5161;30979
5162;30978
5162;30979
5163;38179
5163;38180
5163;41066
5163;41067
5163;41068
5163;41069
5163;41070
5164;38179
5164;38180
5164;41066
5164;41067
5164;41068
5164;41069
5164;41070
5165;42324
5165;42325
5165;42326
5165;42327
5166;30811
5167;28132
5168;28133
5169;28210
5169;28211
5170;28481
5171;28481
5172;28523
5172;28524
5173;28523
5173;28524
5174;31022
5175;27957
5176;27956
5177;33732
5178;39362
5179;33790
5180;31004
5181;33849
5182;31042
5183;33694
5188;29444
5189;30638
5189;30639
5189;30640
5190;30641
5190;30642
5190;30643
5191;30644
5191;30645
5191;30646
5192;33520
5193;33507
5194;31009
5194;31010
5195;40678
5195;40679
5196;34190
5196;34191
5196;34192
5196;34193
5196;34194
5196;39564
5196;39565
5197;34206
5197;34207
5197;34208
5197;34209
5197;39892
5197;39893
5197;39894
5198;34207
5198;34208
5198;34209
5198;34210
5198;34211
5198;34212
5198;39894
5199;39566
5199;39567
5200;40104
5201;37108
5202;32425
5202;38240
5203;36940
5203;39274
5209;35277
5209;35278
5209;35279
5209;35280
5209;35281
5209;35282
5209;35283
5209;35284
5209;35285
5209;35286
5209;35287
5210;35291
5211;34690
5212;34932
5215;39581
5215;39582
5215;39583
5215;39584
5215;39585
5215;39586
5216;34254
5216;34255
5216;34256
5216;34257
5216;34258
5216;34259
5217;35419
5217;35420
5217;35421
5217;35422
5218;35430
5218;35431
5218;35432
5218;35433
5219;35434
5219;35435
5219;35436
5219;35437
5220;35172
5220;35173
5220;35174
5220;35175
5220;35176
5221;35112
5221;35113
5222;35114
5222;35115
5222;35116
5223;35114
5223;35117
5224;34218
5224;34219
5225;35438
5225;35439
5225;35440
5226;35441
5226;35442
5226;35443
5226;35444
5226;35445
5226;35446
5226;35447
5226;35448
5227;35528
5227;35529
5227;35530
5227;35531
5227;35532
5227;35533
5227;35534
5227;35535
5228;35538
5228;35539
5228;35540
5228;35541
5229;35704
5229;35705
5229;35706
5229;35707
5230;35867
5230;35868
5230;35869
5230;35870
5230;35871
5230;39624
5230;39625
5230;39626
5230;39627
5231;35867
5231;35868
5231;35869
5231;35871
5231;35876
5231;37803
5231;37804
5231;37805
5231;37806
5231;39628
5232;35972
5232;35973
5232;35974
5232;35975
5232;35976
5232;35977
5232;35978
5232;35979
5233;40198
5233;40199
5233;40200
5233;42245
5233;42246
5233;42247
5233;42248
5233;42249
5233;42250
5233;42251
5234;35177
5235;36011
5235;36012
5235;36013
5238;39146
5240;39128
5241;39129
5242;39130
5243;39190
5243;39191
5244;42111
5244;42112
5244;42113
5244;42171
5245;34220
5245;39568
5245;39569
5245;39570
5245;39571
5245;39572
5245;39573
5245;39574
5245;39575
5245;39576
5245;39577
5245;39578
5245;39579
5245;39636
5246;34234
5246;34235
5246;34236
5246;34237
5246;34239
5246;34240
5246;34241
5246;34242
5246;34243
5246;34244
5246;34245
5246;39569
5246;39570
5246;39571
5246;39572
5246;39573
5246;39580
5247;32247
5247;32248
5248;32250
5248;32251
5249;32249
5250;32290
5250;32291
5251;32294
5252;30478
5253;32279
5254;29074
5255;29445
5256;29496
5256;29497
5257;29541
5257;29542
5258;32709
5258;32711
5258;39870
5259;33687
5259;33688
5260;31188
5261;30041
5262;30041
5263;40704
5263;40705
5263;40706
5263;40707
5263;40708
5263;40709
5263;40710
5264;29812
5265;29813
5266;29891
5266;29892
5267;29893
5267;29894
5268;29895
5268;29896
5269;29952
5270;29971
5271;29973
5272;41865
5272;41866
5272;41867
5273;33496
5274;28418
5275;28423
5276;28789
5277;41689
5278;32288
5278;32289
5279;35987
5279;35988
5279;35989
5279;35990
5279;35991
5279;35992
5279;35993
5279;35994
5279;35995
5279;35996
5279;35997
5280;36003
5280;36004
5280;36005
7197;43606
7197;43607
5280;36006
5281;34505
5281;34509
5281;34510
5281;34523
5281;34524
5281;34525
5281;34526
5281;34527
5282;34505
5282;34506
5282;34507
5282;34508
5282;34509
5282;34510
5282;34511
5283;35916
5283;35917
5283;35918
5284;35912
5284;35913
5284;35914
5284;35915
5285;35292
5285;35293
5286;35351
5286;35352
5286;35353
5286;35354
5286;35355
5286;35356
5286;35357
5287;32073
5287;34108
5287;34109
5287;34110
5287;34111
5287;34112
5287;34113
5287;34114
5287;34115
5287;34116
5287;34117
5288;35865
5288;35866
5290;34512
5290;34513
5290;34514
5290;34515
5290;34516
5290;34517
5290;34518
5290;34519
5290;34520
5290;34521
5290;34522
5291;34267
5291;34268
5291;34269
5291;34270
5291;34271
5291;34272
5291;34273
5291;34274
5291;39587
5291;39588
5291;39589
5291;39590
5291;39591
5291;39592
5292;35857
5292;35858
5292;35859
5292;35860
5292;35861
5292;35862
5292;35863
5292;35864
5293;35289
5293;35290
5294;35177
5294;35178
5294;35179
5295;32073
5295;34108
5295;35882
5295;35883
5295;35885
5295;35886
5295;35887
5295;35888
5295;35889
5295;35890
5295;35891
5295;35892
5295;35893
5295;35894
5295;35895
5295;35896
5295;35897
5295;35898
5295;35899
5295;39629
5296;35537
5296;40184
5296;42618
5297;37690
5297;37691
5298;34691
5299;34691
5300;34279
5300;39593
5300;39594
5300;39595
5300;39596
5301;34215
5301;34216
5301;34217
5302;35358
5302;35359
5302;35360
5302;35361
5302;35362
5302;35363
5302;35364
5302;35365
5303;34201
5303;34202
5303;39888
5303;39889
5303;39890
5303;39891
5304;35180
5304;35181
5304;35182
5305;34097
5305;35900
5305;35901
5305;35902
5305;35903
5305;35904
5306;35012
5306;35013
5306;35014
5306;35015
5306;35016
5306;35017
5306;35018
5307;35294
5307;35295
5307;35296
5307;35297
5307;35298
5307;35299
5307;35300
5307;35301
5307;35302
5307;35303
5307;35304
5307;35305
5307;35306
5307;35307
5308;35905
5308;35906
5308;35907
5308;35908
5308;35909
5308;35910
5308;35911
5309;35596
5309;35597
5310;30819
5310;38165
5311;31017
5311;31018
5312;31025
5313;31168
5314;31168
5315;31169
5316;37784
5317;28264
5318;33782
5319;38183
5319;38184
5319;38185
5319;38186
5319;38187
5319;38188
5320;33789
5321;33782
5323;41688
5334;39188
5334;39189
5335;31028
5338;37787
5339;37785
5339;37786
5340;33549
5341;33550
5341;33551
5342;33552
5342;33553
5343;33554
5344;33555
5345;37048
5345;37049
5345;37050
5345;37051
5346;39563
5347;39563
5348;34246
5348;34247
5349;34260
5349;40165
5350;34784
5351;34933
5352;35011
5353;35051
5354;35171
5355;35274
5356;35274
5356;35275
5356;35276
5357;35288
5358;35417
5358;35418
5359;37832
5360;35703
5361;42625
5361;42626
5361;42627
5361;42628
5361;42629
5361;42630
5362;35854
5362;35855
5362;35856
5363;40198
5363;40199
5363;40200
5363;42245
5363;42246
5363;42247
5363;42248
5363;42249
5363;42250
5363;42251
5364;36014
5365;36021
5366;30037
5367;30067
5368;30093
5369;34118
5369;34119
5369;34120
5369;34121
5369;34122
5369;34123
5369;34124
5370;39553
5371;34280
5372;34281
5373;34786
5373;34787
5374;34854
5374;34855
5374;34856
5374;34857
5374;34858
5374;34859
5374;34860
5374;34861
5374;34862
5374;34863
5374;40299
5375;34864
5376;35052
5376;35053
5376;35054
5377;35126
5377;35127
5377;35128
5378;35308
5378;35309
5378;35310
5378;35311
5378;35312
5378;35313
5378;35314
5378;35315
5378;35316
5378;35317
5378;35318
5378;35319
5378;35320
5378;35321
5378;35322
5378;35323
5378;35324
5378;35325
5378;35326
5378;35327
5378;35328
5378;35329
5378;35330
5378;35331
5379;35366
5379;35367
5380;35368
5380;35369
5380;35370
5381;35423
5381;35424
5382;35425
5382;35426
5382;35427
5382;35428
5382;35429
5383;35449
5383;35450
5383;35451
5383;35452
5383;35453
5384;35542
5384;35543
5384;35544
5384;35545
5385;35575
1861;43576
1861;43577
7188;41725
7188;41726
5385;35576
5386;35577
5386;35578
5386;35579
5386;35580
5387;35582
5387;35583
5387;35584
5387;35585
5388;35670
5389;35718
5389;35719
5389;35720
5389;35721
5389;35722
5389;35723
5389;35724
5389;35725
5389;35726
5389;35727
5389;35728
5389;35729
5389;35730
5389;35731
5389;35732
5389;35733
5389;35734
5389;35735
5389;35736
5389;35737
5389;35738
5389;35739
5389;35740
5389;35741
5389;35742
5389;35743
5389;35744
5389;35745
5389;35746
5389;35747
5389;35748
5389;35749
5389;35750
5389;35751
5389;35752
5389;35753
5389;35754
5389;35755
5389;35756
5389;35757
5389;35758
5389;35759
5389;35760
5389;35761
5389;35762
5389;35763
5389;35764
5389;35765
5389;35766
5389;35767
5389;35768
5389;35769
5389;35770
5389;35771
5389;35772
5389;35773
5389;35774
5389;35775
5389;35776
5389;35777
5389;35778
5389;35779
5389;35780
5389;35781
5389;35782
5389;35783
5389;35784
5389;35785
5389;35786
5389;35787
5389;35788
5389;35789
5389;35790
5389;35791
5389;35792
5389;35793
5389;35794
5389;35795
5389;35796
5389;35797
5389;35798
5389;35799
5389;35800
5389;35801
5389;35802
5389;35803
5389;35804
5389;35805
5389;35806
5389;35807
5389;35808
5389;35809
5389;35810
5389;35811
5390;35718
5390;35719
5390;35720
5390;35721
5390;35722
5390;35723
5390;35724
5390;35725
5390;35726
5390;35727
5390;35728
5390;35729
5390;35730
5390;35731
5390;35732
5390;35733
5390;35734
5390;35735
5390;35736
5390;35737
5390;35738
5390;35739
5390;35740
5390;35741
5390;35742
5390;35743
5390;35744
5390;35745
5390;35746
5390;35747
5390;35748
5390;35749
5390;35750
5390;35751
5390;35752
5390;35753
5390;35754
5390;35755
5390;35756
5390;35757
5390;35758
5390;35759
5390;35760
5390;35761
5390;35762
5390;35763
5390;35764
5390;35765
5390;35766
5390;35767
5390;35768
5390;35769
5390;35770
5390;35771
5390;35772
5390;35773
5390;35774
5390;35775
5390;35776
5390;35777
5390;35778
5390;35779
5390;35780
5390;35781
5390;35782
5390;35783
5390;35784
5390;35785
5390;35786
5390;35787
5390;35788
5390;35789
5390;35790
5390;35791
5390;35792
5390;35793
5390;35794
5390;35795
5390;35796
5390;35797
5390;35798
5390;35799
5390;35800
5390;35801
5390;35802
5390;35803
5390;35804
5390;35805
5390;35806
5390;35807
5390;35808
5390;35809
5390;35810
5390;35811
5390;35812
5390;35813
5391;35847
5391;35848
5392;35919
5392;35920
5392;35921
5392;35922
5392;35923
5392;35924
5392;35925
5393;35919
5393;35920
5393;35921
5393;35926
5393;35927
5393;35928
5393;35929
5394;35930
5394;35931
5394;40272
5394;40273
5395;39631
5396;27606
5396;27607
5396;27609
5396;27610
5396;27611
5396;27612
5396;27613
5396;27614
5396;27619
5396;41090
5397;30751
5397;30752
5397;30753
5398;31016
5399;31030
5400;31039
5400;31040
5400;31041
5401;31016
5402;31016
5403;31030
5404;31030
5405;31349
5406;31349
5407;33791
5408;33791
5436;34785
5437;34788
5437;34789
5437;34790
5437;34791
5438;39620
5439;39621
5440;35118
5440;35119
5440;35120
5440;35121
5440;35122
5440;35123
5440;35124
5440;35125
5441;35347
5441;35348
5441;35349
5441;35350
5442;35581
5443;35708
5443;35709
5443;35710
5443;35711
5443;35712
5443;35713
5443;35714
5443;35715
5443;35716
5443;35717
5444;35934
5444;35935
5444;35936
5444;35937
5444;35938
5445;27935
5445;40750
5445;40751
5445;42924
5446;27936
5447;27937
5448;27938
5448;27939
5448;27940
5448;27941
5449;27938
5449;27939
5449;27940
5449;27941
5449;27942
5449;27943
5449;27944
5449;27945
5449;27946
5451;27949
5451;27950
5451;27951
5452;27950
5452;27951
5452;27952
5452;27953
5453;27950
5453;27953
5454;27954
5454;40752
5455;41108
5455;41109
5456;27958
5457;27970
5457;27971
5457;27972
5457;27973
5457;27974
5457;27975
5457;27976
5457;27977
5457;27978
5457;27979
5457;27980
5457;27981
5458;27982
5458;27983
5458;27984
5458;27985
5459;27929
5459;29320
5459;29321
5459;30820
5459;30821
5459;30822
5459;30823
5459;30824
5459;30825
5459;30826
5459;30827
5459;30828
5459;30829
5459;40876
5459;40877
5459;41469
5461;41179
5461;41180
5461;41181
5461;41182
5461;42761
5461;42762
5461;42763
5461;42764
5461;42765
5461;42766
5461;42767
5461;42768
5461;42769
5461;42770
5461;42771
5461;42772
5461;42773
5461;42774
5461;42775
5461;42776
5461;42777
5461;42778
5461;42779
5461;42782
5461;42787
5461;42788
5461;42790
5461;42791
5461;42792
5461;42793
5461;42794
5461;43201
5461;43202
5461;43203
5461;43204
5461;43205
5461;43206
5461;43207
5461;43208
5462;31003
5462;31004
5463;31007
5463;31008
5463;40912
5463;40913
5463;41078
5463;41079
5464;31011
5465;27935
5466;31029
5467;31031
5467;31032
5467;31033
5467;31034
5467;31035
5467;31036
5467;31037
5467;31038
5468;31042
5469;31043
5470;31044
5470;31045
5470;35164
5470;35165
5470;38070
5471;43085
5471;43170
5472;31151
5472;31152
5474;43303
5475;39242
5476;31188
5477;42453
5477;42454
5478;42453
5478;42454
5480;31007
5480;31008
5480;40912
5480;40913
5480;41078
5480;41079
5481;31342
5482;31342
5483;31039
5483;31040
5483;31350
5484;31039
5484;31040
5484;31350
5485;39242
5486;39242
5487;31351
5488;31351
5489;31351
5490;31351
5491;31043
5492;31043
5493;42458
5494;42458
5495;42459
5496;42459
5497;31352
5498;31352
5501;43085
5501;43170
5502;43085
5502;43170
5503;32884
5503;32885
5503;32887
5504;33127
5505;33627
5505;33628
5506;33792
5506;33793
5507;33794
5508;33795
5508;33796
5508;33797
5509;33798
5510;33799
5510;33800
5510;33801
5510;33802
5511;33803
5511;33804
5511;33805
5511;33806
5511;33807
5511;33808
5511;33809
5511;33810
5511;33811
5511;33812
5511;33813
5512;33814
5513;33815
5513;33816
5513;33817
5514;33818
5515;37687
5515;37688
5516;33819
5516;33820
5516;33821
5516;33822
5516;33823
5516;33824
5516;33825
5516;33826
5516;33827
5516;33828
5517;33829
5517;33830
5518;33831
7106;33689
6027;43368
5518;33832
5519;33833
5519;33834
5519;33835
5520;33836
5521;37689
5522;33837
5522;33838
5522;33839
5522;33840
5523;33851
5523;33852
5523;33853
5524;33854
5524;33855
5524;33856
5525;33857
5525;33858
5525;33859
5526;33860
5526;33861
5526;33862
5526;33863
5526;33864
5526;33865
5526;33866
5527;33867
5528;33868
5528;33869
5528;33870
5528;33871
5529;33872
5530;33627
5530;33628
5531;28352
5531;28353
5532;28352
5532;28353
5533;28337
5533;28338
5533;28339
5533;28340
5533;28341
5533;28342
5533;28343
5534;28337
5534;28338
5534;28339
5534;28340
5534;28341
5534;28342
5534;28343
5536;28407
5538;28408
5539;28409
5540;28409
5541;28445
5542;28445
5543;38068
5545;28460
5547;28479
5547;28485
5548;28479
5548;28485
5549;28516
5550;28516
5551;28517
5552;28517
5553;28525
5554;28525
5555;28525
5556;28525
5557;28531
5557;28532
5558;28531
5558;28532
5559;28997
5560;29633
5561;29953
5562;29954
5563;29972
5565;37741
5565;37742
5565;37743
5565;37744
5565;37750
5566;28526
5566;28527
5567;30109
5567;30110
5567;30111
5570;38487
5570;38488
5573;38695
5582;41721
5593;38939
5601;39183
5601;39884
5603;32130
5604;32148
5604;32149
5605;32148
5605;32149
5606;39544
5606;39983
5607;32552
5608;32572
5608;32573
5608;32574
5609;29357
5609;29358
5609;29359
5609;29360
5609;29361
5609;29362
5610;28267
5610;28667
5610;29363
5610;29364
5610;29365
5610;29366
5611;29421
5611;29422
5611;29423
5612;29446
5614;29513
5614;29514
5618;29112
5618;30116
5618;30117
5618;30118
5618;30119
5618;30120
5619;30121
5620;30242
5620;30243
5620;30244
7189;41021
7190;43578
7191;43579
7192;38939
21;32936
21;32937
5620;30245
5620;30246
5620;30247
5620;30248
5620;30249
5620;30250
5620;30251
5621;30438
5621;30441
5621;36470
5621;39851
5622;30478
5623;30479
5623;30480
5623;30481
5624;30482
5624;30484
5624;36197
5625;39852
5628;31815
5628;31816
5628;31817
5628;31818
5628;31819
5628;31820
5628;31821
5628;31822
5628;31823
5628;31824
5628;31825
5628;31826
5629;27863
5629;28567
5629;31827
5629;31828
5629;31829
5629;31830
5629;31831
5630;31832
5630;31833
5630;31834
5630;31835
5630;31836
5631;31834
5631;31835
5631;31837
5631;31838
5632;31835
5632;31839
5632;31840
5632;31841
5632;31842
5632;31843
5632;31844
5633;28734
5633;31845
5634;28360
5634;28730
5634;28734
5634;29443
5634;31846
5634;31847
5635;28733
5635;28734
5635;29442
5635;31848
5636;30654
5636;34466
5636;34467
5636;34468
5636;34469
5636;34470
5636;34471
5636;34472
5636;34473
5636;34474
5636;34475
5636;34476
5636;34477
5636;34478
5636;34479
5636;34480
5637;35998
5637;35999
5637;36000
5637;36001
5637;36002
5638;36204
5639;37019
5641;37069
5642;37106
5643;37354
5643;37355
5643;37356
5644;37357
5645;37358
5645;37359
5645;37360
5646;37671
5647;37672
5648;37676
5648;37677
5648;37678
5648;37679
5648;37680
5648;37681
5649;37676
5649;37677
5649;37678
5649;37679
5649;37680
5649;37681
5650;37676
5650;37677
5650;37678
5650;37679
5650;37680
5650;37681
5651;37693
5651;37694
5651;37695
5652;37696
5653;37697
5653;37699
5654;37700
5654;37701
5654;37702
5654;37703
5656;37716
5667;37726
5667;37727
5668;37726
5668;37727
5672;38743
5672;38744
5679;37793
5680;37756
5680;37757
5680;37758
5681;37756
5681;37757
5681;37758
5682;37756
5682;37757
5682;37758
5683;37759
5684;37760
5685;37760
5686;40825
5686;40826
5686;40827
5686;40828
5686;40829
5687;37774
5688;37775
5689;37776
5690;38482
5693;37803
5693;37804
5693;37805
5693;37806
5693;37807
5694;33116
5694;37813
5694;37814
5695;37815
5695;37816
5695;37817
5695;37818
5695;37819
5695;37820
5695;37821
5695;37822
5695;37823
5695;37824
5695;37825
5695;41171
5695;41172
5695;41173
5695;41174
5695;41175
5695;41176
5695;41177
5695;41178
5695;41179
5695;41180
5695;41181
5695;41182
5696;28674
5697;28674
5698;42324
5698;42325
5698;42326
5699;38242
5700;29212
5700;29213
5701;38243
5701;38244
5702;38245
5703;38246
5704;37837
5704;37838
5704;37839
5704;37840
5704;37841
5704;37842
5704;37843
5704;37844
5704;37845
5704;37846
5704;37847
5704;37848
5704;37849
5704;37850
5704;37851
5704;37852
5704;37853
5704;37854
5704;37855
5704;37856
5705;37851
5705;37853
5705;37857
5705;37858
5705;37859
5705;37860
5705;37861
5705;37862
5705;37863
5705;37864
5705;37865
5705;37866
5705;37867
5705;37868
5705;37869
5705;37870
5705;37871
5705;37872
5705;37873
5705;37874
5705;37875
5705;37876
5705;37877
5705;37878
5705;37879
5705;37880
5705;37881
5705;37882
5705;37883
5705;37884
5706;29321
5706;30820
5706;30821
5706;30822
5706;30823
5706;30824
5706;30825
5706;30826
5706;30827
5706;30828
5706;30829
5707;30820
5707;30821
5707;30822
5707;30823
5707;30824
5707;30825
5707;30826
5707;30827
5707;42642
5707;42643
5707;42644
5707;42645
5707;42646
5707;42647
5707;42648
5707;42649
5707;42650
5707;42651
5707;42652
5707;42653
5708;43303
5709;28336
5710;28336
5711;37990
5712;28197
5713;30129
5713;30185
5714;37889
5714;37890
5715;28197
5716;30280
5716;30282
5717;37891
5717;37892
5717;37894
5717;37895
5718;30253
5718;30258
5719;37896
5719;37897
5720;37898
5720;37899
5721;28272
5721;37900
5721;37901
5722;37902
5723;30253
5723;30255
5723;36528
5724;37903
5725;37995
5726;37905
5728;37907
5730;37909
5731;37910
5732;37911
5733;30583
5733;30585
5733;37912
5735;38104
5735;38105
5736;29512
5738;38006
5738;38007
5738;38008
5739;38009
5739;38010
5739;38011
5740;29546
5740;37917
5740;37918
5740;37919
5741;37920
5741;37921
5741;37922
5742;37922
5742;37923
5742;37924
5742;37925
5743;28197
5744;37926
5744;37927
5744;37928
5744;37929
5745;30786
5745;37930
5745;37931
5745;37932
5745;37933
5745;37934
5746;28187
5746;37935
5747;37931
5747;37936
5747;37937
5747;37938
5748;28375
5748;28376
5748;30147
5748;37939
5748;37940
5748;37941
5748;37942
5748;37943
5749;28375
5749;28376
5749;30147
5749;37939
5749;37940
5749;37941
5749;37942
5749;37943
5750;28197
5751;37944
5752;37944
5753;37945
5753;37946
5753;37947
5753;37948
5753;37949
5754;37950
5754;37951
5755;37952
5755;37953
5756;30396
5756;37954
5756;37955
5757;37956
5757;37957
5757;37958
5757;37959
5758;37960
5758;37961
5758;37962
5758;37963
5759;37952
5759;37953
5759;37959
5759;37960
5759;37961
5760;37964
5760;40546
5761;37964
5761;37966
5761;40546
5762;37967
5763;28700
5763;28701
5764;37964
5764;37966
5764;40546
5765;37968
5765;37969
5766;37970
5767;37971
5768;39524
5768;39525
5769;37974
5770;37975
5771;37976
5772;41042
5773;37978
5774;37980
5775;37981
5775;37984
5775;40406
5775;40407
5776;27195
5776;30556
5776;37986
5777;30583
5777;30585
5777;37912
5778;29512
5779;29512
5780;37987
5780;37988
5781;28507
5784;39147
5784;39148
5788;38071
5788;38072
5789;38073
5790;38074
5791;38075
5792;38076
5793;38077
5794;38077
5795;38116
5796;38117
5797;38120
5797;38121
5797;38122
5798;38120
5798;38121
5798;38122
5798;38123
5799;38120
5799;38121
5799;38122
5799;38123
5800;38123
5801;31831
5801;38124
5802;38154
5803;38154
5804;38160
5804;38161
5805;38164
5805;41118
5806;30819
5806;38165
5807;30819
5807;38165
5809;39204
5810;38162
5811;38163
5812;38172
5812;38173
5813;38174
5813;38175
5814;30827
5815;38247
5815;38248
5815;38249
5816;38250
5817;38251
5819;38833
5820;41722
5821;39174
5821;39175
5822;38259
5825;38283
5826;38284
5826;38285
5827;38286
5827;38287
5827;38288
5827;38289
5831;38279
5831;38280
5832;28272
5833;38291
5833;38292
5834;32249
5835;38293
5836;38291
5836;38292
5837;41770
5838;41770
5839;38324
5839;38325
5840;38302
5841;38302
5842;38303
5842;38304
5843;40301
5844;38306
5845;28919
5845;38307
5848;38309
5848;38310
5848;38311
5848;38312
5848;38313
5849;41958
5849;41959
5849;41960
5850;41603
5850;41604
5850;41605
5851;41603
5851;41604
5851;41605
5852;38323
5853;38323
5854;38318
5855;38319
5856;41602
5856;41603
5856;41604
5856;41605
5857;38323
5858;28197
5861;39221
5861;39222
5861;39223
5861;39224
5861;39225
5861;39226
5861;39227
5861;39228
5861;42322
5862;39229
5862;39230
5862;39231
5862;39232
5862;39233
5862;39234
5862;39235
5862;39236
5862;42323
5862;43165
5863;39245
5863;39246
5864;39247
5865;39248
5866;39249
5867;39250
5868;39251
5869;39931
5870;39253
5870;39254
5871;39255
5871;39256
5872;39280
5873;39361
5874;39282
5874;39283
5875;39484
5876;39284
5876;39286
5876;40165
5876;40166
5877;39287
5877;39288
5877;39289
5877;39290
5877;39291
5878;40167
5878;40168
5878;40169
5879;39295
5880;39296
5880;39297
5880;39298
5880;39299
5880;39300
5880;39301
5880;39302
5881;39305
5883;39307
5883;39308
5884;39309
5884;39310
5885;39311
5887;39314
5888;39315
5889;28712
5890;39316
5891;28199
5892;39317
5893;39318
5894;39319
5895;39320
5896;39312
5898;39283
5899;42319
5899;42320
5899;42321
5900;39325
5901;39327
5902;39328
5902;39329
5903;39331
5904;39332
5904;40470
5905;39333
5906;39334
5907;39332
5907;40470
5908;39333
5909;39334
21;43580
5910;39332
5910;40470
5911;39355
5912;39355
5915;32171
5915;32172
5915;39339
5915;39340
5916;39341
5917;39342
5918;39343
5918;39344
5918;39345
5918;39346
5918;39347
5919;39348
5920;39349
5921;39350
5922;39351
5922;39352
5922;39353
5922;39354
5924;39359
5926;39456
5926;39457
5927;39458
5927;39459
5927;39460
5927;39461
5928;39462
5928;39463
5928;39464
5929;39470
5929;39471
5929;39472
5930;39465
5930;39466
5930;39467
5930;39468
5930;39469
5931;39474
5931;39475
5931;42221
5932;39476
5933;39476
5934;39833
5934;39834
5934;39835
5935;39532
5936;41482
5937;27606
5937;27607
5937;27612
5937;27613
5937;27614
5937;27616
5937;27617
5937;27618
5937;27619
5937;41090
5938;41445
5938;41446
5938;41447
5939;41448
5939;41449
5939;41450
5940;39533
5941;39534
5942;39535
5943;39536
5944;39537
5945;39538
5946;39537
5947;39538
5948;39539
5948;39540
5948;39541
5948;39542
5950;39544
5951;39545
5951;39546
5952;39549
5952;40105
5953;39634
5954;39635
5955;39637
5956;39638
5956;39639
5957;39640
5957;39641
5957;39642
5957;39643
5958;39644
5958;39645
5958;39646
5959;39647
5961;41952
5961;41953
5961;41954
5962;39652
5963;39653
5964;39654
5965;39655
5966;39655
5967;39656
5968;39657
5969;39658
5970;39659
5971;40772
5971;40773
5972;39661
5973;31029
5974;39662
5975;39662
5976;39663
5977;39663
5978;39663
5979;39663
5980;39664
5981;39664
5982;39664
5983;39664
5984;40781
5984;40782
5985;40817
5985;40818
5986;39665
5987;39665
7107;43369
7198;43608
7198;43609
6626;43610
7200;43611
7200;43612
7201;43613
7201;43614
7202;43615
7202;43616
7203;43617
7203;43618
7203;43619
2691;43626
4327;43626
7204;43627
7204;43628
7204;43629
7205;43631
7206;43631
7207;41905
7208;41905
7209;43632
7209;43633
7210;43632
7210;43633
7211;43634
5990;39725
5991;39726
5991;39727
5992;28338
5993;39728
5994;39729
5994;39730
5996;39733
5996;39734
5997;39735
5997;39736
5998;39737
5999;39737
6003;39760
6003;39761
6006;39764
6007;39764
6009;39743
6010;39744
6011;39746
6011;39747
6011;40116
6011;40117
6012;39748
6012;40118
6013;39749
6014;39750
6014;42150
6014;42206
6017;39752
6018;39753
6019;39295
6020;39754
6021;39755
6021;39756
6021;39757
6021;39758
6021;39759
6022;39729
6022;39730
6023;39731
6023;39732
6024;39800
6024;39801
6024;39802
6024;39803
6024;39804
6024;39805
6024;39806
6024;39807
6024;39808
6026;39810
6029;30613
6031;39814
6031;39815
6031;39816
6031;39817
6031;39818
6031;39819
6031;39820
6031;39821
6031;39822
6031;39823
6031;39824
6031;39825
6031;39826
6031;39827
6032;29976
6033;27278
6033;30993
6034;28501
6035;39836
6035;39837
6035;39838
6035;39839
6035;39840
6036;40632
6036;40633
6036;40634
6036;40635
6036;40636
6037;40830
6037;40831
6037;40832
6038;40833
6039;39853
6040;39854
6041;39854
6042;39855
6043;39855
6044;39634
6045;39634
6046;39895
6046;39896
6046;39897
6047;39898
6048;39899
6048;39900
6048;39901
6048;39902
6049;39903
6050;39904
6051;39905
6051;39906
7212;43634
7213;28472
7214;28472
7215;28504
7215;28505
7216;28504
7216;28505
7217;43635
7218;43635
7219;43635
7220;43636
7221;43636
7222;43635
7223;43635
75;43637
7097;43638
7097;43639
7097;43640
7097;43641
7097;43642
7097;43643
7097;43644
7097;43645
7097;43646
7097;43647
7097;43648
7097;43649
7097;43650
7097;43651
6052;39907
6053;39908
6053;39909
6054;39910
6055;39911
6055;39912
6056;39913
6056;39914
6056;39915
6059;39918
6059;39919
6059;39920
6059;39921
6060;39922
6060;39923
6061;39924
6061;39925
6062;38005
6062;39926
6062;39927
6062;39928
6062;39929
6063;38005
6063;39926
6063;39927
6063;39928
6063;39929
6064;39930
6065;32954
6065;32955
6065;32957
6066;28712
6066;42107
6067;28712
6067;42107
6068;37682
6069;37682
6070;37682
6071;37682
6072;39948
6073;39948
6074;28507
6075;39656
6076;40632
6076;40633
6076;40634
6076;40635
6076;40636
6077;31217
6077;39982
6078;31217
6078;39982
6079;39949
6079;39950
6079;39951
6079;39952
6079;39953
6079;39954
6079;39955
6079;39956
6079;39957
6079;39958
6079;39959
6079;39960
6079;39961
6079;39962
6079;39963
6079;39964
6079;39965
6079;39966
6079;39967
6081;39985
6082;39984
6085;39990
6086;39990
6087;39990
6090;39992
6091;39993
6091;39994
6091;39995
6091;39997
6091;39998
6091;39999
6091;40000
6092;38142
6094;40002
6094;40003
6094;40004
6094;40005
6094;40006
6095;40002
6095;40003
6095;40005
6095;40006
6095;40007
6104;39657
6105;39657
6106;39658
6107;39658
6108;40013
6109;40013
6110;27588
6110;27597
6110;41251
6110;41252
6110;41253
6110;41254
6110;41255
6110;41256
6110;41263
6110;41264
6110;41265
6110;41266
6110;41267
6110;41268
6110;41269
6110;41270
6110;41271
6110;41277
6110;41278
6110;41279
6110;41282
6110;41283
6110;41284
6110;41285
6110;41286
6110;41288
6110;41290
6110;41291
6110;41292
6110;41293
6110;41294
6110;41295
6110;41296
6110;41297
6110;41298
6110;41336
6110;41337
6110;41338
6110;41339
6110;41340
6110;41341
6110;41342
6110;41343
6110;41344
6110;41345
6110;41346
6110;41347
6110;41348
6110;41349
6111;40050
6112;40051
6113;40052
6114;38005
6115;40053
6115;40054
6116;40056
6116;40517
5499;43365
7107;43370
7107;28616
6116;40518
6117;40057
6118;40058
6119;40058
6120;40059
6121;40060
6122;39644
6122;39645
6122;39646
6123;40061
6123;40062
6123;40063
6124;40060
6125;27722
6125;40064
6125;41816
6126;40066
6127;40066
6128;40067
6128;40068
6128;40069
6128;40070
6128;40071
6128;40072
6129;40074
6130;40228
6130;43209
6130;43210
6130;43211
6131;37692
6131;41812
6132;37692
6132;41812
6133;40097
6134;40097
6135;40099
6136;40075
6136;40076
6136;40077
6136;40078
6136;40079
6136;40080
6136;40081
6136;40082
6136;40083
6136;40084
6136;40085
6136;40086
6136;40087
6136;40088
6136;40089
6136;40090
6136;41561
6136;41562
6137;38314
6138;40091
6138;40092
6138;40093
6139;40094
6139;40095
6140;40094
6140;40095
6142;40100
6143;40107
6143;40108
6143;40109
6143;40110
6143;40111
6143;40112
6143;40113
6143;40114
6143;40115
6144;40107
6144;40108
6144;40109
6144;40110
6144;40111
6144;40112
6144;40113
6144;40114
6144;40115
6145;40121
6145;40122
6145;40123
6145;40124
6146;28510
6147;40125
6147;40126
6147;40127
6148;40128
6149;40129
6150;40130
6151;40131
6152;40132
6153;40133
6154;40134
6155;40135
6155;40136
6155;40137
6156;40138
6157;40138
6158;40139
6158;40140
6159;40148
6159;40338
6159;40671
6159;40672
6160;40149
6160;40673
6161;34105
6162;40150
6162;40677
6162;40678
6162;40679
6163;34672
6164;40151
6165;28463
6165;39439
6165;39440
6165;39441
6165;40368
6165;40369
6165;40370
6165;40680
6166;40152
6166;40681
6166;40682
6166;40683
6167;40153
6167;40684
6167;40685
6168;35416
6168;40154
6168;40687
6169;35386
6170;40155
6171;35519
6171;35520
6171;35521
6171;35522
6171;35523
6172;40688
6172;40689
6172;40690
6172;40691
6172;40692
6173;40157
6173;40693
6173;40694
6173;40695
6173;40696
6173;40697
6174;35846
6174;40352
6174;40354
6174;40358
6174;40360
6174;40361
6174;40698
6174;40699
6174;40700
6174;40701
6174;40702
6175;40214
6176;40204
6176;40205
6177;40206
6178;40207
6178;40208
6178;40209
6178;40210
6178;40211
6179;40212
6180;40213
6182;41911
6183;40227
6184;40228
6184;43209
6184;43210
6184;43211
6185;40228
6185;43209
6185;43210
6185;43211
6186;40229
6187;40238
6187;40239
6188;40240
6188;40241
6189;40242
6189;40243
6189;40244
6189;40245
6190;40246
6190;40247
6190;40248
6190;40249
6190;40250
6190;40251
6190;40252
6190;40253
6191;40254
6191;40255
6191;40256
6191;40257
6191;40258
6191;40259
6192;35277
6192;35278
6192;35279
6192;35280
6192;35281
6192;40260
6192;40261
6192;40262
6192;40263
6192;40264
6192;40265
6193;39448
6193;39449
6193;39450
6193;39451
6193;39452
6193;39453
6193;39454
6193;39455
6194;40266
6194;40267
6194;40268
6194;40269
6194;40270
6195;32145
6195;40271
6196;40275
6197;40276
6198;40275
6199;40277
6200;40278
6200;40279
6201;40280
6201;40281
6202;40753
6202;40754
6203;40284
6204;40285
6205;40285
6206;40286
6206;40287
6206;40288
6206;40648
6206;40755
6206;40756
6206;40758
6206;40759
6206;40760
6206;40761
6206;40764
6206;40765
6206;40785
6206;40786
6207;40289
6207;40290
6207;40787
6208;40476
6208;40477
6210;40482
6210;40483
6211;40322
6212;40484
6212;40485
6213;42750
6213;42751
6213;42752
6213;42753
6213;42754
6213;42755
6214;40331
6215;40332
6215;40333
6216;40334
6217;33116
6217;40335
6217;40336
6218;35900
6218;40148
6218;40337
6218;40338
6219;34093
6219;34094
6219;40339
6220;35867
6220;35868
6220;35869
6220;35871
6220;39624
6220;39625
6220;39626
6220;39627
6220;40340
6221;35867
6221;35868
6221;35869
6221;35871
6221;37803
6221;37804
6221;37805
6221;37806
6221;37807
6221;40345
6222;40238
6222;40239
6223;40350
6223;40351
6223;40352
6223;40353
6223;40354
6223;40355
6223;40356
6223;40357
6223;40358
6223;40359
6223;40360
6223;40361
6224;40362
6224;40363
6224;40364
6224;40365
6225;28860
6226;40366
6226;40367
6227;28463
6227;39439
6227;40369
6227;40370
6228;40371
6228;40372
6228;40373
6228;40374
6228;40375
6228;40376
6228;40378
6228;40379
6229;40380
6230;40381
6230;40382
6231;40383
6231;40384
6232;35415
6232;35416
6233;40385
6233;40386
6233;40387
6233;40388
6234;40267
6234;40389
6234;40390
6234;40391
6234;40392
6235;35605
6235;35609
6235;35610
6235;35611
6235;35612
6235;35614
6235;35615
6235;40393
6235;40394
6235;40395
6235;40396
6236;35091
6236;40397
6236;40398
6236;40399
6236;40400
6237;28860
6237;35091
6237;35093
6237;35094
6237;35095
6237;40401
6238;40286
6238;40287
6238;40755
6238;40756
6238;40757
6238;40758
6238;40759
6238;40760
6238;40761
6238;40762
6238;40763
6238;40764
6238;40765
6239;40404
6240;40410
6240;40411
6240;40412
6240;40413
6240;40414
6240;40415
6241;39662
6242;39662
6243;30767
6246;40425
6247;40417
6247;40418
6247;40419
6248;37803
6248;37804
6248;37805
6248;37806
6248;37807
6249;40434
6249;42638
6249;42639
6249;42640
6249;42641
6250;40439
6251;40440
6252;28265
6253;30957
6253;30958
6254;40444
6254;40674
6254;40675
6254;40676
6255;40446
6255;40447
6255;40448
6255;40449
6256;34662
6256;34663
6257;34662
6257;34663
6257;34673
6257;40450
6258;40451
6258;40452
6258;40453
6258;40454
6258;40455
6258;40456
6258;40457
6258;40458
6258;40459
6258;40460
6258;40461
6259;40151
6260;35609
6260;35610
6260;35611
6260;35612
6260;35614
6260;35615
6260;40462
6261;36017
6261;40464
6261;40465
6261;40703
6262;40467
6262;40468
6263;40469
6264;32722
6264;32723
6264;32724
6265;38260
6265;38261
6268;40511
6268;40512
6268;42617
6269;40513
6269;40514
6269;40515
6270;40520
6270;40521
6271;40522
6272;40531
6273;40532
6274;40532
6275;40531
6276;40533
6277;40533
6278;42455
6278;42456
6278;42457
6279;42455
6279;42456
6279;42457
6280;40536
6280;40537
6280;40538
6280;40539
6280;40540
6280;40541
6281;40549
6282;40549
6283;40580
6284;40580
6285;40581
6285;40582
6286;40583
6287;40584
6288;40585
6289;40550
6290;40551
6290;40552
6291;40553
6292;40554
6293;32680
6294;40555
6295;40556
6296;40557
6296;40558
6297;40559
6297;40560
6298;40561
6298;40562
6299;40563
6300;40564
6301;40565
6302;40566
6303;40567
6304;40568
6304;40569
6305;40570
6306;40571
6307;40572
6308;40573
6309;40574
6309;40575
6309;40576
6309;40577
6309;40578
6309;40579
6311;40616
6311;40617
6311;40618
6312;40365
6312;40619
6313;40620
6314;40621
6315;38005
6316;40623
6317;40638
6317;40639
6317;40640
6317;40641
6317;40642
6318;36017
6318;40464
6318;40465
6318;40703
6319;40648
6320;40621
6321;40650
6321;40651
6321;40652
6321;40653
6321;40654
6321;40655
6321;40656
6321;40657
6322;40649
6322;40658
6323;40536
6323;40537
6324;40648
6324;40659
6325;40660
6326;40660
6327;40662
6327;40663
6328;40662
6328;40663
6329;37967
6330;37967
6331;40839
6331;40840
6331;40841
6332;40839
6332;40840
6332;40841
6333;40664
6334;30819
6334;40665
6335;40666
6335;40667
6336;42202
6336;42374
6337;28510
6337;40669
6338;28507
6339;31192
6339;31193
6339;38145
6340;31192
6340;31193
6340;38145
6341;40711
6342;40712
6343;40712
6344;40713
6345;40714
6346;40715
6346;40716
6347;40717
6348;40723
6349;39657
6350;40724
6351;40725
6351;40726
6352;40727
6353;40718
6354;40719
6355;40720
6356;40721
6357;40728
6357;40729
6358;40730
6358;40731
6359;40732
6359;40733
6360;40734
6360;40735
6361;40834
6361;40835
6361;40836
6362;28199
6362;28202
6362;29160
6362;30115
6363;40788
6363;40789
6363;40790
6363;40791
6363;40792
6364;40797
6365;40803
6366;40803
6367;40806
6368;40806
6369;40807
6370;40807
6371;40807
6372;40807
6373;40808
6374;40808
6376;43082
6377;43082
6378;40810
6379;40810
6380;41608
6380;41609
6381;40819
6382;41951
6383;40837
6384;40838
6385;40821
6386;40822
6387;40823
6387;40824
6388;40823
6388;40824
6389;40842
6389;40843
6390;40844
6391;40857
6392;40858
6394;40855
6395;40856
6396;40921
6397;27929
6397;29320
6397;29321
6397;30828
6397;30829
6397;40876
6397;40877
6397;41469
6398;27880
6398;27884
6398;27929
6398;40878
6398;40879
6398;40881
6398;40883
6398;40884
6398;40886
6398;40888
6398;42030
6398;42031
6398;42032
6398;42033
6399;28197
6400;28197
6401;28197
6402;28197
6403;28197
6404;40889
6405;40890
6405;40891
6405;40892
6406;40890
6407;40890
6408;40926
6408;40927
6409;40928
6409;40929
6410;40930
6410;40931
6411;40932
6411;40933
6412;40901
6413;40934
6414;40935
6415;40936
6416;40937
6417;40808
6418;40906
6419;40907
6419;40908
6419;40909
6419;40910
6421;30820
6421;30821
6421;30822
6421;30823
6421;30824
6421;30825
6421;30826
6421;30827
6422;40941
6423;40477
6423;40942
6424;41038
6425;41018
6431;41022
6432;41039
6435;41041
6436;41026
6437;41026
6438;30827
6438;41027
6438;41028
6438;41029
6438;41030
6439;41031
6440;41032
6441;41033
6442;41033
6443;41036
6443;41037
6444;40051
6445;40649
6445;41045
6446;40649
6446;41045
6447;41046
6448;41046
6450;42708
6450;42709
6451;41050
6451;41051
6451;41052
6452;29394
6453;29394
6454;30819
6454;39657
6454;40665
6454;42202
6455;30819
6455;39657
6455;40665
6455;42202
6456;41064
6457;41064
6458;28472
6458;41065
6459;28472
6459;41065
6460;28507
6461;28507
6462;28198
6463;41956
6465;41063
6466;41084
6466;41085
6467;32722
6467;32723
6467;32724
6468;41110
6468;41111
6469;41112
6469;42888
6469;42889
6469;42890
6470;41113
6471;41114
6472;41115
6473;41116
6473;41117
6474;41116
6474;41117
6475;41119
6476;41119
6477;41120
6478;41120
6480;41135
6481;41121
6482;41122
6483;41123
6484;41136
6485;41137
6486;41138
6486;41139
6487;41183
6488;41184
6489;41185
6490;41185
6491;41186
6492;41443
6492;41444
6493;41454
6493;41455
6494;41459
6494;41460
6495;41461
6497;41462
6498;41462
6499;41463
6499;41464
6500;41463
6500;41464
6501;28468
6501;28469
6502;28468
6502;28469
6503;41465
6503;41466
6504;41465
6504;41466
6505;41467
6506;41467
6507;41468
6508;41468
6509;41476
6510;41480
6511;41481
6511;41813
6511;42543
6512;41481
6512;41813
6512;42543
6514;41492
6515;28501
6516;28501
6517;41493
6517;41494
6518;41495
6519;41483
6519;41484
6520;42142
6520;42143
6523;41489
6524;42045
6525;42164
6525;42165
6526;42164
6526;42165
6527;28202
6527;29160
6527;41497
6527;41498
6528;29152
6528;41499
6528;41500
6528;41501
6529;41502
6530;30389
6530;41503
6530;41504
6530;41505
6531;41506
6532;41507
6533;41507
6534;41508
6534;41868
6535;41509
6535;41510
6535;41511
6535;41512
6535;41513
6535;41514
6535;41515
6535;41516
6536;41517
6537;41518
6538;41519
6539;41520
6539;41521
6540;41522
6541;41522
6542;41522
6543;36260
6543;41523
6543;41524
6543;41525
6544;41526
6545;41527
6545;41528
6545;41529
6545;41530
6545;41531
6545;41532
6545;41533
6545;41534
6545;41535
6545;41536
6545;41537
6545;41538
6545;41539
6545;41540
6545;41541
6545;41542
6545;41543
6545;41544
6546;40092
6546;41545
6546;41546
6546;41547
6546;41548
6546;41549
6546;41550
6546;41551
6546;41552
6547;41563
6549;41565
6549;41566
6550;41480
6551;41569
6551;41570
6551;41571
6551;41572
6551;41573
6552;41574
6552;41575
6553;41581
6554;41581
6555;41577
6555;41578
6556;41579
6557;41580
6558;41610
6559;41610
6560;41610
6561;41611
6562;41611
6563;41627
6563;41628
6563;41629
6564;27996
6564;27997
6565;41647
6565;41648
6565;41649
6566;41650
6566;41651
6567;41650
6567;41651
6568;41652
6569;41652
6570;33108
6571;27177
6571;27178
6572;41424
6572;41425
6572;41426
6572;41817
6572;41818
6572;41819
6572;41820
6572;41821
6572;41822
6572;41823
6572;41824
6573;41826
6573;41827
6574;41826
6574;41827
6575;41828
6575;41829
6575;41830
6575;41831
6576;41832
6576;41833
6577;41834
6577;41835
6578;41836
6579;41837
6579;41838
6579;41839
6580;41840
6580;41841
6580;41842
6581;28712
6581;30819
6581;40665
6581;41843
6582;41844
6582;41845
6582;41846
6582;41847
6582;41848
6582;41849
6583;28472
6584;41955
6585;41854
6587;41856
6589;41878
6592;41901
6593;41902
6595;41860
6595;41861
6596;41869
6596;41870
6596;41871
6596;41872
6596;41873
6597;41874
6597;41875
6597;41876
6598;41877
6599;41887
6600;41888
6600;41889
6602;41895
6603;41896
6604;41898
6604;41899
6604;42046
6605;41900
6606;41904
6607;41912
6608;38285
6609;41915
6609;41916
6609;41917
6609;41918
6609;41919
6609;41920
6609;41921
6609;41922
6609;41923
6609;41924
6609;41925
6609;41926
6609;41927
6609;41928
6609;41929
6609;41930
6610;41932
6611;41933
6612;36282
6613;41934
6614;41931
6615;27836
6615;27837
6615;42011
6615;42012
6617;28080
6618;41965
6619;30776
6619;30777
6619;30778
6619;30779
6619;40847
6620;41966
6621;31085
6622;31243
6623;41967
6624;41968
6624;41969
6627;41971
6628;31215
6629;31215
6630;41978
6631;41979
6632;41980
6633;41981
6633;41982
6634;41983
6635;41984
6636;28458
6637;27433
6637;27434
6637;42561
6637;42562
6637;42563
6637;42564
6637;42565
6637;42566
6637;42567
6637;42568
6637;42569
6637;42570
6638;41996
6638;41997
6638;41998
6638;41999
6638;42000
6639;42001
6639;42002
6639;42003
6639;42004
1959;43345
6639;42014
6640;38094
6640;38095
6640;42005
6641;32754
6641;32805
6641;42006
6641;43182
6641;43183
6641;43184
6642;42007
6643;42013
6644;42015
6645;42016
6645;42017
6645;42018
6646;42019
6646;42020
6646;42021
6646;42022
6647;42100
6648;28264
6649;42114
6650;42114
6651;32794
6651;32795
6651;32796
6651;32797
6651;32798
6651;32799
6652;42544
6652;42545
6653;39473
6654;42116
6654;42117
6655;42118
6655;42119
6655;42120
6655;42121
6655;42122
6655;42123
6655;42124
6655;42125
6655;42126
6655;42127
6655;42128
6655;42129
6656;27836
6656;27837
6656;42130
6656;42131
6656;42132
6656;42133
6656;42134
6656;42135
6657;42141
6658;42141
6659;42158
6659;42159
6659;42160
6660;29432
6661;42140
6662;42140
6663;41462
6664;42144
6665;42145
6665;42146
6665;42147
6665;42148
6666;42149
6667;42151
6667;42152
6668;42153
6669;42154
6670;42155
6671;42156
6671;42157
6672;42161
6672;42162
6672;42163
6673;41611
6674;42106
6675;42684
6675;42685
6675;42686
6675;42687
6675;43238
6675;43239
6676;32754
6676;42207
6677;42222
6678;42223
6679;42224
6679;42225
6679;42226
6679;42227
6679;42228
6679;42229
6679;42230
6679;42231
6679;42232
6679;42233
6679;42234
6679;42235
6680;42236
6680;42237
6680;42238
6680;42239
6680;42240
6680;42241
6680;42242
6680;42243
6680;42244
6681;42252
6681;42253
6682;42254
6683;42255
6684;42256
6685;42256
6685;42257
6686;42265
6687;42266
6688;42266
6689;42267
6689;42268
6690;42267
6690;42268
6691;42269
6692;42269
6693;42270
6695;42271
6696;42271
6697;42272
6698;42273
6699;29364
6700;28331
6701;42278
6701;42279
6701;42280
6702;42278
6702;42279
6702;42280
6703;42281
6703;42282
6703;42283
6703;42284
6703;42285
6703;42286
6704;42281
6704;42282
6704;42285
6704;42286
6704;42287
6704;42288
6705;42289
6706;42289
6707;28468
6707;28469
6709;42290
6709;42291
6709;42292
6709;42293
6709;42294
6709;42295
6709;42296
6710;42290
6710;42291
6710;42292
6710;42293
6710;42294
6710;42295
6710;42296
6711;42274
6711;42275
6711;42276
6712;28336
6713;42277
6714;42299
6714;42300
6714;42301
6714;42302
6714;42303
6714;42304
6714;42305
6714;42306
6715;42307
6715;42308
6715;42309
6715;42310
6715;42311
6715;42312
6715;42313
6715;42314
6715;42315
6715;42316
6715;42317
6718;42538
6718;42539
6718;42540
6718;42541
6718;42542
6719;42355
6719;42758
6720;42358
6721;42538
6721;42539
6721;42540
6721;42541
6721;42542
6722;42361
6722;42362
6722;42363
6722;42364
6722;42365
6722;42366
6724;42375
6725;42376
6726;42376
6727;38307
6727;42377
6728;42378
6728;42379
6728;42380
6728;42381
6728;42382
6728;42383
6729;42384
6729;42385
6729;42386
6729;42387
6729;42388
6729;42389
6730;42391
6731;42392
6732;42392
6733;42393
6733;42394
6733;42395
6734;42390
6735;42397
6735;42398
6736;33772
6736;42399
6737;33772
6737;42399
6738;42400
6739;42401
6740;42402
6740;42403
6740;42404
6741;42405
6742;40179
6742;40180
6743;42407
6744;42408
6745;42409
6746;42410
6747;42411
6748;42412
6749;42413
6750;42414
6751;42415
6752;42416
6753;42417
6754;30585
6755;28446
6756;42406
6757;42406
6758;42418
6759;42418
6760;42419
6761;42424
6762;42425
6763;42426
6763;42427
6764;42428
6765;42429
6766;42430
6767;42431
6768;42432
6768;42552
6768;42553
6769;42433
6769;42434
6770;42435
6771;42436
6772;42425
6773;42437
6773;42438
6774;42439
6775;42440
6775;42441
6776;42442
6777;42144
6778;42443
6779;42444
6780;42223
6781;42492
6782;27737
6782;27738
6782;27739
6782;27740
6783;42328
6783;42329
6784;42502
6785;42512
6786;42513
6787;42514
6788;42514
6789;42106
6790;42555
6791;42555
6792;42492
6793;42492
6794;42516
6794;42517
6797;42521
6798;42522
6799;42523
6799;42524
6800;42525
6801;42526
6802;42527
6803;42547
6803;42548
6804;42549
6805;42550
6805;42551
6806;42550
6806;42551
6807;42550
6807;42551
6808;42554
6809;28145
6809;42556
6809;42557
6809;42558
6810;42554
6811;42513
6812;42513
6813;43262
6814;43262
6816;42576
6816;42577
6817;42578
6820;42581
6821;42581
6822;42582
6823;42583
6824;42584
6825;42585
6825;42586
6825;42587
6825;42588
6825;42589
6825;42590
6826;42591
6827;42592
6827;42593
6827;42594
6827;42595
6828;42604
6828;42605
6829;42673
6829;42674
6830;41971
6831;41971
6832;42675
6833;42675
6834;31076
6835;31076
6836;42679
6837;42679
6838;42675
6841;39634
6842;39634
6843;30761
6843;30762
6843;30763
6843;30764
6843;30765
6844;42692
6845;42693
6846;42512
6847;42694
6848;42695
6848;42696
6848;42697
6848;42698
6849;42699
6850;42700
6851;42689
6852;42689
6853;40471
6853;40472
6854;40471
6854;40472
6855;40471
6855;40472
6856;40471
6856;40472
6857;42690
6858;42690
6859;42691
6860;42691
6861;28728
6862;42742
6863;42742
6864;42743
6865;42743
6866;42035
6867;42035
6868;42748
6868;42749
6869;42797
6869;43013
6870;42798
6870;43016
6871;42799
6872;42800
6872;42801
6872;42802
6873;42803
6873;42804
6873;42805
6873;42806
6873;42807
6873;42808
6874;42809
6874;42810
6874;42811
6874;42812
6874;42813
6874;42814
6875;42815
6875;42816
6878;42820
6879;42820
6880;42821
6880;42822
6881;42823
6882;42826
6882;42827
6882;42828
6882;42829
6882;42830
6882;42831
6882;42832
6882;42833
6883;42834
6884;42835
6885;42836
6886;42110
6886;42170
6887;39760
6887;39761
6888;41737
6888;41738
6889;42838
6889;42839
6889;42840
6889;42841
6889;42842
6889;42843
6889;42844
6890;42840
6890;42841
6890;42842
6890;42845
6890;42846
6891;42847
6892;42847
6893;42848
6894;42848
6895;42849
6896;42850
6897;42850
6898;42851
6899;42851
6902;38938
6903;41794
6903;41795
6904;42853
6905;42853
6906;38957
6906;38958
6907;42854
6908;38963
6909;42855
6910;42856
6911;38290
6912;42857
6912;42858
6912;42859
6912;42860
6912;42861
6912;42862
6912;42863
6912;42864
6912;42865
6913;42866
6913;42867
6913;42868
6913;42869
6913;42870
6913;42871
6913;42872
6914;42873
6914;42874
6914;42875
6915;42876
6916;42877
6916;43174
6917;39146
6918;28758
6919;42884
6919;43014
6919;43015
6920;43160
6920;43161
6920;43162
6921;43160
6921;43161
6921;43162
6922;42885
6923;42886
6924;42693
6925;42372
6926;42893
6926;42894
6927;42895
6928;42896
6928;42897
6928;42898
6928;42899
6928;42900
6928;42901
6929;42902
6929;42903
6930;42902
6930;42903
6930;43240
6930;43241
6930;43242
6930;43243
6930;43244
6930;43245
6930;43246
6931;31186
6932;42916
6933;42916
6934;42920
6935;42904
6935;42905
6936;42906
6936;42907
6936;42908
6936;42909
6936;42910
6937;42911
6938;42911
6939;42912
6939;42913
6940;42914
6941;42915
6942;42917
6943;42918
6944;42918
6945;42919
6946;42919
6947;42921
6947;42922
6948;42923
6949;42939
6949;42940
6950;42953
6950;42954
6950;42955
6951;42956
6951;42957
6951;42958
6952;42959
6952;42960
6953;42961
6954;43009
6954;43010
6954;43011
6954;43012
6955;42966
6955;42967
6955;42968
6956;42970
6957;42969
6958;42969
6959;28486
6960;28486
6961;33772
6961;42399
6962;33772
6962;42399
6963;43175
6964;42972
6964;42973
6964;42974
6964;42975
6964;42976
6964;42977
6964;42978
6964;42979
6964;42980
6965;42981
6966;42982
6966;42983
6966;42984
6967;42985
6967;42986
6967;42987
6968;42988
6968;42989
6968;42990
6968;42991
6969;41784
6970;42992
6971;42998
6972;43000
6972;43001
6972;43002
6972;43003
6972;43004
6972;43005
6972;43007
6972;43058
6972;43059
6972;43060
6972;43061
6972;43062
6972;43063
6973;42993
6974;42993
6975;42994
6976;42995
6977;42996
6978;42997
6979;42999
6980;40745
6980;40751
6980;43017
6981;40745
6981;40751
6982;43017
6983;43026
6983;43027
6983;43028
6983;43029
6983;43030
6983;43031
6983;43032
6983;43033
6983;43034
6983;43035
6983;43036
6983;43037
6983;43038
6983;43039
6983;43040
6983;43041
6983;43042
6983;43043
6983;43044
6983;43045
6984;43064
6985;43065
6985;43066
6985;43067
6985;43068
6985;43069
6986;43066
6986;43067
6986;43068
6986;43069
6986;43070
6986;43071
6986;43072
6986;43073
6986;43074
6987;41742
6987;41743
6988;41755
6989;41756
6990;38961
6990;38962
6991;43075
6992;40741
6992;40742
6992;43076
6992;43077
6992;43078
6992;43079
6992;43080
6992;43081
6993;40741
6993;40742
6993;43076
6993;43077
6993;43078
6993;43079
6993;43080
6993;43081
6994;43083
6994;43084
6995;43086
6995;43087
6995;43088
6995;43089
6995;43090
6995;43091
6995;43092
6996;43093
6997;43094
6998;43095
6999;43096
6999;43097
6999;43098
6999;43099
6999;43100
6999;43101
6999;43102
7000;43103
7001;43104
7002;43105
7003;43109
7004;43109
7005;43110
7006;43111
7007;43111
7008;43114
7009;43114
7010;43115
7011;43115
7012;43116
7012;43117
7012;43118
7012;43119
7013;43120
7014;43120
7015;43122
7015;43123
7015;43124
7015;43125
7015;43126
7015;43127
7015;43128
7015;43129
7015;43130
7015;43131
7015;43132
7015;43133
7015;43134
7015;43135
7015;43136
7015;43137
7015;43138
7015;43139
7015;43140
7015;43141
7015;43142
7015;43143
7015;43144
7015;43145
7015;43146
7016;43131
7016;43142
7016;43147
7016;43148
7016;43149
7016;43150
7016;43151
7016;43152
7016;43153
7016;43154
7016;43155
7017;43156
7018;43157
7018;43158
7019;38387
7019;38388
7019;38389
7019;38390
7019;38391
7019;38392
7019;38393
7019;38394
7019;38395
7019;38396
7019;38397
7019;38398
7020;38444
7020;38445
7020;38446
7020;38447
7020;38448
7020;38449
7020;38450
7020;38451
7021;38452
7022;38463
7022;38464
7022;38465
7023;38751
7024;41553
7025;38792
7026;41774
7027;43159
7028;41800
7029;39041
7029;39042
7029;39043
7029;39044
7029;39045
7029;39046
7029;39047
7029;39048
7029;39050
7029;39051
7029;39052
7029;39053
7029;39054
7029;39055
7029;42422
7030;43163
7030;43164
7031;43169
7032;43171
7033;43171
7034;43169
7035;43169
7036;43166
7036;43167
7037;43168
7038;43172
7039;43176
7041;43177
7042;43178
7043;43179
7043;43180
7044;43181
7045;41728
7046;38286
7046;38287
7046;38288
7046;38289
7047;41737
7047;41738
7047;43185
7047;43186
7048;41742
7048;41743
7049;43187
7049;43188
7050;38938
7052;38290
7053;43191
7054;43192
7054;43193
7054;43194
7055;43195
7055;43196
7055;43197
7055;43198
7055;43199
7056;43229
7057;43230
7058;43231
7059;43232
7060;43233
7061;43234
7062;31024
7063;31024
7064;31024
7065;31024
7066;43214
7066;43215
7066;43216
7067;43217
7067;43218
7068;43236
7068;43237
7069;42153
7070;43235
7071;41855
7072;41855
7073;40744
7073;40752
7074;43255
7074;43256
7075;43257
7075;43258
7076;43168
7077;42372
7078;42372
7079;43261
7080;42432
7081;43265
7081;43266
7082;43168
7083;43168
7084;43304
7084;43305
7085;43304
7085;43305
7086;43306
7087;43307
7088;43308
7088;43309
7089;43310
7090;43311
7091;43312
7092;41728
7093;41756
7094;43313
7095;43314
7095;43315
7096;38961
7096;38962
7098;43330
7098;43331
7098;43332
7098;43333
7098;43334
7098;43335
7098;43336
7098;43337
7098;43338
1959;43346
1959;43347
1959;43348
1877;39868
1877;39869
1877;32698
1877;43349
7099;43350
7099;43351
7099;43352
7099;43353
7100;43350
7100;43351
7100;43352
5500;43364
5500;43365
7104;43367
7105;43367
7107;28617
7107;28618
7107;28199
7107;43371
7107;40845
7107;28185
7107;28620
7107;28622
7107;28623
7107;28198
7107;28202
7107;40846
7108;39258
7108;42596
7108;42597
7108;39259
7108;39260
7224;43654
7225;40472
7226;43655
7227;43656
7228;33772
7228;42399
7229;43657
7230;43657
7232;43658
7233;43659
7234;43659
6209;43660
6209;43661
6209;43662
6209;43663
7235;43657
7236;41855
7237;41855
7238;43657
2308;43664
2309;43664
3412;43665
3413;43666
4783;33770
4784;33770
7239;43667
7240;43668
7241;43669
7241;43670
7241;43671
7242;43672
7242;43673
7242;43674
7242;43675
7243;43676
7244;43677
7244;43678
7244;43679
7244;43680
7244;43681
7244;43682
7244;43683
7244;43684
7244;43685
7244;43686
7244;43687
7244;43688
7244;43689
7244;43690
7245;43691
7245;43692
7245;43693
7245;43694
7245;43695
7245;43696
7245;43697
7245;43698
7245;43699
7245;43700
7245;43701
7245;43702
7246;43703
7246;43704
7246;43705
7247;43706
7247;43707
7248;43708
7248;43709
7248;43710
7248;43711
7249;43712
7250;43713
7250;43714
7250;43715
7251;43716
7251;43717
7252;43718
7252;43719
7252;43720
7252;43721
7253;43722
7254;43723
7254;43724
7255;43725
7256;43726
7256;43727
7257;43728
7257;43729
7257;43730
7257;43731
7258;43732
7258;43733
7258;43734
7259;43735
7260;38963
7261;43738
7261;43739
7261;43740
6398;43741
18;32936
18;32937
18;43747
18;43748
4676;43757
4677;43757
4730;31311
5151;43749
5669;43742
5669;43743
5670;43742
5670;43743
6362;43753
6464;43754
6464;43755
6464;43756
7262;30740
7263;38460
7263;38461
7263;38462
7264;43744
7266;43750
7267;43751
7268;43752
4711;43766
4711;43767
4711;43768
4711;43769
4711;43770
4711;43772
4711;43773
4711;43774
4711;43775
4711;43776
4711;43778
4711;43779
4711;43781
4711;43782
4711;43783
4712;43766
4712;43767
4712;43768
4712;43769
4712;43770
4712;43772
4712;43773
4712;43774
4712;43775
4712;43776
4712;43778
4712;43779
4712;43781
4712;43782
4712;43783
7270;43758
7271;43759
7271;43760
7271;43761
7271;43762
7271;43763
7271;43764
7272;43765
6057;43785
6058;43786
7273;30770
7274;40597
7274;41076
7274;43787
7275;31059
7275;31060
7275;31074
7276;31112
7276;31113
7276;31114
7277;31206
7278;30770
7279;30770
7280;27229
7280;31285
7280;31286
7280;31287
7280;31288
6841;43793
6842;43793
7281;30347
7281;33889
7281;33890
7281;39257
7282;30347
7282;33889
7282;33890
7282;39257
7283;43788
7284;43788
7285;43788
7286;43788
7287;43789
7288;43789
7289;43789
7290;43789
7291;43794
7292;43795
7294;43797
7294;43798
7295;43799
7296;43800
7297;43801
7298;43802
7299;43803
7300;44106
7301;44107
7302;44107
7303;41751
7304;41752
7305;44108
7306;44109
7306;44110
7307;44111
7307;44112
7307;44113
7308;44114
7309;44115
7310;44116
7311;44117
7311;44118
7312;44119
7312;44120
7312;44121
7317;43811
7317;43812
7317;43813
7317;43814
7317;43815
7317;43816
7318;43817
7319;43818
7319;43819
7319;43820
7319;43821
7319;43822
7319;43823
7320;43824
7321;43825
7321;43826
7321;43827
7321;43828
7321;43829
7321;43830
7321;43831
7321;43832
7321;43833
7321;43890
7321;43891
7321;43892
7321;43893
7321;43894
7321;43895
7321;43896
7321;43897
7321;43898
7321;43899
7321;43900
7321;43901
7321;43902
7321;43903
7321;43904
7321;43905
7321;43906
7321;43907
7321;43908
7321;43909
7321;43910
7321;43911
7321;43912
7321;43913
7321;43914
7321;43915
7321;43916
7321;43917
7322;43918
7322;43919
7322;43920
7322;43921
7322;43922
7322;43923
7322;43924
7322;43925
7322;43926
7322;43983
7322;43984
7322;43985
7322;43986
7322;43987
7322;43988
7322;43989
7322;43990
7322;43991
7322;43992
7322;43993
7322;43994
7322;43995
7322;43996
7322;43997
7322;43998
7322;43999
7322;44000
7322;44001
7322;44002
7322;44003
7322;44004
7322;44005
7322;44006
7322;44007
7322;44008
7322;44009
7322;44010
7323;44011
7323;44012
7323;44013
7323;44014
7323;44015
7323;44016
7323;44017
7323;44018
7323;44019
7323;44076
7323;44077
7323;44078
7323;44079
7323;44080
7323;44081
7323;44082
7323;44083
7323;44084
7323;44085
7323;44086
7323;44087
7323;44088
7323;44089
7323;44090
7323;44091
7323;44092
7323;44093
7323;44094
7323;44095
7323;44096
7323;44097
7323;44098
7323;44099
7323;44100
7323;44101
7323;44102
7323;44103
7324;39631
7325;44104
7325;44105
38;44148
1897;44149
1975;44150
1975;44151
1977;27734
1977;32737
2259;44122
2259;44123
2259;44124
2259;44125
2259;44126
2259;44127
4679;44153
4711;28199
4711;28202
4711;30115
4711;44161
4711;44162
4712;28199
4712;28202
4712;30115
4712;44161
4712;44162
5339;44144
5339;44145
5339;44146
6641;32706
6641;32707
6782;44152
7326;28481
7327;44128
7327;44129
7327;44130
7327;44131
7327;44132
7327;44133
7327;44134
7327;44135
7328;44136
7329;44137
7329;44138
7329;44139
7329;44140
7329;44141
7329;44142
7329;44143
7330;44137
7330;44138
7330;44139
7330;44140
7330;44141
7330;44142
7330;44143
7331;44154
7332;44147
7333;44155
7333;44156
7334;44157
7334;44158
7335;44159
7336;44160
7337;42631
7338;42631
1953;44164
1953;44165
657;27367
3583;44169
3583;44170
3583;44171
3583;44172
3583;44173
3583;44174
3583;44175
3879;39824
3879;44177
3880;39824
3880;44177
4184;44168
4185;44168
5862;44166
5862;44167
6676;32805
6676;44176
7339;44178
7339;44179
7339;44180
1877;44187
2025;44182
2025;44183
2031;44181
2276;44184
4676;44188
4677;44188
6397;27872
6815;44185
6815;44186
7293;42823
6015;44189
6016;44189
6228;44190
1891;44202
1891;44203
7340;44191
7340;44192
7340;44193
7340;44194
7340;44195
7340;44196
7340;44197
7340;44198
7340;44199
7340;44200
7342;38486
7343;44201
7344;44205
7344;44206
7345;41785
7346;44207
7346;44208
7346;44209
7346;44210
7346;44211
7346;44212
7347;44213
1974;44214
6615;44215
6839;44233
6839;44234
6840;44233
6840;44234
7348;44216
7348;44217
7348;44218
7348;44219
7349;44220
7349;44221
7349;44222
7349;44223
7350;44224
7350;44225
7350;44226
7350;44227
7351;44229
7352;44230
7352;44231
7353;44232
7354;44235
7354;44236
5640;44238
5640;44239
5640;44240
7355;44237
7356;44237
7357;44237
2331;44245
5086;44246
5087;44246
6747;44244
7358;42449
7359;42449
7360;44241
7360;44242
7360;44243
7361;44247
7361;44248
7362;44249
7363;44250
7364;44251
3169;30079
3169;44253
3440;44252
3900;33768
3900;36650
5846;44254
5846;44255
5847;44254
5847;44255
5913;44257
5914;44257
7365;44256
7366;39728
7367;39728
7368;39728
1976;44264
1976;44265
7313;44267
7314;44267
7315;39286
7315;40165
7315;44268
7315;44269
7316;44270
7316;44271
7321;44272
7321;44273
7321;44274
7321;44275
7321;44276
7321;44277
7321;44278
7321;44279
7321;44280
7321;44281
7321;44282
7321;44283
7321;44284
7321;44285
7321;44286
7321;44287
7321;44288
7321;44289
7321;44290
7321;44291
7321;44292
7321;44293
7321;44294
7321;44295
7321;44296
7321;44297
7321;44298
7321;44299
7321;44300
7321;44301
7321;44302
7321;44303
7321;44304
7321;44305
7321;44306
7321;44307
7321;44308
7321;44309
7321;44310
7321;44311
7321;44312
7321;44313
7321;44314
7321;44315
7321;44316
7321;44317
7321;44318
7321;44319
7321;44320
7321;44321
7321;44322
7321;44323
7321;44324
7321;44325
7321;44326
7321;44327
7322;44328
7322;44329
7322;44330
7322;44331
7322;44332
7322;44333
7322;44334
7322;44335
7322;44336
7322;44337
7322;44338
7322;44339
7322;44340
7322;44341
7322;44342
7322;44343
7322;44344
7322;44345
7322;44346
7322;44347
7322;44348
7322;44349
7322;44350
7322;44351
7322;44352
7322;44353
7322;44354
7322;44355
7322;44356
7322;44357
7322;44358
7322;44359
7322;44360
7322;44361
7322;44362
7322;44363
7322;44364
7322;44365
7322;44366
7322;44367
7322;44368
7322;44369
7322;44370
7322;44371
7322;44372
7322;44373
7322;44374
7322;44375
7322;44376
7322;44377
7322;44378
7322;44379
7322;44380
7322;44381
7322;44382
7322;44383
7323;44384
7323;44385
7323;44386
7323;44387
7323;44388
7323;44389
7323;44390
7323;44391
7323;44392
7323;44393
7323;44394
7323;44395
7323;44396
7323;44397
7323;44398
7323;44399
7323;44400
7323;44401
7323;44402
7323;44403
7323;44404
7323;44405
7323;44406
7323;44407
7323;44408
7323;44409
7323;44410
7323;44411
7323;44412
7323;44413
7323;44414
7323;44415
7323;44416
7323;44417
7323;44418
7323;44419
7323;44420
7323;44421
7323;44422
7323;44423
7323;44424
7323;44425
7323;44426
7323;44427
7323;44428
7323;44429
7323;44430
7323;44431
7323;44432
7323;44433
7323;44434
7323;44435
7323;44436
7323;44437
7323;44438
7323;44439
7369;44258
7369;44259
7369;44260
7369;44261
7370;44262
7371;44263
7372;43261
7373;44266
7374;42742
6877;38476
6877;38477
7375;44440
7376;44440
4171;44443
6159;44444
6159;44445
6159;44446
6159;44447
6159;44448
6165;39442
6165;39443
6170;44466
6170;44467
6170;44468
6171;44469
6171;44470
6172;44478
6174;44456
6174;44457
6174;44458
6174;44459
6194;40184
6194;40789
6194;40790
6194;40791
6194;44471
6194;44472
6194;44473
6223;40190
6223;44455
6223;44456
6223;44457
6223;44458
6223;44459
6223;44460
6223;44461
6223;44462
6224;44465
6235;35618
6235;35619
6235;35620
6235;35621
6235;35622
6235;35623
6235;44474
6235;44475
6254;40158
6254;43626
6254;44449
6254;44450
6254;44451
6254;44452
6254;44453
6254;44454
6258;44463
6258;44464
6260;44476
6260;44477
6312;44465
6375;44441
6016;38189
4140;28779
4140;40118
4140;44479
5564;40834
5564;40835
5564;40836
5953;43793
6876;40229
7377;43376
7377;44489
7378;44490
7380;44482
7381;44483
7382;44484
7383;43676
7384;44485
7385;44486
7386;44487
7387;44488
7390;44493
7396;44491
3692;44502
3692;44503
3693;44502
3693;44503
3694;44502
3694;44503
5886;44502
5886;44503
7397;44504
7398;44505
7398;44506
7399;44507
7400;44508
7400;44509
3254;44514
3621;44253
5322;44510
5322;44511
6719;44512
7401;44513
7402;44513
7394;44541
7395;44542
7403;44531
7404;44512
7405;44532
7406;44533
7407;44534
7407;44535
7407;44536
7408;44515
7408;44516
7408;44517
7408;44518
7409;44515
7409;44516
7409;44517
7409;44518
7410;30266
7410;44519
7410;44520
7411;30266
7411;44519
7411;44520
7412;28347
7412;44521
7413;28347
7413;44521
7414;29976
7415;29976
7416;44491
7417;44491
7418;44491
7419;44491
7420;44522
7420;44523
7421;44522
7421;44523
7422;28475
7422;28476
7422;28477
7423;28475
7423;28476
7423;28477
7424;44524
7424;44525
7425;44524
7425;44525
7426;44524
7426;44525
7427;44524
7427;44525
7428;42631
7429;42631
7430;44526
7431;44527
7433;44530
6723;44543
6723;44544
6723;44545
6723;44546
6723;44547
6723;44548
6723;44549
7434;31207
7434;31208
7434;31209
7434;31210
7435;44551
7436;44552
7437;44553
7437;44554
7437;44555
7438;44556
7438;44557
7439;44558
7439;44559
7439;44560
7439;44561
7440;44562
7440;44563
7440;44564
7440;44565
7440;44566
7440;44567
7440;44568
7440;44569
7441;44570
7442;44571
7443;44572
7444;44573
7444;44574
7445;44575
7446;44576
7446;44577
7447;44578
7447;44579
7447;44580
7448;44581
7449;44582
7450;44583
7450;44584
7451;44585
7452;44586
7453;44587
7454;44588
7455;44589
7456;44590
7456;44591
7457;44592
7458;44593
7458;44594
7459;44595
7459;44596
7460;44597
7461;44598
7461;44599
7461;44600
7461;44601
7462;44602
7463;44603
7464;44604
7464;44605
7465;44606
7465;44607
7466;41729
7466;41730
7466;41731
7467;38852
7467;38853
7467;38854
7467;38855
7468;44609
7469;44610
7470;43112
7470;43113
7471;44611
7472;44612
7472;44613
7473;44612
7473;44613
7474;44614
7475;44615
7476;38948
7476;38949
7476;38950
7477;38960
7478;44616
7478;44617
7478;44618
7478;44619
7479;44620
7480;44621
7481;44622
7481;44623
7481;44624
7481;44625
7481;44626
7481;44628
7482;44629
7483;44630
7484;44631
7484;44632
7484;44633
7485;44634
7485;44635
7485;44636
7485;44637
7485;44638
7485;44639
7485;44640
7486;44608
1781;44661
1784;44662
1784;44663
1784;44664
1784;44665
1784;44666
1786;44667
1786;44668
1786;44669
1786;44670
1786;44671
1803;44672
1840;44680
3924;44651
3925;44651
3989;44644
3992;44645
3992;44646
4000;44647
4000;44648
4000;44649
4001;44647
4001;44648
4001;44649
4003;44652
4190;44660
4734;44673
4734;44674
4734;44675
4734;44676
4734;44677
4734;44678
5613;44653
5613;44654
5613;44655
5613;44656
5615;44658
5616;44659
5617;44659
5626;44658
5627;44658
5717;44650
5729;29446
5734;44657
5737;44658
5773;44679
5776;44681
7487;44641
7487;44642
7488;44643
7489;44682
7490;44683
7490;44684
7490;44685
7490;44686
7491;44687
7491;44688
7492;44688
1235;44689
642;44690
642;44691
6651;32698
6651;39868
6651;39869
7130;44692
7130;44693
7130;44694
7493;36228
7494;36228
7350;44695
7495;44696
7495;44697
7496;44698
7496;44699
7497;44700
7497;44701
7497;44702
7497;44703
7497;44704
7497;44705
2475;44707
2476;44708
6594;44710
6708;44712
6708;44713
7499;42617
7500;44711
7501;44709
7502;38460
7502;38461
7502;38462
7503;38473
7504;38500
7504;38501
7504;38502
7504;38503
7504;38504
7505;38737
7505;38738
7506;41698
7506;41699
7507;41488
7508;38828
7509;38858
7509;38859
7509;38860
7510;38861
7510;38862
7510;38863
7510;38864
7511;41768
7512;38968
7513;38969
7514;38974
7514;38975
7514;44714
7515;39059
7515;39060
7515;39061
7516;39765
7516;39766
7516;39767
7516;39768
7516;39769
7516;39770
7516;39771
7516;39772
7516;39773
7516;39774
7516;39775
7517;39145
7518;39166
7518;39167
118;44726
4652;44725
5041;44715
6548;44719
6572;44721
7498;44716
7519;44717
7520;44718
7522;41109
7522;44722
7522;44723
7522;44724
7523;36294
7521;44727
460;44731
460;44732
460;44733
2550;44734
4089;44522
4089;44523
4089;44728
4090;44522
4090;44523
4090;44728
4288;44729
4288;44730
7151;44735
7269;44735
7420;44728
7421;44728
7481;44736
7524;41492
7525;41492
280;37713
280;37714
280;44741
280;44742
280;44743
5899;44737
6124;44744
6124;44745
6124;44746
6124;44747
7526;29019
7526;44738
7526;44739
7526;44740
7527;44748
7528;44749
7528;44750
7528;44751
7528;44752
7528;44753
7529;44754
7529;44755
7529;44756
7529;44757
7530;44758
7530;44759
7530;44760
7530;44761
7530;44762
7531;44763
7532;44764
7532;44765
7532;44766
7532;44767
7532;44768
7533;44769
7534;44770
7534;44771
7535;44772
7535;44773
7536;44774
7536;44775
7537;44776
7537;44777
7537;44778
7538;44779
7539;41725
7539;41726
7540;44780
7540;44781
7541;44782
7541;44783
7542;44784
7542;44785
7543;44784
7543;44785
7544;41771
7544;41772
7545;44786
7545;44787
7545;44788
7546;39985
7547;44789
7548;44790
7548;44791
7549;44792
7550;44793
7551;44794
7552;41492
7553;44815
7554;44815
7555;44795
7556;28177
7556;44796
7556;44797
7556;44798
7556;44799
7556;44800
7556;44801
7557;28187
7557;28188
7557;28189
7557;28190
7557;28191
7557;28192
7557;28193
7557;28194
7557;28195
7558;28241
7558;28242
7558;44802
7558;44803
7558;44804
7558;44805
7558;44806
7558;44807
7559;28258
7559;28259
7559;28260
7559;28261
7559;28262
7560;28289
7560;28290
7560;28291
7560;28292
7560;28293
7560;28294
7560;28295
7560;28296
7561;28308
7561;28309
7562;28328
7562;28330
7562;44808
7563;28333
7563;28334
7563;28335
7564;28336
7565;28336
7566;44809
7566;44810
7567;28363
7567;28364
7567;28365
7568;28363
7568;28365
7568;44811
7568;44812
7569;28386
7570;28386
7571;28394
7572;43260
7573;28402
7574;28407
7575;28408
7576;28410
7577;28442
7577;28443
7578;28444
7579;28448
7579;39859
7580;44813
7581;44813
7582;28456
7582;28457
7583;38068
7584;28460
7585;44814
7586;28518
7587;28518
7588;39731
7588;39732
7589;44816
7589;44817
1080;44818
1081;44819
7590;38466
7591;41675
7591;41676
7591;41677
7592;38795
7593;38811
7593;38812
7593;38813
7594;41735
7594;41736
7595;38974
7595;38977
7595;38978
7595;38979
7596;39193
2546;44829
3141;44824
3141;44825
3141;44826
3141;44827
3141;44828
3589;44844
3589;44845
3589;44846
3589;44847
3589;44848
4209;44849
6244;44842
7142;44831
7142;44832
7142;44833
7199;44836
7199;44837
7265;44836
7265;44837
7379;44822
7379;44823
7388;44834
7389;44835
7391;44838
7391;44839
7392;44840
7392;44841
7393;44843
7432;44820
7432;44821
7597;27922
7597;44830
7598;36294
7599;44851
7600;44717
7601;44852
7602;44853
7603;44853
7604;44854
7605;31024
7606;44855
7607;44856
7608;44857
7609;44850
7610;44850
7611;44850
7612;44850
7613;44850
7614;44858
7614;44859
7614;44860
7614;44861
7614;44862
7615;44858
7615;44859
7615;44860
7615;44861
7615;44862
7616;44863
7617;44864
7618;44865
7619;44866
7619;44867
7619;44868
7620;44869
7621;44870
6549;44871
5862;44872
5862;44873
5862;44874
1615;36636
1615;44880
1615;44881
3166;44877
3166;44878
3166;44879
7622;44875
7623;44876
7624;41980
7625;44882
7625;44883
7625;44884
7625;44885
7625;44886
7625;44887
7626;44882
7626;44883
7626;44884
7626;44885
7626;44886
7626;44887
7627;28265
7627;28266
7627;28267
7627;28667
7628;28314
7628;28315
7628;28316
7629;28314
7629;28315
7629;28316
7630;28385
7631;28394
7632;28398
7632;28399
7632;28400
7632;28401
7633;38347
7633;38348
7634;44888
7634;44889
7634;44890
7634;44891
7634;44892
7635;44893
7635;44894
7635;44895
7635;44896
7636;44897
7636;44898
7637;44899
7638;44900
7638;44901
7638;44902
7638;44903
7638;44904
7639;38861
7639;38862
7639;38863
7639;38864
7640;42270
7641;38951
4075;28755
7642;44905
7642;44906
7642;44907
7642;44908
7643;28198
7644;28297
7644;28298
7644;28299
7644;28300
7644;28301
7644;28302
7644;28303
7645;28325
7645;44909
7645;44910
7645;44911
7645;44912
7645;44913
7645;44914
7646;28325
7646;44909
7646;44910
7646;44911
7646;44912
7646;44913
7646;44914
7647;28344
7647;28345
7648;28398
7648;28399
7648;28400
7648;28401
7649;28454
7649;28455
7650;38347
7650;38348
7651;44915
7652;44916
7652;44917
7652;44918
7653;44919
7654;44920
7654;44921
7654;44922
7655;44923
7655;44924
7656;44925
1649;44927
7036;44926
7657;44928
7658;44929
7659;42110
7659;42170
7660;44930
7661;44931
7661;44932
7661;44933
7661;44934
7661;44935
7662;44936
7662;44937
7662;44938
7662;44939
7662;44940
1741;44946
1743;44946
6513;44947
6586;44941
6586;44942
6586;44943
6586;44944
6586;44945
6625;44948
7663;44949
7664;44950
7665;44951
7665;44952
7665;44953
7665;44954
7665;44955
7666;44956
7666;44957
7666;44958
7666;44959
7666;44960
7666;44961
2782;44962
2782;44963
2782;44964
2782;44965
2782;44966
2782;44967
7231;44941
7231;44968
6900;44969
6901;44969
