id;produto_id;marca_id;codigo;codigo_pesq
2;42;31;52268937;52268937
3;656;31;376827550;376827550
4;415;31;2314159013;2314159013
5;420;31;ZBA425021D;ZBA425021D
6;54;31;940621508;940621508
7;90;31;93251864;93251864
8;122;31;90129493;90129493
9;579;31;102503;102503
10;206;31;7073397;7073397
11;207;31;7073543;7073543
12;644;31;ZBA412503A;ZBA412503A
13;602;31;3054125035;3054125035
14;603;31;377412503AE;377412503AE
15;115;31;94644420;94644420
16;652;31;ZBC412503;ZBC412503
18;91;31;93218896;93218896
19;153;31;93223742;93223742
21;225;31;500018070;500018070
25;257;31;46 420 780;46420780
28;654;31;ZBC513029B;ZBC513029B
29;627;31;191513033;191513033
30;628;31;191513033B;191513033B
31;445;31;55300 4F700;553004F700
32;62;31;90222900;90222900
33;3;31;NK71E-34-700;NK71E34700
34;455;31;NK721-28-700;NK72128700
35;607;31;377513029L;377513029L
36;608;31;377513029H;377513029H
37;632;31;1114130311;1114130311
38;55;31;94608769;94608769
39;102;31;94608779;94608779
40;67;31;94634887;94634887
41;116;31;94644422;94644422
42;583;31;1054130311;1054130311
44;68;31;03303839;3303839
45;69;31;9303841;9303841
46;634;31;2115130314;2115130314
47;327;31;75MU18080A;75MU18080A
48;609;31;3055130291;3055130291
49;74;31;94615011;94615011
50;610;31;3055130293;3055130293
51;645;31;ZBA513031C;ZBA513031C
52;635;31;2114130319;2114130319
53;658;31;3085130293;3085130293
54;643;31;3095130293;3095130293
55;331;31;85NU18080B;85NU18080B
56;98;31;52272799;52272799
57;117;31;52257133;52257133
58;123;31;93218095;93218095
59;99;31;93218898;93218898
60;154;31;93223744;93223744
61;92;31;93233349;93233349
62;636;31;2374130311;2374130311
63;5;31;AA11028700B;AA11028700B
64;6;31;AA10028700B;AA10028700B
65;472;31;CA340002;CA340002
66;473;31;CA330001;CA330001
67;613;31;5X9513029D;5X9513029D
68;459;31;0K60A-3470A;K60A3470A
69;446;31;54310 4F000;543104F000
70;692;31;811.407.153.C;811407153C
71;693;31;857.457.154 1 C;8574571541C
72;693;31;857.457.153 1 C;8574571531C
74;693;31;857.407.157.1 C;8574071571C
76;808;31;307.407.155.1.C;3074071551C
77;809;31;305.407.155.3.C;3054071553C
82;807;31;6Q0407151ED;6Q0407151ED
85;746;31;46.454.598 S;46454598S
86;747;31;46.454.597 S;46454597S
87;743;31;7.576.418 C;7576418C
91;690;31;46474556;46474556
92;691;31;46474557;46474557
93;741;31;46777742;46777742
95;696;31;94.602.707 C;94602707C
96;697;31;94.602.708 C;94602708C
97;698;31;93.219.351 C;93219351C
99;702;31;93.204.465 C;93204465C
100;703;31;93.233.488 C;93233488C
101;704;31;93.204.551 C;93204551C
103;733;31;93.216.574 C;93216574C
104;734;31;93.216.573 C;93216573C
105;712;31;7.322.151 S;7322151S
106;713;31;7.322.152 S;7322152S
107;714;31;7.322.149 C;7322149C
108;715;31;7.322.150 C;7322150C
109;716;31;8957756;8957756
112;718;31;8937986;8937986
113;718;31;52259198;52259198
114;719;31;94613239;94613239
115;720;31;94613240;94613240
116;709;31;93213425;93213425
117;710;31;93213426;93213426
122;725;31;9.306.509 C;9306509C
123;725;31;9.306.509 CAA;9306509CAA
124;726;31;9.306.510 C;9306510C
125;726;31;9.306.510 CAA;9306510CAA
126;727;31;90445118;90445118
127;728;31;90445119;90445119
130;731;31;93.368.868.BC;93368868BC
131;732;31;93.368.869.BC;93368869BC
133;754;31;85NU 5K 742 A;85NU5K742A
135;768;31;95AB 3051 ABB;95AB3051ABB
137;767;31;542407366;542407366
138;780;31;542407365;542407365
141;773;31;97KB.3051-CB;97KB3051CB
142;774;31;97KB.3042-CBH;97KB3042CBH
143;775;31;97KB.3051-CBH;97KB3051CBH
150;735;31;3520.H4;3520H4
152;735;31;3520.A2;3520A2
153;735;31;3520.F5;3520F5
154;735;31;3520.G3;3520G3
159;736;31;3521.72;352172
163;792;31;3520-C8;3520C8
164;793;31;3521 C8;3521C8
168;799;31;7700781035;7700781035
169;799;31;7700818052;7700818052
170;799;31;7701465159;7701465159
172;804;31;48.068-12 191;4806812191
173;56;31;94630386;94630386
174;637;31;21151303114;21151303114
175;145;31;90223732;90223732
176;80;31;93228390;93228390
177;659;31;376513029;376513029
178;660;31;5X9513029;5X9513029
179;43;31;4570098001;4570098001
180;33;31;93278843;93278843
181;375;31;2C353E651AA;2C353E651AA
182;614;31;3054125037;3054125037
183;299;31;7734652;7734652
184;300;31;7735912;7735912
185;417;31;32541250311;32541250311
186;301;31;501000780;501000780
187;302;31;501000198;501000198
188;264;31;464567250;464567250
189;155;31;93227087;93227087
191;26;31;90496642;90496642
192;278;31;824912930;824912930
193;156;31;93229861;93229861
194;9;31;1JO413025BG;1JO413025BG
195;188;31;9688605180;9688605180
196;176;31;9687636980;9687636980
197;398;31;7S55-18K076-AB;7S5518K076AB
198;425;31;52611-SIL-M010;52611SILM010
200;63;31;93310409;93310409
201;57;31;52285218;52285218
204;27;31;93226159;93226159
205;124;31;93227976;93227976
206;353;31;557513029D;557513029D
207;383;31;96FB18K076DC;96FB18K076DC
208;399;31;97KB18045CB;97KB18045CB
209;519;31;7700436289;7700436289
210;519;31;8200 1264 05;8200126405
211;489;31;562006S300;562006S300
212;490;31;562006S310;562006S310
213;483;31;CH340000;CH340000
214;495;31;56200EK000;56200EK000
215;248;31;00517335240;517335240
216;280;31;517618290;517618290
217;250;31;00517699970;517699970
218;536;31;8200793253;8200793253
219;526;31;562105006R;562105006R
220;661;31;5U7512011A;5U7512011A
221;479;31;CA340194;CA340194
223;261;31;00518339540;518339540
225;484;31;CA340206;CA340206
226;281;31;518921850;518921850
227;259;31;518755920;518755920
228;460;31;54300-4E200;543004E200
229;410;31;8L55-18080-AB;8L5518080AB
230;410;31;F87-18080-UA;F8718080UA
232;576;31;48530-09Q06;4853009Q06
233;576;31;48530-09Q00;4853009Q00
234;573;31;48531-09710;4853109710
235;574;31;48510-090K70;48510090K70
236;434;31;52611-SWA-A02;52611SWAA02
237;148;31;93302785;93302785
239;58;31;52285222;52285222
240;338;31;87FB18080DA;87FB18080DA
241;28;31;93258744;93258744
242;81;31;166593287824;166593287824
243;169;31;93364502;93364502
244;265;31;468123500;468123500
245;510;31;9682978180;9682978180
247;507;31;9682972480;9682972480
248;515;31;9687125290;9687125290
251;104;31;94761909;94761909
252;363;31;TPH413031;TPH413031
253;364;31;TPH513031A;TPH513031A
254;238;31;500042950;500042950
255;129;31;93279203;93279203
256;305;31;46414586;46414586
258;412;31;2UA513031;2UA513031
259;295;31;465389940;465389940
260;365;31;2UE413031;2UE413031
261;172;31;53015017AA;53015017AA
262;173;31;53015052AA;53015052AA
264;130;31;93279208;93279208
265;539;31;8200051418;8200051418
266;2;31;46436110;46436110
267;402;31;89EU18045A1A;89EU18045A1A
268;403;31;89EU18045B1A;89EU18045B1A
269;366;31;TNK513031;TNK513031
270;239;31;7763880;7763880
272;404;31;89PU18080A1A;89PU18080A1A
273;341;31;551413031;551413031
274;333;31;551413031B;551413031B
275;367;31;89TU18077BA;89TU18077BA
276;368;31;89TU18097BA;89TU18097BA
277;196;31;1332301080;1332301080
278;196;31;5206 FN;5206FN
279;196;31;5206 YZ;5206YZ
280;528;31;8200097812;8200097812
281;529;31;4500240;4500240
282;530;31;8200097809;8200097809
283;491;31;561106S300;561106S300
284;492;31;561106S310;561106S310
285;480;31;CA330233;CA330233
286;271;31;518145980;518145980
287;298;31;00517969060;517969060
288;487;31;CA330589;CA330589
289;413;31;1L54-18045-AA;1L5418045AA
290;413;31;5L55-18045-AA;5L5518045AA
291;421;31;32551302910;32551302910
292;418;31;3315130298;3315130298
293;356;31;89AU18K076AA;89AU18K076AA
294;385;31;98FU18045DA;98FU18045DA
295;400;31;97KB18K076BB;97KB18K076BB
296;339;31;97FB18045BB;97FB18045BB
298;159;31;93229763;93229763
299;160;31;93229764;93229764
300;520;31;7700434923;7700434923
301;521;31;7700434925;7700434925
302;521;31;8200 1264 08;8200126408
303;82;31;93287882;93287882
304;296;31;467962770;467962770
305;266;31;468120280;468120280
306;267;31;46815861;46815861
309;500;31;5202X7;5202X7
310;501;31;5202X6;5202X6
311;249;31;00517335220;517335220
312;251;31;00517699950;517699950
313;527;31;543022474R;543022474R
314;537;31;543023735R;543023735R
315;273;31;518680720;518680720
316;289;31;00518695430;518695430
317;112;31;94757336;94757336
318;112;31;94757335;94757335
319;105;31;94761910;94761910
320;106;31;94761911;94761911
321;358;31;557413031;557413031
324;308;31;46414580;46414580
325;125;31;93227973;93227973
326;29;31;93247095;93247095
327;30;31;93247096;93247096
328;540;31;8200061950;8200061950
329;255;31;00465535000;465535000
330;268;31;467384530;467384530
331;274;31;467384540;467384540
332;297;31;467384970;467384970
333;212;31;467584600;467584600
334;170;31;93364493;93364493
335;171;31;93364494;93364494
336;256;31;467943270;467943270
337;488;31;CA330013;CA330013
338;10;31;1JO413031AG;1JO413031AG
339;220;31;00517498300;517498300
342;282;31;00517997900;517997900
343;283;31;00517997830;517997830
344;253;31;00517997870;517997870
345;254;31;00517997940;517997940
348;511;31;9687056980;9687056980
349;512;31;9687057180;9687057180
350;508;31;9682977780;9682977780
351;509;31;9682977580;9682977580
352;516;31;9687835180;9687835180
353;517;31;9687835280;9687835280
354;177;31;9687162580;9687162580
355;178;31;9687162780;9687162780
356;189;31;9688509080;9688509080
357;190;31;9688509180;9688509180
358;216;31;00518387310;518387310
359;269;31;518554230;518554230
360;662;31;5U7 413 031;5U7413031
361;217;31;00518387320;518387320
365;316;31;518495460;518495460
366;317;31;518495440;518495440
368;284;31;518921910;518921910
369;284;31;518921930;518921930
370;285;31;518921920;518921920
371;285;31;518921940;518921940
372;448;31;54660 2B200;546602B200
373;449;31;54650 2B200;546502B200
375;561;31;48510-09U10;4851009U10
376;561;31;48510-02610;4851002610
377;401;31;7S55-18045-AB;7S5518045AB
379;562;31;48520-09M40;4852009M40
380;452;31;54651-2E500;546512E500
381;453;31;54661-2E500;546612E500
382;435;31;51606-SXS-A02;51606SXSA02
383;436;31;51605-SXS-A02;51605SXSA02
384;428;31;51605-SIL-M010;51605SILM010
385;431;31;51606-SNJ-P030;51606SNJP030
386;432;31;51605-SNJ-P030;51605SNJP030
387;563;31;48530-19715;4853019715
388;564;31;48540-19165;4854019165
389;565;31;48510-80222;4851080222
390;566;31;48520-80048;4852080048
391;197;31;1347499080;1347499080
392;197;31;5208 S9;5208S9
393;197;31;5208 X0;5208X0
394;45;31;93228966;93228966
395;46;31;93228967;93228967
396;141;31;166593252129;166593252129
397;142;31;166593252130;166593252130
398;135;31;93230511;93230511
401;406;31;85NU18045B;85NU18045B
402;551;31;48511.98002;4851198002
403;552;31;48531.98002;4853198002
404;553;31;48531.98003;4853198003
406;38;31;93233460;93233460
409;137;31;93231999;93231999
411;204;31;0101447;101447
413;334;31;78MU18045D;78MU18045D
414;369;31;79TU18097A;79TU18097A
415;407;31;82PU18080A;82PU18080A
416;342;31;85EU18045B;85EU18045B
417;335;31;85NU18045B;85NU18045B
418;19;31;94646970;94646970
419;370;31;79TU18077B;79TU18077B
421;13;31;52286771;52286771
422;47;31;52286772;52286772
423;49;31;7317416;7317416
424;50;31;7364848;7364848
425;554;31;4851198001;4851198001
426;555;31;4853198001;4853198001
428;149;31;93325954;93325954
429;827;31;377407366B;377407366B
432;826;31;6Q0407366A;6Q0407366A
434;828;31;3054073665;3054073665
435;829;31;3054073655;3054073655
436;813;31;4358537;4358537
437;813;31;4402649;4402649
438;813;31;7529148;7529148
439;824;31;7082812;7082812
440;824;31;46779293;46779293
441;830;31;46454599;46454599
442;830;31;46437969;46437969
443;830;31;46437959;46437959
444;830;31;7076402;7076402
445;831;31;46549773;46549773
446;831;31;46591435;46591435
447;831;31;4226335;4226335
448;822;31;90216543;90216543
449;822;31;90295324;90295324
450;817;31;17980955;17980955
451;817;31;22146040;22146040
452;821;31;7329482;7329482
453;821;31;7334616;7334616
454;821;31;7334619;7334619
455;825;31;547467365;547467365
456;816;31;78MU3263A;78MU3263A
457;823;31;94FB3395A2B;94FB3395A2B
458;823;31;96FB3395AB;96FB3395AB
459;823;31;96FB3395AC;96FB3395AC
460;814;31;1J0407366A;1J0407366A
461;814;31;1J0407366B;1J0407366B
462;814;31;1J0407366C;1J0407366C
463;814;31;1J0407366D;1J0407366D
464;815;31;1J0407365A;1J0407365A
465;815;31;1J0407365B;1J0407365B
466;815;31;1J0407365C;1J0407365C
467;815;31;1J0407365D;1J0407365D
468;820;31;364056;364056
475;845;31;1J0422807B;1J0422807B
485;876;31;6Q0423803B;6Q0423803B
491;910;31;6QE419810;6QE419810
492;935;31;9014600155;9014600155
496;860;31;9947713;9947713
500;901;31;7077206;7077206
501;914;31;7081851;7081851
504;902;31;7076231;7076231
505;834;31;7074037;7074037
506;834;31;5960321;5960321
510;926;31;7079388;7079388
511;927;31;7081842;7081842
513;928;31;7079382;7079382
514;881;31;93388624;93388624
516;863;31;93296755;93296755
518;851;31;93284991;93284991
520;884;31;322155;322155
522;865;31;7317075;7317075
524;885;31;93388623;93388623
528;887;31;XS6C3L519BA;XS6C3L519BA
531;903;31;91AB3L519CB;91AB3L519CB
532;898;31;2S6C3280LB;2S6C3280LB
534;852;31;F57Z3280AA;F57Z3280AA
539;904;31;547419803B;547419803B
540;906;31;2S953L519AA;2S953L519AA
544;890;31;96FB3L519BA;96FB3L519BA
545;853;31;86EU3280A1A;86EU3280A1A
549;891;31;9983325;9983325
550;836;31;3812C5;3812C5
563;869;31;7701472120;7701472120
567;870;31;7701472113;7701472113
575;878;31;4550319215;4550319215
578;879;31;4550302070;4550302070
597;942;31;811419812B;811419812B
600;943;31;1J0422811B;1J0422811B
603;944;31;1J0422812B;1J0422812B
606;946;31;45456660;45456660
609;945;31;1543080;1543080
611;947;31;547419812;547419812
612;1565;31;66549;66549
614;1600;31;508733;508733
615;1607;31;508740;508740
616;1605;31;508745;508745
617;1606;31;508748;508748
618;1608;31;508750;508750
619;1640;31;4694855;4694855
620;1538;31;6062529;6062529
621;1535;31;46413122;46413122
622;1544;31;46836399;46836399
623;1537;31;51704008;51704008
626;1536;31;60809242;60809242
627;1547;31;90278579;90278579
628;1558;31;90334075;90334075
629;1546;31;90495045;90495045
630;1548;31;90496116;90496116
631;1562;31;90496711;90496711
633;1602;31;91145457;91145457
634;1559;31;92036511;92036511
635;1560;31;92078631;92078631
636;1556;31;93231273;93231273
637;1557;31;93258747;93258747
638;1561;31;93323863;93323863
639;1522;31;855407469;855407469
640;1534;31;1300716080;1300716080
641;1528;31;1683201089;1683201089
642;1532;31;2033200489;2033200489
643;1629;31;4881298001;4881298001
644;1625;31;48820-02040;4882002040
645;1622;31;4882033010;4882033010
646;1632;31;4883012060;4883012060
647;1633;31;4883020010;4883020010
648;1635;31;4883035020;4883035020
650;1614;31;7700309070;7700309070
651;1613;31;7700309071;7700309071
653;1610;31;7700805494;7700805494
654;1615;31;8200669066;8200669066
655;1576;31;20060167006;20060167006
656;1575;31;20060168006;20060168006
657;1636;31;31351091764;31351091764
658;1637;31;31351091855;31351091855
659;1638;31;31351091856;31351091856
660;1529;31;63132330044;63132330044
661;1524;31;191.411.315-A;191411315A
662;1523;31;191.411.315-B;191411315B
663;1533;31;1A.901.320.00;1A90132000
664;1530;31;1A.901.320.02.89;1A9013200289
665;1525;31;1J0.411315/C;1J0411315C
667;1579;31;1S71-5C486-AD;1S715C486AD
668;1651;31;20470SA010;20470SA010
669;1652;31;20470SA011;20470SA011
670;1570;31;2C35-3B438-AB;2C353B438AB
671;1569;31;2C35-3B439-AB;2C353B439AB
672;1577;31;2N15-5K484-AA;2N155K484AA
673;1571;31;2S65-3B438-BA;2S653B438BA
674;1631;31;48810.0K020;488100K020
675;1630;31;48820.0K040;488200K040
676;1604;31;508739;508739
679;1585;31;51312.SR3000;51312SR3000
680;1589;31;51320.5AA003;513205AA003
681;1587;31;51320.S5A003;51320S5A003
682;1584;31;51320.ST7003;51320ST7003
683;1588;31;51321.5AA003;513215AA003
684;1586;31;51321.S5A003;51321S5A003
686;1593;31;51320-STK-A01;51320STKA01
687;1592;31;51320-TF0-003;51320TF0003
689;1595;31;52320.SSA013;52320SSA013
690;1594;31;52321.SSA013;52321SSA013
692;1598;31;52320-SWA-A01;52320SWAA01
693;1596;31;52321SNA A01;52321SNAA01
694;1599;31;52321-SWA-A01;52321SWAA01
695;1667;31;54 830 1J 000;548301J000
696;1665;31;54 830 2K 000;548302K000
697;1668;31;54 840 1J 000;548401J000
698;1666;31;54 840 2K 000;548402K000
699;1657;31;54.830.25.010;5483025010
700;1656;31;54.830.25.020;5483025020
701;1648;31;546.180W.001;546180W001
703;1649;31;54618 JX 00A;54618JX00A
704;1521;31;547.411.315-B;547411315B
705;1521;31;YS41-3B438-AB;YS413B438AB
706;1658;31;54830.2E100;548302E100
708;1659;31;55.830.25.000;5583025000
709;1660;31;55530-1E000;555301E000
710;1526;31;6Q0.411.315-P;6Q0411315P
711;1527;31;8DO.411.317-D;8DO411317D
712;1578;31;93BB-5K566-AH;93BB5K566AH
714;1531;31;A.901.320.03.89;A9013200389
715;1567;31;D5TA-5K483-BA;D5TA5K483BA
716;1583;31;DM35.43124;DM3543124
718;1573;31;F77Z-5K483-AA-5495-AA;F77Z5K483AA5495AA
719;1580;31;F77Z-5K484-HÁ;F77Z5K484HA
720;1566;31;F81Z-5K483-AA;F81Z5K483AA
721;1568;31;F81Z-5K483-BA;F81Z5K483BA
722;1653;31;H5471943001;H5471943001
723;1661;31;K710.34010.K;K71034010K
724;1672;31;MB 109.679;MB109679
726;1664;31;OK.113.4150;OK1134150
727;1662;31;OK72A-34150;OK72A34150
728;1581;31;YC35-5K484-CA;YC355K484CA
730;1582;31;15996719;15996719
731;1564;31;YS71-3B438-AA;YS713B438AA
734;1676;31;377199415;377199415
735;1677;31;377.199.415.B;377199415B
736;1678;31;377.199.415.A;377199415A
737;1679;31;811.407.181.A;811407181A
738;1680;31;857407181;857407181
739;1681;31;191.407.181.D;191407181D
740;1682;31;1J0.407.181;1J0407181
741;1683;31;211.513.381.1;2115133811
742;1684;31;305.419.809.1;3054198091
743;1685;31;321.199.419.Z;321199419Z
744;1686;31;811.199.419.B;811199419B
745;1686;31;325.199.419.1;3251994191
746;1687;31;377199419;377199419
747;1688;31;325.199.419.2;3251994192
748;1689;31;6Q0.407.183;6Q0407183
749;1689;31;1K0.407.183;1K0407183
750;1690;31;823.511.247.A;823511247A
751;1691;31;327501541;327501541
752;1692;31;305.501.541.2;3055015412
753;1693;31;7544738;7544738
754;1694;31;7674701;7674701
755;1695;31;46421522;46421522
756;1696;31;50.700.443;50700443
757;1696;31;51.790.360;51790360
758;1697;31;4251331;4251331
759;1698;31;7507423;7507423
760;1699;31;94.614.914;94614914
761;1700;31;94644424;94644424
762;1701;31;52.269.206;52269206
763;1702;31;93.270.584;93270584
764;1703;31;00.337.972;337972
765;1704;31;90468638;90468638
766;1705;31;93390600;93390600
767;1706;31;7.334.733;7334733
768;1707;31;9.304.437;9304437
769;1708;31;7317426;7317426
771;1710;31;93208194;93208194
772;1711;31;93383155;93383155
773;1712;31;67611;67611
774;1713;31;BD8M.3062.A;BD8M3062A
775;1714;31;BD8M.3063.A;BD8M3063A
776;1715;31;82NU.3063.A;82NU3063A
777;1716;31;85NU.3063.A;85NU3063A
778;1717;31;84AU.3063.A;84AU3063A
779;1717;31;90AU.3063.AA;90AU3063AA
780;1718;31;E1.T2.3B177.A;E1T23B177A
782;1719;31;E1TZ.3B177.A;E1TZ3B177A
783;1720;31;C7TZ.3B177.A;C7TZ3B177A
784;1721;31;2S65.3063.AA;2S653063AA
785;1722;31;3M35.3A262.AA;3M353A262AA
786;1723;31;3M35.3A262.AA;3M353A262AA
787;1724;31;2S65.3A62.AB;2S653A62AB
788;1725;31;XS61.6P082.AA;XS616P082AA
789;1726;31;547407181;547407181
790;1727;31;547407181;547407181
791;1728;31;98AG-3063-AE;98AG3063AE
792;1729;31;85NU.3W001.A;85NU3W001A
793;1730;31;81AB.5K.897.BA;81AB5K897BA
794;1731;31;BC8C.5781.A;BC8C5781A
795;1732;31;547.501.541.A;547501541A
796;1733;31;97AG.5K653.AA;97AG5K653AA
797;1733;31;97AB.5K653.AA;97AB5K653AA
798;1734;31;95AB.5K653.CA;95AB5K653CA
799;1735;31;51392.S5A.004;51392S5A004
800;1736;31;3523-770;3523770
801;1737;31;3523-760;3523760
802;1738;31;4806912240;4806912240
803;1772;31;7718991;7718991
804;1773;31;7779754;7779754
805;1774;31;46520124;46520124
806;1775;31;7600825;7600825
807;1776;31;46.439.600;46439600
808;1776;31;50.003.043;50003043
809;1777;31;7563985;7563985
810;1778;31;46540380;46540380
811;1779;31;7717286;7717286
812;1780;31;50017753;50017753
813;1781;31;51736531;51736531
814;1782;31;51736529;51736529
815;1783;31;5.000.2358;50002358
816;1784;31;46.760.673;46760673
817;1785;31;5.000.2357;50002357
818;1786;31;46.760.674;46760674
819;1787;31;7583185;7583185
820;1788;31;46450462;46450462
821;1789;31;46454078;46454078
822;1790;31;46339370;46339370
823;1791;31;46748579;46748579
824;1792;31;46450461;46450461
825;1793;31;46748578;46748578
826;1794;31;46454077;46454077
827;1795;31;46339369;46339369
828;1796;31;51833942;51833942
829;1797;31;51833942;51833942
830;1798;31;51709070;51709070
831;1799;31;5.000.4401;50004401
832;1799;31;82.430.666;82430666
833;1800;31;7537167;7537167
834;1801;31;7.635.228;7635228
835;1801;31;5.000.3043;50003043
836;1827;31;BD8M.6038.A;BD8M6038A
837;1828;31;90AU.6038.BA;90AU6038BA
838;1829;31;84.AU.6B032.C;84AU6B032C
839;1830;31;BE1E.6068.A;BE1E6068A
840;1832;31;86AU.6038.AA;86AU6038AA
841;1833;31;547412325;547412325
842;1835;31;95AB.3K155.AD;95AB3K155AD
843;1837;31;86AU.3K132.AA;86AU3K132AA
844;1839;31;95AB.3K155.AD;95AB3K155AD
845;1841;31;86AU.3K132.AA;86AU3K132AA
846;1844;31;90AU.6B049.AA;90AU6B049AA
847;1845;31;84.AU.6B049.C;84AU6B049C
848;1846;31;2N15.6F012-NA;2N156F012NA
849;1846;31;7S45.6038.AA;7S456038AA
853;1853;31;1839.F0;1839F0
854;1854;31;5031.77;503177
855;1855;31;5031.77;503177
856;1859;31;5031.80;503180
859;1860;31;5031.81;503181
2722;2269;31;5U0407366A;5U0407366A
2723;2270;31;5U0407365A;5U0407365A
2724;2271;31;5U0422811;5U0422811
2726;2272;31;5U0422812;5U0422812
2728;2273;31;381741;381741
2729;2274;31;381742;381742
2731;2276;31;95.299.172;95299172
2732;2277;31;13219141;13219141
2733;2278;31;3M51-3B438-AB;3M513B438AB
2734;2279;31;546182198R;546182198R
2735;2280;31;8200814411;8200814411
2736;2281;31;6001550443;6001550443
2737;2282;31;6001550442;6001550442
2738;2290;31;55361 2F100;553612F100
2739;2291;31;55351 2F100;553512F100
2740;2293;31;547419811;547419811
2741;2294;31;1603167;1603167
2742;2294;31;90095280;90095280
2743;2294;31;93222812;93222812
2744;2294;31;94635311;94635311
2745;2313;31;AE5Z-5K483-A;AE5Z5K483A
2746;2312;31;3M8Z-5K483-L;3M8Z5K483L
2747;2311;31;3M8Z-5K483-R;3M8Z5K483R
2748;2310;31;8V5Z5K484/A;8V5Z5K484A
2749;2308;31;MR992310;MR992310
2750;2309;31;MR992309;MR992309
2751;2307;31;AKO-411-315-R;AKO411315R
2784;2350;31;377407365;377407365
2787;2352;31;93284992;93284992
2790;2353;31;93325022;93325022
2791;2353;31;90542574;90542574
2792;2353;31;1603202;1603202
2793;2353;31;90539896;90539896
2794;2354;31;90576327;90576327
2795;2354;31;90576748;90576748
2796;2354;31;93381792;93381792
2797;2355;31;7701455905;7701455905
2798;2355;31;7701460886;7701460886
2799;2355;31;78MU3395A;78MU3395A
2815;2374;31;51868333;51868333
2816;2375;31;3054198113;3054198113
2828;2388;31;6Q0407365A;6Q0407365A
2830;2389;31;93222813;93222813
2831;2389;31;1603120;1603120
2832;2389;31;947 88 122;94788122
2833;2389;31;522 82 309;52282309
2834;2390;31;90135947;90135947
2836;2391;31;90135948;90135948
2838;2392;31;1J0.411.315-K;1J0411315K
2839;523;31;90 45 200 04R;904520004R
2840;522;31;654712943R;654712943R
2864;818;31;1314053711;1314053711
2866;819;31;1314053611;1314053611
2868;2422;31;377407365B;377407365B
2870;2423;31;52259126;52259126
2871;2423;31;7323878;7323878
2872;2423;31;9757706;9757706
2883;2129;31;13272605;13272605
2884;2130;31;13272606;13272606
2887;2333;31;51795840;51795840
2888;2332;31;51795841;51795841
2889;751;31;51834373;51834373
2891;729;31;93381788;93381788
2892;730;31;93381789;93381789
2895;803;31;4.806.912 191;4806912191
2896;796;31;7700425227;7700425227
2897;797;31;7700425228;7700425228
2899;800;31;7700820029;7700820029
2900;2138;31;8200679063;8200679063
2903;2123;31;8200910717;8200910717
2908;2417;31;1K0407151-BC;1K0407151BC
2909;2418;31;1K0407152-BC;1K0407152BC
2910;778;31;2L5Z.3082-AA;2L5Z3082AA
2911;779;31;2L5Z.3083.AA;2L5Z3083AA
2912;766;31;2S65.3042-BD/BC;2S653042BDBC
2913;765;31;2S65.3051-BD/BC;2S653051BDBC
2914;738;31;3250.J5;3250J5
2918;794;31;3520-K8;3520K8
2922;737;31;3521.F5;3521F5
2923;795;31;3521-G8;3521G8
2924;763;31;3S65.3042-AA;3S653042AA
2925;761;31;3S65.3042-BA;3S653042BA
2926;764;31;3S65.3051-AA;3S653051AA
2927;762;31;3S65.3051-BA;3S653051BA
2928;805;31;4.806.812.240-B;4806812240B
2929;806;31;4.806.912.240-B;4806912240B
2930;744;31;51.737.661BC;51737661BC
2931;745;31;51.737.662BC;51737662BC
2933;786;31;51350.SNJ.P00-B;51350SNJP00B
2934;784;31;51350-S5A-030;51350S5A030
2935;785;31;51360.SNJ.P00-B;51360SNJP00B
2936;783;31;51360-S5A-030;51360S5A030
2938;781;31;51460-S01-023;51460S01023
2941;2127;31;544103-F601;544103F601
2942;2128;31;544203-F601;544203F601
2943;2126;31;54500-2E000;545002E000
2944;2125;31;54500-2E000;545002E000
2945;2125;31;54501-2E000;545012E000
2946;2126;31;54501-2E000;545012E000
2947;811;31;5U0-407-151-A;5U0407151A
2948;811;31;5U0-407-151-B;5U0407151B
2951;2254;31;7S55 3042 AD;7S553042AD
2953;2255;31;7S55 3051 AD;7S553051AD
2959;756;31;85NU 3A 190 AS;85NU3A190AS
2960;725;31;9.306.509 CP;9306509CP
2963;2134;31;MB.527.161;MB527161
2964;2133;31;MB.527.512;MB527512
2970;2307;31;1K0411315R;1K0411315R
2971;1542;31;51790077;51790077
2973;1564;31;31351134592;31351134592
2975;1660;31;55530-1F000;555301F000
2976;1669;31;3542/2012;35422012
2989;2435;31;7086565;7086565
2990;2436;31;94740331;94740331
2991;2437;31;7690960;7690960
2995;2439;31;MB176309;MB176309
2996;2440;31;377407365C;377407365C
3000;2444;31;46745364;46745364
3001;2444;31;7087720;7087720
3002;2444;31;46456660;46456660
3048;2469;31;K04.766.962.AA;K04766962AA
3049;2470;31;K68.052.655.AA;K68052655AA
3050;2471;31;94717081;94717081
3051;2472;31;94717080;94717080
3052;2473;31;AB31-3052-CA;AB313052CA
3053;2474;31;AB31-3053-CA;AB313053CA
3054;2475;31;7T4Z-5K483-A;7T4Z5K483A
3055;2476;31;DG9Z-5K484-A;DG9Z5K484A
3059;2480;31;48820-33070;4882033070
3066;2488;31;98AG3395AE;98AG3395AE
3067;2489;31;81EU3289B;81EU3289B
3068;2490;31;3254073651;3254073651
3069;2491;31;3254073661;3254073661
3070;2492;31;7693816;7693816
3072;2493;31;7543028;7543028
3074;2494;31;90468598;90468598
3075;2495;31;7329559;7329559
3076;2496;31;93212310;93212310
3077;2497;31;352826;352826
3081;2508;31;1024158111;1024158111
3083;2506;31;1314155811;1314155811
3085;2507;31;1314155812;1314155812
3087;2509;31;131415812ZA;131415812ZA
3089;2513;31;3074198121;3074198121
3090;2514;31;357407365A;357407365A
3091;2515;31;3074198029;3074198029
3092;2516;31;2114158021;2114158021
3093;2517;31;377419802H;377419802H
3095;2518;31;94724298;94724298
3096;2519;31;5M51F406A10AC;5M51F406A10AC
3100;2523;31;51.761.830;51761830
3102;2526;31;54.610.2H300;546102H300
3108;2531;31;3054073651;3054073651
3109;2532;31;3054073661;3054073661
3114;2535;31;54630 3E021;546303E021
3135;2548;31;94733873;94733873
3136;2549;31;K68068866AE;K68068866AE
3137;2549;31;8068866AE;8068866AE
3139;2550;31;5C0 413 031 BE;5C0413031BE
3145;2551;31;5C0 513 029 D;5C0513029D
3146;2554;31;7089423;7089423
3157;2570;31;K04726115AC;K04726115AC
3159;2568;31;K04726118AE;K04726118AE
3162;2569;31;K04726119AE;K04726119AE
3163;2571;31;5178293AC;5178293AC
3164;2572;31;5NO513049L;5NO513049L
3166;2573;31;54661 3V410;546613V410
3168;2574;31;54651 3V410;546513V410
3170;2575;31;55311 3V010;553113V010
3172;2625;31;7701-468-411;7701468411
3173;2626;31;7701-462-182;7701462182
3174;2627;31;7086252;7086252
3175;2628;31;7086251;7086251
3177;2979;31;1K0-423-810A;1K0423810A
3179;2631;31;30741980212;30741980212
3189;66;49;MG 19038;MG19038
3191;205;49;MG 16114;MG16114
3193;114;49;MG 16074;MG16074
3196;651;49;MG 16330;MG16330
3198;95;49;MG 16532;MG16532
3200;96;49;MG 16533;MG16533
3202;97;49;MG 16532;MG16532
3206;89;49;MG 16535;MG16535
3208;347;49;MG 16214;MG16214
3210;348;49;MG 16215;MG16215
3212;349;49;MG 16216;MG16216
3222;350;49;MG 16707;MG16707
3227;597;49;MG 16719;MG16719
3237;414;49;MG 16638;MG16638
3240;75;49;MG 16704;MG16704
3245;518;49;MG 17178;MG17178
3249;76;49;MG 16955;MG16955
3254;77;49;MG 16955;MG16955
3255;247;49;MG 17177;MG17177
3256;437;49;MG 17125;MG17125
3258;535;49;MG 17127;MG17127
3259;25;49;MG 17123;MG17123
3260;469;31;168.980.1064;1689801064
3261;469;31;168.980.0664;1689800664
3264;2522;31;1SB 827 550;1SB827550
3265;420;31;2314159013;2314159013
3269;605;31;5U0 413031D;5U0413031D
3272;538;31;77 00 828 454;7700828454
3273;496;31;8731 E6;8731E6
3274;514;31;8731 N7;8731N7
3275;498;31;8731 G4;8731G4
3277;381;31;6S65 F406 A10 AA;6S65F406A10AA
3278;387;31;3M51/A406A1;3M51A406A1
3279;513;31;8731 93;873193
3283;191;31;96 530 05 880;9653005880
3284;247;31;468303890;468303890
3285;437;31;74820-SAD-0030;74820SAD0030
3287;531;31;82 00 491 670;8200491670
3288;535;31;82 00 526 363;8200526363
3289;494;31;84430-ET00A;84430ET00A
3290;464;31;81780-1F010;817801F010
3291;393;31;6E5Z 54406 A;6E5Z54406A
3292;394;31;7E5Z 54406 A;7E5Z54406A
3293;51;31;96 661 547;96661547
3294;648;31;6QE 823 359;6QE823359
3298;150;31;24465295;24465295
3299;151;31;93304730;93304730
3300;152;31;24463829;24463829
3302;252;31;51801718;51801718
3303;52;31;25 970 284;25970284
3304;433;31;74820SWAA01;74820SWAA01
3305;433;31;74870SWAA01;74870SWAA01
3306;441;31;81161-3L001;811613L001
3308;447;31;81780-2L000;817802L000
3309;447;31;81770-SL000;81770SL000
3310;462;31;81780-2P000;817802P000
3311;629;31;1K0 823 359A;1K0823359A
3312;2110;31;1K5 827 550 C;1K5827550C
3315;665;31;5N0 827 550 D;5N0827550D
3316;463;31;81 780 2K 000;817802K000
3317;463;31;81 770 2K 000;817702K000
3318;461;31;81780-1Y010;817801Y010
3319;461;31;81770 1Y010;817701Y010
3320;213;31;51860157;51860157
3321;214;31;51892895;51892895
3323;625;31;1J0 823 359 B;1J0823359B
3324;192;31;8731 N9;8731N9
3326;210;31;51785412;51785412
3327;245;31;51881984;51881984
3329;493;31;90 451 1HL0A;904511HL0A
3331;2104;31;95472696;95472696
3332;2105;31;94737213;94737213
3333;2106;31;25885060;25885060
3334;2111;31;15825422;15825422
3335;2113;31;2S65/A406A10/AE;2S65A406A10AE
3338;2109;31;5C6 827 550;5C6827550
3339;2112;31;8731 S8;8731S8
3340;2247;31;94747675;94747675
3341;2248;31;5Z6 827 550 G;5Z6827550G
3342;2249;31;94729407;94729407
3344;8;49;MG 17058;MG17058
3346;41;49;MG 19576;MG19576
3348;42;49;MG 19576;MG19576
3351;2251;31;81770-2B001;817702B001
3353;582;48;17001;17001
3354;582;49;AC 31071;AC31071
3359;206;48;25001;25001
3360;207;48;25002;25002
3361;208;48;25001;25001
3362;209;48;25002;25002
3364;644;49;CT 25001;CT25001
3365;644;50;664001;664001
3367;603;49;HG 30139;HG30139
3369;115;49;CT 32552;CT32552
3370;115;50;665042;665042
3371;652;48;46050;46050
3372;652;49;CT 32542;CT32542
3373;652;50;665700;665700
3374;235;48;46075;46075
3375;235;50;664702;664702
3376;91;48;46065;46065
3377;91;49;CT 32593;CT32593
3378;91;50;665036;665036
3379;153;48;46077;46077
3380;153;49;CT 32723;CT32723
3381;153;50;665063;665063
3386;225;49;CT 30732;CT30732
3387;225;50;664701;664701
3388;606;48;46091;46091
3389;606;49;CT 32771;CT32771
3391;657;49;CT 30826;CT30826
3392;657;50;664024;664024
3547;654;48;37881;37881
3548;654;49;AP 25543;AP25543
3549;654;50;441131;441131
3550;627;48;38209;38209
3551;627;49;AC 30790;AC30790
3552;627;50;443800;443800
3554;628;49;AC 31123;AC31123
3555;445;49;AC 31182;AC31182
3556;445;50;444340;444340
3558;477;49;AC 31036;AC31036
3559;477;50;444117;444117
3561;62;49;AC 30728;AC30728
3562;62;50;443225;443225
3563;3;48;38110;38110
3564;3;49;AC 30766;AC30766
3565;3;50;444162;444162
3566;455;48;38111;38111
3567;455;49;AC 30767;AC30767
3568;455;50;443302;443302
3569;607;48;38048;38048
3570;607;49;AC 30726;AC30726
3571;607;50;441126;441126
3572;608;48;38048;38048
3573;608;49;AC 30726;AC30726
3574;608;50;341439;341439
3575;632;48;38018;38018
3576;632;49;AC 25001;AC25001
3578;55;49;AC 25013;AC25013
3579;102;48;37917;37917
3580;102;49;AC 25068;AC25068
3581;102;50;444339;444339
3583;73;49;AC 25455;AC25455
3584;67;48;37917;37917
3585;67;49;AC 25068;AC25068
3587;116;49;AC 30553;AC30553
3590;583;49;AC 31070;AC31070
3591;583;50;443046;443046
3596;68;49;AC 25015;AC25015
3597;68;50;443026;443026
3599;69;49;AC 25016;AC25016
3600;634;48;37763;37763
3601;634;49;AC 25021;AC25021
3603;327;49;AP 25124;AP25124
3604;609;48;37826;37826
3606;74;49;AC 25172;AC25172
3610;645;49;AP 25243;AP25243
3611;635;48;37855;37855
3612;635;49;AC 30830;AC30830
3613;635;50;443470;443470
3614;658;48;37922;37922
3615;658;49;AP 30460;AP30460
3616;658;50;441130;441130
3617;643;48;37921;37921
3618;643;49;AP 30442;AP30442
3619;643;50;340083;340083
3621;331;49;AP 25124;AP25124
3623;98;49;AC 30591;AC30591
3624;98;50;443134;443134
3626;117;49;AC 30668;AC30668
3629;99;49;AC 30671;AC30671
3630;154;48;38041;38041
3631;154;49;AC 30724;AC30724
3632;92;48;37953;37953
3633;92;49;AC 30601;AC30601
3634;92;50;443471;443471
3635;636;48;38037;38037
3636;636;49;AC 30830;AC30830
3637;636;50;443468;443468
3638;5;48;38061;38061
3639;5;49;AC 30824;AC30824
3640;6;49;AC 30832;AC30832
3642;471;49;AC 30850;AC30850
3644;443;48;38062;38062
3645;443;49;AC 30847;AC30847
3646;443;50;444128;444128
3647;444;48;38063;38063
3648;444;49;AC 30848;AC30848
3649;545;48;38060;38060
3650;545;49;HG 79379;HG79379
3651;649;48;38060;38060
3652;649;49;AC 30825;AC30825
3653;649;50;443236;443236
3654;611;48;38056;38056
3655;611;49;AC 30828;AC30828
3656;611;50;441127;441127
3657;612;48;38057;38057
3658;612;49;AC 30827;AC30827
3660;473;49;AC 31153;AC31153
3662;613;31;5U0 513025F;5U0513025F
3663;613;48;38259;38259
3664;613;49;AC 31206;AC31206
3665;613;50;441132;441132
3666;474;31;CA340003;CA340003
3667;474;48;38154;38154
3668;474;49;AC 31156;AC31156
3671;584;49;AC 31071;AC31071
3672;584;50;443045;443045
3676;475;48;38153;38153
3677;475;49;AC 31034;AC31034
3678;475;50;443189;443189
3679;476;48;38154;38154
3680;476;49;AC 31035;AC31035
3681;476;50;443185;443185
3683;547;49;AC 30916;AC30916
3685;446;49;AC 31146;AC31146
3686;446;50;444128;444128
3687;735;31;3520.G5;3520G5
3688;736;31;3521.E3 - 16V;3521E316V
3689;736;31;3521.C5;3521C5
3690;738;31;3520.J5;3520J5
3692;56;49;AC 30071;AC30071
3693;56;50;444337;444337
3694;637;48;54451;54451
3695;637;49;AC 30831;AC30831
3696;637;50;444330;444330
3699;80;49;AC 30747;AC30747
3700;659;48;38148;38148
3701;659;49;AC 30799;AC30799
3702;659;50;441128;441128
3704;660;49;AC 31207;AC31207
3705;660;50;441129;441129
3707;478;49;AC 31155;AC31155
3708;478;50;443188;443188
3710;2515;54;BLS3754;BLS3754
3711;2515;56;750208;750208
3713;2516;54;BLS3865;BLS3865
3714;2516;56;750214;750214
3715;2633;31;2114157014;2114157014
3717;2633;56;750213;750213
3719;2517;54;BLS3909;BLS3909
3720;2517;56;750210;750210
3721;2631;55;N1034;N1034
3722;2631;53;VKY6161;VKY6161
3723;2631;56;750215;750215
3724;2634;31;823419802C;823419802C
3726;2634;53;VKY6157;VKY6157
3727;2634;56;750211;750211
3728;2632;31;377419802K;377419802K
3730;2632;56;750209;750209
3731;1521;49;N 250;N250
3732;1521;54;JTSB0010;JTSB0010
3733;1521;54;BLS 3562;BLS3562
3734;1521;57;GR 810;GR810
3735;1521;58;FO-3116-A;FO3116A
3737;1521;59;SK 2510;SK2510
3738;1521;60;MB 292;MB292
3741;1521;62;20083;20083
3742;1521;62;20067;20067
3743;1521;57;GR 165;GR165
3745;1522;54;JTSB0008;JTSB0008
3746;1522;57;GR 800;GR800
3747;1522;59;SK 2453;SK2453
3748;1522;60;MB 349;MB349
3749;1522;61;001209-0;12090
3750;1522;62;41061;41061
3751;1523;54;JTSB0085;JTSB0085
3752;1523;57;GR 835;GR835
3753;1523;59;SK 4884;SK4884
3754;1523;61;001401-0;14010
3755;1523;62;41062;41062
3756;1524;49;N 97002;N97002
3757;1524;54;JTSB0086;JTSB0086
3758;1524;57;GR 840;GR840
3759;1524;59;SK 4886;SK4886
3760;1524;61;001402-0;14020
3761;1524;62;40175;40175
3762;1525;49;N 99159;N99159
3763;1525;54;JTSB0033;JTSB0033
3764;1525;57;GR 850;GR850
3765;1525;59;SK 4896;SK4896
3766;1525;60;MB 387;MB387
3767;1525;61;001404-0;14040
3768;1525;62;40015;40015
3769;1526;49;N 1068;N1068
3770;1526;54;JTSB0001;JTSB0001
3771;1526;54;BLS 4368;BLS4368
3772;1526;57;GR 722;GR722
3773;1526;58;VW-1164-A;VW1164A
3774;1526;59;SK 4898;SK4898
3775;1526;61;001405-0;14050
3776;1526;62;40006;40006
3777;1527;54;JTSB0087;JTSB0087
3778;1527;57;GR 723;GR723
3779;1527;60;MB 388-E;MB388E
3780;1527;61;001406-0;14060
3781;1527;62;40026;40026
3782;2307;49;N 97009;N97009
3783;2307;58;VW-1219-A;VW1219A
3784;2307;59;SK 4885;SK4885
3785;1528;49;N 5172;N5172
3786;1528;54;JTSB0121;JTSB0121
3787;1528;54;BLS4377;BLS4377
3788;1528;57;GR 525;GR525
3789;1528;58;MB-7007-A;MB7007A
3790;1528;59;SK 8000;SK8000
3791;1528;61;001901-0;19010
3792;1528;62;50126;50126
3793;1529;54;JTSB0122;JTSB0122
3794;1529;57;GR 500;GR500
3795;1529;61;001902-0;19020
3796;1529;62;50062;50062
3797;1530;49;N 95001;N95001
3798;1530;54;JTSB0124;JTSB0124
3799;1530;54;JTS497;JTS497
3800;1530;57;GR 511;GR511
3801;1530;59;SK 7049;SK7049
3802;1530;61;001904-0;19040
3803;1530;62;50064;50064
3804;1531;49;N 95000;N95000
3805;1531;54;JTSB0123;JTSB0123
3806;1531;54;JTS498;JTS498
3807;1531;57;GR 510;GR510
3808;1531;59;SK 7048;SK7048
3809;1531;61;001903-0;19030
3810;1531;62;50063;50063
3811;1532;54;JTSB0126;JTSB0126
3812;1532;59;SK7053;SK7053
3813;1532;61;001906-0;19060
3814;1532;62;50189;50189
3815;1533;54;JTSB0125;JTSB0125
3816;1533;57;GR 520;GR520
3817;1533;59;SK 7052;SK7052
3818;1533;61;001905-0;19050
3819;1533;62;50226;50226
3820;1534;54;JTSB0022;JTSB0022
3821;1534;57;GR 925;GR925
3822;1534;59;SK 1215;SK1215
3823;1534;60;MB 9054;MB9054
3824;1534;61;001101-0;11010
3825;1534;62;50076;50076
3826;1535;49;N 96004;N96004
3827;1535;54;JTSB0030;JTSB0030
3828;1535;54;BLS 4336;BLS4336
3829;1535;57;GR 910;GR910
3830;1535;58;FI-231-A;FI231A
3831;1535;59;SK 1210;SK1210
3832;1535;60;MB 468;MB468
3833;1535;61;001102-0;11020
3834;1535;62;10066;10066
3835;1536;54;JTSB0035;JTSB0035
3836;1536;57;GR 900;GR900
3837;1536;59;SK 1206;SK1206
3838;1536;60;MB 9001;MB9001
3839;1536;61;001103-0;11030
3840;1536;62;10063;10063
3841;1537;49;N 6067;N6067
3842;1537;54;JTSB0006;JTSB0006
3843;1537;54;BLS 4339;BLS4339
3844;1537;57;GR 930;GR930
3845;1537;58;FI-254-A;FI254A
3846;1537;58;FI-298-A;FI298A
3848;1537;61;001104-0;11040
3849;1537;62;10067;10067
3850;1538;54;JTSB0037;JTSB0037
3851;1538;59;SK1217;SK1217
3852;1538;62;50160;50160
3869;1542;49;N 96033;N96033
3870;1542;54;JTSB0018;JTSB0018
3871;1542;54;BLS 4284;BLS4284
3872;1542;59;SK1221;SK1221
3873;1542;61;001112-0;11120
3874;1542;62;10008;10008
3875;1543;49;N 96032;N96032
3876;1543;54;JTSB0017;JTSB0017
3877;1543;54;BLS 4285;BLS4285
3878;1543;59;SK1222;SK1222
3879;1543;61;001111-0;11110
3880;1543;62;10007;10007
3881;2374;49;N 6081;N6081
3882;2374;54;JTSB0007;JTSB0007
3883;2374;54;BLS4624;BLS4624
3884;2374;58;FI-312-A;FI312A
3885;2469;58;FI-326-A;FI326A
3886;2469;59;SK8051;SK8051
3887;2470;58;FI-327-A;FI327A
3888;1544;49;N 96003;N96003
3889;1544;54;JTSB0036;JTSB0036
3890;1544;54;BLS 4321;BLS4321
3891;1544;57;GR 940;GR940
3892;1544;58;FI-268-A;FI268A
3893;1544;59;SK 1212;SK1212
3894;1544;61;001105-0;11050
3895;1544;62;10070;10070
3905;1546;49;N 93002;N93002
3906;1546;54;JTSB0066;JTSB0066
3907;1546;54;BLS 4376;BLS4376
3908;1546;57;GR 230;GR230
3909;1546;58;OP-10004-A;OP10004A
3910;1546;59;SK 3222;SK3222
3911;1546;60;MB 1158;MB1158
3912;1546;61;001302-0;13020
3913;1546;62;30109;30109
3914;1547;54;JTSB0067;JTSB0067
3915;1547;57;GR 240;GR240
3916;1547;59;SK 3223;SK3223
3917;1547;61;001303-0;13030
3918;1547;62;30316;30316
3919;1548;49;N 3014;N3014
3920;1548;54;JTSB0003;JTSB0003
3921;1548;54;BLS 4374;BLS4374
3922;1548;57;GR 235;GR235
3923;1548;58;GM-2141-A;GM2141A
3924;1548;59;SK 3225;SK3225
3925;1548;60;MB 1157;MB1157
3926;1548;61;001304-0;13040
3927;1548;62;30110;30110
3928;1549;49;N93027;N93027
3929;1549;54;JTSB0024;JTSB0024
3930;1549;57;GR 220;GR220
3931;1549;59;SK 3722;SK3722
3932;1549;60;MB 117;MB117
3933;1549;61;001306-0;13060
3934;1549;62;30007;30007
3935;1550;54;JTSB0068;JTSB0068
3936;1550;57;GR 215;GR215
3937;1550;59;SK 3774 A;SK3774A
3938;1550;60;MB 1107;MB1107
3939;1550;61;001307-0;13070
3940;1550;62;30435;30435
3941;1551;49;N 93028;N93028
3942;1551;54;JTSB0069;JTSB0069
3943;1551;57;GR 216;GR216
3944;1551;59;SK 3774;SK3774
3945;1551;60;MB 1108;MB1108
3946;1551;61;001308-0;13080
3947;1551;62;30133;30133
3948;1552;49;N93029;N93029
3949;1552;54;JTSB0070;JTSB0070
3950;1552;57;GR 210;GR210
3951;1552;59;SK 3764;SK3764
3952;1552;60;MB 118;MB118
3953;1552;61;001309-0;13090
3954;1552;62;30132;30132
3955;1553;54;JTSB0071;JTSB0071
3956;1553;57;GR 211;GR211
3957;1553;59;SK 3764 A;SK3764A
3958;1553;61;001310-0;13100
3959;1553;62;30436;30436
3960;1554;49;N 93033;N93033
3961;1554;54;JTSB0072;JTSB0072
3962;1554;57;GR 200;GR200
3963;1554;59;SK 3639;SK3639
3964;1554;60;MB 116;MB116
3965;1554;61;001311-0;13110
3966;1554;62;30013;30013
3967;1555;49;N 93030;N93030
3968;1555;54;JTSB0073;JTSB0073
3969;1555;57;GR 201;GR201
3970;1555;59;SK 3639 A;SK3639A
3971;1555;61;001312-0;13120
3972;1555;62;30131;30131
3973;1556;54;JTSB0074;JTSB0074
3974;1556;59;SK 3209;SK3209
3975;1556;61;001313-0;13130
3976;1556;62;30111;30111
3977;1557;49;N 93031;N93031
3978;1557;54;JTSB0009;JTSB0009
3979;1557;57;GR 250;GR250
3980;1557;59;SK 3216;SK3216
3981;1557;60;MB 1144;MB1144
3982;1557;61;001315-0;13150
3983;1557;62;30105;30105
3985;1558;54;JTSB0075;JTSB0075
3986;1558;54;BLS 4367;BLS4367
3987;1558;57;GR 225;GR225
3988;1558;58;GM-2139-A;GM2139A
3989;1558;59;SK 3220;SK3220
3990;1558;60;MB 1156;MB1156
3991;1558;61;001316-0;13160
3992;1558;62;30108;30108
3993;1559;54;JTSB0076;JTSB0076
3994;1559;57;GR 265;GR265
3995;1559;59;SK 3226;SK3226
3996;1559;61;001317-0;13170
3997;1559;62;30106;30106
3998;1560;54;JTSB0078;JTSB0078
3999;1560;57;GR 266;GR266
4000;1560;59;SK 3227;SK3227
4001;1560;61;001319-0;13190
4002;1560;62;30055;30055
4003;1561;54;JTSB0180;JTSB0180
4004;1561;58;SZ-27003-A;SZ27003A
4005;1561;59;SK3230;SK3230
4006;1561;62;50215;50215
4007;2276;49;N 93036;N93036
4008;2276;58;GM-2286-A;GM2286A
4009;2277;49;N 93037;N93037
4010;2277;58;GM-2287-A;GM2287A
4011;1562;54;JTSB0077;JTSB0077
4012;1562;59;SK 3231;SK3231
4013;1562;61;001318-0;13180
4014;1562;62;30053;30053
4015;2471;49;N 93040;N93040
4016;2471;57;GR 226;GR226
4017;2471;58;GM-2285-A;GM2285A
4018;2472;49;N 93041;N93041
4019;2472;57;GR 227;GR227
4020;2472;58;GM-2284-A;GM2284A
4030;1564;49;"N 92003 
N 99003";N92003N99003
4031;1564;54;JTSB0040;JTSB0040
4032;1564;54;BLS4372;BLS4372
4033;1564;57;GR 165;GR165
4034;1564;58;"FO-3165-A
BM-22003-A";FO3165ABM22003A
4035;1564;59;SK 2512;SK2512
4036;1564;61;001203-0;12030
4037;1564;62;20106;20106
4038;1564;62;50161;50161
4040;1565;49;N92025;N92025
4041;1565;54;JTSB0011;JTSB0011
4042;1565;57;GR 100;GR100
4043;1565;59;SK 2559;SK2559
4044;1565;60;MB 211;MB211
4045;1565;61;001204-0;12040
4046;1565;62;20082;20082
4047;1566;49;N 92032;N92032
4048;1566;54;JTSB0041;JTSB0041
4049;1566;57;GR 175;GR175
4050;1566;59;SK 2524;SK2524
4051;1566;61;001210-0;12100
4052;1566;62;20555;20555
4053;1567;54;JTSB0042;JTSB0042
4054;1567;57;GR 170;GR170
4055;1567;59;SK 2530;SK2530
4056;1567;61;001211-0;12110
4057;1567;62;20084;20084
4058;1568;54;JTSB0043;JTSB0043
4059;1568;59;SK2525;SK2525
4060;1568;62;20556;20556
4061;1569;54;JTSB0045;JTSB0045
4062;1569;59;SK2527;SK2527
4063;1569;62;20560;20560
4064;1570;54;JTSB0044;JTSB0044
4065;1570;62;20557;20557
4066;1571;49;N 92004;N92004
4067;1571;54;JTSB0005;JTSB0005
4068;1571;54;BLS 4373;BLS4373
4069;1571;57;GR 160;GR160
4070;1571;58;FO-3166-A;FO3166A
4071;1571;59;SK 2518;SK2518
4072;1571;61;001215-0;12150
4073;1571;62;20068;20068
4078;1573;54;JTSB0014;JTSB0014
4079;1573;57;GR 180;GR180
4080;1573;59;SK 2528;SK2528
4081;1573;61;001223-0;12230
4082;1573;62;20097;20097
4086;1575;54;JTSB0054;JTSB0054
4087;1575;62;20094;20094
4088;1576;54;JTSB0053;JTSB0053
4089;1576;62;20095;20095
4090;2278;49;N 92027;N92027
4091;2278;58;FO-3209-A;FO3209A
4092;2310;49;N 92030;N92030
4093;2311;58;FO-3200-A;FO3200A
4094;2311;59;SK 2536;SK2536
4095;2312;58;FO-3201-A;FO3201A
4096;2312;59;SK 2537;SK2537
4097;2313;49;N 92031;N92031
4098;2475;58;FO-3239-A;FO3239A
4099;2476;49;MN 92045;MN92045
4100;1577;49;N 92001;N92001
4101;1577;54;JTSB0046;JTSB0046
4102;1577;54;BLS4596;BLS4596
4103;1577;59;SK 2532;SK2532
4104;1577;61;001216-0;12160
4105;1577;62;20069;20069
4106;1578;54;JTSB0048;JTSB0048
4107;1578;62;20092;20092
4108;1579;54;JTSB0047;JTSB0047
4109;1579;59;SK2513;SK2513
4110;1579;62;20066;20066
4111;1580;54;JTSB0050;JTSB0050
4112;1580;61;001220-0;12200
4113;1580;62;20097;20097
4114;1581;54;JTSB0051;JTSB0051
4116;1582;54;JTSB0028;JTSB0028
4117;1582;54;BLS 4371;BLS4371
4118;1582;57;GR 165;GR165
4119;1582;59;SK 2535;SK2535
4120;1582;60;MB 1113;MB1113
4121;1582;61;001227-0;12270
4123;1582;62;20089;20089
4124;1582;62;30104;30104
4125;1582;57;GR 245;GR245
4126;1582;59;SK 3215;SK3215
4127;1583;54;JTSB0056;JTSB0056
4128;1583;57;GR 155;GR155
4129;1583;61;001229-0;12290
4130;2473;49;N 92038;N92038
4131;2473;58;FO-3258-A;FO3258A
4132;2473;61;001239-0;12390
4133;2474;49;N 92039;N92039
4134;2474;58;FO-3259-A;FO3259A
4135;2474;61;001238-0;12380
4136;1584;49;N 99036;N99036
4137;1584;54;JTSB0097;JTSB0097
4138;1584;54;BLS 4384;BLS4384
4139;1584;57;GR 710;GR710
4140;1584;59;SK 8406;SK8406
4141;1584;61;001701-0;17010
4142;1584;62;50102;50102
4143;1585;54;JTSB0098;JTSB0098
4144;1585;57;GR 700;GR700
4145;1585;59;SK8407;SK8407
4146;1585;61;001702-0;17020
4147;1585;62;50179;50179
4148;1586;49;N 99007;N99007
4149;1586;54;BLS 4381;BLS4381
4150;1586;57;GR 721;GR721
4151;1586;58;HD-13015-A;HD13015A
4152;1586;59;SK 8401;SK8401
4153;1586;61;001704-0;17040
4154;1586;62;50133;50133
4155;1587;49;N 99006;N99006
4156;1587;54;JTSB0032;JTSB0032
4157;1587;54;BLS 4380;BLS4380
4158;1587;57;GR 720;GR720
4159;1587;58;HD-13014-A;HD13014A
4160;1587;59;SK 8400;SK8400
4161;1587;61;001703-0;17030
4162;1587;62;50132;50132
4163;1588;49;N 99039;N99039
4164;1588;54;JTSB0027;JTSB0027
4165;1588;54;BLS 4386;BLS4386
4166;1588;57;GR 725;GR725
4167;1588;58;HD-13051-A;HD13051A
4168;1588;59;SK 8418;SK8418
4169;1588;61;001708-0;17080
4170;1588;62;50140;50140
4171;1589;49;N 99038;N99038
4172;1589;54;JTSB0026;JTSB0026
4173;1589;54;BLS 4385;BLS4385
4174;1589;57;GR 724;GR724
4175;1589;58;HD-13050-A;HD13050A
4176;1589;59;SK 8419;SK8419
4177;1589;61;001707-0;17070
4178;1589;62;50139;50139
4179;1590;49;N 99087;N99087
4180;1590;58;HD-13039-A;HD13039A
4182;1591;49;N 99088;N99088
4183;1591;58;HD-13040-A;HD13040A
4185;1592;49;N 99086;N99086
4186;1592;57;GR728;GR728
4187;1592;58;HD-13028-A;HD13028A
4188;1592;59;SK8447;SK8447
4189;1592;62;50378;50378
4190;1592;57;GR729;GR729
4191;1593;49;N 99140;N99140
4192;1593;57;GR702;GR702
4193;1593;58;HD-13056-A;HD13056A
4194;1593;59;SK8448;SK8448
4195;1593;62;50379;50379
4196;1594;54;JTSB0101;JTSB0101
4198;1594;59;SK 8414;SK8414
4199;1594;62;50135;50135
4200;1595;54;JTSB0100;JTSB0100
4201;1595;54;BLS4384;BLS4384
4203;1595;59;SK 8415;SK8415
4204;1595;62;50134;50134
4206;1596;58;HD-13041-A;HD13041A
4209;1597;58;HD-13042-A;HD13042A
4211;1598;49;N 99138;N99138
4212;1598;57;GR704;GR704
4213;1598;59;SK8449;SK8449
4214;1598;62;50380;50380
4215;1599;49;N 99139;N99139
4216;1599;57;GR705;GR705
4217;1599;59;SK8450;SK8450
4218;1599;62;50381;50381
4219;2477;61;001719-0;17190
4220;2478;61;001720-0;17200
4221;1600;54;JTSB0093;JTSB0093
4222;1600;57;GR 675;GR675
4223;1600;61;001601-0;16010
4224;1600;62;50176;50176
4225;1601;54;JTSB0094;JTSB0094
4226;1601;59;SK8019;SK8019
4227;1601;62;50127;50127
4228;1602;54;JTSB0095;JTSB0095
4229;1602;57;GR 665;GR665
4230;1602;61;001603-0;16030
4231;1602;62;50177;50177
4232;1603;54;JTSB0096;JTSB0096
4233;1603;62;50178;50178
4234;1604;49;"N 99008
N 99002";N99008N99002
4235;1604;54;JTSB0019;JTSB0019
4236;1604;54;BLS 4382;BLS4382
4238;1604;57;GR 650;GR650
4241;1604;59;SK 8007;SK8007
4242;1604;61;001604-0;16040
4243;1604;62;50105;50105
4246;1604;57;GR 755;GR755
4247;1604;57;GR 655;GR655
4248;1604;62;50104;50104
4249;1604;62;50110;50110
4250;1604;59;SK 8003;SK8003
4251;1604;59;SK 8002;SK8002
4252;1605;49;N 99001;N99001
4253;1605;54;JTSB0002;JTSB0002
4254;1605;54;BLS 4348;BLS4348
4255;1605;57;GR 760;GR760
4256;1605;58;PG-5032-A;PG5032A
4257;1605;59;SK 8001;SK8001
4258;1605;61;002002-0;20020
4259;1605;62;50103;50103
4260;1606;49;N 99041;N99041
4261;1606;54;JTSB0128;JTSB0128
4262;1606;54;BLS4618;BLS4618
4263;1606;57;GR 651;GR651
4264;1606;59;SK 8027;SK8027
4265;1606;61;002004-0;20040
4266;1606;62;50130;50130
4267;1607;54;JTSB0129;JTSB0129
4268;1607;58;PG-5033-A;PG5033A
4269;1608;49;N 99143;N99143
4270;1608;54;JTSB0013;JTSB0013
4271;1608;54;BLS 4347;BLS4347
4272;1608;57;GR 761;GR761
4273;1608;58;PG-5029-A;PG5029A
4274;1608;59;SK 8020;SK8020
4275;1608;61;002006-0;20060
4276;1608;62;50129;50129
4277;1609;54;JTSB0130;JTSB0130
4278;1609;57;GR 750;GR750
4279;1609;61;002008-0;20080
4280;1609;62;50211;50211
4281;1610;54;JTSB0131;JTSB0131
4282;1610;57;GR 770;GR770
4283;1610;58;RN-4023-A;RN4023A
4284;1610;61;002101-0;21010
4285;1610;62;50108;50108
4286;1611;54;JTSB0132;JTSB0132
4287;1611;62;50066;50066
4294;1613;49;N 99134;N99134
4295;1613;54;JTSB0133;JTSB0133
4296;1613;57;GR 772;GR772
4297;1613;59;SK 8023;SK8023
4298;1613;60;MB 9117;MB9117
4299;1613;61;002104-0;21040
4300;1613;62;50227;50227
4301;1614;49;N 99135;N99135
4302;1614;54;JTSB0134;JTSB0134
4303;1614;57;GR 773;GR773
4304;1614;59;SK 8024;SK8024
4305;1614;61;002105-0;21050
4306;1614;62;50228;50228
4307;1615;49;N 99156;N99156
4308;1615;54;JTSB0034;JTSB0034
4309;1615;54;BLS4623;BLS4623
4310;1616;54;JTSB0020;JTSB0020
4311;1616;58;RN-4051;RN4051
4312;2279;49;N 99142;N99142
4313;2279;58;RN-4073-A;RN4073A
4314;2279;58;RN-4079-A;RN4079A
4315;2280;49;N 99141;N99141
4316;2482;31;54-61-800-04R;546180004R
4317;2482;61;002110-0;21100
4319;1618;54;JTSB0182;JTSB0182
4320;1618;58;VL-24008-A;VL24008A
4321;1618;62;50223;50223
4322;1619;54;JTSB0183;JTSB0183
4323;1620;54;JTSB0184;JTSB0184
4324;1621;54;JTSB0139;JTSB0139
4325;1621;62;50220;50220
4326;1622;49;N 99146;N99146
4328;1622;58;TT-17021-A;TT17021A
4330;1622;62;50216;50216
4331;1623;54;JTSB0141;JTSB0141
4332;1623;59;SK 8429;SK8429
4333;1623;61;002204-0;22040
4334;1623;62;50219;50219
4335;1624;54;JTSB0142;JTSB0142
4336;1624;54;BLS 4378;BLS4378
4337;1624;57;GR 304;GR304
4338;1624;58;TT-14029;TT14029
4339;1624;59;SK 8427;SK8427
4340;1624;61;002205-0;22050
4341;1624;62;50217;50217
4343;1625;54;JTSB0016;JTSB0016
4344;1625;54;BLS 4379;BLS4379
4345;1625;57;GR 305;GR305
4346;1625;58;TT-14022-A;TT14022A
4347;1625;61;002207-0;22070
4348;1625;62;50136;50136
4349;1626;54;JTSB0144;JTSB0144
4350;1626;59;SK 8426;SK8426
4351;1626;61;002208-0;22080
4352;1626;62;50221;50221
4353;1629;62;50118;50118
4354;1630;49;N 99155;N99155
4355;1630;54;JTSB0029;JTSB0029
4356;1630;59;SK 8431;SK8431
4357;1630;61;002218-0;22180
4358;1631;49;N 99154;N99154
4359;1631;54;JTSB0031;JTSB0031
4360;1631;59;SK 8430;SK8430
4361;1631;61;002217-0;22170
4362;1632;54;JTSB0138;JTSB0138
4363;1632;57;GR 300;GR300
4364;1632;58;TT-14020-A;TT14020A
4365;1632;61;002201-0;22010
4366;1632;62;50119;50119
4367;1633;54;JTSB0143;JTSB0143
4368;1633;54;BLS 4399;BLS4399
4369;1633;61;002206-0;22060
4370;1633;62;50218;50218
4371;1635;54;JTSB0149;JTSB0149
4372;1635;61;002216-0;22160
4373;1636;54;JTSB0090;JTSB0090
4374;1636;57;GR 550;GR550
4375;1636;59;SK8010;SK8010
4377;1636;61;001502-0;15020
4378;1636;62;50107;50107
4379;1637;54;JTSB0092;JTSB0092
4380;1638;54;JTSB0091;JTSB0091
4381;1638;59;SK8033;SK8033
4382;1639;54;JTSB0152;JTSB0152
4383;1639;59;SK 8018;SK8018
4384;1639;60;MB 912;MB912
4385;1639;61;002302-0;23020
4386;1639;62;50170;50170
4387;1640;54;JTSB0153;JTSB0153
4388;1640;59;SK 8017;SK8017
4389;1640;60;MB 915;MB915
4390;1640;61;002303-0;23030
4391;1640;62;50168;50168
4392;1641;54;JTSB0154;JTSB0154
4393;1641;59;SK8028;SK8028
4394;1641;60;MB 914;MB914
4395;1641;61;002304-0;23040
4396;1641;62;50172;50172
4397;1642;54;JTSB0156;JTSB0156
4398;1642;62;50169;50169
4399;1643;54;JTSB0155;JTSB0155
4400;1643;59;SK8029;SK8029
4401;1643;60;MB 913;MB913
4402;1643;62;50173;50173
4406;1645;54;JTSB0177;JTSB0177
4407;1645;59;SK8231;SK8231
4408;1645;62;50184;50184
4411;1648;54;JTSB0171;JTSB0171
4412;1648;59;SK 8425;SK8425
4413;1648;61;002601-0;26010
4414;2635;31;54618.02500;5461802500
4415;2635;58;NS-21011-A;NS21011A
4416;2635;59;SK8436;SK8436
4417;1649;49;N 99145;N99145
4418;1649;59;SK8444;SK8444
4422;1651;54;JTSB0185;JTSB0185
4423;1652;54;JTSB0186;JTSB0186
4424;1653;49;N 99190;N99190
4425;1653;54;JTSB0157;JTSB0157
4426;1653;57;GR 600;GR600
4427;1653;58;HY-9074;HY9074
4429;1653;61;002401-0;24010
4430;1653;62;50015;50015
4431;1654;54;JTSB0158;JTSB0158
4432;1654;57;GR 610;GR610
4433;1654;58;HY-9014-A;HY9014A
4435;1654;60;MB 9155;MB9155
4436;1654;61;002402-0;24020
4437;1654;62;50198;50198
4438;1655;54;JTSB0159;JTSB0159
4439;1655;59;SK8224;SK8224
4440;1655;60;MB 9156;MB9156
4441;1655;62;50197;50197
4442;1656;54;JTSB0160;JTSB0160
4443;1656;61;002404-0;24040
4444;1656;62;50199;50199
4445;1657;54;JTSB0161;JTSB0161
4446;1657;59;SK8220;SK8220
4447;1657;61;002405-0;24050
4448;1657;62;50200;50200
4450;1658;54;JTSB0021;JTSB0021
4451;1658;54;BLS4619;BLS4619
4452;1658;58;HY-9053-A;HY9053A
4453;1658;59;SK8203;SK8203
4454;1658;62;50202;50202
4455;1658;58;HY-9040-A;HY9040A
4458;1659;54;JTSB0162;JTSB0162
4459;1659;59;SK8201;SK8201
4460;1659;61;002406-0;24060
4461;1659;62;50201;50201
4462;1660;49;N 99151;N99151
4463;1660;58;HY-9054-A;HY9054A
4464;1660;59;SK8204;SK8204
4465;1660;62;50203;50203
4466;1661;54;JTSB0112;JTSB0112
4467;1661;57;GR 400;GR400
4468;1661;59;SK 7015;SK7015
4469;1661;61;001801-0;18010
4470;1661;62;50004;50004
4471;1662;54;JTSB0114;JTSB0114
4472;1662;57;GR 415;GR415
4473;1662;61;001803-0;18030
4474;1662;62;50065;50065
4475;1663;54;JTSB0115;JTSB0115
4476;1663;57;GR 420;GR420
4477;1663;61;001804-0;18040
4478;1663;62;50225;50225
4479;1664;54;JTSB0116;JTSB0116
4480;1664;61;001805-0;18050
4481;1664;62;50181;50181
4482;1665;49;N 99153;N99153
4483;1665;58;AK-8035-A;AK8035A
4484;1666;49;N 99152;N99152
4485;1666;58;AK-8036-A;AK8036A
4486;1667;49;N 99179;N99179
4487;1667;58;AK-8027-A;AK8027A
4488;1668;49;N 99180;N99180
4489;1668;58;AK-8028-A;AK8028A
4490;1669;54;JTSB0113;JTSB0113
4491;1669;57;GR 410;GR410
4492;1669;59;SK7014;SK7014
4494;1669;62;50006;50006
4497;1671;54;JTSB0165;JTSB0165
4498;1671;59;SK8416;SK8416
4499;1671;60;MB 1005;MB1005
4500;1671;62;50194;50194
4501;1672;54;JTSB0166;JTSB0166
4502;1672;59;SK8481;SK8481
4503;1672;60;MB 1021;MB1021
4504;1672;61;002509-0;25090
4505;1673;54;JTSB0167;JTSB0167
4506;1673;59;SK8482;SK8482
4507;1673;60;MB 1022;MB1022
4508;1673;61;002510-0;25100
4510;2308;49;N 99092;N99092
4511;2308;58;MT-17044;MT17044
4512;2308;59;SK 8483;SK8483
4513;2309;49;N 99093;N99093
4514;2309;58;MT-17045;MT17045
4515;2309;59;SK 8484;SK8484
4522;1675;63;011.0603 ø 12mm;11060312MM
4523;1675;59;4873;4873
4524;1675;60;MB 358;MB358
4526;1675;65;V1222;V1222
4527;1676;63;011.0763;110763
4528;1676;59;4880;4880
4529;1676;60;MB 374;MB374
4531;1676;65;V1359;V1359
4532;1677;63;011.0782;110782
4533;1677;59;4881;4881
4534;1677;60;MB 374 A;MB374A
4536;1677;65;V1358;V1358
4537;1678;63;111125;111125
4539;1678;65;V1358;V1358
4540;1679;63;011.0502;110502
4541;1679;59;4812A;4812A
4542;1679;60;MB 324;MB324
4544;1679;65;V1243;V1243
4545;1680;63;011.0495;110495
4546;1680;59;4868;4868
4547;1680;60;MB 325;MB325
4549;1680;65;V1268;V1268
4550;1681;63;011.1825;111825
4551;1681;59;4883;4883
4552;1681;60;MB 365;MB365
4554;1682;63;011.1247;111247
4555;1682;59;4893;4893
4556;1682;60;MB 365 A;MB365A
4558;1682;65;V1367;V1367
4559;1683;63;011.0542;110542
4561;1684;63;011.1824;111824
4562;1684;60;MB 381;MB381
4564;1684;65;V1305;V1305
4565;1685;63;011.0307;110307
4566;1685;59;4824;4824
4567;1685;60;MB 355;MB355
4569;1685;65;V1306;V1306
4570;1686;63;011.0510;110510
4571;1686;59;4869;4869
4572;1686;60;MB 357;MB357
4574;1686;65;V1296;V1296
4575;1686;63;011.0572;110572
4576;1687;63;011.0778;110778
4577;1687;59;4824-A;4824A
4578;1687;60;MB 355 A;MB355A
4580;1687;65;V1368;V1368
4581;1688;63;011.0749;110749
4582;1688;59;4869-A;4869A
4583;1688;60;MB 357 A;MB357A
4585;1688;65;V1295;V1295
4586;1689;63;011.1843;111843
4587;1689;59;4946;4946
4588;1689;60;MB 389;MB389
4589;1689;63;011.1538;111538
4590;1690;63;011.0374;110374
4591;1690;59;4821;4821
4592;1690;60;MB 330;MB330
4594;1691;63;011.1590;111590
4595;1691;59;4872;4872
4596;1691;60;MB 353;MB353
4598;1691;65;V1283;V1283
4599;1692;63;011.0377;110377
4600;1692;59;4817;4817
4601;1692;60;MB 373;MB373
4603;1692;65;V1151;V1151
4604;1693;63;011.0438;110438
4605;1693;59;1025;1025
4606;1693;60;MB 416;MB416
4608;1694;63;011.0690;110690
4609;1694;59;1005;1005
4610;1694;60;MB 443;MB443
4612;1694;65;FT1038;FT1038
4613;1695;63;011.1038;111038
4614;1695;59;1302;1302
4615;1695;60;MB 460;MB460
4617;1695;65;FT1051;FT1051
4618;1696;63;011.1525;111525
4619;1696;59;1076;1076
4620;1696;60;MB 476;MB476
4621;1696;65;FT 1076;FT1076
4622;1696;63;011.1703;111703
4623;1697;63;011.0285;110285
4624;1697;59;1002;1002
4625;1697;60;MB 412;MB412
4627;1697;65;FT1072;FT1072
4628;1698;63;012.0399;120399
4629;1698;59;1002-A;1002A
4630;1698;60;MB 413;MB413
4632;1699;63;011.0376;110376
4633;1699;59;3647;3647
4634;1699;60;MB 111;MB111
4636;1700;63;011.1595;111595
4637;1700;59;3751;3751
4638;1700;60;MB 121;MB121
4640;1700;65;G1098;G1098
4641;1701;63;011.0726;110726
4642;1701;59;3755;3755
4643;1701;60;MB 1105;MB1105
4645;1701;65;G1210;G1210
4646;1702;63;012.0348;120348
4647;1702;59;3684;3684
4648;1702;60;MB 191;MB191
4650;1703;63;012.0349;120349
4651;1703;59;3685;3685
4652;1703;60;MB 190;MB190
4654;1703;65;G1227;G1227
4655;1704;63;011.0739;110739
4656;1704;59;3118;3118
4657;1704;60;MB 1152;MB1152
4659;1704;65;G 1223;G1223
4660;1705;63;011.1509;111509
4661;1705;59;3123;3123
4662;1705;60;MB 1179;MB1179
4663;1706;63;011.0276;110276
4664;1706;59;3623;3623
4665;1706;60;MB 108;MB108
4667;1706;65;G1047;G1047
4668;1707;63;011.0204;110204
4669;1707;59;3625;3625
4670;1707;60;MB 165;MB165
4672;1707;65;G1122;G1122
4673;1708;63;012.0090;120090
4674;1708;59;3678;3678
4675;1708;60;MB 182;MB182
4677;1709;31;52.259.152;52259152
4678;1709;63;011.0624;110624
4679;1709;59;3671;3671
4680;1709;60;MB 1128;MB1128
4682;1709;65;D1444;D1444
4683;1710;63;011.1037;111037
4684;1710;59;3797;3797
4685;1711;59;3127;3127
4686;1711;60;MB 1181;MB1181
4687;1712;63;012.0199;120199
4688;1712;59;2557;2557
4689;1712;60;MB 215 A;MB215A
4691;1713;63;012.0314;120314
4692;1713;59;2569;2569
4693;1713;60;MB 214;MB214
4695;1713;65;F1270;F1270
4696;1714;63;013.0313;130313
4697;1714;59;2568;2568
4698;1714;60;MB 217 A;MB217A
4700;1714;65;F1270;F1270
4701;1715;63;013.0432;130432
4702;1715;59;2529;2529
4703;1715;60;MB 218;MB218
4705;1715;65;F1269;F1269
4706;1716;63;011.0428;110428
4707;1716;59;2527;2527
4708;1716;60;MB 218;MB218
4710;1716;65;F1268;F1268
4711;1717;63;011.0600;110600
4712;1717;59;2431;2431
4713;1717;60;MB 236;MB236
4715;1717;65;F1263;F1263
4716;1718;63;511.5390;5115390
4717;1718;60;MB 2213;MB2213
4718;1719;63;011.0211;110211
4719;1719;59;2576;2576
4720;1719;60;MB 250;MB250
4722;1720;63;511.5391;5115391
4723;1720;59;2575;2575
4724;1720;60;MB 234;MB234
4727;1721;59;2734;2734
4728;1721;60;MB 2222;MB2222
4729;1722;63;011.1251;111251
4730;1722;59;2705;2705
4731;1722;60;MB 2208;MB2208
4733;1723;63;011.1251;111251
4734;1723;59;2705;2705
4735;1723;60;MB 2208;MB2208
4737;1724;60;MB 2220;MB2220
4738;1724;65;511.5413;5115413
4739;1725;59;2111;2111
4740;1726;63;011.0673;110673
4741;1726;59;2427;2427
4742;1726;60;MB 260;MB260
4744;1726;65;V 1356;V1356
4745;1727;63;011.0673;110673
4746;1727;59;2427;2427
4747;1727;60;MB 260;MB260
4749;1727;65;V 1356;V1356
4750;1728;63;511.5409;5115409
4751;1728;59;2726;2726
4752;1728;60;MB 2204;MB2204
4753;1729;63;012.0436;120436
4754;1729;59;2496;2496
4756;2302;63;011.2357;112357
4757;2302;59;2734;2734
4758;2302;60;MB 2222;MB2222
4759;1730;63;011.0439;110439
4760;1730;59;2437;2437
4761;1730;60;MB 235;MB235
4763;1730;65;F1265;F1265
4764;1731;63;012.0090;120090
4765;1731;60;MB 255;MB255
4767;1732;63;011.0683;110683
4768;1732;63;011.1738 (LIGHT);111738LIGHT
4769;1733;63;111035;111035
4770;1733;60;MB 2214;MB2214
4771;1734;63;011.1036;111036
4772;1734;59;2716;2716
4773;1734;60;MB 2214;MB2214
4775;1734;65;F 1264;F1264
4776;1735;59;8243;8243
4778;1736;59;8026;8026
4779;1736;60;MB 9174;MB9174
4780;1737;59;8027;8027
4781;1737;60;MB 9173;MB9173
4782;1738;60;MB 739;MB739
4783;1739;31;6Q0.412.331.B;6Q0412331B
4784;1739;63;022.1541;221541
4785;1739;60;MB 391;MB391
4786;1740;31;811.399.151.B;811399151B
4787;1740;31;325.399.151.A;325399151A
4788;1740;31;547.399.151.C;547399151C
4789;1740;63;021.0582;210582
4791;1740;60;MB 331;MB331
4793;1740;65;V1259;V1259
4794;1740;65;V1321;V1321
4795;1741;31;113.301.265.1;1133012651
4796;1741;59;4860;4860
4797;1741;60;MB 344;MB344
4799;1741;65;V1014;V1014
4800;1742;31;211.301.265.1;2113012651
4801;1742;60;MB 348;MB348
4802;1743;31;113.301.265.1;1133012651
4803;1743;59;4860;4860
4804;1743;60;MB 344;MB344
4806;1743;65;V1014;V1014
4807;1744;31;211.301.265.1;2113012651
4808;1744;59;4866;4866
4809;1744;60;MB 348;MB348
4811;1744;65;V1037;V1037
4812;1745;31;113.301.263.3;1133012633
4813;1745;59;4855;4855
4814;1745;60;MB 334;MB334
4816;1745;65;V1034;V1034
4817;1746;31;113.301.263.3;1133012633
4818;1746;59;4855;4855
4819;1746;60;MB 334;MB334
4821;1746;65;V1034;V1034
4822;1747;31;377199382;377199382
4823;1747;59;4879;4879
4825;1747;65;V1301;V1301
4826;1748;31;377199381;377199381
4827;1748;59;4878;4878
4829;1748;65;V1302;V1302
4832;1749;63;210.850;210850
4836;1750;63;210.850;210850
4837;1750;59;4847;4847
4838;1750;60;MB 333;MB333
4840;1750;65;V1319;V1319
4843;1751;63;210.850;210850
4844;1751;60;MB 333 V;MB333V
4845;1752;31;ZBA.412.351;ZBA412351
4846;1752;63;022.0743;220743
4848;1752;60;MB 321;MB321
4850;1752;65;V1289;V1289
4851;1753;31;ZBA.412.353;ZBA412353
4852;1753;63;022.0522;220522
4853;1753;59;4819;4819
4854;1753;60;MB 319;MB319
4856;1754;31;6Q0.412.331.B;6Q0412331B
4857;1754;63;022.1551;221551
4858;1754;60;MB 391A;MB391A
4859;1755;31;547412325;547412325
4860;1755;63;021.0636;210636
4861;1755;60;MB 259 A;MB259A
4863;1755;65;F1256;F1256
4864;1756;31;ZBC.412.323;ZBC412323
4865;1756;63;022.0742;220742
4866;1756;59;4867-A;4867A
4867;1756;60;MB 336;MB336
4869;1757;31;377.412.329;377412329
4870;1757;31;377.412.329.B;377412329B
4871;1757;63;022.0776;220776
4872;1757;60;MB 352 A;MB352A
4873;1758;31;5X0.412.331;5X0412331
4874;1758;59;4806-S;4806S
4875;1758;60;MB 380;MB380
4876;1758;65;V1363;V1363
4877;1759;31;191.412.331;191412331
4878;1759;63;022.0705;220705
4880;1759;60;MB 351;MB351
4882;1760;31;377.412.329.B;377412329B
4883;1760;63;022.0744;220744
4885;1760;65;V1288;V1288
4888;1761;63;022.0760;220760
4889;1761;60;MB 352;MB352
4890;1762;31;5X0.412.331;5X0412331
4891;1762;63;022.1280;221280
4892;1762;59;4806B;4806B
4893;1762;60;MB 380 A;MB380A
4895;1762;65;V1363;V1363
4896;1763;31;5X0.412.331;5X0412331
4897;1763;63;022.1280;221280
4898;1764;31;ZBC.412.355;ZBC412355
4899;1764;63;022.0448;220448
4900;1764;59;4867;4867
4901;1764;60;MB 335;MB335
4903;1765;31;357.412.331.A;357412331A
4904;1765;63;522.5361;5225361
4905;1765;59;4894;4894
4906;1765;60;MB 363;MB363
4908;1766;31;357.412.331.A;357412331A
4909;1766;63;522.5361;5225361
4910;1766;59;4894-A;4894A
4911;1766;60;MB 363 A;MB363A
4913;1767;31;305.399.341.1;3053993411
4914;1767;59;4814-A;4814A
4915;1767;60;MB 326;MB326
4917;1767;65;V1266;V1266
4920;1768;59;4956;4956
4921;1768;60;MB 9257;MB9257
4923;1769;63;022.1245;221245
4924;1769;59;4895;4895
4925;1769;60;MB 9012;MB9012
4927;1770;63;022.1517;221517
4928;1770;59;4895-B;4895B
4929;1770;60;MB 9012A;MB9012A
4931;2303;63;521.02379;52102379
4932;2303;59;4954;4954
4933;2303;60;MB 3004;MB3004
4935;2304;63;521.02382;52102382
4936;2304;59;4953;4953
4937;2304;60;MB 3003;MB3003
4938;1771;31;113.899.155.1;1138991551
4939;1772;63;021.0656;210656
4940;1772;59;1031;1031
4941;1772;60;MB 426;MB426
4943;1773;63;021.0715;210715
4944;1773;59;1045;1045
4945;1773;60;MB 441;MB441
4947;1774;63;521.1864;5211864
4949;1774;60;MB 457 A;MB457A
4951;1775;63;021.0700;210700
4952;1775;59;1034;1034
4953;1775;60;MB 458;MB458
4955;1775;65;FT1058;FT1058
4956;1776;63;021.0887;210887
4957;1776;59;1303;1303
4958;1776;60;MB 463;MB463
4960;1777;63;021.0505;210505
4961;1777;59;1028;1028
4962;1777;60;MB 434;MB434
4964;1777;65;FT1058;FT1058
4965;1778;59;1305;1305
4966;1778;60;MB 456;MB456
4968;1779;63;021.0626;210626
4969;1779;59;1043;1043
4970;1779;60;MB 439;MB439
4972;1780;59;1072;1072
4973;1780;60;MB 4400;MB4400
4975;1781;60;MB 486;MB486
4976;1782;59;1075;1075
4977;1782;60;MB 482;MB482
4979;1783;63;021.0771;210771
4980;1783;59;1041;1041
4981;1783;60;MB 437;MB437
4983;1784;31;82.491.440;82491440
4984;1784;63;021.1127;211127
4985;1784;59;1308;1308
4986;1784;60;MB 462;MB462
4988;1784;65;FT1070;FT1070
4989;1785;63;021.0772;210772
4990;1785;59;1040;1040
4991;1785;60;MB 436;MB436
4993;1786;31;82.491.441;82491441
4994;1786;63;021.1128;211128
4995;1786;59;1307;1307
4996;1786;60;MB 461;MB461
4998;1786;65;FT1071;FT1071
5000;1787;63;021.0407;210407
5001;1787;59;1018;1018
5002;1787;60;MB 435;MB435
5004;1787;65;FT1049;FT1049
5005;1788;63;021.1151;211151
5006;1788;59;1310;1310
5007;1788;60;MB 464;MB464
5009;1789;63;021.1149;211149
5010;1789;59;1311;1311
5011;1789;60;MB 466;MB466
5013;1790;63;021.1699;211699
5014;1790;59;1322;1322
5015;1790;60;MB 479;MB479
5017;1791;63;021.1697;211697
5018;1791;59;1323;1323
5019;1791;60;MB 481;MB481
5021;1792;63;021.1150;211150
5022;1792;59;1309;1309
5023;1792;60;MB 465;MB465
5025;1793;63;021.1696;211696
5026;1793;59;1324;1324
5027;1793;60;MB 480;MB480
5029;1794;63;021.1148;211148
5030;1794;59;1312;1312
5031;1794;60;MB 467;MB467
5033;1795;63;021.1698;211698
5034;1795;59;1321;1321
5035;1795;60;MB 478;MB478
5037;1796;63;022.2230;222230
5038;1796;59;1087;1087
5039;1797;63;022.2266;222266
5040;1797;59;1087B;1087B
5041;1798;60;MB 457A;MB457A
5042;2295;31;51736530;51736530
5043;2295;60;MB 485;MB485
5046;2296;31;51834114;51834114
5047;2296;66;106295;106295
5048;2297;31;50.702.841;50702841
5049;2297;31;51.708.805;51708805
5050;2298;31;50700871;50700871
5051;2298;59;1088;1088
5052;2298;60;MB 489;MB489
5053;2298;31;51716273;51716273
5054;2299;31;50.700.871;50700871
5055;2299;59;1088A;1088A
5056;2299;60;MB 489A;MB489A
5057;2299;31;51.716.273;51716273
5058;2300;31;51766332;51766332
5059;2300;59;1081;1081
5060;2300;60;MB 490;MB490
5061;2300;31;50.702.841;50702841
5062;2300;31;51.708.805;51708805
5063;2300;31;50.700.871;50700871
5064;2300;31;51.716.273;51716273
5065;2301;31;51.766.332;51766332
5066;2301;59;1081A;1081A
5067;2301;60;MB 490A;MB490A
5068;2301;31;50.702.841;50702841
5069;2301;31;51.708.805;51708805
5071;2301;31;51.716.273;51716273
5072;2523;60;MB 4410;MB4410
5073;1799;63;021.0631;210631
5074;1799;59;1042;1042
5075;1799;60;MB 438;MB438
5077;1800;63;021.0484;210484
5078;1800;59;1013;1013
5079;1800;60;MB 473;MB473
5081;1801;63;021.0602;210602
5082;1801;59;1015;1015
5083;1801;60;MB 422;MB422
5085;1802;31;8.977.805;8977805
5086;1802;63;021.0703;210703
5087;1802;59;3711;3711
5088;1802;60;MB 177;MB177
5092;1803;63;021.0697;210697
5094;1803;60;MB 170;MB170
5096;1804;31;90576048;90576048
5097;1804;60;MB 1199;MB1199
5099;1805;31;93333050;93333050
5100;1805;60;MB 1200;MB1200
5101;1806;31;7.334.861;7334861
5102;1806;63;021.0326;210326
5103;1806;59;3642;3642
5104;1806;60;MB 115;MB115
5106;1806;65;G1102;G1102
5107;1806;65;G1103;G1103
5108;1807;31;94635247;94635247
5109;1807;63;021.0419;210419
5110;1807;59;3763;3763
5111;1807;60;MB 169;MB169
5113;1808;31;52272841;52272841
5114;1808;63;021.0559;210559
5115;1808;59;3770;3770
5116;1808;60;MB 1123;MB1123
5118;1809;31;93201397;93201397
5119;1809;63;021.0558;210558
5120;1809;59;3771;3771
5122;1810;31;90445300;90445300
5123;1810;63;021.1721;211721
5124;1810;59;3026;3026
5125;1810;60;MB 1163;MB1163
5127;1810;65;G1173;G1173
5128;1811;31;90.495.170;90495170
5129;1811;59;3027;3027
5130;1811;60;MB 1164;MB1164
5132;1812;31;90495169;90495169
5133;1812;63;021.0907;210907
5134;1812;59;3007;3007
5135;1812;60;MB 1133;MB1133
5137;1813;31;90445298;90445298
5138;1813;63;021.0908;210908
5139;1813;59;3006;3006
5140;1813;60;MB 1132;MB1132
5142;1814;31;93.256.312;93256312
5143;1814;31;90.445.207;90445207
5144;1814;63;021.0789;210789
5145;1814;59;3008;3008
5146;1814;60;MB 1114;MB1114
5148;1814;65;G1234;G1234
5149;2636;31;90538936;90538936
5150;2636;63;022.1039;221039
5151;2636;59;3115;3115
5152;2636;60;MB 1173;MB1173
5154;2636;65;G1235;G1235
5155;1815;31;90135316;90135316
5156;1815;63;044.0844;440844
5157;1815;60;MB 198;MB198
5159;1815;65;G1232;G1232
5160;1816;31;93211139;93211139
5161;1816;63;021.0752;210752
5162;1816;59;3767;3767
5163;1816;60;MB 1121;MB1121
5165;1816;65;G1211;G1211
5166;1817;31;90135316;90135316
5167;1817;63;021.0738;210738
5168;1817;59;3765;3765
5169;1817;60;MB 197;MB197
5171;1817;65;G1208;G1208
5174;1818;31;93.230.328;93230328
5175;1818;63;021.0733;210733
5176;1818;63;021.0557;210557
5180;1819;31;94.635.245;94635245
5181;1819;63;021.0420;210420
5182;1819;59;3761;3761
5183;1819;60;MB 175;MB175
5185;1820;31;90184729;90184729
5186;1820;63;021.0532;210532
5187;1820;59;3760;3760
5188;1820;60;MB 174;MB174
5190;1820;65;G1121;G1121
5191;1821;31;52.272.842;52272842
5192;1821;31;52.272.840;52272840
5193;1821;63;021.0556;210556
5195;1821;60;MB 1122;MB1122
5197;1822;31;93302282;93302282
5198;1822;60;MB 1205;MB1205
5200;1823;31;93302287;93302287
5201;1823;59;3137;3137
5202;1823;60;MB 1206;MB1206
5204;1824;31;93302286;93302286
5205;1824;59;3136;3136
5206;1824;60;MB 1207;MB1207
5208;1825;31;93302281;93302281
5209;1825;59;3133;3133
5210;1825;60;MB 1198;MB1198
5211;2305;31;90.495.514;90495514
5212;2305;63;021.0909;210909
5213;2305;59;3131;3131
5214;2305;60;MB 1188;MB1188
5215;2305;31;93.320.175;93320175
5216;1826;59;2584;2584
5218;1827;63;021.0410;210410
5219;1827;59;2567;2567
5220;1827;60;MB 239;MB239
5222;1827;65;F1145;F1145
5223;1828;63;021.0566;210566
5224;1828;59;2446;2446
5225;1828;60;MB 247;MB247
5227;1828;65;F1242;F1242
5228;1829;63;021.0464;210464
5229;1829;59;2433;2433
5230;1829;60;MB 249;MB249
5232;1829;65;F1241;F1241
5233;1830;59;2528;2528
5234;1830;60;MB 268;MB268
5236;1830;65;F1093;F1093
5237;1831;31;96FB.7M121.AJ;96FB7M121AJ
5238;1831;60;MB 2233;MB2233
5240;1832;63;021.0565;210565
5241;1832;59;2434;2434
5242;1832;60;MB 245;MB245
5244;1832;65;F1235;F1235
5245;1833;63;021.0636;210636
5247;1833;60;MB 259 A;MB259A
5249;1833;65;F1256;F1256
5251;1834;63;022.1202;221202
5252;1834;59;2101-A;2101A
5253;1834;60;MB 264 A;MB264A
5255;1834;65;F1262;F1262
5256;1835;63;522.5401;5225401
5257;1835;59;2711-A;2711A
5258;1835;60;MB 288 A;MB288A
5260;1836;31;2S65.3K155;2S653K155
5261;1836;63;022.1553;221553
5262;1836;60;MB 2221 A;MB2221A
5263;1837;63;522.5065;5225065
5264;1837;59;2443;2443
5265;1837;60;MB 240;MB240
5267;1837;65;F1257;F1257
5269;1838;63;022.1403;221403
5270;1838;59;2701;2701
5271;1838;60;MB 264;MB264
5273;1838;65;F1260;F1260
5274;1839;59;2711;2711
5275;1839;60;MB 288;MB288
5277;1840;31;2S65.3K155;2S653K155
5278;1840;63;022.1505;221505
5279;1840;60;MB 2221;MB2221
5281;1841;63;022.1562;221562
5282;1841;59;2443-A;2443A
5283;1841;60;MB 240 A;MB240A
5285;1842;59;2538;2538
5287;1843;31;96FB.6P082.AD;96FB6P082AD
5288;1843;60;MB 2232;MB2232
5290;1844;63;021.0568;210568
5291;1844;59;2445;2445
5292;1844;60;MB 246;MB246
5294;1845;63;021.0465;210465
5295;1845;59;2432;2432
5296;1845;60;MB 248;MB248
5298;1845;65;F1240;F1240
5299;1847;60;MB 2229;MB2229
5301;1848;59;2741;2741
5302;1848;60;MB 2231;MB2231
5303;1849;31;98AG3K155AF;98AG3K155AF
5304;1849;63;522.5444;5225444
5305;1849;59;2720;2720
5306;1849;60;MB 2226;MB2226
5307;1850;31;98AG3K155AF;98AG3K155AF
5308;1850;63;022.1561;221561
5309;1850;59;2720-B;2720B
5310;1850;60;MB 2226 A;MB2226A
5312;2306;59;8237;8237
5313;2306;60;MB 9294;MB9294
5314;2486;31;50840.SAA.003;50840SAA003
5315;2486;60;MB 9306;MB9306
5318;2524;60;MB 9262 A;MB9262A
5320;2525;63;022.1835;221835
5321;2525;59;8228;8228
5322;2525;60;MB 9262;MB9262
5323;2525;63;022.1840;221840
5324;1851;31;1839.92;183992
5325;1851;60;MB 9232;MB9232
5326;1852;31;1839.94;183994
5327;1852;60;MB 9234;MB9234
5328;1853;60;MB 9276;MB9276
5330;1854;60;MB 9196;MB9196
5332;1855;60;MB 9196A;MB9196A
5333;1856;31;8200171178;8200171178
5334;1856;60;MB 9022;MB9022
5335;1857;31;7700437391;7700437391
5336;1857;60;MB 9033;MB9033
5337;1858;31;7700415087;7700415087
5338;1858;60;MB 9051;MB9051
5340;2527;31;543A06915R;543A06915R
5342;2528;31;543A06915R;543A06915R
5343;1859;63;522.5452;5225452
5344;1859;60;MB 9237;MB9237
5345;1860;63;021.1714;211714
5346;1860;60;MB 9237A;MB9237A
5347;614;48;27081;27081
5348;614;49;HG 30139;HG30139
5349;614;50;364024;364024
5351;299;49;HG 32709;HG32709
5352;299;50;365700;365700
5354;300;49;HG 32710;HG32710
5355;300;50;365701;365701
5356;417;48;27050;27050
5357;417;49;HG 32167;HG32167
5358;417;50;364701;364701
5360;301;49;HG32741;HG32741
5361;301;50;365702;365702
5363;302;49;HG 32846;HG32846
5364;302;50;365703;365703
5365;236;48;27075;27075
5366;236;49;HG 33024;HG33024
5367;236;50;338041;338041
5368;237;48;27314;27314
5369;237;49;HG 33025;HG33025
5370;237;50;364703;364703
5371;264;48;27023;27023
5372;264;49;HG 32768;HG32768
5373;264;50;364700;364700
5374;155;48;46078;46078
5375;155;49;HG 32729;HG32729
5376;155;50;365503;365503
5380;26;49;HG 31089;HG31089
5381;26;50;365504;365504
5382;278;48;27023;27023
5383;278;49;HG 32800;HG32800
5384;278;50;364702;364702
5385;294;48;27324;27324
5386;294;49;HG 33023;HG33023
5387;294;50;365705;365705
5389;303;49;HG 32845;HG32845
5390;304;48;27012;27012
5391;304;49;HG 32742;HG32742
5392;304;50;365704;365704
5393;156;48;27064;27064
5394;156;49;HG 30994;HG30994
5395;156;50;341841;341841
5396;591;48;27270;27270
5397;591;49;HG 31107;HG31107
5398;591;50;343438;343438
5399;588;48;27282;27282
5400;588;49;HG 31127;HG31127
5401;390;48;83754;83754
5402;390;49;HG 31060;HG31060
5403;390;50;343290;343290
5404;9;48;27166;27166
5405;9;49;HG 31040;HG31040
5406;9;50;343280;343280
5407;382;48;27224;27224
5408;382;49;HG 31101;HG31101
5409;382;50;348004;348004
5411;345;49;HG 31103;HG31103
5412;345;50;343470;343470
5414;185;49;HG 31125;HG31125
5415;185;50;349176;349176
5417;438;49;HG 31119;HG31119
5418;438;50;343381;343381
5419;676;31;9676016680;9676016680
5420;671;31;9677161080;9677161080
5422;127;49;HG 31214;HG31214
5423;127;49;HG 31215;HG31215
5427;2367;50;341331;341331
5428;2283;31;52016646;52016646
5429;2283;49;HG 31213;HG31213
5430;2383;31;CS55 18K076 AB;CS5518K076AB
5433;2540;31;1SO 513025 G;1SO513025G
5435;2116;49;HG 31195;HG31195
5436;2116;50;348021;348021
5437;2116;49;HG 31198;HG31198
5441;398;49;HG 31126;HG31126
5443;2344;31;52611-S5J-K530;52611S5JK530
5444;2338;31;52610-SNJ-P031;52610SNJP031
5445;2338;50;343460;343460
5450;63;49;HG 31106;HG31106
5452;616;49;AC 30828;AC30828
5453;616;50;340077;340077
5455;181;49;HG 31093;HG31093
5456;181;50;341237;341237
5457;57;48;27822;27822
5458;57;49;HG 30596;HG30596
5467;353;48;27930;27930
5468;353;49;HG 30738;HG30738
5469;353;50;341951;341951
5470;383;48;27090;27090
5471;383;49;HG 30792;HG30792
5472;383;50;341712;341712
5473;399;48;27100;27100
5474;399;49;HG 30794;HG30794
5476;519;49;HG 31007;HG31007
5477;519;50;343462;343462
5478;354;48;27097;27097
5479;354;49;HG 31076;HG31076
5481;355;49;HG 30796;HG30796
5482;489;48;27261;27261
5483;489;49;HG 31158;HG31158
5484;489;50;348047;348047
5485;490;48;27259;27259
5486;490;49;HG 31157;HG31157
5487;490;50;348051;348051
5488;483;48;27262;27262
5489;483;49;HG 79746;HG79746
5490;483;50;343408;343408
5491;291;48;27074;27074
5492;291;49;HG 31122;HG31122
5493;291;50;343397;343397
5494;495;48;27259;27259
5495;384;48;27227;27227
5496;384;49;HG 31088;HG31088
5497;248;48;83813;83813
5498;248;49;HG 31133;HG31133
5499;248;50;348034;348034
5501;280;48;27076;27076
5502;280;49;HG 31136;HG31136
5504;250;49;HG 31134;HG31134
5505;250;50;348044;348044
5507;532;50;344800;344800
5508;456;48;27229;27229
5509;456;49;HG 30990;HG30990
5510;456;50;348046;348046
5511;457;48;27230;27230
5512;457;49;HG 30991;HG30991
5513;457;50;348048;348048
5514;571;48;83736;83736
5515;571;49;HG 30923;HG30923
5516;571;50;444103;444103
5518;572;49;HG 30924;HG30924
5519;572;50;349178;349178
5520;572;50;443257;443257
5521;536;49;HG 31183;HG31183
5522;536;50;348050;348050
5523;526;48;27285;27285
5524;526;49;HG 31129;HG31129
5525;526;50;348014;348014
5526;23;31;94701320;94701320
5527;23;50;348049;348049
5528;661;50;348041;348041
5530;215;49;HG 31199;HG31199
5531;261;49;HG 31184;HG31184
5532;261;50;348043;348043
5533;258;31;518438310;518438310
5534;258;49;HG 31208;HG31208
5535;2119;31;562105059R;562105059R
5536;259;48;SP037;SP037
5538;246;49;HG 31202;HG31202
5539;688;31;5U0513025E;5U0513025E
5541;688;49;HG 31128;HG31128
5543;621;31;5U0513025K;5U0513025K
5544;2622;31;CA340284;CA340284
5546;2317;31;E6200 ETO 2A;E6200ETO2A
5548;2323;31;E6210 EL00A;E6210EL00A
5550;2323;50;349084;349084
5551;2320;31;E6210 EL00A;E6210EL00A
5552;2320;49;HG 31179;HG31179
5553;2320;50;343458;343458
5554;2314;31;E6200JT32A;E6200JT32A
5555;2314;50;345067;345067
5556;2337;31;2HO513029J;2HO513029J
5558;2337;49;HG 31201;HG31201
5559;2346;31;AB 39 18080 CC;AB3918080CC
5561;2342;31;52032487;52032487
5562;2370;31;1K0/513029/GL;1K0513029GL
5563;2379;31;55310 07100;5531007100
5564;2379;50;343405;343405
5565;2395;31;526101HKOB;526101HKOB
5566;2395;49;HG 41030;HG41030
5567;2382;31;E6210 3AN0 C;E62103AN0C
5568;2404;31;55300-2K200;553002K200
5569;2365;31;55310 1S000;553101S000
5570;2365;50;343829;343829
5571;2358;31;51621-TR8-P021-M1;51621TR8P021M1
5575;2411;31;4162A050;4162A050
5576;2410;31;56200 AZ61B;56200AZ61B
5577;2410;49;HG 31174;HG31174
5578;2410;50;348045;348045
5579;2398;31;48531-42131;4853142131
5581;2398;50;349024;349024
5582;2401;31;55311 2S000;553112S000
5583;2446;31;562109120R4;562109120R4
5584;2446;50;344817;344817
5585;2468;31;56200 AZ60B;56200AZ60B
5586;2468;49;HG 31171;HG31171
5587;2468;50;348052;348052
5588;2465;31;543024709R;543024709R
5590;2533;49;HG 31167;HG31167
5595;2623;31;S496-501046;S496501046
5596;450;31;55310 2B211;553102B211
5597;450;50;341716;341716
5598;460;49;HG 31166;HG31166
5599;410;50;344079;344079
5600;410;50;444334;444334
5602;573;49;HG 31149;HG31149
5603;573;50;343346;343346
5605;574;49;HG 31148;HG31148
5606;574;50;341372;341372
5607;434;50;341492;341492
5609;148;50;343247;343247
5612;58;48;27970;27970
5613;58;49;HG 30598;HG30598
5614;58;50;349177;349177
5615;146;48;27333;27333
5616;338;48;27105;27105
5617;338;49;HG 30803;HG30803
5618;338;50;349031;349031
5619;28;48;27243;27243
5620;28;49;HG 30873;HG30873
5621;28;50;349072;349072
5623;81;49;HG 30971;HG30971
5624;169;48;27245;27245
5625;169;49;HG 31041;HG31041
5626;265;48;27013;27013
5627;265;49;HG 31039;HG31039
5628;265;50;349052;349052
5630;485;49;AC 31154;AC31154
5631;485;50;344294;344294
5632;485;50;444217;444217
5633;556;48;27252;27252
5634;556;49;HG 31115;HG31115
5635;556;50;341723;341723
5636;556;50;341724;341724
5637;499;48;27190;27190
5638;499;49;HG 31032;HG31032
5639;499;50;341249;341249
5640;157;31;94709001;94709001
5641;157;49;HG 31189;HG31189
5642;510;49;HG 31180;HG31180
5646;158;31;93338289;93338289
5647;158;48;27044;27044
5648;158;49;HG 31124;HG31124
5649;158;50;349140;349140
5650;515;49;HG 31181;HG31181
5651;502;49;HG 31185;HG31185
5652;108;31;94757334;94757334
5654;108;49;HG 31176;HG31176
5655;108;49;HG 31113;HG31113
5657;104;49;HG 31110;HG31110
5658;104;50;343308;343308
5659;363;48;20012;20012
5660;363;50;349170;349170
5661;364;48;27306;27306
5662;364;49;HG 36036;HG36036
5663;364;50;349173;349173
5664;238;48;27017;27017
5665;238;49;HG 36033;HG36033
5666;238;50;340081;340081
5667;128;48;27492;27492
5668;128;49;HG 36028;HG36028
5669;129;48;27481;27481
5670;129;49;HG 36027;HG36027
5671;305;48;27016;27016
5673;411;48;84727;84727
5675;411;50;344388;344388
5676;412;48;84728;84728
5677;412;49;HG 36040;HG36040
5678;295;48;27024;27024
5679;295;49;HG 36031;HG36031
5680;295;50;340080;340080
5682;365;49;HG 36034;HG36034
5683;172;49;HG 36042;HG36042
5684;173;49;HG 36041;HG36041
5688;130;49;HG 36029;HG36029
5689;130;50;344041;344041
5690;130;50;444236;444236
5691;539;48;84737;84737
5692;539;49;HG 36068;HG36068
5693;2;48;27016;27016
5694;2;49;HG 31038;HG31038
5695;2;50;344115;344115
5696;222;48;27525;27525
5697;222;49;HG 36069;HG36069
5699;402;49;AC 30756;AC30756
5701;403;49;AC 30757;AC30757
5702;366;48;20013;20013
5703;366;49;HG 36035;HG36035
5704;366;50;349169;349169
5705;239;48;27213;27213
5706;239;49;HG 36032;HG36032
5707;239;50;341324;341324
5708;486;31;CA340018;CA340018
5709;486;50;344295;344295
5710;486;50;444184;444184
5711;376;48;27494;27494
5712;376;49;HG 36037;HG36037
5713;376;50;349181;349181
5714;377;48;27495;27495
5715;377;49;HG 36038;HG36038
5716;36;48;27498;27498
5717;36;49;HG 36027;HG36027
5719;37;49;HG 36028;HG36028
5720;37;50;344042;344042
5722;404;49;AC 35461;AC35461
5723;341;48;27401;27401
5724;333;48;27403;27403
5725;367;48;27301;27301
5726;367;49;AC 35466;AC35466
5727;367;50;349174;349174
5728;368;48;27302;27302
5729;368;49;AC 35467;AC35467
5730;196;48;84736;84736
5731;196;49;HG 36043;HG36043
5732;196;50;345041;345041
5734;528;49;HG 36053;HG36053
5735;529;48;84745;84745
5736;529;49;HG 36052;HG36052
5737;529;50;344306;344306
5739;530;49;HG 36053;HG36053
5740;491;48;27260;27260
5741;491;49;HG 36063;HG36063
5742;131;49;HG 36048;HG36048
5743;131;50;344040;344040
5744;218;48;27523;27523
5745;218;49;HG 36070;HG36070
5746;218;50;345099;345099
5747;533;48;38253;38253
5748;533;49;HG 31192;HG31192
5749;132;49;HG 36049;HG36049
5750;133;49;HG 36051;HG36051
5751;492;48;27258;27258
5752;492;49;HG 36062;HG36062
5753;492;50;349179;349179
5754;219;48;27527;27527
5755;219;49;HG 36071;HG36071
5756;134;49;HG 36050;HG36050
5758;193;49;HG 31131;HG31131
5759;193;50;344407;344407
5761;480;50;443472;443472
5762;298;50;340082;340082
5764;2616;31;51965255;51965255
5765;2343;31;56110JT31C;56110JT31C
5766;2343;50;341467;341467
5767;2345;31;AB 39 18045 CD;AB3918045CD
5768;2336;31;2HO413031K;2HO413031K
5769;2336;49;HG 36081;HG36081
5770;2384;31;4C35/18045/CC;4C3518045CC
5774;2384;49;HG 36072;HG36072
5775;2385;31;4C35/18080/AC;4C3518080AC
5777;2385;49;HG 36073;HG36073
5778;2434;31;52054044;52054044
5779;2534;50;341364;341364
5780;2535;50;341365;341365
5781;470;48;95203;95203
5782;470;49;HG 37001;HG37001
5783;470;50;335810;335810
5784;413;50;341302;341302
5786;421;49;HG 30736;HG30736
5787;421;50;340078;340078
5789;418;49;HG 30737;HG30737
5791;356;49;HG 30343;HG30343
5792;385;48;27086;27086
5793;385;49;HG 30791;HG30791
5794;385;50;333701;333701
5795;400;48;27098;27098
5796;400;49;HG 30793;HG30793
5797;400;50;333700;333700
5798;339;48;27108;27108
5799;339;49;HG 30802;HG30802
5800;339;50;333798;333798
5801;339;50;333799;333799
5802;357;48;27095;27095
5803;357;49;HG 30795;HG30795
5804;357;50;338718;338718
5805;159;48;27062;27062
5806;159;49;HG 32779;HG32779
5807;159;50;333716;333716
5808;160;48;27063;27063
5809;160;49;HG 32778;HG32778
5810;160;50;333715;333715
5811;520;48;SP151;SP151
5812;520;49;HG 33001;HG33001
5813;521;48;SP152;SP152
5814;521;49;HG 33002;HG33002
5815;521;50;333708;333708
5817;82;49;HG 30970;HG30970
5818;82;50;333831;333831
5819;296;48;SP176;SP176
5820;296;49;HG 33004;HG33004
5821;296;50;338038;338038
5822;296;49;HG 33093;HG33093
5823;266;31;468123500;468123500
5824;266;48;SP155;SP155
5826;266;49;HG 33008;HG33008
5827;266;49;HG 33094;HG33094
5828;267;48;SP193;SP193
5829;267;50;338039;338039
5831;78;49;HG 31105;HG31105
5833;79;49;HG 31104;HG31104
5839;500;49;HG 33013;HG33013
5840;500;50;333729;333729
5841;501;48;27225;27225
5842;501;49;HG 33012;HG33012
5843;501;50;333730;333730
5844;110;48;SP021;SP021
5845;110;49;HG 31111;HG31111
5846;110;50;338728;338728
5847;111;48;SP020;SP020
5848;111;49;HG 31112;HG31112
5849;111;50;338729;338729
5850;249;48;SP184;SP184
5851;249;49;HG 33043;HG33043
5852;272;48;SP182;SP182
5853;272;49;HG 33008;HG33008
5854;64;48;27034;27034
5855;251;48;SP200;SP200
5856;251;49;HG 33044;HG33044
5857;386;48;27201;27201
5858;386;49;HG 31100;HG31100
5859;386;50;338040;338040
5860;534;48;E4749;E4749
5861;534;49;HG 33067;HG33067
5862;534;50;333718;333718
5863;346;48;27206;27206
5864;346;49;HG 31102;HG31102
5865;527;48;G7203;G7203
5866;527;49;HG 33037;HG33037
5867;527;50;338713;338713
5868;24;31;93354559;93354559
5870;24;49;HG 33042;HG33042
5871;537;49;HG 33061;HG33061
5872;537;50;338730;338730
5873;186;48;SP191;SP191
5874;186;49;HG 33033;HG33033
5875;186;50;339781;339781
5876;187;48;SP192;SP192
5877;187;49;HG 33034;HG33034
5878;187;50;339782;339782
5879;273;48;SP006;SP006
5880;289;49;HG 33004;HG33004
5891;198;31;9676024180;9676024180
5892;199;31;9676024280;9676024280
5894;112;49;HG 33056;HG33056
5897;105;50;333756;333756
5899;106;49;HG 31108;HG31108
5900;106;50;333755;333755
5901;667;31;9678502780;9678502780
5902;668;31;9778502680;9778502680
5903;669;31;9678493580;9678493580
5904;670;31;9778492680;9778492680
5907;2288;31;52024164;52024164
5908;2288;49;HG 33087;HG33087
5909;2289;49;HG 33088;HG33088
5910;2366;31;2905100-G1081;2905100G1081
5911;2366;50;341330;341330
5912;2378;31;54650-07100;5465007100
5913;2377;31;54660-07000;5466007000
5914;2368;31;48510 D390 C;48510D390C
5915;2393;31;543021HKOB;543021HKOB
5916;2393;49;HG 41028;HG41028
5917;2394;31;543031HKOB;543031HKOB
5918;2394;49;HG 41029;HG41029
5919;2380;31;E4302 3AN0 C;E43023AN0C
5920;2381;31;E4303 3AN0 C;E43033AN0C
5921;2402;31;54660-2K200;546602K200
5922;2403;31;54650-2K200;546502K200
5923;2363;31;54660 1S000;546601S000
5925;2364;31;54650 1S000;546501S000
5926;2364;50;338746;338746
5927;2405;31;AE81 18080AD;AE8118080AD
5929;2406;31;96FB18K076DC;96FB18K076DC
5935;2409;31;54302 AZ61B;54302AZ61B
5936;2409;49;HG 31173;HG31173
5937;2409;50;338727;338727
5938;2408;31;54303 AZ61B;54303AZ61B
5939;2408;49;HG 31172;HG31172
5940;2408;50;338726;338726
5941;2445;31;543020634R;543020634R
5942;2445;50;339762;339762
5943;2466;31;E4302 AZ60B;E4302AZ60B
5944;2466;49;HG 31169;HG31169
5945;2466;50;338724;338724
5946;2467;31;E4303 AZ60B;E4303AZ60B
5947;2467;49;HG 31170;HG31170
5948;2467;50;338725;338725
5950;458;48;83757;83757
5951;458;49;HG 30974;HG30974
5952;458;50;344302;344302
5954;358;49;HG 32693;HG32693
5955;358;50;333793;333793
5957;308;48;27052;27052
5958;308;49;HG 32810;HG32810
5962;29;48;27040;27040
5963;29;49;HG 32872;HG32872
5964;29;50;334847;334847
5965;30;48;27039;27039
5966;30;49;HG 32871;HG32871
5967;30;50;334846;334846
5968;540;48;44455;44455
5969;540;49;HG 31190;HG31190
5970;255;48;27059;27059
5971;255;49;HG 33021;HG33021
5973;268;49;HG 31186;HG31186
5975;274;49;HG 31186;HG31186
5977;297;49;HG 31187;HG31187
5978;297;50;338043;338043
5979;212;48;27058;27058
5980;212;49;HG 33020;HG33020
5982;170;49;HG 33007;HG33007
5983;170;50;334845;334845
5985;171;49;HG 33006;HG33006
5986;171;50;334844;334844
5987;256;48;27059;27059
5988;223;48;16470;16470
5989;223;49;HG 33064;HG33064
5990;223;50;339304;339304
5991;292;48;27072;27072
5992;292;49;HG 33022;HG33022
5994;488;49;HG 79745;HG79745
5995;488;50;334405;334405
5996;592;48;27269;27269
5997;592;49;HG 33017;HG33017
5998;592;50;334835;334835
5999;10;48;27154;27154
6000;10;49;HG 33009;HG33009
6001;10;50;334812;334812
6003;567;49;HG 33018;HG33018
6006;568;49;HG 33019;HG33019
6008;220;49;HG 33065;HG33065
6009;220;50;339305;339305
6010;221;48;16470;16470
6011;221;49;HG 33066;HG33066
6012;589;48;27267;27267
6013;589;49;HG 33031;HG33031
6022;391;48;94146;94146
6023;391;49;HG 31059;HG31059
6024;391;50;333348;333348
6025;392;48;94147;94147
6026;392;49;HG 31058;HG31058
6027;392;50;333349;333349
6028;182;48;27332;27332
6029;182;49;HG 33014;HG33014
6030;182;50;333736;333736
6031;182;50;333838;333838
6032;183;48;27331;27331
6033;183;49;HG 33015;HG33015
6034;183;50;333737;333737
6035;183;50;333839;333839
6036;161;31;93348917;93348917
6037;161;48;27042;27042
6038;161;49;HG 33028;HG33028
6039;162;31;93348918;93348918
6040;162;48;27043;27043
6041;162;49;HG 33027;HG33027
6042;163;49;HG 33030;HG33030
6043;164;49;HG 33029;HG33029
6046;282;50;339775;339775
6047;283;48;G8064;G8064
6048;283;49;HG 33046;HG33046
6049;283;50;339774;339774
6050;253;48;G8063;G8063
6051;253;49;HG 33047;HG33047
6052;254;48;G8064;G8064
6053;254;49;HG 33048;HG33048
6054;165;31;93356802;93356802
6055;166;31;93356803;93356803
6060;511;48;27297;27297
6061;511;49;HG 33058;HG33058
6062;512;49;HG 33057;HG33057
6063;194;48;E4755;E4755
6064;194;49;HG 33039;HG33039
6065;194;50;333758;333758
6066;195;48;E4755;E4755
6067;195;49;HG 33038;HG33038
6068;195;50;333757;333757
6069;516;49;HG 33060;HG33060
6070;517;49;HG 33059;HG33059
6071;216;49;HG 33068;HG33068
6072;662;50;339773;339773
6073;217;49;HG 33068;HG33068
6074;316;49;HG 33063;HG33063
6075;317;49;HG 33062;HG33062
6076;678;31;518455060;518455060
6077;678;49;HG 33074;HG33074
6078;678;49;HG 33076;HG33076
6079;677;31;518563910;518563910
6080;677;49;HG 33073;HG33073
6081;677;49;HG 33075;HG33075
6082;682;31;519156820;519156820
6083;681;31;519156830;519156830
6085;684;31;518756050;518756050
6086;687;31;5U0 413 031.F;5U0413031F
6090;687;49;HG 33036;HG33036
6091;623;31;5U0 413 031D;5U0413031D
6092;2118;31;CA33062;CA33062
6093;2117;31;CA330661;CA330661
6094;2614;31;51950173;51950173
6095;2615;31;51950174;51950174
6096;2620;31;CA330669;CA330669
6097;2621;31;CA330670;CA330670
6102;2315;31;E4302 ETO 2B;E4302ETO2B
6103;2316;31;E4303 ETO 2B;E4303ETO2B
6104;2321;31;54661-2L100;546612L100
6106;2321;50;338024;338024
6107;2322;31;54651-2L100;546512L100
6109;2322;50;338025;338025
6110;2318;31;E4302 EL00A;E4302EL00A
6111;2318;49;HG 31177;HG31177
6112;2318;50;333390;333390
6113;2319;31;E4303 EL00A;E4303EL00A
6114;2319;49;HG 31178;HG31178
6115;2319;50;333391;333391
6118;2361;31;2911480U8160;2911480U8160
6119;2362;31;2911380U8160;2911380U8160
6120;2369;31;1T0/413031/GA;1T0413031GA
6122;2357;31;51611-TR8-P021-M1;51611TR8P021M1
6123;2396;31;4851080637;4851080637
6124;2396;50;339031;339031
6125;2397;31;4852080340;4852080340
6126;2397;50;339032;339032
6127;2413;31;54661 2S000;546612S000
6128;2414;31;54651 2S000;546512S000
6129;2484;49;HG 41058;HG41058
6130;2485;49;HG 41059;HG41059
6131;2556;31;9M55 18045 AB;9M5518045AB
6132;2556;49;HG 33069;HG33069
6133;2556;31;RAB103;RAB103
6134;2557;31;9M55 18K001 AB;9M5518K001AB
6135;2557;49;HG 33070;HG33070
6136;2557;31;RAB104;RAB104
6137;2536;50;341405;341405
6138;2537;50;341406;341406
6139;2624;31;5NO413031K;5NO413031K
6140;2554;31;8043990AE;8043990AE
6142;2554;50;339251;339251
6143;2555;31;8043991AE;8043991AE
6144;2555;31;7089424;7089424
6146;2555;50;339252;339252
6147;2568;48;G7305;G7305
6148;2569;48;G7306;G7306
6149;2115;49;HG 31193;HG31193
6150;2115;50;338009;338009
6151;2115;50;338010;338010
6152;2115;49;HG 31194;HG31194
6153;2115;49;HG 31196;HG31196
6154;2115;49;HG 31197;HG31197
6155;448;50;339750;339750
6156;449;50;339751;339751
6158;440;50;338722;338722
6159;440;50;338723;338723
6160;451;31;55351-2E501;553512E501
6161;451;31;55361-2E501;553612E501
6162;451;49;HG 33079;HG33079
6163;451;50;339746;339746
6164;451;50;339747;339747
6165;451;50;344500;344500
6166;451;49;HG 33080;HG33080
6169;401;49;HG 33032;HG33032
6170;401;50;333795;333795
6171;562;50;339176;339176
6172;452;49;HG 33078;HG33078
6173;452;50;339743;339743
6174;453;49;HG 33077;HG33077
6175;453;50;339742;339742
6176;429;50;331028;331028
6177;430;50;331027;331027
6178;431;49;HG 31139;HG31139
6179;431;50;339036;339036
6180;432;49;HG 31138;HG31138
6181;432;50;339035;339035
6183;563;50;332088;332088
6184;564;50;332089;332089
6185;565;50;334176;334176
6186;566;50;334177;334177
6188;197;49;HG 37002;HG37002
6189;197;50;635806;635806
6246;1504;49;NJH51-789;NJH51789
6259;1481;49;NJH51-599;NJH51599
6265;1469;49;NJH31-339;NJH31339
6351;1502;49;NJH11-729;NJH11729
6366;2204;67;2-13-479X;213479X
6367;2204;67;2-13-139XG;213139XG
6368;2204;67;2-18-249XG;218249XG
6370;2207;67;2-13-549XG;213549XG
6371;2640;67;2-13-549XG;213549XG
6372;2208;67;2-13-1719G;2131719G
6374;2209;67;2-13-509XG;213509XG
6375;2210;67;2-18-329XG;218329XG
6376;2212;67;2-13-299XG;213299XG
6377;2213;67;2-13-1329G;2131329G
6378;2213;67;2-13-1379G;2131379G
6380;2215;67;2-13-129X-2G;213129X2G
6381;2215;67;2-13-569XG;213569XG
6385;2558;67;2-13-839D;213839D
6390;2227;67;2-13-1449G;2131449G
6392;2228;67;2-13-779XG;213779XG
6394;2373;67;2-13-909-1G;2139091G
6405;2562;67;2-13-1549G;2131549G
6411;2244;67;2-13-619XG;213619XG
6412;2245;67;2-13-869XG;213869XG
6413;548;48;54435;54435
6414;548;49;AC 35820;AC35820
6416;45;49;AC 35481;AC35481
6417;46;48;27015;27015
6418;46;49;AC 35482;AC35482
6420;141;49;AC 35804;AC35804
6421;141;50;445100;445100
6422;142;48;27015;27015
6423;142;49;AC 35805;AC35805
6424;142;50;445099;445099
6426;135;49;AC 35764;AC35764
6427;4;48;38112;38112
6428;4;49;AC 30783;AC30783
6432;17;48;27015;27015
6433;17;49;AC 35722;AC35722
6434;17;50;445097;445097
6435;18;48;54416;54416
6436;18;49;AC 35482;AC35482
6437;18;50;444341;444341
6438;550;48;54435;54435
6439;550;49;AC 35835;AC35835
6441;405;49;AC 30757;AC30757
6443;406;49;AC 30756;AC30756
6446;551;48;54435;54435
6447;551;49;AC 35835;AC35835
6449;552;49;AC 35837;AC35837
6450;553;48;54446;54446
6451;553;49;AC 35836;AC35836
6456;38;49;AC 35765;AC35765
6457;38;50;444335;444335
6462;137;49;AC 35764;AC35764
6463;137;50;444235;444235
6471;334;49;AC 35050;AC35050
6472;369;48;54411;54411
6473;369;49;AC 35467;AC35467
6474;369;50;444333;444333
6476;407;49;AC 35461;AC35461
6479;335;49;AC 35122;AC35122
6481;39;49;AC 35764;AC35764
6482;40;48;27492;27492
6483;19;49;AC35482;AC35482
6484;370;48;54410;54410
6485;370;49;AC35466;AC35466
6486;370;50;445101;445101
6489;13;49;AC35481;AC35481
6490;13;50;444336;444336
6491;47;48;54416;54416
6492;47;49;AC 35482;AC35482
6493;49;48;54416;54416
6494;49;49;AC 35482;AC35482
6495;50;48;54415;54415
6496;50;49;AC 35481;AC35481
6498;554;49;AC 35820;AC35820
6499;555;48;54421;54421
6500;555;49;AC 35821;AC35821
6501;2258;31;CA330257;CA330257
6502;2258;50;443472;443472
6504;653;49;AP 25551;AP25551
6508;1147;68;I-CH0079;ICH0079
6510;1148;68;I-CH0080;ICH0080
6512;1206;68;I-CH0513;ICH0513
6514;1133;68;I-CH0033;ICH0033
6516;1164;68;I-CH546;ICH546
6518;1164;68;I-CH547;ICH547
6519;1165;68;I-CH548;ICH548
6521;1166;68;I-CH0434;ICH0434
6523;1159;68;I-CH546;ICH546
6524;1159;68;I-CH547;ICH547
6526;1160;68;I-CH548;ICH548
6528;1161;68;I-CH0433;ICH0433
6530;1198;68;I-CH0005;ICH0005
6532;1145;68;I-CH0021;ICH0021
6538;1189;68;I-CH0348;ICH0348
6540;1152;68;I-CH0049;ICH0049
6542;1184;68;I-CH0020;ICH0020
6547;2676;68;I-CH0432;ICH0432
6556;1150;68;I-CH0182;ICH0182
6561;1181;68;I-CH0285;ICH0285
6562;1181;68;I-CH0286;ICH0286
6567;1174;68;I-CH0183;ICH0183
6569;1175;68;I-CH0184;ICH0184
6571;1176;68;I-CH0212;ICH0212
6573;1151;68;I-CH0214;ICH0214
6575;1126;68;I-CH0227;ICH0227
6579;1141;68;I-CH0240;ICH0240
6583;1138;68;I-CH0243;ICH0243
6589;1127;68;I-CH0273;ICH0273
6591;1171;68;I-CH0270;ICH0270
6593;1128;68;I-CH0249;ICH0249
6595;1129;68;I-CH0251;ICH0251
6597;1177;68;I-CH0254;ICH0254
6599;1178;68;I-CH0255;ICH0255
6601;1179;68;I-CH0273;ICH0273
6603;1182;68;I-CH0297;ICH0297
6605;1193;68;I-CH0299;ICH0299
6607;1124;68;I-CH0278;ICH0278
6609;1136;68;I-CH0279;ICH0279
6611;1125;68;I-CH0276;ICH0276
6613;1153;68;I-CH0401;ICH0401
6615;2386;68;I-CH0402;ICH0402
6617;1170;68;I-CH0277;ICH0277
6619;1162;68;I-CH0329;ICH0329
6621;1155;68;I-CH0319;ICH0319
6623;1156;68;I-CH0320;ICH0320
6625;1157;68;I-CH0401;ICH0401
6626;1157;68;I-CH0402;ICH0402
6627;1158;68;I-CH0347;ICH0347
6629;1196;68;I-CH0029;ICH0029
6631;1199;68;I-CH0028;ICH0028
6635;1201;68;I-CH0346;ICH0346
6637;1139;68;I-CH0245;ICH0245
6639;1208;68;I-CH0510;ICH0510
6641;1209;68;I-CH0511;ICH0511
6643;1210;68;I-CH0512;ICH0512
6645;1146;68;I-CH0020;ICH0020
6647;1183;68;I-CH0299;ICH0299
6649;1130;68;I-CH0019;ICH0019
6651;1163;68;I-CH0018;ICH0018
6653;1134;68;I-CH0503;ICH0503
6654;1135;68;I-CH0502;ICH0502
6657;1132;68;I-CH0501;ICH0501
6660;1203;68;I-CH0505;ICH0505
6666;1215;68;I-FT0114;IFT0114
6670;1235;68;I-FT0267-M;IFT0267M
6672;1308;68;I-FT0271-M;IFT0271M
6678;1227;68;I-FT0487;IFT0487
6680;1224;68;I-FT0488;IFT0488
6682;1228;68;I-FT0489;IFT0489
6684;1295;68;I-FT0291-M;IFT0291M
6686;1222;68;I-FT0490;IFT0490
6688;1296;68;I-FT0292-M;IFT0292M
6690;1297;68;I-FT0499;IFT0499
6692;1252;68;I-FT0360;IFT0360
6694;1253;68;I-FT0363;IFT0363
6696;1254;68;I-FT0364;IFT0364
6698;1255;68;I-FT0366-M;IFT0366M
6700;1256;68;I-FT0367-M;IFT0367M
6702;1298;68;I-FT0371-M;IFT0371M
6704;1270;68;I-FT0373;IFT0373
6706;1271;68;I-FT0374;IFT0374
6708;1272;68;I-FT0375;IFT0375
6710;1245;68;I-FT0379;IFT0379
6712;1216;68;I-FT0380;IFT0380
6716;1246;68;I-FT0416-M;IFT0416M
6718;1251;68;I-FT0418-M;IFT0418M
6720;1247;68;I-FT0415;IFT0415
6722;1269;68;I-FT0011;IFT0011
6724;1280;68;I-FT0409-M;IFT0409M
6726;1268;68;I-FT0443M;IFT0443M
6728;1249;68;I-FT0380-M;IFT0380M
6730;1219;68;I-FT0414;IFT0414
6732;1217;68;I-FT0039;IFT0039
6734;1282;68;I-FT0419;IFT0419
6736;1258;68;I-FT0419;IFT0419
6738;1259;68;I-FT0420;IFT0420
6740;1260;68;I-FT0422-M;IFT0422M
6742;1221;68;I-FT0491;IFT0491
6744;1223;68;I-FT0492;IFT0492
6746;1292;68;I-FT0481;IFT0481
6748;1293;68;I-FT0494;IFT0494
6750;1261;68;I-FT0421;IFT0421
6752;1248;68;I-FT0493;IFT0493
6754;1218;68;I-FT0042;IFT0042
6756;1273;68;I-FT0042;IFT0042
6758;1281;68;I-FT0428-M;IFT0428M
6760;1285;68;I-FT0497;IFT0497
6762;1286;68;I-FT0496;IFT0496
6764;1287;68;I-FT0495;IFT0495
6766;1288;68;I-FT0498;IFT0498
6770;1257;68;I-FT0426-M;IFT0426M
6773;1240;68;I-FT0486;IFT0486
6777;1242;68;I-FT0536;IFT0536
6779;1354;68;I-FO0351;IFO0351
6781;1355;68;I-FO0024;IFO0024
6783;1361;68;I-FO0022;IFO0022
6785;1362;68;I-FO0355;IFO0355
6787;1340;68;I-FO0369;IFO0369
6789;1322;68;I-FO0370;IFO0370
6791;1319;68;I-FO0057-M;IFO0057M
6793;1357;68;I-FO0469;IFO0469
6795;2199;68;I-FO0043M;IFO0043M
6796;1358;68;I-FO0470;IFO0470
6802;1310;68;I-FO0030-M;IFO0030M
6807;1317;68;I-FO0164-M;IFO0164M
6808;1317;68;I-FO0165-M;IFO0165M
6811;1318;68;I-FO0166-M;IFO0166M
6812;1318;68;I-FO0167-M;IFO0167M
6815;1352;68;I-FO0187/188;IFO0187188
6821;1364;68;I-FO0022;IFO0022
6823;1365;68;I-FO0023;IFO0023
6825;1356;68;I-FO0024;IFO0024
6827;1324;68;I-FO0025;IFO0025
6828;1325;68;I-FO0026;IFO0026
6845;1316;68;I-FO0226-M;IFO0226M
6847;1311;68;I-FO0116-M;IFO0116M
6849;1320;68;I-FO0258-M;IFO0258M
6851;1312;68;I-FO0145-M;IFO0145M
6853;1327;68;I-FO0208-M;IFO0208M
6855;1331;68;I-FO0247-M;IFO0247M
6857;1328;68;I-FO0210-M;IFO0210M
6859;1329;68;I-FO0231-M;IFO0231M
6861;1371;68;I-FO0262-M;IFO0262M
6863;1330;68;I-FO0247-M;IFO0247M
6865;1314;68;I-FO0165-M;IFO0165M
6867;1366;68;I-FO0263;IFO0263
6875;1332;68;I-FO0260;IFO0260
6877;1334;68;I-FO0300-M;IFO0300M
6883;1337;68;I-FO0306-M;IFO0306M
6885;1338;68;I-FO0307-M;IFO0307M
6899;1349;68;I-FO0392;IFO0392
6913;1378;68;I-MB0012;IMB0012
6915;1380;68;I-MB0037;IMB0037
6917;1385;68;I-RE0038;IRE0038
6920;1383;68;I-RE0013;IRE0013
6928;1389;68;I-TO0440;ITO0440
6930;1419;68;I-VW0127-M;IVW0127M
6932;1392;68;I-VW0175-M;IVW0175M
6934;1393;68;I-VW0180-M;IVW0180M
6936;1426;68;I-VW0216-M;IVW0216M
6938;1403;68;I-VW0461;IVW0461
6940;1415;68;I-VW0178-M;IVW0178M
6942;1420;68;I-VW0179-M;IVW0179M
6944;1394;68;I-VW0265-M;IVW0265M
6946;1372;68;I-VW0272;IVW0272
6948;1395;68;I-VW0219-M;IVW0219M
6950;1367;68;I-VW0230;IVW0230
6952;1368;68;I-VW0221;IVW0221
6954;1369;68;I-VW0229;IVW0229
6955;1396;68;I-VW0312-M;IVW0312M
6957;1397;68;I-VW0382;IVW0382
6959;1398;68;I-VW0325-M;IVW0325M
6961;1400;68;I-VW0404;IVW0404
6963;1401;68;I-VW0405;IVW0405
6965;1399;68;I-VW0384;IVW0384
6967;1417;68;I-VW0385;IVW0385
6969;1370;68;I-VW0001-M;IVW0001M
6971;1418;68;I-VW0036-M;IVW0036M
6973;1409;68;I-VW0458;IVW0458
6975;1410;68;I-VW0459-M;IVW0459M
6977;1411;68;I-VW0460;IVW0460
6979;1421;68;I-VW0462;IVW0462
6981;1422;68;I-VW0461;IVW0461
6983;1425;68;I-VW0463;IVW0463
6985;1427;68;I-VW0381-M;IVW0381M
6997;1423;68;I-VW0412-M;IVW0412M
7001;226;48;37924;37924
7003;318;49;SE 30759;SE30759
7005;359;49;SE 30851;SE30851
7006;359;50;633802;633802
7008;360;49;SE 30852;SE30852
7009;319;49;SE 31160;SE31160
7010;320;49;SE 31161;SE31161
7015;324;50;633277;633277
7016;2339;31;20110208;20110208
7017;2340;31;20110209;20110209
7023;65;49;SE 30727;SE30727
7024;525;48;94143;94143
7026;525;49;HG 31162;HG31162
7029;227;49;SE 32758;SE32758
7031;241;48;37957;37957
7032;241;49;SE 32760;SE32760
7033;242;48;38009;38009
7034;242;49;SE 32688;SE32688
7036;243;49;SE 32760;SE32760
7037;229;48;38232;38232
7044;546;49;HG 31018;HG31018
7045;546;50;634810;634810
7047;84;49;SE 30829;SE30829
7049;149;50;334195;334195
7050;149;50;334196;334196
7051;2824;54;RCPT01100;RCPT01100
7052;2824;70;PD/39;PD39
7053;2824;71;N-530;N530
7054;2824;72;HQ-2050;HQ2050
7055;2824;73;1228;1228
7056;2823;54;RCPT04260;RCPT04260
7057;2823;70;PD/36;PD36
7058;2823;71;N-133;N133
7059;2823;72;HQ-2055;HQ2055
7060;2823;73;1238;1238
7061;2836;54;RCPT02170;RCPT02170
7062;2836;70;PD/45;PD45
7063;2836;71;N-232;N232
7064;2836;72;HQ-2045;HQ2045
7065;2836;73;1237;1237
7066;2959;54;RCPT02140;RCPT02140
7067;2959;70;PD/51;PD51
7068;2959;71;N-235;N235
7069;2959;72;HQ-2065;HQ2065
7070;2959;73;1407;1407
7071;2837;54;RCPT02180;RCPT02180
7072;2837;70;PD/44;PD44
7073;2837;71;N-227;N227
7074;2837;72;HQ-2042;HQ2042
7075;2837;73;1235;1235
7076;2838;54;RCPT02090;RCPT02090
7077;2838;70;PD/44B;PD44B
7078;2838;71;N-228;N228
7079;2838;72;HQ-2042A;HQ2042A
7080;2838;73;1236;1236
7081;2849;54;RCPT00071;RCPT00071
7082;2849;70;PD/13;PD13
7083;2849;71;N-208;N208
7084;2849;72;HQ-2018;HQ2018
7085;2849;73;1404;1404
7086;2696;54;RCPT08500;RCPT08500
7087;2696;70;PD/367;PD367
7088;2696;71;N-820;N820
7089;2696;72;HQ-2102;HQ2102
7090;2696;73;1361;1361
7091;2692;54;RCPT02720;RCPT02720
7092;2692;70;PD/58;PD58
7093;2692;71;N-252;N252
7094;2692;72;HQ-2107;HQ2107
7095;2692;73;1042;1042
7096;2938;54;RCPT01870;RCPT01870
7097;2938;70;PD/368;PD368
7098;2938;71;N-822;N822
7099;2938;72;HQ-2109;HQ2109
7100;2938;73;1046;1046
7101;2693;54;RCPT02830;RCPT02830
7102;2693;70;PD/58B;PD58B
7103;2693;71;N-254;N254
7104;2693;72;HQ-2107A;HQ2107A
7105;2693;73;1048;1048
7106;2694;54;RCPT04370;RCPT04370
7107;2694;70;PD/73;PD73
7108;2694;71;N-262;N262
7109;2694;72;HQ-2170;HQ2170
7110;2694;73;1047;1047
7111;2937;54;RCPT00940;RCPT00940
7112;2937;70;PD/328;PD328
7113;2937;71;N-883;N883
7114;2937;72;HQ-2052;HQ2052
7115;2937;73;1360;1360
7116;2695;54;RCPT04380;RCPT04380
7117;2695;70;PD/73B;PD73B
7118;2695;71;N-263;N263
7119;2695;72;HQ-2171A;HQ2171A
7120;2695;73;1051;1051
7121;2691;54;RCPT08530;RCPT08530
7122;2691;70;PD/362;PD362
7123;2691;71;N-884;N884
7124;2691;72;HQ-2168;HQ2168
7125;2691;73;1043;1043
7126;2815;54;RCPT07560;RCPT07560
7127;2815;70;PD/35;PD35
7128;2815;71;N-130;N130
7129;2815;72;HQ-2041;HQ2041
7130;2815;73;1145;1145
7131;2702;54;RCPT01390;RCPT01390
7132;2702;70;PD/329;PD329
7133;2702;71;N-885;N885
7134;2702;72;HQ-2084;HQ2084
7135;2702;73;1044;1044
7136;2700;54;RCPT01660;RCPT01660
7137;2700;70;PD/525;PD525
7138;2700;71;N-255;N255
7139;2700;72;HQ-2162;HQ2162
7140;2700;73;1050;1050
7141;2963;54;RCPT08560;RCPT08560
7142;2963;70;PD/520;PD520
7143;2963;73;1411;1411
7144;2697;54;RCPT08800;RCPT08800
7145;2697;70;PD/340;PD340
7146;2697;73;1054;1054
7147;2698;54;RCPT05260;RCPT05260
7148;2698;70;PD/340B;PD340B
7149;2698;73;1052;1052
7150;2958;54;RCPT00128;RCPT00128
7151;2958;70;PD/23;PD23
7152;2958;71;N-209;N209
7153;2958;72;HQ-2008;HQ2008
7154;2958;73;1405;1405
7155;2835;54;RCPT00111;RCPT00111
7156;2835;70;PD/28;PD28
7157;2835;71;N-214;N214
7158;2835;72;HQ-2029;HQ2029
7159;2835;73;1234;1234
7160;2962;54;RCPT12710;RCPT12710
7161;2962;70;PD/81;PD81
7162;2962;71;N-289;N289
7163;2962;72;HQ-3004PA;HQ3004PA
7164;2962;73;1417;1417
7165;2690;54;RCPT12490;RCPT12490
7166;2690;70;PD/1447;PD1447
7167;2690;71;N-292;N292
7169;2961;54;RCPT12470;RCPT12470
7170;2961;70;PD/1000B;PD1000B
7171;2961;71;N-279;N279
7172;2961;72;HQ-2208A;HQ2208A
7173;2961;73;1059;1059
7174;2689;54;RCPT01400;RCPT01400
7175;2689;70;PD/336;PD336
7176;2689;71;N-896;N896
7177;2689;72;HQ-2100;HQ2100
7179;2699;54;RCPT01150;RCPT01150
7180;2699;70;PD/525A;PD525A
7181;2699;71;N-264;N264
7182;2699;72;HQ-2188A;HQ2188A
7183;2699;73;1053;1053
7184;2845;54;RCPT13390;RCPT13390
7185;2701;54;RCPT08990;RCPT08990
7186;2701;70;PD/384A;PD384A
7187;2701;71;N-282;N282
7188;2701;72;HQ-2253A;HQ2253A
7189;2701;73;1049;1049
7190;2960;54;RCPT13910;RCPT13910
7191;2960;70;PD/1346;PD1346
7192;2960;71;N-286;N286
7193;2960;72;HQ-2286;HQ2286
7194;2960;73;1419;1419
7195;2896;54;RCPT04340;RCPT04340
7196;2896;70;PD/67A;PD67A
7197;2896;71;N-700;N700
7198;2896;72;HQ-2101A;HQ2101A
7199;2896;73;1295;1295
7200;2895;54;RCPT01490;RCPT01490
7201;2895;70;PD/489;PD489
7202;2895;71;N-723;N723
7203;2895;73;1293;1293
7204;2899;54;RCPT04450;RCPT04450
7205;2899;70;PD/111;PD111
7206;2899;71;N-717;N717
7207;2899;72;HQ-2091;HQ2091
7208;2899;73;1292;1292
7209;2900;54;RCPT01740;RCPT01740
7210;2900;70;PD/111A;PD111A
7211;2900;71;N-710;N710
7212;2900;72;HQ-2091A;HQ2091A
7213;2902;54;RCPT04510;RCPT04510
7214;2902;70;PD/118;PD118
7215;2902;71;N-712;N712
7216;2902;72;HQ-2121;HQ2121
7217;2902;73;1294;1294
7218;2903;54;RCPT04720;RCPT04720
7219;2903;70;PD/417;PD417
7220;2903;71;N-731;N731
7221;2903;72;HQ-2218;HQ2218
7224;2894;54;RCPT01640;RCPT01640
7225;2894;70;PD/108;PD108
7226;2894;73;1291;1291
7230;2898;54;RCPT09240;RCPT09240
7231;2898;73;1308;1308
7232;2809;54;RCPT02770;RCPT02770
7233;2809;70;PD/27A;PD27A
7234;2809;71;N-521;N521
7235;2809;72;HQ-2043A;HQ2043A
7236;2809;73;1192;1192
7239;2795;54;RCPT02070;RCPT02070
7240;2795;70;PD/47;PD47
7241;2795;71;N-511;N511
7242;2795;72;HQ-2049;HQ2049
7243;2795;73;1189;1189
7244;2807;54;RCPT00543;RCPT00543
7245;2807;70;PD/47A;PD47A
7246;2807;71;N-513;N513
7247;2807;72;HQ-2032A;HQ2032A
7248;2807;73;1190;1190
7249;2679;54;RCPT00860;RCPT00860
7250;2679;70;PD/335A;PD335A
7251;2679;71;N-518;N518
7252;2679;72;HQ-2115A;HQ2115A
7253;2679;73;1006;1006
7254;2792;54;RCPT00209;RCPT00209
7255;2792;70;PD/25;PD25
7256;2792;71;N-503;N503
7257;2792;72;HQ-2005;HQ2005
7258;2792;73;1185;1185
7259;2793;54;RCPT00489;RCPT00489
7260;2793;70;PD/25B;PD25B
7261;2793;71;N-504;N504
7262;2793;72;HQ-2006A;HQ2006A
7263;2793;73;1186;1186
7269;2808;54;RCPT04270;RCPT04270
7270;2808;70;PD/48;PD48
7271;2808;73;1194;1194
7272;2781;54;RCPT00233;RCPT00233
7273;2781;70;PD/18;PD18
7274;2781;71;N-501;N501
7275;2781;72;HQ-2022;HQ2022
7276;2781;73;1184;1184
7277;2684;54;RCPT00820;RCPT00820
7278;2684;70;PD/49;PD49
7279;2684;71;N-514;N514
7280;2684;72;HQ-2114;HQ2114
7282;2803;54;RCPT07670;RCPT07670
7283;2803;70;PD/509;PD509
7284;2803;71;N-570;N570
7285;2803;72;HQ-2179;HQ2179
7286;2804;54;RCPT07680;RCPT07680
7287;2804;70;PD/509B;PD509B
7288;2804;71;N-569;N569
7289;2804;72;HQ-2179A;HQ2179A
7290;2804;73;1201;1201
7291;2786;54;RCPT02900;RCPT02900
7292;2786;70;PD/494;PD494
7293;2786;73;1200;1200
7294;2797;54;RCPT04970;RCPT04970
7295;2797;70;PD/60A;PD60A
7296;2802;54;RCPT07700;RCPT07700
7297;2802;70;PD/518;PD518
7298;2802;71;N-583;N583
7299;2802;72;HQ-2180;HQ2180
7300;2802;73;1203;1203
7301;2800;54;RCPT04620;RCPT04620
7302;2800;70;PD/346;PD346
7303;2800;71;N-1168;N1168
7304;2800;72;HQ-2206;HQ2206
7305;2800;73;1331;1331
7306;2801;54;RCPT07740;RCPT07740
7307;2801;70;PD/511B;PD511B
7308;2801;71;N-582;N582
7309;2801;72;HQ-2178A;HQ2178A
7310;2801;73;1202;1202
7311;2769;54;RCPT08180;RCPT08180
7312;2769;70;PD/111C;PD111C
7313;2769;73;1270;1270
7314;2770;54;RCPT08190;RCPT08190
7315;2770;70;PD/498A;PD498A
7316;2770;71;N-573;N573
7317;2770;72;HQ-2233A;HQ2233A
7318;2770;73;1151;1151
7319;2767;54;RCPT04740;RCPT04740
7320;2767;70;PD/438B;PD438B
7321;2767;71;N-566;N566
7322;2767;72;HQ-2160A;HQ2160A
7323;2767;73;1199;1199
7324;2765;54;RCPT04750;RCPT04750
7325;2765;70;PD/422;PD422
7326;2768;54;RCPT04650;RCPT04650
7327;2768;70;PD/396B;PD396B
7328;2768;71;N-565;N565
7329;2768;72;HQ-2159A;HQ2159A
7330;2768;73;1198;1198
7331;2766;54;RCPT08220;RCPT08220
7332;2766;70;PD/422A;PD422A
7333;2766;71;N-555;N555
7334;2766;72;HQ-2117A;HQ2117A
7336;2788;54;RCPT04640;RCPT04640
7337;2788;70;PD/358;PD358
7338;2789;54;RCPT08230;RCPT08230
7339;2789;70;PD/358A;PD358A
7340;2789;71;N-553;N553
7341;2789;72;HQ-2116A;HQ2116A
7342;2789;73;1142;1142
7343;2787;54;RCPT02150;RCPT02150
7344;2787;70;PD/68;PD68
7345;2787;71;N-533;N533
7346;2787;72;HQ-2062;HQ2062
7347;2787;73;1196;1196
7348;2685;54;RCPT01040;RCPT01040
7349;2685;70;PD/483A;PD483A
7350;2685;71;N-605;N605
7351;2685;72;HQ-2119A;HQ2119A
7358;2782;54;RCPT04850;RCPT04850
7359;2782;70;PD/484A;PD484A
7360;2782;73;1003;1003
7361;2790;54;RCPT08930;RCPT08930
7362;2790;70;PD/652B;PD652B
7363;2790;71;N-596;N596
7364;2790;72;HQ-2260A;HQ2260A
7366;2680;54;RCPT00910;RCPT00910
7367;2680;70;PD/430;PD430
7368;2680;71;N-824;N824
7369;2680;72;HQ-2123;HQ2123
7370;2680;73;1001;1001
7371;2811;54;RCPT12550;RCPT12550
7372;2811;70;PD/85;PD85
7373;2811;71;N-598;N598
7374;2811;72;HQ-2279;HQ2279
7375;2811;73;2182;2182
7376;2812;54;RCPT12590;RCPT12590
7377;2812;70;PD/87;PD87
7378;2812;71;N-542;N542
7379;2812;72;HQ-3000PA;HQ3000PA
7380;2812;73;2183;2183
7381;2681;54;RCPT02650;RCPT02650
7382;2681;70;PD/66A;PD66A
7383;2681;71;N-534;N534
7384;2681;72;HQ-2066A;HQ2066A
7385;2681;73;1180;1180
7386;2783;54;RCPT12630;RCPT12630
7387;2783;70;PD/88;PD88
7388;2783;71;N-540;N540
7389;2783;72;HQ-3010PA;HQ3010PA
7390;2783;73;2186;2186
7391;2784;70;PD/66B;PD66B
7392;2784;71;N-539;N539
7393;2784;72;HQ-2246;HQ2246
7394;2784;73;1209;1209
7395;2771;54;RCPT08920;RCPT08920
7396;2771;70;PD/501;PD501
7397;2771;71;N-1169;N1169
7398;2771;72;HQ-2234;HQ2234
7399;2771;73;1152;1152
7400;2798;54;RCPT02130;RCPT02130
7401;2798;70;PD/60;PD60
7402;2798;71;N-532;N532
7403;2798;72;HQ-2154;HQ2154
7404;2798;73;1195;1195
7405;2683;54;RCPT13080;RCPT13080
7406;2791;54;RCPT08940;RCPT08940
7407;2791;70;PD/652B;PD652B
7408;2791;73;1204;1204
7409;2806;54;RCPT09590;RCPT09590
7410;2806;71;N-592;N592
7411;2806;73;1206;1206
7412;2785;54;RCPT12750;RCPT12750
7413;2785;70;PD/92;PD92
7414;2785;71;N-543;N543
7415;2785;72;HQ-3005PA;HQ3005PA
7416;2785;73;2185;2185
7417;2796;54;RCPT12650;RCPT12650
7418;2796;70;PD/89;PD89
7419;2796;71;N-544;N544
7420;2796;73;2184;2184
7424;2720;54;RCPT02120;RCPT02120
7425;2720;70;PD/105;PD105
7426;2720;71;N-317;N317
7427;2720;72;HQ-2034;HQ2034
7428;2720;73;1093;1093
7429;2730;54;RCPT02100;RCPT02100
7430;2730;70;PD/107;PD107
7431;2730;71;N-327;N327
7432;2730;72;HQ-2048;HQ2048
7433;2730;73;1098;1098
7434;2723;54;RCPT01320;RCPT01320
7435;2723;70;PD/42;PD42
7436;2723;71;N-324;N324
7437;2723;72;HQ-2038;HQ2038
7438;2723;73;1097;1097
7439;2748;54;RCPT04360;RCPT04360
7440;2748;70;PD/72;PD72
7441;2748;71;N-351;N351
7442;2748;72;HQ-2137;HQ2137
7443;2748;73;1104;1104
7444;2745;54;RCPT04280;RCPT04280
7445;2745;70;PD/50;PD50
7446;2745;71;N-316;N316
7447;2745;72;HQ-2030;HQ2030
7448;2745;73;1082;1082
7449;2744;54;RCPT00152;RCPT00152
7450;2744;70;PD/22;PD22
7451;2744;71;N-309;N309
7452;2744;72;HQ-2019;HQ2019
7453;2744;73;1091;1091
7454;2750;54;RCPT02750;RCPT02750
7455;2750;70;PD/436;PD436
7456;2750;71;N-363;N363
7457;2750;72;HQ-2153;HQ2153
7458;2750;73;1103;1103
7459;2722;54;RCPT04420;RCPT04420
7460;2722;70;PD/103;PD103
7461;2722;71;N-308;N308
7462;2722;72;HQ-2004;HQ2004
7463;2722;73;1090;1090
7464;2726;54;RCPT02740;RCPT02740
7465;2726;70;PD/57;PD57
7466;2726;71;N-344;N344
7467;2726;72;HQ-2060A;HQ2060A
7468;2726;73;1101;1101
7469;2749;54;RCPT04400;RCPT04400
7470;2749;70;PD/77;PD77
7471;2749;71;N-355;N355
7472;2749;72;HQ-2172A;HQ2172A
7473;2749;73;1109;1109
7474;2725;54;RCPT07550;RCPT07550
7475;2725;71;N-336;N336
7476;2725;72;HQ-2112;HQ2112
7477;2725;73;1100;1100
7478;2737;54;RCPT00039;RCPT00039
7479;2737;70;PD/11;PD11
7480;2737;71;N-304;N304
7481;2737;72;HQ-2009;HQ2009
7482;2737;73;1089;1089
7483;2733;54;RCPT01790;RCPT01790
7484;2733;70;PD/61;PD61
7485;2733;71;N-348;N348
7486;2733;72;HQ-2096;HQ2096
7487;2733;73;1084;1084
7488;2736;54;RCPT00251;RCPT00251
7489;2736;70;PD/8;PD8
7490;2736;71;N-303;N303
7491;2736;72;HQ-2011;HQ2011
7492;2736;73;1088;1088
7493;2731;54;RCPT02800;RCPT02800
7494;2731;70;PD/110;PD110
7495;2731;71;N-341;N341
7496;2731;72;HQ-2113;HQ2113
7497;2731;73;1083;1083
7498;2753;54;RCPT04460;RCPT04460
7499;2753;70;PD/113;PD113
7500;2753;71;N-335;N335
7501;2753;73;1106;1106
7502;2754;54;RCPT04730;RCPT04730
7503;2754;70;PD/419;PD419
7504;2754;71;N-1331;N1331
7505;2754;73;1372;1372
7506;2728;54;RCPT02660;RCPT02660
7507;2728;70;PD/52;PD52
7508;2728;71;N-332;N332
7509;2728;72;HQ-2132;HQ2132
7510;2728;73;1081;1081
7511;2721;54;RCPT02110;RCPT02110
7512;2721;70;PD/106;PD106
7513;2721;71;N-330;N330
7514;2721;72;HQ-2036;HQ2036
7515;2721;73;1099;1099
7516;2740;54;RCPT02080;RCPT02080
7517;2740;70;PD/54;PD54
7518;2740;71;N-239;N239
7519;2740;72;HQ-2054;HQ2054
7520;2740;73;1086;1086
7521;2746;54;RCPT12730;RCPT12730
7522;2746;70;PD/84;PD84
7523;2746;71;N-375;N375
7524;2746;72;HQ-3008PA;HQ3008PA
7526;2755;54;RCPT01120;RCPT01120
7527;2755;70;PD/41;PD41
7528;2755;71;N-326;N326
7529;2755;72;HQ-2111;HQ2111
7530;2755;73;1080;1080
7531;2741;54;RCPT02930;RCPT02930
7532;2741;70;PD/46;PD46
7533;2741;71;N-360;N360
7534;2741;72;HQ-2157A;HQ2157A
7535;2741;73;1105;1105
7536;2724;54;RCPT12570;RCPT12570
7537;2724;70;PD/82;PD82
7538;2724;71;N-377;N377
7539;2724;72;HQ-3001PA;HQ3001PA
7540;2724;73;2099;2099
7541;2734;54;RCPT12210;RCPT12210
7542;2734;70;PD/125;PD125
7543;2734;71;N-372;N372
7544;2734;72;HQ-2255A;HQ2255A
7545;2734;73;2091;2091
7546;2735;54;RCPT12190;RCPT12190
7547;2735;70;PD/711;PD711
7548;2735;71;N-371;N371
7549;2735;72;HQ-2264A;HQ2264A
7550;2735;73;2090;2090
7551;2751;54;RCPT01240;RCPT01240
7552;2751;70;PD/40;PD40
7553;2751;71;N-322;N322
7554;2751;72;HQ-2110;HQ2110
7555;2751;73;1096;1096
7556;2747;54;RCPT00990;RCPT00990
7557;2747;70;PD/38;PD38
7558;2747;71;N-321;N321
7559;2747;72;HQ-2040;HQ2040
7560;2747;73;1095;1095
7561;2729;54;RCPT01110;RCPT01110
7562;2729;70;PD/37;PD37
7563;2729;71;N-319;N319
7564;2729;72;HQ-2039;HQ2039
7565;2729;73;1094;1094
7566;2727;54;RCPT12790;RCPT12790
7567;2727;70;PD/93;PD93
7568;2727;71;N-373;N373
7569;2727;72;HQ-3006PA;HQ3006PA
7570;2727;73;2105;2105
7571;2732;54;RCPT08810;RCPT08810
7572;2732;70;PD/110;PD110
7573;2739;54;RCPT13680;RCPT13680
7574;2739;73;2114;2114
7575;2742;54;RCPT13770;RCPT13770
7576;2742;70;PD/1101;PD1101
7577;2742;71;N-384;N384
7578;2742;73;2118;2118
7579;2743;54;RCPT13790;RCPT13790
7580;2743;70;PD/1102;PD1102
7581;2743;71;N-387;N387
7582;2743;73;2117;2117
7583;2752;54;RCPT13450;RCPT13450
7584;2752;70;PD/1433;PD1433
7585;2752;71;N-390;N390
7586;2738;54;RCPT13750;RCPT13750
7587;2738;71;N-378;N378
7588;2738;72;HQ-2299A;HQ2299A
7589;2738;73;2115;2115
7590;2826;54;RCPT01930;RCPT01930
7591;2826;70;PD/332;PD332
7592;2826;71;N-140;N140
7593;2826;72;HQ-2058;HQ2058
7594;2826;73;1231;1231
7595;2841;54;RCPT01380;RCPT01380
7596;2841;70;PD/352A;PD352A
7597;2841;71;N-149;N149
7598;2841;72;HQ-2064A;HQ2064A
7599;2841;73;1221;1221
7600;2825;54;RCPT01950;RCPT01950
7601;2825;70;PD/374;PD374
7602;2825;73;1244;1244
7603;2814;54;RCPT02670;RCPT02670
7604;2814;70;PD/65;PD65
7605;2814;71;N-138;N138
7606;2814;72;HQ-2057;HQ2057
7607;2814;73;1230;1230
7611;2830;54;RCPT01140;RCPT01140
7612;2830;70;PD/55;PD55
7613;2830;71;N-136;N136
7614;2830;72;HQ-2051;HQ2051
7615;2830;73;1229;1229
7616;2831;54;RCPT04840;RCPT04840
7617;2831;70;PD/480;PD480
7618;2831;71;N-163;N163
7619;2831;72;HQ-2175;HQ2175
7620;2831;73;1241;1241
7621;2832;54;RCPT02890;RCPT02890
7622;2832;70;PD/442;PD442
7623;2832;71;N-161;N161
7624;2832;72;HQ-2136;HQ2136
7625;2832;73;1240;1240
7626;2828;54;RCPT04300;RCPT04300
7627;2828;70;PD/63;PD63
7628;2828;71;N-156;N156
7629;2828;72;HQ-2139;HQ2139
7630;2828;73;1239;1239
7631;2818;54;RCPT04930;RCPT04930
7632;2818;70;PD/497;PD497
7633;2818;71;N-152;N152
7634;2818;72;HQ-2173;HQ2173
7635;2818;73;1243;1243
7636;2827;54;RCPT04290;RCPT04290
7637;2827;70;PD/62;PD62
7638;2827;71;N-146;N146
7639;2827;72;HQ-2103;HQ2103
7640;2827;73;1222;1222
7641;2833;54;RCPT09270;RCPT09270
7642;2833;70;PD/647;PD647
7643;2833;71;N-185;N185
7644;2833;72;HQ-2212;HQ2212
7645;2833;73;1217;1217
7646;2834;54;RCPT09280;RCPT09280
7647;2834;70;PD/646;PD646
7648;2834;71;N-186;N186
7649;2834;72;HQ-2213;HQ2213
7650;2834;73;1213;1213
7651;2843;54;RCPT09530;RCPT09530
7652;2843;73;1249;1249
7653;2820;54;RCPT00101;RCPT00101
7654;2820;70;PD/24;PD24
7655;2820;71;N-115;N115
7656;2820;72;HQ-2003;HQ2003
7657;2820;73;1223;1223
7658;2821;54;RCPT00381;RCPT00381
7659;2821;70;PD/24B;PD24B
7660;2821;71;N-116;N116
7661;2821;72;HQ-2002A;HQ2002A
7662;2821;73;1224;1224
7663;2842;54;RCPT01580;RCPT01580
7664;2842;70;PD/352;PD352
7665;2842;71;N-147;N147
7666;2842;72;HQ-2064;HQ2064
7667;2842;73;1220;1220
7668;2813;54;RCPT12690;RCPT12690
7669;2813;70;PD/79;PD79
7670;2813;71;N-179;N179
7671;2813;72;HQ-3003PA;HQ3003PA
7672;2813;73;2237;2237
7673;2822;54;RCPT00098;RCPT00098
7674;2822;70;PD/24A;PD24A
7675;2822;71;N-117;N117
7676;2822;72;HQ-2167A;HQ2167A
7677;2822;73;1225;1225
7681;2848;54;RCPT05300;RCPT05300
7682;2848;70;PD/351;PD351
7683;2848;71;N-154;N154
7684;2816;54;RCPT12670;RCPT12670
7685;2816;70;PD/80;PD80
7686;2816;71;N-182;N182
7687;2816;72;HQ-3009PA;HQ3009PA
7688;2816;73;2238;2238
7689;2844;54;RCPT09540;RCPT09540
7690;2819;54;RCPT12240;RCPT12240
7691;2819;70;PD/1103;PD1103
7692;2819;71;N-192;N192
7693;2819;72;HQ-2235;HQ2235
7694;2819;73;1212;1212
7695;2840;54;RCPT12610;RCPT12610
7696;2840;70;PD/91;PD91
7697;2840;71;N-183;N183
7698;2840;72;HQ-3002PA;HQ3002PA
7699;2840;73;2239;2239
7700;2829;54;RCPT13730;RCPT13730
7701;2829;70;PD/1097;PD1097
7702;2829;71;N-1465;N1465
7703;2829;72;HQ-4075;HQ4075
7704;2829;73;2235;2235
7705;2817;54;RCPT13710;RCPT13710
7706;2817;70;PD/767;PD767
7707;2817;71;N-190;N190
7708;2817;72;HQ-3011PA;HQ3011PA
7709;2817;73;2240;2240
7710;2853;54;RCPT12140;RCPT12140
7711;2853;70;PD/685;PD685
7712;2853;71;N-1377;N1377
7713;2853;72;HQ-2207A;HQ2207A
7714;2853;73;3251;3251
7715;2851;54;RCPT11970;RCPT11970
7716;2851;70;PD/644;PD644
7717;2851;71;N-1387;N1387
7718;2851;73;3252;3252
7719;2850;54;RCPT11940;RCPT11940
7720;2850;70;PD/449;PD449
7721;2850;71;N-1384;N1384
7722;2850;73;1257;1257
7723;2852;54;RCPT02620;RCPT02620
7724;2852;70;PD/444;PD444
7725;2852;71;N-1372;N1372
7726;2852;72;HQ-2214A;HQ2214A
7727;2852;73;1258;1258
7728;2856;54;RCPT05470;RCPT05470
7729;2856;70;PD/404;PD404
7730;2856;73;1256;1256
7731;2855;54;RCPT04910;RCPT04910
7732;2855;70;PD/493;PD493
7733;2855;71;N-1313;N1313
7734;2855;72;HQ-2150A;HQ2150A
7735;2855;73;1251;1251
7736;2857;54;RCPT08090;RCPT08090
7737;2857;70;PD/503;PD503
7738;2857;71;N-1344;N1344
7739;2857;72;HQ-2161A;HQ2161A
7740;2857;73;1254;1254
7741;2854;54;RCPT02790;RCPT02790
7742;2854;70;PD/71;PD71
7743;2854;71;N-835;N835
7744;2854;72;HQ-2089A;HQ2089A
7745;2854;73;1250;1250
7746;2875;54;RCPT04570;RCPT04570
7747;2875;70;PD/339A;PD339A
7748;2875;71;N-575;N575
7749;2875;73;1271;1271
7750;2876;54;RCPT08160;RCPT08160
7751;2876;70;PD/339A;PD339A
7752;2877;54;RCPT04920;RCPT04920
7753;2877;70;PD/111;PD111
7754;2878;54;RCPT04520;RCPT04520
7755;2878;70;PD/122;PD122
7756;2878;71;N-557;N557
7757;2878;72;HQ-2118;HQ2118
7758;2878;73;1270;1270
7759;2874;54;RCPT05340;RCPT05340
7760;2874;73;1272;1272
7761;2873;54;RCPT08060;RCPT08060
7762;2922;54;RCPT09020;RCPT09020
7763;2922;70;PD/505;PD505
7764;2922;71;N-1166;N1166
7765;2922;72;HQ-2226;HQ2226
7766;2922;73;1153;1153
7767;2777;54;RCPT04700;RCPT04700
7768;2777;70;PD/411;PD411
7769;2777;71;N-1157;N1157
7770;2777;72;HQ-2134;HQ2134
7771;2777;73;1137;1137
7772;2920;54;RCPT08240;RCPT08240
7773;2920;70;PD/47;PD47
7774;2920;71;N-879;N879
7775;2920;72;HQ-2166A;HQ2166A
7776;2920;73;1325;1325
7777;2926;54;RCPT05200;RCPT05200
7778;2926;70;PD/311A;PD311A
7779;2926;71;N-877;N877
7781;2924;54;RCPT02910;RCPT02910
7782;2924;70;PD/412;PD412
7783;2924;71;N-1156;N1156
7784;2924;72;HQ-2068;HQ2068
7785;2924;73;1326;1326
7786;2925;54;RCPT02880;RCPT02880
7787;2925;70;PD/412B;PD412B
7788;2925;71;N-446;N446
7789;2925;73;1146;1146
7790;2923;54;RCPT08320;RCPT08320
7791;2923;70;PD/435;PD435
7792;2923;71;N-1162;N1162
7793;2923;72;HQ-2187;HQ2187
7794;2923;73;1327;1327
7795;2921;54;RCPT04780;RCPT04780
7796;2921;70;PD/435;PD435
7797;2921;71;N-1158;N1158
7798;2921;72;HQ-2240;HQ2240
7799;2921;73;1327;1327
7800;2775;54;RCPT08290;RCPT08290
7801;2775;70;PD/412B;PD412B
7802;2775;73;1146;1146
7803;2774;54;RCPT08280;RCPT08280
7804;2774;70;PD/412;PD412
7806;2762;54;RCPT12360;RCPT12360
7807;2762;70;PD/651;PD651
7808;2762;71;N-1170;N1170
7810;2760;54;RCPT04690;RCPT04690
7811;2760;70;PD/411E;PD411E
7812;2760;71;N-1100;N1100
7813;2760;72;HQ-2069A;HQ2069A
7814;2760;73;1141;1141
7815;2763;54;RCPT09470;RCPT09470
7816;2763;70;PD/649E;PD649E
7817;2763;71;N-1174;N1174
7818;2763;72;HQ-2210;HQ2210
7819;2763;73;1158;1158
7820;2761;54;RCPT07790;RCPT07790
7821;2761;70;PD/514;PD514
7822;2761;71;N-1164;N1164
7823;2761;72;HQ-2181;HQ2181
7824;2761;73;1154;1154
7825;2773;54;RCPT01070;RCPT01070
7826;2773;70;PD/465;PD465
7827;2773;71;N-1159;N1159
7828;2773;72;HQ-2176;HQ2176
7829;2773;73;1140;1140
7830;2772;54;RCPT07810;RCPT07810
7831;2772;70;PD/379;PD379
7832;2772;71;N-1104;N1104
7833;2772;73;1140;1140
7834;2778;54;RCPT00870;RCPT00870
7835;2778;70;PD/322A;PD322A
7836;2778;71;N-421;N421
7837;2778;72;HQ-2074A;HQ2074A
7838;2778;73;1349;1349
7839;2779;54;RCPT08670;RCPT08670
7840;2779;70;PD/521E;PD521E
7841;2779;71;N-1153;N1153
7842;2779;72;HQ-2184A;HQ2184A
7843;2779;73;1147;1147
7844;2776;54;RCPT04660;RCPT04660
7845;2776;70;PD/364A;PD364A
7846;2776;71;N-897;N897
7847;2776;72;HQ-2135A;HQ2135A
7849;2933;54;RCPT08730;RCPT08730
7850;2933;70;PD/347;PD347
7851;2933;71;N-451;N451
7852;2933;72;HQ-2274;HQ2274
7853;2933;73;1351;1351
7857;2936;54;RCPT01570;RCPT01570
7858;2936;70;PD/327;PD327
7859;2936;71;N-440;N440
7860;2936;73;1346;1346
7866;2927;54;RCPT01470;RCPT01470
7867;2927;70;PD/338A;PD338A
7868;2927;71;N-443;N443
7869;2927;72;HQ-2063A;HQ2063A
7870;2927;73;1343;1343
7871;2928;54;RCPT02840;RCPT02840
7872;2928;70;PD/338;PD338
7873;2928;71;N-448;N448
7874;2928;72;HQ-2063;HQ2063
7875;2928;73;1357;1357
7876;2932;54;RCPT00900;RCPT00900
7877;2932;70;PD/391A;PD391A
7878;2932;71;N-441;N441
7879;2932;72;HQ-2104A;HQ2104A
7880;2932;73;1344;1344
7881;2934;54;RCPT04630;RCPT04630
7882;2934;70;PD/347;PD347
7883;2934;71;N-450;N450
7884;2934;73;1350;1350
7885;2930;54;RCPT13870;RCPT13870
7886;2930;71;N-456;N456
7887;2930;73;2340;2340
7888;2931;54;RCPT13890;RCPT13890
7889;2931;71;N-453;N453
7890;2931;72;HQ-2302;HQ2302
7891;2931;73;1359;1359
7892;2966;54;RCPT09580;RCPT09580
7893;2966;73;1432;1432
7894;2965;54;RCPT09570;RCPT09570
7895;2964;54;RCPT09560;RCPT09560
7896;2950;54;RCPT12450;RCPT12450
7897;2718;54;RCPT12400;RCPT12400
7898;2718;70;PD/629;PD629
7899;2718;71;N-1451;N1451
7900;2718;73;1389;1389
7901;2947;54;RCPT12280;RCPT12280
7902;2947;70;PD/689;PD689
7903;2947;71;N-1368;N1368
7904;2947;72;HQ-2228A;HQ2228A
7905;2947;73;2383;2383
7906;2948;54;RCPT12260;RCPT12260
7907;2948;70;PD/669;PD669
7908;2948;71;N-1366;N1366
7909;2948;72;HQ-2229A;HQ2229A
7910;2948;73;1398;1398
7911;2944;54;RCPT11990;RCPT11990
7912;2953;54;RCPT09460;RCPT09460
7913;2953;70;PD/528;PD528
7914;2953;71;N-1375;N1375
7915;2953;72;HQ-2227A;HQ2227A
7916;2953;73;1391;1391
7917;2952;54;RCPT09310;RCPT09310
7918;2952;70;PD/527;PD527
7919;2952;71;N-1360;N1360
7920;2952;72;HQ-2204A;HQ2204A
7921;2952;73;1388;1388
7922;2954;54;RCPT09230;RCPT09230
7923;2954;70;PD/628;PD628
7924;2954;71;N-1454;N1454
7925;2954;73;1390;1390
7926;2945;54;RCPT08370;RCPT08370
7927;2945;70;PD/512;PD512
7928;2945;71;N-1334;N1334
7929;2945;72;HQ-2177;HQ2177
7930;2945;73;1387;1387
7931;2946;54;RCPT04890;RCPT04890
7932;2946;70;PD/491;PD491
7933;2946;71;N-1319;N1319
7934;2946;72;HQ-2174A;HQ2174A
7935;2946;73;1386;1386
7936;2943;54;RCPT01500;RCPT01500
7937;2943;70;PD/387;PD387
7938;2943;71;N-841;N841
7939;2943;72;HQ-2105A;HQ2105A
7940;2943;73;1382;1382
7941;2942;54;RCPT04480;RCPT04480
7942;2942;70;PD/115;PD115
7943;2942;71;N-844;N844
7944;2942;72;HQ-2126A;HQ2126A
7945;2942;73;1383;1383
7946;2951;54;RCPT04470;RCPT04470
7947;2951;70;PD/114;PD114
7948;2951;71;N-1324;N1324
7949;2951;73;1385;1385
7950;2949;71;N-1483;N1483
7951;2949;73;4380;4380
7952;2705;54;RCPT11910;RCPT11910
7953;2715;54;RCPT11750;RCPT11750
7954;2715;70;PD/385;PD385
7955;2714;54;RCPT09610;RCPT09610
7956;2706;54;RCPT01090;RCPT01090
7957;2706;70;PD/488;PD488
7958;2706;71;N-865;N865
7959;2706;72;HQ-2148;HQ2148
7960;2706;73;1060;1060
7966;2711;54;RCPT08820;RCPT08820
7967;2711;71;N-838;N838
7968;2711;72;HQ-2231;HQ2231
7969;2711;73;1063;1063
7970;2716;54;RCPT09290;RCPT09290
7971;2717;54;RCPT09300;RCPT09300
7972;2717;71;N-1262;N1262
7973;2717;72;HQ-2230;HQ2230
7974;2717;73;1064;1064
7975;2710;54;RCPT08770;RCPT08770
7976;2710;71;N-863;N863
7977;2710;72;HQ-2147;HQ2147
7978;2710;73;1062;1062
7979;2713;54;RCPT12060;RCPT12060
7980;2713;70;PD/385;PD385
7981;2708;54;RCPT12080;RCPT12080
7982;2757;70;PD/580;PD580
7983;2757;71;N-1441;N1441
7984;2757;73;1129;1129
7985;2756;70;PD/581;PD581
7987;2780;54;RCPT04860;RCPT04860
7988;2780;70;PD/485;PD485
7989;2780;71;N-833;N833
7990;2780;72;HQ-2125;HQ2125
7991;2780;73;1125;1125
7992;2918;54;RCPT12300;RCPT12300
7993;2918;70;PD/550;PD550
7994;2919;54;RCPT09320;RCPT09320
7995;2919;70;PD/534;PD534
7996;2919;73;2175;2175
7997;2915;54;RCPT01210;RCPT01210
7998;2915;70;PD/427;PD427
7999;2915;71;N-1327;N1327
8000;2915;72;HQ-2225A;HQ2225A
8001;2915;73;1175;1175
8002;2917;54;RCPT13850;RCPT13850
8003;2917;71;N-1426;N1426
8004;2917;72;HQ-2291A;HQ2291A
8005;2917;73;9177;9177
8006;2859;54;RCPT12530;RCPT12530
8007;2859;70;PD/1277;PD1277
8008;2859;71;N-1253;N1253
8009;2859;72;HQ-2268A;HQ2268A
8010;2859;73;3260;3260
8011;2869;54;RCPT12510;RCPT12510
8012;2869;70;PD/1287;PD1287
8013;2869;71;N-1243;N1243
8014;2869;72;HQ-2269A;HQ2269A
8015;2869;73;2264;2264
8016;2871;54;RCPT12380;RCPT12380
8017;2871;70;PD/725;PD725
8018;2871;71;N-1233;N1233
8019;2871;72;HQ-2267A;HQ2267A
8020;2871;73;2276;2276
8021;2865;54;RCPT12340;RCPT12340
8022;2865;70;PD/1093;PD1093
8023;2865;71;N-1259;N1259
8024;2865;72;HQ-4023;HQ4023
8025;2865;73;3273;3273
8026;2870;54;RCPT12320;RCPT12320
8027;2870;71;N-1246;N1246
8028;2870;73;3263;3263
8029;2866;54;RCPT12170;RCPT12170
8030;2866;70;PD/1092;PD1092
8031;2866;71;N-1247;N1247
8032;2866;72;HQ-2280;HQ2280
8033;2866;73;2374;2374
8034;2864;54;RCPT11770;RCPT11770
8035;2864;70;PD/354;PD354
8036;2864;71;N-1238;N1238
8037;2864;72;HQ-2215A;HQ2215A
8038;2864;73;2263;2263
8039;2860;54;RCPT09520;RCPT09520
8040;2860;70;PD/635;PD635
8041;2860;71;N-1231;N1231
8042;2860;72;HQ-2216A;HQ2216A
8043;2860;73;2274;2274
8044;2862;54;RCPT01720;RCPT01720
8045;2862;70;PD/473;PD473
8046;2862;71;N-893;N893
8047;2862;72;HQ-2127A;HQ2127A
8048;2862;73;1260;1260
8049;2861;54;RCPT05690;RCPT05690
8050;2861;70;PD/72;PD72
8051;2861;71;N-1211;N1211
8052;2861;72;HQ-2149A;HQ2149A
8053;2861;73;1022;1022
8054;2863;54;RCPT13830;RCPT13830
8055;2863;71;N-1286;N1286
8056;2863;72;HQ-2289A;HQ2289A
8057;2863;73;6260;6260
8058;2858;54;RCPT13810;RCPT13810
8059;2858;71;N-1272;N1272
8060;2858;72;HQ-2292A;HQ2292A
8061;2858;73;6261;6261
8062;2688;54;RCPT01350;RCPT01350
8063;2688;70;PD/333;PD333
8064;2688;71;N-886;N886
8065;2688;72;HQ-2080A;HQ2080A
8066;2688;73;1275;1275
8067;2881;54;RCPT04310;RCPT04310
8068;2881;70;PD/64;PD64
8069;2881;71;N-829;N829
8070;2881;72;HQ-2095A;HQ2095A
8071;2881;73;1276;1276
8072;2888;54;RCPT04870;RCPT04870
8073;2888;70;PD/486;PD486
8074;2888;71;N-1207;N1207
8075;2888;72;HQ-2130A;HQ2130A
8076;2888;73;1278;1278
8077;2883;54;RCPT04350;RCPT04350
8078;2883;70;PD/69;PD69
8079;2883;71;N-1204;N1204
8080;2883;72;HQ-2129A;HQ2129A
8081;2883;73;1277;1277
8082;2882;54;RCPT08620;RCPT08620
8083;2882;71;N-1220;N1220
8084;2882;73;1273;1273
8085;2885;54;RCPT08610;RCPT08610
8086;2885;70;PD/668;PD668
8087;2885;71;N-1248;N1248
8088;2885;73;2279;2279
8089;2884;54;RCPT08600;RCPT08600
8090;2884;70;PD/634;PD634
8091;2884;71;N-1241;N1241
8092;2884;73;2278;2278
8093;2886;54;RCPT08590;RCPT08590
8094;2879;54;RCPT01620;RCPT01620
8095;2879;70;PD/418;PD418
8096;2879;71;N-1400;N1400
8097;2879;72;HQ-2152;HQ2152
8098;2879;73;1123;1123
8099;2941;54;RCPT04770;RCPT04770
8100;2941;70;PD/432;PD432
8101;2941;71;N-1303;N1303
8102;2941;72;HQ-4061;HQ4061
8103;2941;73;1370;1370
8104;2893;54;RCPT09550;RCPT09550
8105;2891;54;RCPT09490;RCPT09490
8106;2892;54;RCPT09220;RCPT09220
8107;2892;73;1283;1283
8108;2890;54;RCPT01820;RCPT01820
8109;2890;70;PD/474;PD474
8110;2890;71;N-832;N832
8111;2890;73;1282;1282
8112;2687;54;RCPT04550;RCPT04550
8113;2687;70;PD/331;PD331
8114;2687;71;N-888;N888
8115;2687;72;HQ-2082A;HQ2082A
8116;2687;73;1021;1021
8117;2914;54;RCPT12040;RCPT12040
8118;2914;70;PD/771;PD771
8119;2914;71;N-1382;N1382
8120;2914;72;HQ-2271A;HQ2271A
8121;2914;73;2312;2312
8122;2912;54;RCPT12020;RCPT12020
8123;2912;70;PD/695;PD695
8124;2912;71;N-1449;N1449
8125;2912;72;HQ-4044;HQ4044
8126;2912;73;1392;1392
8127;2904;54;RCPT11810;RCPT11810
8128;2904;70;PD/631;PD631
8129;2904;71;N-1446;N1446
8130;2904;72;HQ-4042;HQ4042
8131;2904;73;1319;1319
8132;2908;54;RCPT04390;RCPT04390
8133;2908;70;PD/74;PD74
8134;2908;71;N-1359;N1359
8135;2908;72;HQ-2272;HQ2272
8136;2908;73;1314;1314
8137;2906;54;RCPT08860;RCPT08860
8138;2906;70;PD/500;PD500
8139;2906;71;N-1337;N1337
8140;2906;72;HQ-2222A;HQ2222A
8141;2906;73;1317;1317
8142;2913;54;RCPT08850;RCPT08850
8143;2913;70;PD/616;PD616
8144;2913;73;1316;1316
8145;2909;54;RCPT08840;RCPT08840
8146;2909;70;PD/632;PD632
8147;2909;73;1318;1318
8148;2911;54;RCPT08830;RCPT08830
8149;2911;70;PD/538;PD538
8150;2911;71;N-1343;N1343
8151;2911;72;HQ-2220;HQ2220
8152;2911;73;1315;1315
8153;2907;54;RCPT01060;RCPT01060
8154;2907;70;PD/377;PD377
8155;2907;71;N-826;N826
8156;2907;72;HQ-2124A;HQ2124A
8157;2907;73;1312;1312
8158;2905;54;RCPT01370;RCPT01370
8159;2905;70;PD/383;PD383
8160;2905;71;N-1300;N1300
8161;2905;72;HQ-2131A;HQ2131A
8163;2910;54;RCPT02550;RCPT02550
8164;2910;70;PD/450;PD450
8165;2910;71;N-1340;N1340
8166;2910;72;HQ-4045A;HQ4045A
8168;2955;54;RCPT12770;RCPT12770
8169;2957;54;RCPT09340;RCPT09340
8170;2957;70;PD/76;PD76
8171;2957;73;1460;1460
8172;2956;54;RCPT09260;RCPT09260
8173;2956;70;PD/72;PD72
8174;2956;71;N-1404;N1404
8175;2956;73;1461;1461
8176;2940;54;RCPT07920;RCPT07920
8177;2880;54;RCPT08420;RCPT08420
8178;2880;70;PD/573;PD573
8179;2880;71;N-1418;N1418
8180;2880;73;1127;1127
8182;827;54;PS850;PS850
8183;827;53;VKDS4916;VKDS4916
8184;827;56;503038;503038
8186;818;54;PS35;PS35
8187;818;53;VKDS4923;VKDS4923
8188;818;56;503140;503140
8190;819;54;PS48;PS48
8191;819;53;VKDS4922;VKDS4922
8192;819;56;503139;503139
8194;826;56;503157;503157
8196;828;54;PS833;PS833
8197;828;53;VKDS4921;VKDS4921
8198;828;56;503030;503030
8200;829;54;PS834;PS834
8201;829;53;VKDS4920;VKDS4920
8202;829;56;503031;503031
8204;2269;54;PS4448;PS4448
8205;2269;56;503192;503192
8207;2270;54;PS4449;PS4449
8208;2270;56;503193;503193
8210;2350;54;PS760;PS760
8211;2350;53;VKDS4914;VKDS4914
8212;2350;56;503034;503034
8214;2422;54;PS851;PS851
8215;2422;53;VKDS4915;VKDS4915
8216;2422;56;503035;503035
8218;2388;56;503158;503158
8220;2440;54;PS849;PS849
8221;2440;53;VKDS4917;VKDS4917
8222;2440;56;503057;503057
8224;2531;54;PS831;PS831
8225;2531;53;VKDS4918;VKDS4918
8226;2531;56;503024;503024
8228;2532;54;PS832;PS832
8229;2532;53;VKDS4919;VKDS4919
8230;2532;56;503025;503025
8232;2490;54;PS537;PS537
8233;2490;53;VKDS4927;VKDS4927
8234;2490;56;503028;503028
8236;2491;54;PS536;PS536
8237;2491;53;VKDS4928;VKDS4928
8238;2491;56;503029;503029
8240;2514;53;VKDS4728;VKDS4728
8241;2514;56;503012;503012
8242;2969;31;168-333-0127;1683330127
8245;813;54;PS826;PS826
8246;813;53;VKDS4775;VKDS4775
8247;813;56;503110;503110
8249;824;54;PS959;PS959
8250;824;53;VKDS4725;VKDS4725
8251;824;56;503009;503009
8253;830;54;PS876;PS876
8254;830;53;VKDS4747;VKDS4747
8255;830;56;503059;503059
8257;831;54;PS962;PS962
8258;831;53;VKDS4774;VKDS4774
8259;831;56;503108;503108
8261;2435;54;PS1003;PS1003
8262;2435;56;503185;503185
8264;2627;54;PS997;PS997
8265;2627;56;503189;503189
8267;2628;54;PS996;PS996
8268;2628;56;503190;503190
8270;822;54;PS872;PS872
8271;822;53;VKDS4929;VKDS4929
8272;822;56;503006;503006
8274;817;54;PS848;PS848
8275;817;53;VKDS4743;VKDS4743
8276;817;56;503052;503052
8278;821;54;PS803;PS803
8279;821;53;VKDS6000;VKDS6000
8280;821;56;503001;503001
8282;2294;54;PS459;PS459
8283;2294;53;VKDS4932;VKDS4932
8284;2294;56;503135;503135
8286;2354;54;PS998;PS998
8287;2354;53;VKDS4931;VKDS4931
8288;2354;56;503142;503142
8289;2423;31;52285112;52285112
8291;2423;54;PS167;PS167
8292;2423;53;VKDS4739;VKDS4739
8293;2423;56;503048;503048
8294;2967;31;94630474;94630474
8296;2967;54;PS707;PS707
8297;2967;53;VKDS4741;VKDS4741
8298;2967;56;503050;503050
8300;2353;54;PS4405;PS4405
8301;2353;53;VKDS4930;VKDS4930
8302;2353;56;503125;503125
8304;2389;54;PS626;PS626
8305;2389;53;VKDS4933;VKDS4933
8306;2389;56;503136;503136
8308;2436;56;503351;503351
8310;2518;56;503333;503333
8312;2494;54;PS906;PS906
8313;2494;53;VKDS4934;VKDS4934
8314;2494;56;503124;503124
8316;2495;54;PS829;PS829
8317;2495;53;VKDS6001;VKDS6001
8318;2495;56;503002;503002
8320;2496;54;PS702;PS702
8321;2496;56;503170;503170
8323;2497;54;PS701;PS701
8324;2497;56;503170;503170
8325;2968;31;9297560;9297560
8326;2968;31;9300173;9300173
8328;2968;54;PS274;PS274
8329;2968;56;503138;503138
8331;825;54;PS667;PS667
8332;825;53;VKDS4722;VKDS4722
8333;825;56;503005;503005
8335;816;54;PS827;PS827
8336;816;53;VKDS4720;VKDS4720
8337;816;56;503003;503003
8339;823;54;PS900;PS900
8340;823;53;VKDS4758;VKDS4758
8341;823;56;503078;503078
8343;2355;54;PS828;PS828
8344;2355;53;VKDS4721;VKDS4721
8345;2355;56;503004;503004
8347;2488;56;503011;503011
8349;2625;53;VKDS4752;VKDS4752
8350;2625;56;503070;503070
8352;2626;54;PS1015;PS1015
8353;2626;53;VKDS4726;VKDS4726
8354;2626;56;503010;503010
8355;2970;31;54500-ET000;54500ET000
8356;2970;56;503225;503225
8358;2439;53;VKDS4765;VKDS4765
8359;2439;56;503092;503092
8361;814;54;PS1038;PS1038
8362;814;53;VKDS6008;VKDS6008
8363;814;56;503120;503120
8364;815;55;N1058;N1058
8365;815;53;VKDS6007;VKDS6007
8366;815;56;503119;503119
8368;820;56;503159;503159
8369;585;48;15728;15728
8370;586;48;15829;15829
8371;586;49;AP 25001;AP25001
8372;70;48;15736;15736
8373;70;49;AC 25068;AC25068
8374;71;48;15737;15737
8375;71;49;AC 25016;AC25016
8377;59;49;AC 25013;AC25013
8378;329;48;15909;15909
8379;329;49;AP 25124;AP25124
8381;655;49;HG 30737;HG30737
8382;231;48;27088;27088
8383;232;48;27089;27089
8384;118;48;15067;15067
8385;118;49;CT 32552;CT32552
8387;93;48;15065;15065
8388;93;49;AC 30601;AC30601
8397;330;48;15371;15371
8398;337;48;15387;15387
8399;343;48;15465;15465
8400;336;48;15464;15464
8401;336;49;AC 35050;AC35050
8402;408;48;15469;15469
8403;408;49;AC 30756;AC30756
8404;409;48;15468;15468
8405;120;48;15908;15908
8407;100;48;15003;15003
8408;100;49;AC 30591;AC30591
8409;101;48;15954;15954
8410;101;49;AC 30591;AC30591
8413;361;49;SE 30851;SE30851
8415;60;48;15823;15823
8416;60;49;AC 30071;AC30071
8417;2261;31;90.445.101;90445101
8418;2262;31;90.445.100;90445100
8419;2263;31;93.310.651.D;93310651D
8420;2264;31;93.310.651.E;93310651E
8424;845;54;BLS3938;BLS3938
8425;845;53;VKY4925;VKY4925
8426;845;56;680097;680097
8428;876;53;VKY4940;VKY4940
8429;876;56;680192;680192
8430;2995;31;1H0422821B;1H0422821B
8432;2995;56;680032;680032
8433;2994;31;6K0422803;6K0422803
8437;2994;53;VKY4912;VKY4912
8438;2994;56;680033;680033
8439;910;54;BLS4109;BLS4109
8440;910;53;VKY4952;VKY4952
8441;910;56;680265;680265
8442;2979;53;VKY6144;VKY6144
8443;2979;56;680300;680300
8445;935;53;VKY4980;VKY4980
8446;935;56;680048;680048
8447;860;31;3812A4;3812A4
8449;860;53;VKY4913;VKY4913
8450;860;56;680062;680062
8452;859;53;VKY4985;VKY4985
8453;859;56;680077;680077
8455;894;54;BLS4096;BLS4096
8456;894;53;VKY4939;VKY4939
8457;894;56;680189;680189
8459;901;54;BLS3493;BLS3493
8460;901;53;VKY4905;VKY4905
8461;901;56;680037;680037
8463;914;54;BLS3635;BLS3635
8465;914;56;680022;680022
8467;902;54;BLS3746;BLS3746
8468;902;53;VKY4959;VKY4959
8469;902;56;680003;680003
8471;834;54;BLS3745;BLS3745
8472;834;53;VKY4958;VKY4958
8473;834;56;680002;680002
8475;926;54;BLS3711;BLS3711
8476;926;53;VKY4973;VKY4973
8477;926;56;680029;680029
8479;927;54;BLS3921;BLS3921
8480;927;53;VKY4924;VKY4924
8481;927;56;680096;680096
8483;928;54;BLS3712;BLS3712
8484;928;53;VKY4977;VKY4977
8485;928;56;680042;680042
8486;2988;31;7084967;7084967
8489;2988;54;BLS4130;BLS4130
8490;2988;53;VKY6136;VKY6136
8491;2988;56;680281;680281
8492;881;53;VKY4934;VKY4934
8493;881;56;680177;680177
8495;863;53;VKY4917;VKY4917
8496;863;56;680070;680070
8498;851;54;BLS3906;BLS3906
8499;851;53;VKY4920;VKY4920
8500;851;56;680076;680076
8503;2981;56;680169;680169
8505;884;54;BLS3998;BLS3998
8506;884;53;VKY4966;VKY4966
8507;884;56;680012;680012
8508;2983;31;324186;324186
8512;2983;53;VKY4982;VKY4982
8513;2983;56;680064;680064
8515;865;53;VKY4965;VKY4965
8516;865;56;680010;680010
8517;2980;31;93296754;93296754
8519;2980;53;VKY4915;VKY4915
8520;2980;56;680067;680067
8522;885;53;VKY4935;VKY4935
8523;885;56;680178;680178
8526;941;53;VKY4972;VKY4972
8527;941;56;680027;680027
8529;887;53;VKY4950;VKY4950
8530;887;56;680241;680241
8533;849;54;BLE1444;BLE1444
8534;849;53;VKY4899;VKY4899
8535;849;56;680007;680007
8537;903;54;BLS3370;BLS3370
8538;903;53;VKY4964;VKY4964
8539;903;56;680009;680009
8541;898;53;VKY4936;VKY4936
8542;898;56;680184;680184
8544;852;53;VKY4981;VKY4981
8545;852;56;680054;680054
8547;904;53;VKY4963;VKY4963
8548;904;56;680008;680008
8550;906;54;BLS4056;BLS4056
8551;906;53;VKY4937;VKY4937
8552;906;56;680185;680185
8553;2990;31;XS5C3L519AA;XS5C3L519AA
8556;2990;54;BLS3950;BLS3950
8557;2990;53;VKY4969;VKY4969
8558;2990;56;680017;680017
8561;890;54;BLS3953;BLS3953
8562;890;53;VKY4904;VKY4904
8563;890;56;680028;680028
8565;853;53;VKY4961;VKY4961
8566;853;56;680005;680005
8569;2991;53;VKY4962;VKY4962
8570;2991;56;680006;680006
8572;891;53;VKY4984;VKY4984
8573;891;56;680075;680075
8575;836;54;BLS4345;BLS4345
8576;836;53;VKY4988;VKY4988
8577;836;56;680116;680116
8581;2984;53;VKY4989;VKY4989
8582;2984;56;680119;680119
8583;2986;31;3812EO;3812EO
8585;2986;56;680196;680196
8586;2987;31;3812E5;3812E5
8589;2987;53;VKY6146;VKY6146
8590;2987;56;680305;680305
8591;2993;31;7701471844;7701471844
8593;2993;53;VKY4927;VKY4927
8594;2993;56;680102;680102
8597;869;56;680115;680115
8599;870;53;VKY4990;VKY4990
8600;870;56;680134;680134
8601;2989;31;7701471144;7701471144
8603;2989;53;VKY4901;VKY4901
8604;2989;56;680014;680014
8606;878;53;VKY4914;VKY4914
8607;878;56;680065;680065
8609;879;53;VKY4945;VKY4945
8610;879;56;680205;680205
8611;2992;31;OK72A32270A;OK72A32270A
8614;2992;53;VKY4987;VKY4987
8615;2992;56;680109;680109
8616;2982;31;93324010;93324010
8619;2982;56;680124;680124
8620;2985;31;3812E1;3812E1
8623;2985;54;BLS4632;BLS4632
8624;2985;53;VKY4947;VKY4947
8625;2985;56;680212;680212
8627;942;54;TS3612R;TS3612R
8628;942;53;VKY4834;VKY4834
8629;942;56;335032;335032
8631;943;54;TS3939;TS3939
8632;943;53;VKY4877;VKY4877
8633;943;56;335115;335115
8635;944;54;TS3940;TS3940
8636;944;53;VKY4878;VKY4878
8637;944;56;335116;335116
8639;2271;54;TS4105;TS4105
8640;2271;53;VKY4822;VKY4822
8641;2271;56;335002;335002
8643;2272;54;TS4106;TS4106
8644;2272;53;VKY4821;VKY4821
8645;2272;56;335001;335001
8647;2375;54;TS3756;TS3756
8648;2375;53;VKY4891;VKY4891
8649;2375;56;335168;335168
8651;2513;54;TS3900;TS3900
8652;2513;53;VKY4835;VKY4835
8653;2513;56;335033;335033
8655;2506;54;TE2133;TE2133
8656;2506;53;VKY6164;VKY6164
8657;2506;56;335199;335199
8659;2507;54;TE2134;TE2134
8660;2507;53;VKY6165;VKY6165
8661;2507;56;335200;335200
8663;2508;54;TS3866;TS3866
8664;2508;53;VKY6167;VKY6167
8665;2508;56;335203;335203
8667;2509;54;TS3867;TS3867
8668;2509;53;VKY6168;VKY6168
8669;2509;56;335204;335204
8671;2977;31;131415821A;131415821A
8674;2978;31;1024158131;1024158131
8675;2975;31;191419812;191419812
8676;2976;31;191419811;191419811
8678;2444;54;TS3704;TS3704
8679;2444;53;VKY6104;VKY6104
8680;2444;56;335073;335073
8681;2444;56;335378;335378
8683;946;54;TS3703;TS3703
8684;946;53;VKY6103;VKY6103
8685;946;56;335377;335377
8686;946;56;335072;335072
8688;2437;54;TE2103;TE2103
8689;2437;53;VKY4827;VKY4827
8690;2437;56;335018;335018
8691;2438;31;7524715;7524715
8693;2438;54;TS3749;TS3749
8694;2438;53;VKY4859;VKY4859
8695;2438;56;335085;335085
8697;2492;54;TS3748;TS3748
8698;2492;53;VKY4858;VKY4858
8699;2492;56;335084;335084
8701;2493;54;TS3762;TS3762
8702;2493;53;VKY6189;VKY6189
8703;2493;56;335013;335013
8705;2972;31;7538046;7538046
8708;945;54;TS3994;TS3994
8709;945;53;VKY4831;VKY4831
8710;945;56;335025;335025
8712;2352;53;VKY4868;VKY4868
8713;2352;56;335095;335095
8715;2351;56;335372;335372
8717;2390;54;TE1497L;TE1497L
8718;2390;53;VKY6113;VKY6113
8719;2390;56;335207;335207
8721;2391;54;TE1488R;TE1488R
8722;2391;53;VKY6114;VKY6114
8723;2391;56;335208;335208
8725;2971;31;52252914;52252914
8727;2510;31;7324548;7324548
8729;2510;54;TS3252R;TS3252R
8730;2510;56;335057;335057
8732;2511;31;90496408;90496408
8734;2511;54;TS4179;TS4179
8735;2511;53;VKY4852;VKY4852
8736;2511;56;335075;335075
8737;2512;31;7332414;7332414
8739;2512;54;TS3753;TS3753
8740;2512;53;VKY4826;VKY4826
8741;2512;56;335017;335017
8743;947;54;TE1885;TE1885
8744;947;53;VKY4832;VKY4832
8745;947;56;335030;335030
8747;2293;54;TE1870R;TE1870R
8748;2293;53;VKY4833;VKY4833
8749;2293;56;335031;335031
8752;2489;54;TS3751;TS3751
8753;2489;53;VKY4823;VKY4823
8754;2489;56;335008;335008
8756;2973;31;84AB3289AA;84AB3289AA
8758;2974;31;F87Z3A130BA;F87Z3A130BA
8760;2273;54;TS4352;TS4352
8761;2273;53;VKY4876;VKY4876
8762;2273;56;335112;335112
8765;2274;53;VKY4875;VKY4875
8766;2274;56;335111;335111
8768;2281;54;TE4245;TE4245
8769;2281;56;335324;335324
8771;2282;54;TE4244;TE4244
8772;2282;56;335323;335323
8792;1937;31;8036001X01;8036001X01
8942;1938;31;8036006X01;8036006X01
8951;2043;31;2T0513031A;2T0513031A
8970;1943;31;2180.04872;218004872
8990;1939;31;80.005-11;8000511
8993;2038;31;A 384 323 03 00;A3843230300
8996;1884;31;6012.014.164.00.7;6012014164007
9005;2040;31;A 384 323 05 00;A3843230500
9011;1926;31;BC45 18080AA;BC4518080AA
9014;1935;31;2U2513031;2U2513031
9015;1935;31;71.900.004;71900004
9018;1888;31;6012.014.350.00.2;6012014350002
9028;1970;31;A.958.326.6000;A9583266000
9031;1972;31;A.958.326.0800;A9583260800
9034;1969;31;A.958.326.1100;A9583261100
9037;1974;31;A.958.326.0900;A9583260900
9040;1889;31;6021.014.034.00.3;6021014034003
9043;2324;31;1629477;1629477
9073;1958;31;5949890992;5949890992
9108;2081;31;2Z0 413031A;2Z0413031A
9138;1890;31;8036005X01;8036005X01
9141;1942;31;80.005-02;8000502
9153;2020;31;A3823260400;A3823260400
9183;2021;31;A3823260300;A3823260300
9204;1940;31;80.005-08;8000508
9239;1893;31;6016.014.016.00.0;6016014016000
9244;1898;31;6013.014.009.00.2;6013014009002
9253;1883;31;6012.014.164.00.9;6012014164009
9256;1944;31;2R0513031B;2R0513031B
9259;2033;31;A 368 326 02 00;A3683260200
9278;1897;31;6016.014.028.00.5;6016014028005
9283;1968;31;A.958.323.1700;A9583231700
9286;1973;31;A.958.323.1300;A9583231300
9289;1975;31;A.958.323.0700;A9583230700
9292;1977;31;A.958.323.0800;A9583230800
9298;1978;31;A.958.323.0500;A9583230500
9301;1955;31;503346518;503346518
9304;1956;31;7144240;7144240
9307;1953;31;41296205;41296205
9310;1954;31;99484635;99484635
9313;1976;31;A 958.323.1200;A9583231200
9318;1941;31;80.005-06;8000506
9333;2425;31;1397398;1397398
9334;2426;31;1424228;1424228
9336;2428;31;1435859;1435859
9338;1959;31;A9793230300;A9793230300
9340;1961;31;A6883230300;A6883230300
9341;1983;31;A6883260100;A6883260100
9342;1981;31;A6883230100;A6883230100
9343;2040;31;A3843230900;A3843230900
10666;3064;31;1S71-3B438-AC;1S713B438AC
10667;3064;54;JTSB0049;JTSB0049
10668;3064;59;SK 2522;SK2522
10669;3064;61;001219-0;12190
10670;3064;62;20090;20090
10671;3071;31;52043656;52043656
10680;3072;31;52043666;52043666
10681;3073;31;52043672;52043672
10682;3074;31;52043705;52043705
10683;3075;31;52043658;52043658
10684;3076;31;52043668;52043668
10685;3077;31;52043673;52043673
10686;3078;31;52043706;52043706
10687;1605;31;508774;508774
10688;2307;31;6Q0-411-315-B;6Q0411315B
10689;2307;31;5Q0-411-315-A;5Q0411315A
10690;1653;31;54719-430001;54719430001
10691;3084;31;6Q0.411.105.Q;6Q0411105Q
10692;3085;31;2S65.5310BB;2S655310BB
10695;693;31;857.407.153.1.C;8574071531C
10696;693;31;857.407.154.1.C;8574071541C
10697;693;31;857.407.153-D;857407153D
10698;693;31;857.407.154-D;857407154D
10701;807;31;1J0.407.151-D;1J0407151D
10702;807;31;1J0.407.151-DE;1J0407151DE
10703;2996;31;2H0407152A;2H0407152A
10704;2997;31;2H0407151A;2H0407151A
10707;3082;31;51 909 787;51909787
10708;3082;31;51 909 786;51909786
10709;744;31;51.737.661BC L;51737661BCL
10710;745;31;51.737.662BC R;51737662BCR
10713;725;31;9.306.509 C / C AA;9306509CCAA
10714;726;31;9.306.510 C / C AA;9306510CCAA
10717;729;31;93.390.602-BC;93390602BC
10718;730;31;93.390.601-BC;93390601BC
10720;707;31;352192;352192
10721;2448;31;9594053900;9594053900
10722;2449;31;9594054000;9594054000
10723;769;31;7152278;7152278
10724;759;31;98FB3042CC;98FB3042CC
10725;772;31;97KB.3042-CB;97KB3042CB
10726;778;31;2L5Z.3084.AA;2L5Z3084AA
10727;765;31;2S61-3042DA;2S613042DA
10728;766;31;2S61-3051AH;2S613051AH
10729;770;31;2M51.3042-BE;2M513042BE
10736;2998;31;CN15 3042 AB;CN153042AB
10737;2999;31;CN15 3051AB;CN153051AB
10738;3000;31;7S65 3042 BB;7S653042BB
10739;3001;31;7S65 3051 BB;7S653051BB
10740;3060;31;7S65 3042 AB;7S653042AB
10742;3086;31;51350SWAE01;51350SWAE01
10743;3087;31;51360SWAE01;51360SWAE01
10744;736;31;3521.A5;3521A5
10745;736;31;3521.C3;3521C3
10746;736;31;3521.E3;3521E3
10747;792;31;3520 G8;3520G8
10748;737;31;3520.J3;3520J3
10749;738;31;3521.F3;3521F3
10750;794;31;PG-5011;PG5011
10752;796;31;7700.425.227-B;7700425227B
10753;797;31;7700.425.228-B;7700425228B
10754;800;31;770082028-B;770082028B
10757;2138;31;8200679067;8200679067
10758;2451;31;545011697R;545011697R
10759;2450;31;545000138R;545000138R
10760;3002;31;54501ET000;54501ET000
10761;3003;31;54500-ET000;54500ET000
10762;3004;31;54501AZ80B;54501AZ80B
10763;3005;31;54500AZ80B;54500AZ80B
10765;3007;31;54501KC0A;54501KC0A
10766;2542;31;545002H000;545002H000
10767;2543;31;545012H000;545012H000
10768;3062;31;545002S000;545002S000
10769;3063;31;545012S000;545012S000
10770;3008;31;545001S000;545001S000
10771;3009;31;545011S000;545011S000
10772;3010;31;4013A330;4013A330
10773;3011;31;4013A329;4013A329
10777;1655;31;5483038100;5483038100
10789;3107;31;8036013X01;8036013X01
10790;3115;31;90.575.192;90575192
10791;3115;31;90.576.048;90576048
10792;3115;31;94.736.136;94736136
10794;3125;31;S12-2919010;S122919010
10796;3126;31;55310 3 E600;553103E600
10798;3127;31;DG9C18045;DG9C18045
10800;3128;31;DG9C18K001;DG9C18K001
10802;3121;31;S112905020;S112905020
10804;3123;31;S11-2915010;S112915010
10807;3122;31;S112905010;S112905010
10808;3124;31;S12-2905010;S122905010
10811;3139;31;7084041;7084041
10813;3144;31;548402T000;548402T000
10814;3145;31;548302T000;548302T000
10815;3146;31;548402B000 / 548402B200;548402B000548402B200
10816;3147;31;548402B000 / 548402B200;548402B000548402B200
10817;3149;31;15779960;15779960
10818;3148;31;15779961;15779961
10819;3150;31;531321584A01;531321584A01
10820;3151;31;531320584A01;531320584A01
11111;3153;31;46842704;46842704
11112;3154;31;1K0412331B;1K0412331B
11113;3155;31;1K0412331B;1K0412331B
11114;1582;31;15024511;15024511
11115;1582;31;AV61 3B438 AA;AV613B438AA
11120;3162;31;52320-TA0-A01;52320TA0A01
11121;3163;31;52325-TA0-A01;52325TA0A01
11122;3164;31;92166403;92166403
11123;3165;31;92166404;92166404
11124;3166;31;K68073033;K68073033
11125;3166;31;51801136;51801136
11126;3169;31;54530-3S000;545303S000
11127;3168;31;54530-0U000;545300U000
11128;3174;31;40160-ED00A;40160ED00A
11131;3188;31;95017034;95017034
11132;3189;31;52259125;52259125
11133;3190;31;2S65.18A116-AC;2S6518A116AC
11134;3191;31;54611-0U000;546110U000
11135;3192;31;55311 1S000;553111S000
11136;3193;31;13505131;13505131
11140;3198;31;13502180;13502180
11141;3198;31;95227628;95227628
11142;3199;31;AY11.3K155.AB;AY113K155AB
11143;3199;31;C1BZ.3A197.A;C1BZ3A197A
11144;3200;31;3M51.18A116-AB;3M5118A116AB
11146;3202;31;543026655R;543026655R
11148;3203;31;543022720R;543022720R
11150;3204;31;562100449R;562100449R
11152;3205;31;2V5.513.031.C;2V5513031C
11153;3206;31;9807301080;9807301080
11156;3207;31;9807300980;9807300980
11157;3208;31;9675471680;9675471680
11166;3210;31;A906.320.04.33;A9063200433
11167;3213;31;A9063262000;A9063262000
11168;3212;31;A906.326.19.00;A9063261900
11169;3214;31;489509;489509
11171;3215;31;48609.0D120;486090D120
11172;3216;31;1C453C140AC;1C453C140AC
11173;3217;31;YC353C140BA;YC353C140BA
11174;3218;31;51270TA0A03;51270TA0A03
11175;3219;31;93388621;93388621
11177;3220;31;8C3518045AB;8C3518045AB
11180;3227;31;55530 3K002;555303K002
11181;3229;31;5L553395AA;5L553395AA
11182;3230;31;4550309340;4550309340
11184;3231;31;77362278;77362278
11187;3232;31;93391459;93391459
11188;3233;31;51320-T2A-A01;51320T2AA01
11189;3234;31;51325-T2A-A01;51325T2AA01
11190;3235;31;548302W000;548302W000
11191;3236;31;5484007000;5484007000
11192;3237;31;5483007000;5483007000
11193;3238;31;480680D131-PART;480680D131PART
11194;3239;31;2H0407201B;2H0407201B
11195;3240;31;4062 A 024;4062A024
11196;3240;31;4062 A 002;4062A002
11197;3240;31;MN125529;MN125529
11199;3241;31;4162 A 127;4162A127
11200;3241;31;4162 A 023;4162A023
11201;3241;31;4162 A 128;4162A128
11202;3241;31;MR990539;MR990539
11204;3242;31;MB633900;MB633900
11211;3246;31;5142.34;514234
11212;3246;31;9658296580;9658296580
11213;3247;31;15119631;15119631
11214;3247;31;1380425;1380425
11215;3247;31;1397523;1397523
11217;3248;31;545303X000;545303X000
11218;3249;31;LR002626;LR002626
11219;3250;31;4333009510;4333009510
11220;3251;31;1331641080;1331641080
11221;3252;31;1350789080;1350789080
11222;3253;31;1350788080;1350788080
11223;1622;31;MB892982;MB892982
11224;1622;31;40-56A-014;4056A014
11225;3254;31;51939949;51939949
11226;3254;31;68250805 AA-001;68250805AA001
11227;3255;31;68246731 AA-001;68246731AA001
11228;2264;63;044.1530;441530
11229;2264;59;3261;3261
11230;2264;60;MB 1193;MB1193
11232;2264;66;100059;100059
11234;2264;75;78603;78603
11235;2264;65;G1259E;G1259E
11236;2263;63;044.1529;441529
11237;2263;59;3260;3260
11238;2263;60;MB 1192;MB1192
11240;2263;66;100060;100060
11242;2263;75;78602;78602
11243;2263;65;G1259D;G1259D
11245;1684;59;4876;4876
11247;1698;49;NB14000;NB14000
11249;1680;49;NB11002;NB11002
11251;1679;49;NB11000;NB11000
11252;1682;66;125602;125602
11253;1682;49;NB11004;NB11004
11255;1801;75;78002;78002
11257;1695;49;NB14003;NB14003
11258;1762;66;100052;100052
11259;1762;75;78801;78801
11262;1686;66;125444;125444
11263;1699;66;123113;123113
11264;1725;66;102231;102231
11271;1758;66;100109;100109
11274;1761;66;100034;100034
11275;1763;66;100052;100052
11276;1768;66;100125;100125
11278;1773;66;106452;106452
11280;1777;66;106443;106443
11282;1779;66;106802;106802
11297;1796;66;106305;106305
11298;1798;66;106271;106271
11300;1799;66;106808;106808
11301;3117;66;106299;106299
11302;3119;66;106300;106300
11303;3114;66;106303;106303
11304;1803;66;103471;103471
11305;1804;66;1000157;1000157
11308;1815;66;103134C;103134C
11309;1816;66;103460R;103460R
11310;1817;66;103134R;103134R
11312;1819;66;103183;103183
11314;1822;66;143542S;143542S
11318;1831;66;102214;102214
11324;2527;66;109297R;109297R
11327;3215;66;107098;107098
11328;2261;66;103514;103514
11329;2262;66;103513;103513
11330;1675;49;NB11010;NB11010
11331;1677;49;NB11009;NB11009
11332;1678;49;NB11008;NB11008
11333;1687;49;NB11011;NB11011
11334;1689;49;NB11003;NB11003
11335;1691;49;NB11013;NB11013
11336;1692;49;NB11001;NB11001
11337;1701;49;NB13009;NB13009
11338;1702;49;NB13000;NB13000
11339;1703;49;NB13001;NB13001
11340;1705;49;NB13007;NB13007
11341;1716;49;NB12003;NB12003
11342;1721;49;NB12000;NB12000
11343;1724;49;NB12002;NB12002
11344;1726;49;NB12001;NB12001
11345;1727;49;NB12001;NB12001
11346;1733;49;NB12007;NB12007
11349;2265;49;NBJ3014D;NBJ3014D
11350;2266;49;NBJ3014E;NBJ3014E
11351;1739;75;78837;78837
11352;1740;75;78958;78958
11353;1741;75;78950;78950
11354;1743;75;78950;78950
11355;1744;75;78951;78951
11356;1745;75;78959;78959
11357;1746;75;78959;78959
11358;1747;75;78600;78600
11359;1748;75;78601;78601
11360;1754;75;78838;78838
11361;1755;75;78804;78804
11362;1757;75;78810;78810
11363;1760;75;78809;78809
11364;1764;75;78800;78800
11365;1767;75;78962;78962
11366;1770;75;78821;78821
11367;2303;75;78872;78872
11368;2304;75;78871;78871
11369;1772;75;78622;78622
11370;1775;75;78961;78961
11371;1776;75;78993;78993
11372;1780;75;78623;78623
11373;1781;75;78621;78621
11374;1782;75;78994;78994
11375;1784;75;78815;78815
11376;1786;75;78814;78814
11377;1787;75;78805;78805
11378;1788;75;78965;78965
11379;1789;75;78966;78966
11380;1790;75;78971;78971
11381;1791;75;78973;78973
11382;1792;75;78964;78964
11383;1793;75;78972;78972
11384;1794;75;78967;78967
11385;1795;75;78970;78970
11386;1796;75;78828;78828
11387;1797;75;78829;78829
11388;2295;75;78840;78840
11389;2296;75;78068;78068
11390;2523;75;78065;78065
11391;3153;75;78656;78656
11392;3116;75;78845;78845
11393;3117;75;78847;78847
11394;3119;75;78848;78848
11395;3118;75;78846;78846
11396;1804;75;78625;78625
11397;1805;75;78627;78627
11398;1806;75;78956;78956
11399;1810;75;78957;78957
11400;1811;75;78998;78998
11401;1812;75;78997;78997
11402;1813;75;78996;78996
11403;1814;75;78817;78817
11404;2636;75;78818;78818
11405;1816;75;78802;78802
11406;1817;75;78093;78093
11407;1823;75;78033;78033
11408;1824;75;78034;78034
11409;1825;75;78626;78626
11410;3115;75;78627;78627
11411;3198;75;78855;78855
11412;3193;75;78038;78038
11413;1827;75;78955;78955
11414;1828;75;78954;78954
11415;1830;75;78949;78949
11416;1831;75;78044;78044
11417;1832;75;78953;78953
11418;1833;75;78804;78804
11419;1837;75;78094;78094
11420;1838;75;78095;78095
11421;1840;75;78096;78096
11422;1843;75;78624;78624
11423;1844;75;78999;78999
11424;1846;75;78851;78851
11425;1849;75;78849;78849
11426;1850;75;78850;78850
11427;3199;75;78047;78047
11428;3190;75;78830;78830
11429;2306;75;78833;78833
11430;2524;75;78832;78832
11431;2525;75;78831;78831
11432;1854;75;78826;78826
11433;1855;75;78827;78827
11435;2528;75;78097;78097
11436;3191;75;78080;78080
11437;1859;75;78812;78812
11438;1860;75;78813;78813
11439;2261;75;78604;78604
11440;2262;75;78605;78605
11441;2265;75;78657;78657
11442;2266;75;78658;78658
11443;3267;31;7700829529;7700829529
11444;3267;31;543A00300R;543A00300R
11446;3267;59;8112 A;8112A
11447;3267;60;MB 9192A;MB9192A
11448;3267;66;100061;100061
11449;3268;31;7700829529;7700829529
11450;3268;31;543A00300R;543A00300R
11451;3268;63;022.1547;221547
11452;3268;59;8112;8112
11453;3268;60;MB 9192;MB9192
11458;2266;63;044.2275;442275
11459;2266;59;3264;3264
11460;2266;60;MB 1218;MB1218
11462;2265;63;044.2276;442276
11463;2265;59;3263;3263
11464;2265;60;MB 1217;MB1217
11466;2523;31;51.788.533;51788533
11467;2523;59;1098;1098
11472;1711;63;511.5507;5115507
11473;1721;63;011.2357;112357
11475;1736;63;511.5421;5115421
11476;1737;63;511.5420;5115420
11477;3153;63;521.1887;5211887
11479;1823;63;521.1914;5211914
11480;1825;63;521.1870;5211870
11481;3115;63;521.1870;5211870
11482;3198;63;044.2588;442588
11483;3190;63;043.1688;431688
11484;1854;63;021.2467;212467
11485;1855;63;044.2592;442592
11486;1856;63;521.1932;5211932
11488;3215;63;021.2603;212603
11489;2261;63;044.1527;441527
11490;2262;63;044.1528;441528
11491;1678;59;4873A;4873A
11492;1718;59;T7628A;T7628A
11493;1732;59;2423;2423
11494;1733;59;2716;2716
11495;1739;59;4950;4950
11496;1740;59;2428;2428
11497;1740;59;4871;4871
11498;1754;59;4950B;4950B
11500;1763;59;4806B;4806B
11501;3154;59;4951;4951
11502;3155;59;4951A;4951A
11503;1774;59;1306-A;1306A
11504;1774;59;1306;1306
11505;2297;59;1081;1081
11506;3113;59;1097;1097
11507;3153;59;839;839
11508;3116;59;1086;1086
11511;3118;59;1085;1085
11512;1805;59;3132;3132
11513;1818;59;3772;3772
11514;1818;59;3773;3773
11515;1821;59;3769;3769
11516;1821;59;3769-A;3769A
11517;3115;59;3132;3132
11518;3198;59;3142A;3142A
11519;3193;59;3145A;3145A
11520;1846;59;2744;2744
11521;3200;59;2770;2770
11522;3190;59;2736;2736
11523;2524;59;8228B;8228B
11524;1851;59;8070;8070
11525;1852;59;8071;8071
11526;1853;59;8069;8069
11527;1854;59;8065;8065
11528;1855;59;8065B;8065B
11529;1856;59;8124;8124
11530;1857;59;8154;8154
11532;3112;59;8151;8151
11533;2526;59;8134;8134
11534;3191;59;8131B;8131B
11535;1859;59;8058;8058
11536;1860;59;8058B;8058B
11537;3252;59;7070B;7070B
11538;3253;59;7071B;7071B
11539;2261;59;3250;3250
11540;2262;59;3251;3251
11541;1678;60;MB 358A;MB358A
11542;1710;60;MB 1216;MB1216
11543;1735;60;MB 9132;MB9132
11544;1760;60;MB 352A;MB352A
11545;1763;60;MB 380A;MB380A
11546;1796;60;MB 4415;MB4415
11547;1797;60;MB 4415A;MB4415A
11548;2296;60;MB 4436;MB4436
11549;2297;60;MB 490;MB490
11550;3113;60;MB4401;MB4401
11551;3153;60;MB9254;MB9254
11552;3116;60;MB4402D;MB4402D
11553;3117;60;MB4411;MB4411
11554;3119;60;MB4412;MB4412
11555;3118;60;MB4402E;MB4402E
11556;3115;60;MB 1199;MB1199
11557;3198;60;MB 1223A;MB1223A
11558;3193;60;MB 1228;MB1228
11559;3244;60;MB 1255;MB1255
11560;3245;60;MB 1256;MB1256
11561;1826;60;MB 275;MB275
11562;1846;60;MB 2242;MB2242
11563;3200;60;MB2261;MB2261
11564;3190;60;MB2259;MB2259
11565;3246;60;MB 9316;MB9316
11567;3112;60;MB9085;MB9085
11568;3228;60;MB9269;MB9269
11569;3215;60;MB772A;MB772A
11570;2526;60;MB 8001;MB8001
11571;3191;60;MB9131A;MB9131A
11572;3252;60;MB 9273A;MB9273A
11573;3253;60;MB 9274A;MB9274A
11574;2261;60;MB 1194;MB1194
11575;2262;60;MB 1195;MB1195
11658;1739;65;V1384;V1384
11659;1769;65;V1385;V1385
11660;1770;65;V1390;V1390
11661;2303;65;V1389;V1389
11662;2304;65;V1388;V1388
11663;1675;31;305.199.415-3;3051994153
11664;1709;31;93.204.488;93204488
11665;1759;31;377.412.331;377412331
11666;1768;31;199167CK;199167CK
11667;1769;31;1JO.412.331C;1JO412331C
11668;1770;31;1JO.412.331C;1JO412331C
11669;2303;31;5VO.199.555 E;5VO199555E
11670;2304;31;5VO.199.262 B;5VO199262B
11671;2297;31;51766332;51766332
11672;3113;31;51.851.471;51851471
11673;3113;31;51.794.798;51794798
11674;3113;31;51.915.378;51915378
11675;3116;31;51.851.471;51851471
11676;3116;31;51.794.798;51794798
11677;3116;31;51.915378;51915378
11678;3117;31;51.851.471;51851471
11679;3117;31;51.794.798;51794798
11680;3117;31;51.915378;51915378
11687;3114;31;51.851.471;51851471
11688;3114;31;51.794.798;51794798
11689;3114;31;51.915378;51915378
11694;3244;31;90853910;90853910
11695;3245;31;90853909;90853909
11698;2306;31;51.920.SVB.A 03;51920SVBA03
11699;2524;31;51.920.SAA.015;51920SAA015
11700;2525;31;51.920.SAA.015;51920SAA015
11701;2527;31;8200723745    ;8200723745
11702;3112;31;51851471;51851471
11703;3112;31;51794798;51794798
11704;3112;31;51915378;51915378
11705;1859;31;5031.81;503181
11706;1860;31;5031.80;503180
11707;3274;31;A0063262900;A0063262900
11708;3275;31;21664743;21664743
11709;3276;31;20549244;20549244
11710;3277;31;20549248;20549248
11711;3278;31;20374546;20374546
11712;3279;31;1629405;1629405
11713;3280;31;1629993;1629993
11714;3283;31;LR002876;LR002876
11715;3283;31;562617Z000;562617Z000
11716;3289;31;53446255;53446255
11717;3289;31;53446256;53446256
11718;3289;31;53446253;53446253
11719;3290;31;53446259;53446259
11720;3290;31;53446260;53446260
11721;3290;31;53446257;53446257
11722;3291;31;53446244;53446244
11723;3292;31;53446238;53446238
11724;3293;31;53446245;53446245
11725;3294;31;53446239;53446239
11726;3295;31;53446242;53446242
11727;3296;31;53446240;53446240
11736;2118;31;4060A173;4060A173
11737;2117;31;4060A174;4060A174
11738;3301;31;BK2Z 5K484 A;BK2Z5K484A
11742;3304;31;2W0.413.031.C;2W0413031C
11744;3303;31;GC45 18088 AA;GC4518088AA
11745;3305;31;93398900;93398900
11747;3306;31;26033088;26033088
11749;3307;31;93296756;93296756
11751;3308;31;BE8Z3079C-PART;BE8Z3079CPART
11752;3315;31;54524-43000;5452443000
11753;3314;31;1331640080;1331640080
11754;3313;31;9013331227;9013331227
11755;3316;31;51826740;51826740
11756;3317;31;46.840.436;46840436
11757;3317;31;51.753.286;51753286
11758;3318;31;51.744.580;51744580
11759;3318;31;51.744.603;51744603
11760;3319;31;94736124;94736124
11761;3320;31;94.736.126;94736126
11762;3320;31;94.736.129;94736129
11763;3321;31;93.394.207;93394207
11764;3321;31;94.740.876;94740876
11765;3322;31;5031.80;503180
11766;3322;31;5038.91;503891
11767;3322;31;5038.F5;5038F5
11768;3323;31;5031.80;503180
11769;3323;31;5038.91;503891
11770;3323;31;5038.F5;5038F5
11771;3326;49;NKF8024;NKF8024
11772;3327;49;NKF8110;NKF8110
11773;3328;49;NKF8067;NKF8067
11774;3329;49;NKF8083;NKF8083
11775;3330;49;NKF8069;NKF8069
11776;3331;49;NKF8058;NKF8058
11777;3332;49;NKF8077;NKF8077
11778;3333;49;NKF8071;NKF8071
11779;3334;49;NKF8063;NKF8063
11780;3335;49;NKF8029;NKF8029
11781;3336;49;NKF8125;NKF8125
11782;3337;49;NKF8128;NKF8128
11783;3338;49;NKF8041;NKF8041
11786;3341;49;NKF8014;NKF8014
11787;3342;49;NKF8065;NKF8065
11788;3343;49;NKF8035;NKF8035
11789;3344;49;NKF8033;NKF8033
11790;3345;49;NKF8023;NKF8023
11791;3346;49;NKF8038;NKF8038
11792;3347;49;NKF8019;NKF8019
11793;3348;49;NKF8095;NKF8095
11794;3349;49;NKF8070;NKF8070
11795;3350;49;NKF8045;NKF8045
11796;3351;49;NKF8096;NKF8096
11797;3352;49;NKF8037;NKF8037
11798;3353;49;NKF8036;NKF8036
11799;3354;49;NKF8059;NKF8059
11802;3357;49;NKF8022;NKF8022
11803;3358;49;NKF8031;NKF8031
11804;3359;49;NKF8064;NKF8064
11805;3360;49;NKF8011;NKF8011
11806;3361;49;NKF8088;NKF8088
11807;3362;49;NKF8043;NKF8043
11808;3363;49;NKF8078;NKF8078
11809;3364;49;NKF8042;NKF8042
11810;3365;49;NKF8048;NKF8048
11811;3366;49;NKF8082;NKF8082
11812;3367;49;NKF8049;NKF8049
11813;3368;49;NKF8072;NKF8072
11814;3369;49;NKF8057;NKF8057
11815;3370;49;NKF8103;NKF8103
11816;3371;49;NKF8051;NKF8051
11817;3372;49;NKF8061;NKF8061
11818;3373;49;NKF8116;NKF8116
11819;3374;49;NKF8010;NKF8010
11820;3375;49;NKF8017;NKF8017
11821;3376;49;NKF8105;NKF8105
11822;3377;49;NKF8079;NKF8079
11823;3378;49;NKF8109;NKF8109
11824;3379;49;NKF8062;NKF8062
11825;3380;49;NKF8044;NKF8044
11826;3381;49;NKF8068;NKF8068
11827;3382;49;NKF8075;NKF8075
11828;3383;49;NKF8018;NKF8018
11829;3384;49;NKF8134;NKF8134
11830;3385;49;NKF8120;NKF8120
11831;3386;49;NKF8076;NKF8076
11832;3387;49;NKF8087;NKF8087
11833;3388;49;NKF8107;NKF8107
11834;3389;49;NKF8073;NKF8073
11835;3390;49;NKF8080;NKF8080
11836;3391;49;NKF8101;NKF8101
11837;3392;49;NKF8138;NKF8138
11838;3393;49;NKF8001;NKF8001
11839;3394;49;NKF8054;NKF8054
11840;3395;49;NKF8108;NKF8108
11841;3396;49;NKF8124;NKF8124
11842;3397;49;NKF8084;NKF8084
11843;3398;49;NKF8114;NKF8114
11844;3399;49;NKF8053;NKF8053
11845;3400;49;NKF8085;NKF8085
11846;3401;49;NKF8132;NKF8132
11847;3402;49;NKF8099;NKF8099
11848;3403;49;NKF8091;NKF8091
11849;3404;49;NKF8117;NKF8117
11850;3405;49;NKF8121;NKF8121
11851;3406;49;NKF8102;NKF8102
11852;3407;49;NKF8148;NKF8148
11853;3408;49;NKF8130;NKF8130
11854;3409;49;NKF8152;NKF8152
11855;3410;49;NKF8146;NKF8146
11856;3411;49;NKF8092;NKF8092
11857;3412;49;NKF8143;NKF8143
11858;3413;49;NKF8144;NKF8144
11859;3414;49;NKF8097;NKF8097
11860;3415;49;NKF8115;NKF8115
11861;3416;49;NKF8111;NKF8111
11862;3417;49;NKF8098;NKF8098
11863;3326;76;AL-800;AL800
11864;3327;76;AL-926;AL926
11865;3328;76;AL-852;AL852
11866;3329;76;AL-854;AL854
11867;3330;76;AL-846;AL846
11868;3331;76;AL-975;AL975
11869;3332;76;AL-974;AL974
11870;3333;76;AL-767;AL767
11871;3334;76;AL-853;AL853
11872;3335;76;AL-845;AL845
11873;3336;76;AL-858;AL858
11874;3337;76;AL-849;AL849
11875;3338;76;AL-599/AFF;AL599AFF
11878;3341;76;AL-933;AL933
11879;3342;76;AL-610;AL610
11880;3343;76;AL-630;AL630
11881;3344;76;AL-646;AL646
11882;3345;76;AL-638;AL638
11883;3346;76;AL-644;AL644
11884;3347;76;AL-600;AL600
11885;3348;76;AL-620;AL620
11886;3349;76;AL-609;AL609
11887;3350;76;AL-645;AL645
11888;3351;76;AL-942;AL942
11889;3352;76;AL-619;AL619
11890;3353;76;AL-643;AL643
11891;3354;76;AL-648;AL648
11894;3357;76;AL-650;AL650
11895;3358;76;AL-098;AL098
11896;3359;76;AL-504;AL504
11897;3360;76;AL-099;AL099
11898;3361;76;AL-115;AL115
11899;3362;76;AL-114;AL114
11900;3363;76;AL-511;AL511
11901;3364;76;AL-116;AL116
11902;3365;76;AL-501;AL501
11903;3366;76;AL-508;AL508
11904;3367;76;AL-505;AL505
11905;3368;76;AL-509;AL509
11906;3369;76;AL-507;AL507
11907;3370;76;AL-506;AL506
11908;3371;76;AL-503;AL503
11909;3372;76;AL-502;AL502
11910;3373;76;AL-518;AL518
11911;3374;76;AL-010;AL010
11912;3375;76;AL-001;AL001
11913;3376;76;AL-062;AL062
11914;3377;76;AL-040;AL040
11915;3378;76;AL-063;AL063
11916;3379;76;AL-046;AL046
11917;3380;76;AL-036;AL036
11918;3381;76;AL-041;AL041
11919;3382;76;AL-047;AL047
11920;3383;76;AL-009;AL009
11921;3384;76;AL-050;AL050
11922;3385;76;AL-059;AL059
11923;3386;76;AL-895;AL895
11924;3387;76;AL-962;AL962
11925;3388;76;AL-964;AL964
11926;3389;76;AL-961;AL961
11927;3390;76;AL-958;AL958
11928;3391;76;AL-963;AL963
11929;3392;76;AL-870;AL870
11930;3393;76;AL-911;AL911
11931;3394;76;AL-910;AL910
11932;3395;76;AL-973;AL973
11933;3396;76;AL-972;AL972
11934;3397;76;AL-905;AL905
11935;3398;76;AL-944;AL944
11936;3399;76;AL-943;AL943
11937;3400;76;AL-966;AL966
11938;3401;76;AL-984;AL984
11939;3402;76;AL-965;AL965
11940;3403;76;AL-967;AL967
11941;3404;76;AL-867;AL867
11942;3405;76;AL-983;AL983
11943;3406;76;AL-772;AL772
11944;3407;76;AL-759;AL759
11945;3408;76;AL-771;AL771
11946;3409;76;AL-885;AL885
11947;3410;76;AL-781;AL781
11948;3411;76;AL-884;AL884
11949;3412;76;AL-561;AL561
11950;3413;76;AL-559;AL559
11951;3414;76;AL-777;AL777
11952;3415;76;AL-977;AL977
11953;3416;76;AL-978;AL978
11954;3417;76;AL-979;AL979
11955;3326;31;ZBA.407.615;ZBA407615
11956;3327;31;1JO407613G;1JO407613G
11957;3328;31;5Z0407615;5Z0407615
11958;3329;31;6QO407621AD;6QO407621AD
11959;3330;31;1JO598477;1JO598477
11960;3331;31;6Q0598611A;6Q0598611A
11961;3332;31;6QO598611;6QO598611
11962;3333;31;5U7501611;5U7501611
11963;3334;31;6Q0407621AC;6Q0407621AC
11964;3335;31;2115016191;2115016191
11965;3336;31;6K9.501.477;6K9501477
11966;3337;31;1J0.407.615.A;1J0407615A
11967;3338;31;7256622;7256622
11970;3341;31;1300472080;1300472080
11971;3342;31;46745258;46745258
11972;3343;31;51733843;51733843
11973;3344;31;46447445;46447445
11974;3345;31;50003785;50003785
11975;3346;31;7608131;7608131
11976;3347;31;5961002;5961002
11977;3348;31;51759727;51759727
11978;3349;31;51754193;51754193
11979;3350;31;51754192;51754192
11980;3351;31;1346653080;1346653080
11981;3352;31;46554134;46554134
11982;3353;31;82403117;82403117
11983;3354;31;46798592;46798592
11986;3357;31;7746191;7746191
11987;3358;31;90251816;90251816
11988;3359;31;90576767;90576767
11989;3360;31;93271759;93271759
11990;3361;31;9156622;9156622
11991;3362;31;93293082;93293082
11992;3363;31;9156306;9156306
11993;3364;31;9156305;9156305
11994;3365;31;90538939;90538939
11995;3366;31;90538940;90538940
11996;3367;31;90575809;90575809
11997;3368;31;90538941;90538941
11998;3369;31;12413045;12413045
11999;3370;31;90235571;90235571
12000;3371;31;90235435;90235435
12001;3372;31;12413047;12413047
12002;3373;31;19206599;19206599
12003;3374;31;87EU1104AA;87EU1104AA
12004;3375;31;81AB1106BB;81AB1106BB
12005;3376;31;7M512C299AC;7M512C299AC
12006;3377;31;F87Z1104BB;F87Z1104BB
12007;3378;31;3M512C300CH;3M512C300CH
12008;3379;31;6L5Z1104B;6L5Z1104B
12009;3380;31;97FB2C299AA;97FB2C299AA
12010;3381;31;YL5Z1104BA;YL5Z1104BA
12011;3382;31;3C3Z1104BA;3C3Z1104BA
12012;3383;31;547407601;547407601
12013;3384;31;6E5Z1104BA;6E5Z1104BA
12014;3385;31;YC3Z-1104-C;YC3Z1104C
12015;3386;31;42200SNAA51;42200SNAA51
12016;3387;31;42200SAAG02;42200SAAG02
12017;3388;31;42200S5A008;42200S5A008
12018;3389;31;42200SAAE03;42200SAAE03
12019;3390;31;42200S5AA21;42200S5AA21
12020;3391;31;42200S04008;42200S04008
12021;3392;31;42200TFOZ51;42200TFOZ51
12022;3393;31;330772;330772
12023;3394;31;330776;330776
12024;3395;31;374841A;374841A
12025;3396;31;374874;374874
12026;3397;31;7700719140;7700719140
12027;3398;31;7701205170;7701205170
12028;3399;31;7701204667;7701204667
12029;3400;31;4245002081;4245002081
12030;3401;31;435020K030;435020K030
12031;3402;31;42410-12090;4241012090
12032;3403;31;4241002101;4241002101
12033;3404;31;4245002200;4245002200
12034;3405;31;4350202030;4350202030
12035;3406;31;40202JR70B;40202JR70B
12036;3407;31;40202EL000;40202EL000
12037;3408;31;MR-455003;MR455003
12038;3409;31;517503A003;517503A003
12039;3410;31;527302H000;527302H000
12040;3411;31;527102E100;527102E100
12041;3412;31;527501G101;527501G101
12042;3413;31;517501S000;517501S000
12043;3414;31;MR992374;MR992374
12044;3415;31;374876;374876
12045;3416;31;374843;374843
12046;3417;31;3748.44;374844
12047;3393;31;330785;330785
12048;3416;31;374836;374836
12049;3415;31;374879;374879
12050;3369;31;7470608;7470608
12051;3362;31;9156621;9156621
12052;3365;31;13123485;13123485
12053;3366;31;13123486;13123486
12054;3343;31;51782550;51782550
12055;3346;31;51785516;51785516
12056;3344;31;82491391;82491391
12057;3360;31;90498610;90498610
12058;3373;31;96626079;96626079
12059;3342;31;97650391;97650391
12060;3330;31;1J0501477A;1J0501477A
12061;3417;31;3748.28;374828
12062;3385;31;3C3Z1104A;3C3Z1104A
12063;3408;31;40202EB70B;40202EB70B
12064;3326;31;5X0407615A;5X0407615A
12065;3331;31;6Q0501611AF;6Q0501611AF
12066;3332;31;6QO501611F;6QO501611F
12067;3329;31;6RD407621E;6RD407621E
12068;3418;31;MR418053;MR418053
12069;3419;31;MR418052;MR418052
12070;3421;31;BAC13583;BAC13583
12071;3421;31;546688H300;546688H300
12072;3422;31;A9063201889;A9063201889
12073;3423;31;A9063201789;A9063201789
12074;3430;31;5031-F2;5031F2
12075;3429;31;AV61.18A116-AE;AV6118A116AE
12076;3428;31;13.367.782;13367782
12077;3428;31;13.252.362;13252362
12078;3431;31;52086723;52086723
12079;3433;31;5U0.199.555-E;5U0199555E
12080;3434;31;5U0.199.167;5U0199167
12081;3435;31;1S0.199.262;1S0199262
12083;3437;31;1S0.199.851;1S0199851
12084;3438;31;5U0.199.851;5U0199851
12085;3439;31;74820 T7T 003;74820T7T003
12086;3441;31;904529943R;904529943R
12087;3440;31;74820 T5N M01;74820T5NM01
12089;3443;31;4162 A 023;4162A023
12090;3443;31;MR990539;MR990539
12091;3443;31;4162 A 127;4162A127
12092;3443;31;4162 A 128;4162A128
12095;3445;31;GC4518045AA;GC4518045AA
12097;3447;31;5949894629;5949894629
12098;3448;31;5801535831;5801535831
12099;3449;31;5801600900;5801600900
12100;3451;31;55330-2L000;553302L000
12101;3450;31;54610-2E000;546102E000
12102;3453;31;54.321.1F000;543211F000
12103;3452;31;54.320.1F000;543201F000
12104;3458;31;1J0.412.331.C;1J0412331C
12105;3459;31;1K0.412.331-B;1K0412331B
12106;3460;31;8V51.18A116-AA;8V5118A116AA
12107;3461;31;54610-2H200;546102H200
12108;3462;31;MB303452;MB303452
12109;3463;31;5038-H4;5038H4
12110;3497;31;55530-1H000;555301H000
12111;3498;31;546184Z000;546184Z000
12112;3501;31;31351134582;31351134582
12113;3500;31;31356750703;31356750703
12114;3499;31;31356750704;31356750704
12115;3502;31;6601240232;6601240232
12116;3505;31;39064482;39064482
12117;3504;31;39064481;39064481
12118;3506;31;2H0407151A-PART;2H0407151APART
12119;3507;31;54500-EB70A-PART;54500EB70APART
12120;3508;31;TNK407303;TNK407303
12121;3509;31;EB3C3079C1B-PART;EB3C3079C1BPART
12122;3510;31;EB3C3078C1B-PART;EB3C3078C1BPART
12123;3522;31;51756636;51756636
12124;3523;31;51756635;51756635
12127;3524;31;2S653B376AA;2S653B376AA
12128;3525;31;94630475;94630475
12129;3526;31;545302K000;545302K000
12132;3529;31;52025115;52025115
12133;3529;31;52025116;52025116
12135;3527;31;52025440;52025440
12136;3527;31;52025439;52025439
12137;3527;31;52025441;52025441
12139;3528;31;52025104;52025104
12140;3528;31;52025103;52025103
12141;3528;31;52025105;52025105
12143;3530;31;52022822;52022822
12145;3531;31;52022824;52022824
12147;3532;31;52004183;52004183
12149;3533;31;52004179;52004179
12153;3535;31;52059466;52059466
12154;3534;31;52059467;52059467
12155;3536;31;51950288;51950288
12156;3536;31;52031990;52031990
12166;3539;31;13014776;13014776
12167;3539;31;13017159;13017159
12168;3539;31;52096852;52096852
12169;3539;31;52088057;52088057
12170;3539;31;52128045;52128045
12171;3539;31;52128042;52128042
12180;3540;31;1375832;1375832
12182;3541;31;562108702R;562108702R
12184;3542;31;5U0 513 025 N;5U0513025N
12186;3543;31;1S0413031J;1S0413031J
12190;3545;31;9807974780;9807974780
12193;3546;31;6011.014.082.00.3;6011014082003
12195;3549;31;6011.007.040.00.0;6011007040000
12197;3548;31;6011.014.120.00.1;6011014120001
12200;3547;31;6011.014.083.00.1;6011014083001
12201;3550;31;52044294;52044294
12203;3551;31;52044303;52044303
12205;3552;31;52044292;52044292
12206;3552;31;52044293;52044293
12208;3553;31;52044301;52044301
12209;3553;31;52044302;52044302
12211;3554;31;52048183;52048183
12212;3554;31;52048184;52048184
12213;3554;31;52048179;52048179
12218;3556;31;A 979 323 04 00;A9793230400
12219;3557;31;5U7 413 031 A;5U7413031A
12221;3558;31;52061071;52061071
12223;3559;31;52051077;52051077
12225;3560;31;52128182;52128182
12226;3560;31;521221110;521221110
12228;3562;31;52128176;52128176
12229;3562;31;52122104;52122104
12232;3564;31;T11-2905010;T112905010
12233;3563;31;T11-2905020;T112905020
12236;3561;31;52128177;52128177
12237;3561;31;52122105;52122105
12238;3565;31;T11-2915010;T112915010
12240;3566;31;546613X251;546613X251
12243;3568;31;553003X100;553003X100
12245;3567;31;546513X251;546513X251
12250;3570;31;98 212 875 80;9821287580
12251;3569;31;98 212 874 80;9821287480
12252;3569;31;98 023 512 80;9802351280
12253;3570;31;98 023 511 80;9802351180
12254;3571;31;9821338680;9821338680
12255;3572;31;9821338580;9821338580
12256;3573;31;A 382 326 06 00;A3823260600
12258;3574;31;1427423;1427423
12259;3574;31;2031227;2031227
12261;3575;31;1370267;1370267
12262;3575;31;1867874;1867874
12264;3576;31;1420474;1420474
12265;3576;31;1861117;1861117
12267;3578;31;22842516;22842516
12268;3579;31;22842515;22842515
12269;3580;31;51320-T7A-003;51320T7A003
12270;3581;31;51325-T7A-003;51325T7A003
12271;3582;31;48829-42010;4882942010
12272;3583;31;548300U000;548300U000
12273;3584;31;CA34090;CA34090
12275;3585;31;51611TR8P53;51611TR8P53
12278;3586;31;51621TR8P53;51621TR8P53
12279;3587;31;562100788R;562100788R
12281;3597;31;51920SWAA01;51920SWAA01
12282;3598;31;48609-0K050;486090K050
12283;3599;31;54320-3VADA;543203VADA
12285;3610;31;4056A134;4056A134
12286;3611;31;4056A133;4056A133
12287;3621;31;548302S200;548302S200
12288;3622;31;48817-52010;4881752010
12289;3621;31;F4DZ5K484A;F4DZ5K484A
12290;3623;31;54525-EB70D-PART;54525EB70DPART
12291;3624;31;2S6C3290BA;2S6C3290BA
12292;3420;31;BAC13580;BAC13580
12293;3643;31;CA330682;CA330682
12294;3644;31;CA330681;CA330681
12297;3646;31;A13-2915010;A132915010
12299;3645;31;A13-2905010;A132905010
12301;3650;31;51950432;51950432
12302;3650;31;52031986;52031986
12303;3649;31;51950295;51950295
12304;3649;31;52031981;52031981
12305;3648;31;52031987;52031987
12306;3648;31;52031984;52031984
12307;3648;31;52055504;52055504
12308;3647;31;52031982;52031982
12309;3647;31;52031980;52031980
12310;3647;31;52055503;52055503
12315;3652;31;E3B5/A406A10/AE;E3B5A406A10AE
12316;3651;31;51893631;51893631
12318;3658;31;517838;517838
12319;3660;31;55530-1D000;555301D000
12320;3659;31;54830-2G000;548302G000
12321;3661;31;54840-3R000AS;548403R000AS
12322;3662;31;54830-3R000AS;548303R000AS
12323;3665;31;55530-2B200;555302B200
12324;3663;31;54840-2J000;548402J000
12325;3664;31;54830-2J000;548302J000
12326;3668;31;55530-4D000;555304D000
12327;3666;31;54840-4D000;548404D000
12328;3667;31;54830-4D000;548304D000
12329;194;31;5202 EE / EG / YA;5202EEEGYA
12330;195;31;5202 EF / EH / YC;5202EFEHYC
12331;3669;31;8C3518080AB;8C3518080AB
12332;3675;31;95095591;95095591
12333;3675;31;95095592;95095592
12334;3703;31;48530 OD410;48530OD410
12336;3760;31;E3TZ3050A;E3TZ3050A
12337;3765;31;43330-09220;4333009220
12338;3764;31;4331009015;4331009015
12339;3763;31;8200615057;8200615057
12340;3762;31;7700312851;7700312851
12342;3766;31;4013A090;4013A090
12343;3767;31;364053;364053
12346;3769;31;1J0.412.319-C;1J0412319C
12347;3770;31;55320-2E000;553202E000
12348;3771;31;55310-2E000;553102E000
12349;3781;31;2S.655.K 653 BB;2S655K653BB
12350;3782;31;51709049;51709049
12352;3784;31;95164487;95164487
12353;3785;31;95032352;95032352
12354;3786;31;95190896;95190896
12355;3787;31;5801535828;5801535828
12357;3790;31;84134172;84134172
12358;3795;31;357407182;357407182
12359;3699;31;543022374R;543022374R
12360;3688;31;51621T7TM01;51621T7TM01
12361;3687;31;51611T7TM01;51611T7TM01
12364;3810;31;26046110;26046110
12365;3143;31;322158;322158
12366;191;31;96 833 48 080;9683348080
12367;3811;31;51.920.SWA A 01;51920SWAA01
12368;3812;31;51834103;51834103
12369;3813;31;5Z0 513 025 Q;5Z0513025Q
12370;3813;31;5Z9 513 025 K;5Z9513025K
12372;3822;31;5Z0 413 031 BH;5Z0413031BH
12373;3822;31;5Z0.512.011.R;5Z0512011R
12374;3822;31;5Z9 413 031 J;5Z9413031J
12376;3698;31;543028783R;543028783R
12382;3700;31;4851008Z142;4851008Z142
12383;3700;31;485108Z340;485108Z340
12385;3701;31;485208Z030;485208Z030
12386;3701;31;485208Z198;485208Z198
12388;3702;31;4853002D80;4853002D80
12390;3691;31;55300-1M300;553001M300
12392;3772;31;50.38.58;503858
12393;3772;31;96.333.591.80;9633359180
12394;3774;31;50.38.58;503858
12395;3774;31;96.333.591.80;9633359180
12396;3773;31;50.38.54;503854
12397;3773;31;96.333.590.80;9633359080
12398;3775;31;50.38.54;503854
12399;3775;31;96.333.590.80;9633359080
12400;3776;31;5038.A1;5038A1
12401;3776;31;96.333.589.80;9633358980
12402;3777;31;5038.A1;5038A1
12403;3777;31;96.333.589.80;9633358980
12404;3778;31;5038.97;503897
12405;3778;31;96.333.588.80;9633358880
12406;3779;31;5038.97;503897
12407;3779;31;96.333.588.80;9633358880
12408;3831;31;1327813;1327813
12410;3832;31;53425635;53425635
12411;3833;31;53425636;53425636
12412;3834;31;52057034;52057034
12413;3835;31;93302282;93302282
12414;3837;31;54320-ET00A;54320ET00A
12415;3836;31;54321-ET00A;54321ET00A
12416;3838;31;52100362;52100362
12417;3838;31;52100364;52100364
12418;3838;31;52100366;52100366
12419;3839;31;52100361;52100361
12420;3839;31;52100363;52100363
12421;3839;31;52100365;52100365
12424;3840;31;17980735;17980735
12425;3841;31;3M513395BC;3M513395BC
12426;3842;31;51220-TR0-A01;51220TR0A01
12427;3843;31;7701056969;7701056969
12429;3845;31;517602H000;517602H000
12430;3846;31;364080;364080
12431;3849;31;23B.899.515;23B899515
12433;3850;31;9828975680;9828975680
12440;3853;31;98 289 755 80;9828975580
12444;3854;31;40007-BEG00-000;40007BEG00000
12446;3855;31;60.01.550.551;6001550551
12447;3856;31;60.01.550.551;6001550551
12448;3857;31;54320-0001R;543200001R
12449;3858;31;54320-0001R;543200001R
12451;3872;31;95910101;95910101
12452;3873;31;21810-2V000;218102V000
12453;3874;31;21830-1R2000;218301R2000
12455;3869;31;50850-SWA-A81;50850SWAA81
12456;3869;31;50850-SWA-J82;50850SWAJ82
12457;3870;31;3M51-6F012-AJ;3M516F012AJ
12458;3871;31;1807.GJ;1807GJ
12460;665;31;520176510;520176510
12461;3879;31;1K0407366C;1K0407366C
12462;3880;31;1K0407365C;1K0407365C
12463;3881;31;2H0411317;2H0411317
12464;3881;31;2H0411317B;2H0411317B
12465;3882;31;7L0411317;7L0411317
12466;3883;31;54830-2F000;548302F000
12467;3884;31;54840-2F000;548402F000
12468;3885;31;42420-65J00;4242065J00
12469;3898;31;EC45 18080 AA;EC4518080AA
12470;3896;31;71900012;71900012
12471;3897;31;EC45 18045 AA;EC4518045AA
12472;3895;31;6025.014.020.00.3;6025014020003
12477;3621;31;548433W300;548433W300
12479;1894;31;6010.014.083.00.3;6010014083003
12481;3900;31;517602E000;517602E000
12482;3901;31;112387053R;112387053R
12483;3912;31;2S657M121A;2S657M121A
12484;3911;31;98AB6P082A;98AB6P082A
12485;3910;31;2S416FD12AA;2S416FD12AA
12486;3915;31;0684.681;684681
12487;3915;31;90.497.968;90497968
12488;3915;31;90.497.967;90497967
12489;3913;31;90.495.447;90495447
12490;3913;31;90.495.448;90495448
12492;3914;31;0684.681;684681
12493;3914;31;90.497.968;90497968
12494;3914;31;90.497.967;90497967
12495;3918;31;13.265.73080;1326573080
12496;3918;31;13.351.23080;1335123080
12497;3918;31;13.686.68080;1368668080
12498;3917;31;13.694.870.80;1369487080
12499;3916;31;51843060;51843060
12500;3922;31;93366497;93366497
12501;3923;31;93366496;93366496
12502;3925;31;93364762;93364762
12503;3924;31;94737496;94737496
12504;3930;31;7700780875;7700780875
12505;3705;31;5Q0413023FJ;5Q0413023FJ
12507;3706;31;5Q0 513 029 EN;5Q0513029EN
12509;3680;31;95326829;95326829
12511;3937;31;94727113;94727113
12514;3957;31;52154000;52154000
12521;3959;31;9822124180;9822124180
12522;3959;31;9822123780;9822123780
12524;3960;31;22B 513 029A;22B513029A
12528;3963;31;A6343200230;A6343200230
12529;3962;31;A3683230500;A3683230500
12532;3539;31;52149421;52149421
12533;3539;31;52149418;52149418
12535;3729;31;1J6 827550B;1J6827550B
12536;3721;31;7S55 B406A10AA;7S55B406A10AA
12537;3714;31;46847899;46847899
12538;3714;31;6QE 827 550;6QE827550
12539;3712;31;81771-2E000;817712E000
12540;3713;31;517784320;517784320
12541;3717;31;78MU73406A10B;78MU73406A10B
12542;651;31;331827550B;331827550B
12545;3697;31;E62109AN0A;E62109AN0A
12554;3977;31;KLL 8036015/01;KLL803601501
12555;3977;31;MAN 22B 413 031;MAN22B413031
12562;3979;31;6025.014.079.00.0;6025014079000
12564;3981;31;5801600921;5801600921
12566;3985;31;M11-2905020;M112905020
12568;3983;31;M11-2915010;M112915010
12571;3984;31;M11-2905010;M112905010
12573;3986;31;T21.411.045;T21411045
12574;3987;31;T2D.411.171;T2D411171
12575;3987;31;2RD.411.171-B;2RD411171B
12576;3988;31;TAP.511.181;TAP511181
12577;3989;31;A 979.320.0073;A9793200073
12578;3990;31;A 384.317.7051;A3843177051
12579;3991;31;3843207050;3843207050
12580;3993;31;384.323.7181;3843237181
12581;3993;31;384.323.7081;3843237081
12582;3992;31;A 979.320.0144;A9793200144
12583;3994;31;3843207050;3843207050
12584;3995;31;A 974.320.0644;A9743200644
12585;3996;31;6883207173;6883207173
12586;3997;31;6883207173;6883207173
12587;3998;31;000.322.3285;3223285
12588;4000;31;667.324.0253;6673240253
12589;4000;31;667.324.0053;6673240053
12590;4001;31;667.324.0353;6673240353
12591;4001;31;667.322.0050;6673220050
12592;4002;31;7317426;7317426
12593;4003;31;1362710;1362710
12594;4003;31;255669;255669
12595;4003;31;445589;445589
12596;4004;31;128680;128680
12597;4005;31;200218820;200218820
12598;4005;31;20533294;20533294
12599;4006;31;20553083;20553083
12600;4007;31;9002389001;9002389001
12601;4008;31;OK72K28334;OK72K28334
12602;4009;31;914387;914387
12603;4010;31;4605151;4605151
12604;4011;31;2648010;2648010
12605;4013;31;6889158;6889158
12606;4014;31;A688.320.7073;A6883207073
12607;4015;31;98413939;98413939
12608;4016;31;99.1238;991238
12609;4016;31;12.25R.1158;1225R1158
12610;4017;31;2080058096;2080058096
12611;4018;31;991009;991009
12612;4018;31;1225N1158;1225N1158
12613;4020;31;BF8T5781B;BF8T5781B
12614;4021;31;A 901.325.0744;A9013250744
12615;4022;31;355145;355145
12616;4031;31;1469277;1469277
12617;4031;31;1496288;1496288
12618;4031;31;1778530;1778530
12619;4031;31;1496749;1496749
12620;4031;31;1475868;1475868
12621;4031;31;1469278;1469278
12622;4032;31;1423012;1423012
12623;4032;31;1336885;1336885
12624;3683;31;E3B1 18045AC;E3B118045AC
12625;3683;31;E3B1 18045BD;E3B118045BD
12626;3684;31;E3B1 18K001AC;E3B118K001AC
12627;3684;31;E3B1 18K001BD;E3B118K001BD
12628;3919;31;96996460;96996460
12629;3921;31;54618-CY00A;54618CY00A
12630;223;31;51959154;51959154
12631;222;31;51758472;51758472
12632;218;31;51758473;51758473
12633;677;31;51959697;51959697
12634;677;31;51959681;51959681
12635;678;31;51959678;51959678
12636;246;31;51959682;51959682
12637;265;31;51837365;51837365
12638;266;31;51959493;51959493
12639;677;31;51959695;51959695
12640;678;31;51959694;51959694
12641;683;31;51959688;51959688
12642;259;31;51959685;51959685
12643;2;31;46809960;46809960
12644;280;31;51960988;51960988
12645;295;31;7090792;7090792
12646;296;31;51791068;51791068
12647;296;31;51959492;51959492
12648;273;31;51826649;51826649
12652;317;31;51905201;51905201
12653;316;31;51849545;51849545
12654;316;31;51864689;51864689
12655;3647;31;51950294;51950294
12656;3647;31;51950296;51950296
12657;3648;31;51950355;51950355
12658;2484;31;54661-1M300;546611M300
12659;2485;31;54651-1M300;546511M300
12660;3712;49;MG 16957;MG16957
12661;3716;49;MG 16213;MG16213
12663;3713;49;MG 17121;MG17121
12664;3724;49;MG 17056;MG17056
12666;3719;49;MG 17053;MG17053
12668;3726;49;MG 16516;MG16516
12670;3709;49;MG 16535;MG16535
12672;3728;49;MG 16039;MG16039
12673;3725;49;MG 16040;MG16040
12675;3717;49;MG 19003;MG19003
12677;3730;49;MG 16114;MG16114
12681;206;49;SE 30526;SE30526
12684;209;49;SE 30527;SE30527
12685;209;49;SE 30903;SE30903
12687;602;49;HG 31073;HG31073
12689;603;49;CT 30444;CT30444
12690;235;49;CT 32731;CT32731
12692;225;49;CT 30763;CT30763
12694;628;50;443800;443800
12696;445;49;AC 31147;AC31147
12698;3;50;344302;344302
12699;607;49;AC 31005;AC31005
12700;608;49;AC 31005;AC31005
12701;608;49;AC 31006;AC31006
12702;583;49;AP 25001;AP25001
12703;609;49;AP 30440;AP30440
12704;74;49;AC 30828;AC30828
12706;471;50;343292;343292
12707;471;50;443196;443196
12708;471;50;443290;443290
12710;444;50;444023;444023
12711;611;49;AC 30726;AC30726
12712;472;49;AC 31154;AC31154
12713;474;50;343292;343292
12714;474;50;443290;443290
12715;475;48;V1109;V1109
12716;476;48;V1012;V1012
12718;459;49;HG 31166;HG31166
12719;692;49;NBJ1001;NBJ1001
12720;692;58;VW 1099;VW1099
12721;693;80;BDJ1018;BDJ1018
12722;693;49;NBJ1010D;NBJ1010D
12723;693;49;NBJ1010E;NBJ1010E
12724;693;58;VW 1055;VW1055
12725;808;80;BDJ1024;BDJ1024
12726;808;49;NBJ1004;NBJ1004
12727;808;58;VW 1005;VW1005
12728;809;80;BDJ1027;BDJ1027
12729;809;49;NBJ1003;NBJ1003
12730;809;58;VW 1005 A;VW1005A
12738;807;80;BDJ7152;BDJ7152
12739;807;49;NBJ1002;NBJ1002
12740;807;58;VW 1158;VW1158
12744;811;80;BDJ1029;BDJ1029
12745;811;49;NBJ1011E;NBJ1011E
12746;811;58;VW 1205 B;VW1205B
12747;2417;80;BDJ9866;BDJ9866
12748;2417;49;NBJ1005D;NBJ1005D
12750;2418;80;BDJ9865;BDJ9865
12751;2418;49;NBJ1005E;NBJ1005E
12753;2996;80;BDJ2056;BDJ2056
12754;2996;49;NBJ1006D;NBJ1006D
12755;2996;58;VW-1224-B;VW1224B
12756;2997;80;BDJ2057;BDJ2057
12757;2997;49;NBJ1006E;NBJ1006E
12758;2997;58;VW-1225-B;VW1225B
12759;3473;31;2H0407022B;2H0407022B
12760;3473;80;BDJ2058;BDJ2058
12761;3473;49;NBJ1007D;NBJ1007D
12762;3473;58;VW 1222-B;VW1222B
12763;3474;31;2H0407021B;2H0407021B
12764;3474;80;BDJ2059;BDJ2059
12765;3474;49;NBJ1007E;NBJ1007E
12766;3474;58;VW 1223-B;VW1223B
12767;3324;31;1S0407152;1S0407152
12768;3324;49;NBJ1012D;NBJ1012D
12769;3324;58;VW 1250 B;VW1250B
12773;746;80;BDJ5498SP;BDJ5498SP
12774;746;58;FI 194 A;FI194A
12775;746;49;NBJ4005D;NBJ4005D
12776;746;49;NBJ4006D;NBJ4006D
12777;747;80;BDJ5598SP;BDJ5598SP
12778;747;58;FI 195 A;FI195A
12779;747;49;NBJ4005E;NBJ4005E
12780;747;49;NBJ4006E;NBJ4006E
12781;743;80;BDJ3017;BDJ3017
12782;743;58;FI 124 C;FI124C
12783;743;49;NBJ4003;NBJ4003
12784;690;80;BDJ4557;BDJ4557
12785;690;58;FI 213;FI213
12786;691;80;BDJ4556;BDJ4556
12787;691;58;FI 214;FI214
12801;751;80;BDJ9014SP;BDJ9014SP
12802;751;58;FI 314 BCGG;FI314BCGG
12803;751;49;NBJ4010D;NBJ4010D
12808;3082;31;51739235;51739235
12809;3082;80;BDJ0780;BDJ0780
12810;3082;58;FI 237;FI237
12811;3082;49;NBJ4007;NBJ4007
12812;744;31;51705554;51705554
12813;744;31;51737662;51737662
12814;744;80;BDJ0735;BDJ0735
12815;744;58;FI-301C;FI301C
12816;744;49;NBJ4011E;NBJ4011E
12817;745;31;51705553;51705553
12818;745;31;51737661;51737661
12819;745;80;BDJ0734;BDJ0734
12820;745;58;FI-302C;FI302C
12821;745;49;NBJ4011D;NBJ4011D
12822;2332;80;BDJ9011;BDJ9011
12823;2332;58;FI 297B;FI297B
12824;2332;49;NBJ4008E;NBJ4008E
12825;2333;80;BDJ9012;BDJ9012
12826;2333;58;FI 296B;FI296B
12827;2333;49;NBJ4008D;NBJ4008D
12828;696;58;GM 2115;GM2115
12829;697;58;GM 2114;GM2114
12830;697;49;NBJ3018D;NBJ3018D
12831;698;80;BDJ2044;BDJ2044
12832;698;58;GM 2043;GM2043
12833;698;49;NBJ 3012E;NBJ3012E
12837;702;58;GM 2127 C;GM2127C
12838;702;49;NBJ3019E;NBJ3019E
12839;703;58;GM 2128 C;GM2128C
12840;703;49;NBJ3019D;NBJ3019D
12841;704;58;GM 2043 B;GM2043B
12842;704;49;NBJ3013E;NBJ3013E
12845;733;58;GM 2112;GM2112
12846;734;58;GM 2113;GM2113
12847;712;58;GM 2013;GM2013
12848;713;58;GM 2014;GM2014
12849;714;58;GM 2037;GM2037
12850;715;58;GM 2038;GM2038
12851;716;58;GM 2000;GM2000
12852;716;49;NBJ3020;NBJ3020
12854;718;58;GM 2028 A;GM2028A
12855;719;58;GM 2021;GM2021
12856;720;58;GM 2022;GM2022
12857;709;80;BDJ2093;BDJ2093
12858;709;58;GM 2095;GM2095
12859;710;80;BDJ2094;BDJ2094
12860;710;58;GM 2096;GM2096
12865;725;58;GM 2031;GM2031
12866;725;49;NBJ3002E;NBJ3002E
12867;726;58;GM 2032;GM2032
12868;726;49;NBJ3002D;NBJ3002D
12869;727;58;GM 2151 A;GM2151A
12870;728;58;GM 2150 A;GM2150A
12877;729;80;BDJ2022SP;BDJ2022SP
12878;729;58;GM-2164;GM2164
12879;729;49;NBJ3006D;NBJ3006D
12880;730;80;BDJ2023SP;BDJ2023SP
12881;730;58;GM-2163;GM2163
12882;730;49;NBJ3006E;NBJ3006E
12883;2129;80;BDJ9856;BDJ9856
12884;2129;58;GM 2274-C;GM2274C
12885;2129;49;NBJ3022DP;NBJ3022DP
12886;2130;80;BDJ9857;BDJ9857
12887;2130;58;GM 2275-C;GM2275C
12888;2130;49;NBJ3022DE;NBJ3022DE
12894;731;80;BDJ6587;BDJ6587
12895;731;58;GM 2181;GM2181
12896;731;49;NBJ3008E;NBJ3008E
12897;732;80;BDJ6586;BDJ6586
12898;732;58;GM 2182;GM2182
12899;732;49;NBJ3008D;NBJ3008D
12901;707;49;NBJ3005D;NBJ3005D
12908;2448;80;BDJ9854SP;BDJ9854SP
12909;2448;58;GM 2277-B;GM2277B
12910;2448;49;NBJ3016E;NBJ3016E
12911;2448;49;NBJ3017E;NBJ3017E
12912;2449;80;BDJ9855SP;BDJ9855SP
12913;2449;58;GM 2276-B;GM2276B
12914;2449;49;NBJ3016D;NBJ3016D
12915;2449;49;NBJ3017D;NBJ3017D
12920;3425;31;94 727 587;94727587
12921;3425;80;BDJ2120;BDJ2120
12922;3425;58;GM 2282-B;GM2282B
12923;3425;49;NBJ3021D;NBJ3021D
12924;3426;31;94 727 593;94727593
12925;3426;80;BDJ2123;BDJ2123
12927;3427;31;94 727 592;94727592
12928;3427;80;BDJ2122;BDJ2122
12930;3181;31;52033900;52033900
12931;3181;80;BDJ2119;BDJ2119
12932;3181;58;GM 2119 C;GM2119C
12933;3181;49;NBJ3015E;NBJ3015E
12934;3182;31;52033901;52033901
12935;3182;80;BDJ2118;BDJ2118
12936;3182;58;GM 2118 C;GM2118C
12937;3182;49;NBJ3015D;NBJ3015D
12939;754;58;FO 3000;FO3000
12941;769;58;FO 3084 H;FO3084H
12942;756;80;BDJ8038;BDJ8038
12943;756;58;FO 3103;FO3103
12944;756;49;NBJ2010E;NBJ2010E
12950;759;80;BDJ9630;BDJ9630
12951;759;58;FO 3053/4A;FO30534A
12952;759;49;NBJ2006;NBJ2006
12953;760;58;FO 3053/4 AH;FO30534AH
12954;768;80;BDJ8077;BDJ8077
12955;768;49;NBJ2003;NBJ2003
12956;768;58;VW 1083/4B;VW10834B
12957;767;80;BRA3112;BRA3112
12958;767;58;FO 3112;FO3112
12959;780;80;BRA3113;BRA3113
12960;780;58;FO 3113;FO3113
12961;772;58;FO 3168 GG;FO3168GG
12962;772;49;NBJ2005D;NBJ2005D
12964;773;49;NBJ2005E;NBJ2005E
12966;774;49;NBJ2017D;NBJ2017D
12968;775;49;NBJ2017E;NBJ2017E
12969;778;80;BRA2803;BRA2803
12970;778;58;FO 3136;FO3136
12971;778;49;NBJ2004DP;NBJ2004DP
12972;779;80;BRA3803;BRA3803
12973;779;58;FO 3137;FO3137
12974;779;49;NBJ2004EP;NBJ2004EP
12975;765;80;BDJ9852SP;BDJ9852SP
12976;765;58;FO 3024;FO3024
12977;765;49;NBJ2001D;NBJ2001D
12978;766;80;BDJ9853SP;BDJ9853SP
12979;766;58;FO 3023;FO3023
12980;766;49;NBJ2001E;NBJ2001E
12981;770;80;BDJ9830SP;BDJ9830SP
12983;770;49;NBJ2008D;NBJ2008D
12991;761;58;FO-3006;FO3006
12992;762;58;FO-3007;FO3007
12993;763;58;FO-3008;FO3008
12994;763;49;NBJ2009D;NBJ2009D
12995;764;58;FO-3009;FO3009
12996;764;49;NBJ2009E;NBJ2009E
12997;2254;80;BDJ8018;BDJ8018
12998;2254;58;FO 3212BCW;FO3212BCW
12999;2254;49;NBJ2018D;NBJ2018D
13000;2255;80;BDJ8017;BDJ8017
13001;2255;58;FO 3213BCW;FO3213BCW
13002;2255;49;NBJ2018E;NBJ2018E
13008;2998;58;FO3248B;FO3248B
13009;2998;49;NBJ2016DP;NBJ2016DP
13011;2999;58;FO3247B;FO3247B
13012;2999;49;NBJ2016EP;NBJ2016EP
13013;3000;80;BDJ0224;BDJ0224
13014;3000;58;FO 3202BC;FO3202BC
13015;3001;80;BDJ0225;BDJ0225
13016;3001;58;FO 3203BC;FO3203BC
13017;3060;58;FO 3202 BC;FO3202BC
13030;781;80;BDJ0417;BDJ0417
13031;781;58;HD 13001;HD13001
13034;783;80;BDJ2015;BDJ2015
13035;783;58;HD 13013A;HD13013A
13036;783;49;NBJ7007E;NBJ7007E
13037;784;80;BDJ2014;BDJ2014
13038;784;58;HD 13012A;HD13012A
13039;784;49;NBJ7007D;NBJ7007D
13040;785;80;BDJ2002;BDJ2002
13041;785;58;HD 13023B;HD13023B
13042;785;49;NBJ7008E;NBJ7008E
13043;786;80;BDJ2003;BDJ2003
13044;786;58;HD 13024B;HD13024B
13045;786;49;NBJ7008D;NBJ7008D
13046;3179;31;51360TJ0M01;51360TJ0M01
13047;3179;80;BDJ2033;BDJ2033
13048;3179;58;HD 13027-BC;HD13027BC
13049;3179;49;NBJ7006E;NBJ7006E
13050;3180;31;51350TJ0M01;51350TJ0M01
13051;3180;80;BDJ2032;BDJ2032
13052;3180;58;HD 13026-BC;HD13026BC
13053;3180;49;NBJ7006D;NBJ7006D
13054;3086;58;HD 13054-B;HD13054B
13055;3086;49;NBJ7009D;NBJ7009D
13056;3087;58;HD 13053-B;HD13053B
13057;3087;49;NBJ7009E;NBJ7009E
13058;3196;31;51350TR8P01;51350TR8P01
13059;3197;31;51360TR8P01;51360TR8P01
13060;735;80;BDJ0823;BDJ0823
13061;735;49;NBJ5003E;NBJ5003E
13062;735;58;PG 5005;PG5005
13063;736;80;BDJ0822;BDJ0822
13064;736;49;NBJ5003D;NBJ5003D
13065;736;58;PG 5006;PG5006
13066;792;80;BRA2061;BRA2061
13067;792;49;NBJ5002EP;NBJ5002EP
13068;792;58;PG 5003 C;PG5003C
13069;793;80;BRA2060;BRA2060
13070;793;49;NBJ5002DP;NBJ5002DP
13071;793;58;PG 5002 C;PG5002C
13072;737;80;BRA2201;BRA2201
13074;737;49;NBJ5007EP;NBJ5007EP
13075;738;80;BRA2202;BRA2202
13077;738;49;NBJ5007DP;NBJ5007DP
13078;794;58;3520.K8;3520K8
13079;794;31;3520-K8 / S2;3520K8S2
13080;794;80;BDJ0841;BDJ0841
13081;794;49;NBJ5008E;NBJ5008E
13082;795;58;3250.G8;3250G8
13083;795;31;3521-G8 / P3;3521G8P3
13084;795;80;BDJ0842;BDJ0842
13085;795;49;NBJ5008D;NBJ5008D
13092;796;80;BDJ7227;BDJ7227
13093;796;49;NBJ6007E;NBJ6007E
13094;796;58;RN 4001;RN4001
13095;797;80;BDJ7228;BDJ7228
13096;797;49;NBJ6007D;NBJ6007D
13097;797;58;RN 4000;RN4000
13098;2123;80;BDJ5225;BDJ5225
13099;2123;49;NBJ6010E;NBJ6010E
13100;2123;58;RN 4053 B;RN4053B
13104;800;80;BDJ2009;BDJ2009
13105;800;58;RN 4004;RN4004
13111;2138;80;BDJ0764;BDJ0764
13112;2138;49;NBJ6008D;NBJ6008D
13113;2138;58;RN 4048 B;RN4048B
13114;2451;80;BDJ9867SP;BDJ9867SP
13115;2451;49;NBJ6009E;NBJ6009E
13116;2451;58;RN4069B;RN4069B
13117;2450;80;BDJ9868SP;BDJ9868SP
13118;2450;49;NBJ6009D;NBJ6009D
13119;2450;58;RN4070B;RN4070B
13120;3194;31;54500-8682R;545008682R
13121;3194;58;RN-4071-N;RN4071N
13122;3195;31;54501-8194R;545018194R
13123;3195;58;RN-4072-N;RN4072N
13128;3091;31;82 00 750 274;8200750274
13130;3091;58;RN 4068-B;RN4068B
13131;3092;31;82 00 750 273;8200750273
13133;3092;58;RN 4067-B;RN4067B
13138;803;80;BDJ1020;BDJ1020
13139;803;49;NBJ7001E;NBJ7001E
13140;803;58;TT 14003;TT14003
13141;804;80;BDJ2010;BDJ2010
13142;804;49;NBJ7001D;NBJ7001D
13143;804;58;TT 14002;TT14002
13144;805;80;BDJ2012;BDJ2012
13145;805;49;NBJ7002D;NBJ7002D
13146;805;58;TT 14027 B;TT14027B
13147;806;80;BDJ2013;BDJ2013
13148;806;49;NBJ7002E;NBJ7002E
13149;806;58;TT 14028 B;TT14028B
13150;3103;31;48068-0D131;480680D131
13151;3103;58;TT-14040-B;TT14040B
13152;3104;31;48069-0D121;480690D121
13153;3104;58;TT-14041-B;TT14041B
13154;3002;80;BDJ1013;BDJ1013
13155;3002;49;NBJ6004E;NBJ6004E
13156;3002;58;NS-21013B;NS21013B
13157;3003;80;BDJ1014;BDJ1014
13158;3003;49;NBJ6004D;NBJ6004D
13159;3003;58;NS-21014B;NS21014B
13160;3004;80;BDJ1057;BDJ1057
13161;3004;58;NS-21007BGG;NS21007BGG
13162;3005;80;BDJ1056;BDJ1056
13163;3005;58;NS-21006BGG;NS21006BGG
13164;3006;80;BDJ2046;BDJ2046
13165;3006;49;NBJ6003D;NBJ6003D
13166;3006;58;NS-21032B;NS21032B
13167;3007;80;BDJ2045;BDJ2045
13168;3007;49;NBJ6003E;NBJ6003E
13169;3007;58;NS-21031B;NS21031B
13171;2127;58;HY-9049;HY9049
13172;2127;49;NBJ9006EP;NBJ9006EP
13173;2128;58;HY-9050;HY9050
13174;2128;49;NBJ9006DP;NBJ9006DP
13175;2125;80;BDJ2025;BDJ2025
13176;2125;58;HY-9023;HY9023
13177;2125;49;NBJ8001E;NBJ8001E
13178;2126;80;BDJ2024;BDJ2024
13179;2126;58;HY-9024;HY9024
13180;2126;49;NBJ8001D;NBJ8001D
13181;2542;80;BDJ2027;BDJ2027
13182;2542;58;HY-6063B;HY6063B
13183;2542;49;NBJ9005E;NBJ9005E
13184;2543;80;BDJ2026;BDJ2026
13185;2543;58;HY-9062B;HY9062B
13186;2543;49;NBJ9005D;NBJ9005D
13187;3008;80;BDJ2108;BDJ2108
13188;3008;58;HY-9079B;HY9079B
13189;3008;58;HY-9083B;HY9083B
13190;3009;80;BDJ2107;BDJ2107
13191;3009;58;HY-9078B;HY9078B
13192;3009;58;HY-9082B;HY9082B
13193;3089;31;545404F000;545404F000
13194;3089;80;BD 2025;BD2025
13195;3089;58;HY 9036 B;HY9036B
13196;3089;49;NBJ8003D;NBJ8003D
13197;3090;31;545104F000;545104F000
13198;3090;80;BD 2029;BD2029
13199;3090;58;HY 9035 B;HY9035B
13200;3090;49;NBJ8003E;NBJ8003E
13201;3495;31;545013X000;545013X000
13202;3495;58;HY9064-B;HY9064B
13203;3496;31;545003X000;545003X000
13204;3496;58;HY9065-B;HY9065B
13206;3493;31;545012K300;545012K300
13207;3493;58;AK8034-B;AK8034B
13208;3494;31;545002K300;545002K300
13209;3494;58;AK8033-B;AK8033B
13210;2133;80;BDJ7166;BDJ7166
13211;2133;58;MT-17000;MT17000
13212;2134;80;BDJ7167;BDJ7167
13213;2134;58;MT-17001;MT17001
13214;3010;80;BDJ7168;BDJ7168
13215;3010;58;MT 17042 B;MT17042B
13216;3011;80;BDJ7169;BDJ7169
13217;3011;58;MT 17041 B;MT17041B
13220;478;50;344346;344346
13221;2515;81;BD3852;BD3852
13222;2516;81;BD1657;BD1657
13223;2633;81;BD2718;BD2718
13224;2631;81;BD3954;BD3954
13225;2634;81;BD1874;BD1874
13226;2632;81;BD4606;BD4606
13227;1521;63;5312130;5312130
13228;1521;63;5312158;5312158
13229;1521;66;B00102000;B00102000
13230;1521;66;B00102015;B00102015
13231;1521;66;B00105000;B00105000
13232;1522;63;531.1945;5311945
13233;1522;66;B00105003;B00105003
13234;1522;49;N 97005;N97005
13235;1523;63;531.2152;5312152
13236;1523;66;B00105005;B00105005
13237;1524;63;531.2153;5312153
13238;1524;66;B00105004;B00105004
13239;1524;66;B00105006;B00105006
13240;1525;63;531.2131;5312131
13241;1525;66;B00105011;B00105011
13242;1525;60;MB 3009;MB3009
13243;1526;63;531.2132;5312132
13245;1526;66;B00105007;B00105007
13246;1526;66;B00105008;B00105008
13247;1526;66;B00105010;B00105010
13248;1526;66;B00105018;B00105018
13249;1526;66;B00105020;B00105020
13250;1526;60;MB 3010;MB3010
13251;1526;60;MB 3012;MB3012
13252;1526;59;SK 4909;SK4909
13253;1527;66;B00105012;B00105012
13254;1527;49;N 99157;N99157
13255;2307;66;B00105014;B00105014
13256;2307;49;N 97013;N97013
13257;2307;59;SK 4911;SK4911
13258;3881;49;N97015;N97015
13259;3881;59;SK 4908;SK4908
13260;1528;63;531.2145;5312145
13261;1528;66;B00104003;B00104003
13262;1529;63;531.2177;5312177
13263;1529;66;B00104000;B00104000
13264;1530;63;531.2179;5312179
13265;1530;66;B00104002;B00104002
13266;1531;63;531.2178;5312178
13267;1531;66;B00104001;B00104001
13268;1532;66;B00104004;B00104004
13269;1533;63;531.2180;5312180
13270;1533;66;B00104005;B00104005
13271;3422;49;N 95002;N95002
13272;3423;49;N 95003;N95003
13273;1534;63;531.2135;5312135
13274;1534;66;B00106115;B00106115
13275;1534;66;B00109613;B00109613
13276;1534;49;N 96040;N96040
13277;1535;63;531.2134;5312134
13278;1535;66;B00106112;B00106112
13279;1536;63;531.2133;5312133
13280;1536;66;B00106113;B00106113
13281;1536;66;B00106116;B00106116
13282;1536;60;MB 442;MB442
13283;1537;63;531.2136;5312136
13284;1537;66;B00106117;B00106117
13285;1537;66;B00106122;B00106122
13286;1537;60;MB 4455;MB4455
13287;1537;59;SK 1214;SK1214
13288;1537;59;SK 1220;SK1220
13289;1538;66;B00106118;B00106118
13294;1542;66;B00106123;B00106123
13295;1542;60;MB 4424;MB4424
13296;1543;66;B00106124;B00106124
13297;1543;60;MB 4425;MB4425
13298;2374;66;B00106125;B00106125
13299;2374;60;MB 4423;MB4423
13300;2469;57;GR 961;GR961
13301;2469;49;N 99256;N99256
13302;2470;59;SK 1255;SK1255
13303;3166;61;001116-0;11160
13304;3166;66;B00106137;B00106137
13305;3166;59;SK 1224;SK1224
13306;1544;63;531.2157;5312157
13307;1544;66;B00106119;B00106119
13308;1546;63;531.2167;5312167
13309;1546;66;B00103002;B00103002
13310;1547;63;531.2168;5312168
13311;1547;66;B00103013;B00103013
13312;1548;63;531.2123;5312123
13313;1548;66;B00103001;B00103001
13314;1549;63;531.2139;5312139
13315;1549;66;B00103004;B00103004
13316;1550;31;52266999;52266999
13317;1550;63;531.2166;5312166
13318;1550;66;B00103009;B00103009
13319;1551;31;52257127;52257127
13320;1551;63;531.2138;5312138
13321;1551;66;B00103010;B00103010
13322;1552;31;11085481;11085481
13323;1552;63;531.2165;5312165
13324;1553;31;11085491;11085491
13325;1553;63;531.2137;5312137
13326;1553;66;B00103008;B00103008
13327;1553;49;N 93029;N93029
13328;1554;63;531.2163;5312163
13329;1554;66;B00103006;B00103006
13330;1555;63;531.2164;5312164
13331;1555;66;B00103005;B00103005
13332;1556;63;031.0737;310737
13333;1556;66;B00103016;B00103016
13335;1557;63;531.2124;5312124
13336;1557;66;B00103012;B00103012
13337;1558;63;531.2140;5312140
13338;1558;66;B00103000;B00103000
13339;1558;49;N 370;N370
13340;1559;63;531.2169;5312169
13341;1559;66;B00103014;B00103014
13342;1560;66;B00103015;B00103015
13343;1560;49;N 93001;N93001
13345;2276;66;B00103003;B00103003
13346;2276;57;GR 254;GR254
13349;2277;66;B00103028;B00103028
13350;2277;57;GR 255;GR255
13351;2277;60;MB 1237;MB1237
13352;2277;59;SK 3242;SK3242
13353;3919;59;SK 3245;SK3245
13354;1562;63;531.2142;5312142
13355;1562;66;B00103018;B00103018
13356;2471;66;B00103031;B00103031
13357;2471;60;MB 1235;MB1235
13358;2471;59;SK 3243;SK3243
13359;2472;66;B00103030;B00103030
13360;2472;60;MB 1236;MB1236
13361;2472;59;SK 3244;SK3244
13362;3578;31;22842515;22842515
13363;3579;31;22842516;22842516
13364;3149;66;B00103027;B00103027
13365;3149;57;GR 253;GR253
13366;3149;60;MB 1273E;MB1273E
13367;3149;49;N 99137;N99137
13368;3149;59;SK 3247;SK3247
13369;3148;66;B00103026;B00103026
13370;3148;57;GR 252;GR252
13371;3148;60;MB 1273D;MB1273D
13372;3148;49;N 99136;N99136
13373;3148;59;SK 3246;SK3246
13375;3164;66;B00103020;B00103020
13377;3165;66;B00103019;B00103019
13378;3504;49;N93054;N93054
13379;3505;49;N93053;N93053
13383;1564;63;531.2158;5312158
13384;1564;66;B00102009;B00102009
13386;1564;58;FO-3165-A;FO3165A
13388;1564;49;N 92003;N92003
13390;1565;63;031.0221;310221
13391;1565;66;B00102002;B00102002
13392;1566;63;531.2162;5312162
13393;1566;66;B00102010;B00102010
13394;1567;63;531.2161;5312161
13395;1567;66;B00102007;B00102007
13396;1567;60;MB 294;MB294
13397;1568;66;B00102011;B00102011
13398;1568;66;B00102032;B00102032
13399;1568;57;GR 157;GR157
13400;1569;66;B00102013;B00102013
13401;1569;57;GR 159;GR159
13402;1569;49;N 92056;N92056
13403;1570;66;B00102012;B00102012
13404;1570;57;GR 158;GR158
13405;1570;49;N 92057;N92057
13406;1571;63;531.2121;5312121
13407;1571;66;B00102014;B00102014
13408;1571;60;MB 2272;MB2272
13409;3064;66;B00102018;B00102018
13410;3064;66;B00108045;B00108045
13411;1573;63;531.2122;5312122
13412;1573;66;B00102019;B00102019
13413;1573;49;N 92055;N92055
13414;1575;66;B00102022;B00102022
13415;1576;66;B00102021;B00102021
13416;3216;66;B00102033;B00102033
13417;3216;54;JTSB0055;JTSB0055
13418;3217;54;JTSB0057;JTSB0057
13419;2278;66;B00102008;B00102008
13420;2278;57;GR 162;GR162
13421;2278;60;MB 2309;MB2309
13422;2278;49;N 92046;N92046
13423;2278;59;SK 2565;SK2565
13425;2310;57;GR 162;GR162
13426;2310;60;MB 2310;MB2310
13427;2311;63;531.2249;5312249
13428;2311;66;B00102026;B00102026
13429;2311;57;GR 166;GR166
13430;2311;49;N 92052;N92052
13431;2312;63;531.2250;5312250
13432;2312;66;B00102027;B00102027
13433;2312;57;GR 167;GR167
13434;2312;49;N 92053;N92053
13435;2313;66;B00102030;B00102030
13436;2313;57;gr 174;GR174
13437;2476;49;N 92045;N92045
13438;2476;59;SK 2564;SK2564
13439;3301;49;N 92037;N92037
13440;1577;66;B00102020;B00102020
13441;1577;57;GR 164;GR164
13442;1578;57;GR 177;GR177
13443;1579;66;B00102016;B00102016
13444;1580;49;N 92054;N92054
13445;1582;63;531.2141;5312141
13446;1582;66;B00102023;B00102023
13447;1582;66;B00103011;B00103011
13448;1582;31;YS4-5776-AA(5495AA);YS45776AA5495AA
13449;1583;66;B00102017;B00102017
13450;2473;66;B00102035;B00102035
13451;2473;57;GR 172;GR172
13452;2473;60;MB 2284D;MB2284D
13453;2473;59;SK 2561;SK2561
13454;2474;66;B00102036;B00102036
13455;2474;57;GR 173;GR173
13456;2474;60;MB 2284E;MB2284E
13457;2474;59;SK 2562;SK2562
13458;1584;63;531.2147;5312147
13459;1584;66;B00102500;B00102500
13460;1584;60;MB 9154;MB9154
13461;1585;63;531.2192;5312192
13462;1585;66;B00102501;B00102501
13463;1586;63;531.2194;5312194
13464;1586;66;B00102503;B00102503
13466;1587;66;B00102502;B00102502
13467;1588;63;531.2149;5312149
13468;1588;66;B00102505;B00102505
13469;1588;66;B00102515;B00102515
13470;1588;60;MB 6048;MB6048
13471;1589;63;531.2148;5312148
13472;1589;66;B00102504;B00102504
13473;1589;66;B00102514;B00102514
13474;1589;60;MB 6049;MB6049
13475;1590;31;51321SNA A02;51321SNAA02
13476;1590;63;531.2258;5312258
13477;1590;66;B00102512;B00102512
13478;1590;57;GR 707;GR707
13479;1590;60;MB 6053;MB6053
13480;1591;31;51320SNA A02;51320SNAA02
13481;1591;63;531.2257;5312257
13482;1591;66;B00102511;B00102511
13483;1591;57;GR 706;GR706
13484;1591;60;MB 6052;MB6052
13485;1592;66;B00102516;B00102516
13486;1592;66;B00102524;B00102524
13487;1592;60;MB 6056;MB6056
13488;1593;63;531.2254;5312254
13489;1593;66;B00102517;B00102517
13490;1593;60;MB 6057;MB6057
13491;1594;63;531.2259;5312259
13492;1594;66;B00102507;B00102507
13493;1594;57;GR 723;GR723
13494;1595;63;531.2260;5312260
13495;1595;66;B00102506;B00102506
13496;1595;57;GR 722;GR722
13497;1596;66;B00102512;B00102512
13498;1596;57;GR 709;GR709
13499;1596;60;MB 6055;MB6055
13501;1597;31;52320SNA A01;52320SNAA01
13502;1597;66;B00102513;B00102513
13503;1597;57;GR 708;GR708
13504;1597;60;MB 6054;MB6054
13506;1598;63;531.2255;5312255
13507;1598;66;B00102518;B00102518
13508;1598;60;MB 6058;MB6058
13509;1599;63;531.2256;5312256
13510;1599;66;B00102519;B00102519
13511;1599;60;MB 6059;MB6059
13512;2477;31;51320-T5A-003;51320T5A003
13514;2478;31;51325-T5A-003;51325T5A003
13516;3151;66;B00102509;B00102509
13517;3150;66;B00102508;B00102508
13518;3162;61;001723-0;17230
13519;3163;61;001724-0;17240
13520;3580;49;N 99242;N99242
13521;3580;59;SK 8258;SK8258
13522;3581;49;N 99243;N99243
13523;3581;59;SK 8259;SK8259
13524;1600;63;531.2191;5312191
13525;1600;66;B00109605;B00109605
13526;1601;66;B00109603;B00109603
13527;1601;57;GR 660;GR660
13528;1602;63;531.2189;5312189
13529;1602;66;B00109600;B00109600
13530;1603;63;531.2190;5312190
13531;1603;66;B00109601;B00109601
13534;1604;63;5312146;5312146
13535;1604;63;5312187;5312187
13536;1604;63;5312247;5312247
13537;1604;66;B00109602;B00109602
13538;1604;66;B00109604;B00109604
13539;1604;66;B00109610;B00109610
13542;1605;63;531.2128;5312128
13543;1605;66;B00109607;B00109607
13544;1605;66;B00109611;B00109611
13545;1605;60;MB 5025;MB5025
13546;1605;60;MB 9119;MB9119
13547;1605;60;MB 9127;MB9127
13548;1606;66;B00109608;B00109608
13549;1606;66;B00109614;B00109614
13550;1606;49;N 99280;N99280
13551;1608;63;531.2151;5312151
13552;1608;66;B00109609;B00109609
13553;1608;66;B00109615;B00109615
13554;1608;60;MB 5026;MB5026
13555;1608;60;MB 9130;MB9130
13556;1608;49;N 99040;N99040
13557;1608;59;SK 8060;SK8060
13558;1609;63;531.2199;5312199
13559;3658;59;SK 8059;SK8059
13560;1610;63;531.2200;5312200
13561;1610;66;B00109208;B00109208
13562;1611;66;B00109212;B00109212
13563;1613;63;531.2201;5312201
13564;1613;66;B00109209;B00109209
13565;1614;63;531.2202;5312202
13566;1614;66;B00109210;B00109210
13567;1615;57;GR 775;GR775
13568;1616;31;6001547138;6001547138
13569;1616;63;531.2263;5312263
13570;1616;31;8200277960R;8200277960R
13571;1616;66;B1009209;B1009209
13572;1616;57;GR 774;GR774
13573;1616;60;MB 9011;MB9011
13574;1616;49;N 99257;N99257
13575;1616;49;N 99258;N99258
13576;1616;59;SK 8063;SK8063
13577;2279;66;B00109217;B00109217
13578;2279;57;GR 572;GR572
13579;2279;57;GR 782;GR782
13580;2279;54;JTSB0168;JTSB0168
13581;2279;60;MB 1042;MB1042
13582;2279;60;MB 9360;MB9360
13584;2279;49;N 99122;N99122
13585;2279;49;N 99147;N99147
13588;2279;59;SK 8062;SK8062
13589;2279;59;SK 8464;SK8464
13590;2280;66;B00109216;B00109216
13591;2280;57;GR 781;GR781
13592;2280;60;MB 9357;MB9357
13593;2280;59;SK 8061;SK8061
13594;2482;57;GR 776;GR776
13595;2482;49;N 99261;N99261
13596;1618;57;GR 621;GR621
13597;1620;57;GR 620;GR620
13598;3908;31;31476579;31476579
13599;3908;49;N 99339;N99339
13600;3909;31;30760678;30760678
13601;3909;49;N 99340;N99340
13602;1621;66;B00107005;B00107005
13603;1623;66;B00107006;B00107006
13604;1624;63;531.2172;5312172
13605;1624;66;B00107004;B00107004
13607;1625;63;531.2127;5312127
13608;1625;66;B00107001;B00107001
13609;1625;60;MB 780;MB780
13613;1626;66;B00107002;B00107002
13614;1626;57;GR 310;GR310
13615;1629;57;GR 306;GR306
13616;1630;66;B00107008;B00107008
13617;1630;57;GR 309;GR309
13618;1630;60;MB 782;MB782
13619;1631;66;B00107007;B00107007
13620;1631;57;GR 308;GR308
13621;1631;60;MB 781;MB781
13622;3582;66;B00107011;B00107011
13623;3582;59;SK 8507;SK8507
13624;3622;49;N 99279;N99279
13625;3622;59;SUK8469;SUK8469
13626;1632;63;531.2171;5312171
13627;1633;63;531.2170;5312170
13628;1633;66;B00107003;B00107003
13629;1633;57;GR 300;GR300
13630;1633;49;N 99278;N99278
13631;1633;59;SK 8467;SK8467
13632;1635;66;B00107009;B00107009
13633;1636;63;531.2181;5312181
13634;1636;66;B00108001;B00108001
13635;1637;66;B00108002;B00108002
13636;1637;57;GR 553;GR553
13637;1638;66;B00108003;B00108003
13638;1638;57;GR 552;GR552
13639;1639;66;B00106101;B00106101
13640;1640;66;B00106102;B00106102
13641;1641;66;B00106103;B00106103
13642;1642;66;B00102025;B00102025
13643;1642;66;B00106106;B00106106
13644;1643;66;B00106104;B00106104
13646;1645;66;B00108043;B00108043
13647;1648;66;B00109200;B00109200
13648;2635;66;B00109201;B00109201
13649;2635;57;GR 792;GR792
13650;1649;66;B00109206;B00109206
13651;1649;57;GR 791;GR791
13652;1649;60;MB 7017;MB7017
13653;1649;49;N 99321;N99321
13657;3420;31;546188H300;546188H300
13658;3420;60;MB 7005;MB7005
13659;3420;49;N 99264;N99264
13660;3420;59;SK8438;SK8438
13661;3421;49;N 99265;N99265
13662;3421;59;SK8437;SK8437
13663;3283;49;N 99255;N99255
13664;3283;59;SK8442;SK8442
13665;3921;31;30760678;30760678
13666;3921;49;N99232;N99232
13667;1651;66;B00102024;B00102024
13668;1651;59;SK 8073;SK8073
13669;1653;63;5312182;5312182
13670;1653;63;5312184;5312184
13671;1653;66;B00108016;B00108016
13672;1653;66;B00108026;B00108026
13673;1654;63;531.2185;5312185
13674;1654;66;B00108014;B00108014
13675;1655;66;B00108015;B00108015
13676;1655;57;GR 411;GR411
13677;1656;66;B00108019;B00108019
13678;1657;66;B00108018;B00108018
13680;1658;66;B00108021;B00108021
13681;1658;66;B00108027;B00108027
13682;1658;57;GR 611;GR611
13683;1658;60;MB 9330;MB9330
13684;1658;49;N 99133;N99133
13686;3227;66;B00108040;B00108040
13687;1659;66;B00108017;B00108017
13688;1660;66;B00108022;B00108022
13689;1660;60;MB 9331;MB9331
13690;3146;66;B00108023;B00108023
13691;3146;57;GR 612;GR612
13692;3146;60;MB 9327;MB9327
13693;3146;49;N 99178;N99178
13694;3147;66;B00108024;B00108024
13695;3147;57;GR 613;GR613
13696;3147;60;MB 9328;MB9328
13697;3147;49;N 99177;N99177
13698;3144;57;GR 421;GR421
13699;3144;49;N 99192;N99192
13700;3144;59;SK 8240;SK8240
13701;3145;57;GR 422;GR422
13702;3145;49;N 99191;N99191
13703;3145;59;SK 8241;SK8241
13704;1661;63;531.2174;5312174
13705;1661;66;B00108034;B00108034
13706;1662;63;544.2297;5442297
13707;1662;66;B00108035;B00108035
13708;1663;63;531.2178;5312178
13709;1663;66;B00108036;B00108036
13710;1664;66;B00108037;B00108037
13711;1665;66;B00108039;B00108039
13712;1665;57;GR 413;GR413
13713;1665;59;SK 8247;SK8247
13714;1666;66;B00108039;B00108039
13715;1666;57;GR 412;GR412
13716;1666;59;SK 8246;SK8246
13717;1667;66;B00108042;B00108042
13718;1667;57;GR 413;GR413
13719;1667;59;SK 8249;SK8249
13720;1668;66;B00108041;B00108041
13721;1668;57;GR 412;GR412
13722;1668;59;SK 8248;SK8248
13723;3235;49;N 99189;N99189
13726;3621;66;B00105009;B00105009
13727;3621;66;B00108027;B00108027
13728;3621;66;B00108030;B00108030
13729;3621;57;GR 155;GR155
13730;3621;57;GR 617;GR617
13731;3621;54;JTSB0052;JTSB0052
13732;3621;60;MB 8015;MB8015
13733;3621;49;N 99149;N99149
13734;3621;49;N 99150;N99150
13736;3621;59;SK 8238;SK8238
13738;3583;49;N 99198;N99198
13739;3583;59;SK 8260;SK8260
13740;1669;63;531.2175;5312175
13741;1669;66;B00108033;B00108033
13742;3236;49;N 99188;N99188
13743;3236;59;SK 8254;SK8254
13744;3237;49;N 99187;N99187
13745;3237;59;SK 8255;SK8255
13748;3249;59;SK 8071;SK8071
13749;1671;66;B00108064;B00108064
13750;1671;57;GR 575;GR575
13751;1672;49;N 99284;N99284
13752;1673;66;B00108075;B00108075
13753;1673;31;MB 151.937;MB151937
13754;1673;49;N 99285;N99285
13755;2308;66;B00108077;B00108077
13756;2308;57;GR 573;GR573
13757;2308;60;MB 1045;MB1045
13758;2309;66;B00108078;B00108078
13759;2309;57;GR 574;GR574
13760;2309;60;MB 1046;MB1046
13761;1622;66;B00107000;B00107000
13762;1622;66;B00108065;B00108065
13763;1622;57;GR 570;GR570
13765;3610;66;B00108073;B00108073
13766;3611;66;B00108074;B00108074
13767;3418;49;N 99291;N99291
13768;3418;59;SK8478;SK8478
13769;3419;49;N 99300;N99300
13770;3419;59;SK8477;SK8477
13771;3902;49;N 99266;N99266
13772;3903;49;N 99267;N99267
13774;3254;57;GR 912;GR912
13775;3254;60;MB 4454;MB4454
13776;3254;49;N 99251;N99251
13778;3254;49;N 99253;N99253
13779;3255;31;A9063201889;A9063201889
13780;3255;49;N 99254;N99254
13782;302;49;HG 32742;HG32742
13784;278;49;HG 32768;HG32768
13785;615;48;27081;27081
13786;156;49;HG 30780;HG30780
13787;156;48;SP064;SP064
13788;591;48;SP270;SP270
13789;588;48;SP282;SP282
13790;9;48;SP166;SP166
13791;382;48;SP224;SP224
13792;345;48;SP237;SP237
13793;188;48;SP047;SP047
13794;176;48;SP217;SP217
13795;676;48;SP047;SP047
13796;2367;50;341369;341369
13797;2283;50;349228;349228
13799;2344;50;341311;341311
13800;2338;49;HG 31140;HG31140
13801;63;50;343455;343455
13803;616;49;HG 30773;HG30773
13804;181;49;HG 31150;HG31150
13805;57;50;444235;444235
13808;27;49;HG 30730;HG30730
13809;124;50;343216;343216
13810;383;48;SP090;SP090
13811;489;50;343463;343463
13812;291;48;SP074;SP074
13813;384;48;SP224;SP224
13814;248;48;27079;27079
13815;248;48;SP079;SP079
13816;280;48;SP076;SP076
13818;536;48;27211;27211
13819;526;48;SP285;SP285
13820;23;49;HG 31151;HG31151
13821;661;48;27381;27381
13822;661;49;HG 31152;HG31152
13823;479;48;27299;27299
13824;479;50;343251;343251
13826;261;48;27216;27216
13827;2119;49;HG 41005;HG41005
13828;2284;50;340060;340060
13829;2284;50;349040;349040
13830;2284;49;HG 41206;HG41206
13832;2323;49;HG 31218;HG31218
13833;2314;49;HG 41087;HG41087
13834;2346;49;HG 41040;HG41040
13835;2342;50;344821;344821
13838;2370;50;344459;344459
13839;2365;49;HG 41277;HG41277
13840;2411;49;HG 41083;HG41083
13841;2401;49;HG 41054;HG41054
13842;2533;50;444025;444025
13844;2538;49;HG 41139;HG41139
13845;2549;49;HG 41066;HG41066
13846;2572;50;349067;349067
13847;3558;49;HG 31249;HG31249
13848;3559;49;HG 31250;HG31250
13849;3702;49;HG 41243;HG41243
13851;450;49;HG 41076;HG41076
13852;576;50;341723;341723
13853;576;49;HG 31141;HG31141
13854;573;50;349017;349017
13855;434;48;72497;72497
13856;434;49;HG 41075;HG41075
13857;148;49;HG 41069;HG41069
13858;28;48;SP243;SP243
13860;169;48;SP245;SP245
13861;485;49;AC 41084;AC41084
13862;556;48;SP252;SP252
13863;499;48;27182;27182
13864;499;48;SP190;SP190
13865;157;49;HG 31124;HG31124
13866;157;48;SP044;SP044
13868;158;49;HG 31189;HG31189
13869;158;48;SP044;SP044
13870;507;49;HG 31137;HG31137
13871;502;48;SP278;SP278
13872;85;48;SP051;SP051
13873;363;48;27303;27303
13874;363;49;HG36034;HG36034
13875;128;49;AC 35764;AC35764
13876;305;50;344115;344115
13877;305;49;HG 30811;HG30811
13878;411;49;AC 35822;AC35822
13879;412;49;HG 35823;HG35823
13880;172;50;344378;344378
13882;222;50;345032;345032
13883;403;49;AC 30756;AC30756
13884;366;48;27304;27304
13885;486;49;AC 41085;AC41085
13886;486;48;D6442;D6442
13887;377;50;344382;344382
13888;341;49;AC 35123;AC35123
13889;333;49;AC 35123;AC35123
13890;528;50;344307;344307
13891;218;50;345100;345100
13892;53;50;345084;345084
13893;480;50;340033;340033
13894;298;49;HG 36086;HG36086
13895;2343;49;HG 41086;HG41086
13896;2345;49;HG 41039;HG41039
13897;2385;49;HG 36079;HG36079
13899;2434;50;341742;341742
13902;410;49;HG 36040;HG36040
13903;413;49;HG 36039;HG36039
13904;385;48;SP086;SP086
13905;339;50;333701;333701
13906;159;48;SP062;SP062
13907;160;48;SP063;SP063
13910;82;50;333157;333157
13912;296;48;SP182;SP182
13913;266;50;338086;338086
13914;267;49;HG 33008;HG33008
13915;267;49;HG 33094;HG33094
13916;78;50;333756;333756
13917;78;49;HG 31104;HG31104
13918;79;50;333755;333755
13919;79;49;HG 31105;HG31105
13920;500;49;HG 33012;HG33012
13921;501;49;HG 33013;HG33013
13922;501;48;SP225;SP225
13923;110;49;HG 31112;HG31112
13924;110;48;SP226;SP226
13925;111;49;HG 31111;HG31111
13926;272;49;HG 33094;HG33094
13927;64;48;38034;38034
13928;64;49;HG 30853;HG30853
13929;64;48;SP034;SP034
13930;64;48;SP053;SP053
13931;386;48;SP201;SP201
13932;386;48;SP202;SP202
13933;534;50;333712;333712
13934;346;50;338741;338741
13935;346;48;SP206;SP206
13936;537;48;SP204;SP204
13937;273;48;SP002;SP002
13938;105;49;HG 31104;HG31104
13940;106;49;HG 31105;HG31105
13942;667;49;HG 41222;HG41222
13943;668;49;HG 41221;HG41221
13944;669;49;HG 41220;HG41220
13945;670;49;HG 41219;HG41219
13946;2288;50;339822;339822
13947;2289;50;339823;339823
13948;2366;50;341381;341381
13950;2363;49;HG 41275;HG41275
13951;2364;49;HG 41276;HG41276
13955;2445;49;HG 41001;HG41001
13957;358;49;HG 32622;HG32622
13958;125;50;334099;334099
13959;125;50;334100;334100
13960;29;48;SP040;SP040
13961;30;48;SP039;SP039
13962;268;49;HG 33008;HG33008
13963;268;49;HG 33094;HG33094
13964;297;49;HG 33093;HG33093
13967;292;48;SP072;SP072
13971;592;48;SP269;SP269
13972;10;48;SP154;SP154
13976;589;48;SP267;SP267
13977;557;49;HG 41099;HG41099
13978;558;50;334177;334177
13979;558;49;HG 41100;HG41100
13980;559;49;HG 41101;HG41101
13981;560;49;HG 41002;HG41002
13982;3686;48;16472;16472
13983;3686;50;331009;331009
13984;3685;48;16471;16471
13985;3685;50;331008;331008
13986;391;49;HG 31058;HG31058
13987;392;49;HG 31059;HG31059
13988;182;48;27336;27336
13989;183;48;27337;27337
13990;183;49;HG 78185;HG78185
13991;161;48;SP042;SP042
13992;163;48;SP255;SP255
13993;164;48;SP256;SP256
13994;165;49;HG 33029;HG33029
13995;165;48;SP256;SP256
13996;166;49;HG 33030;HG33030
13997;166;48;SP255;SP255
14002;511;48;SP297;SP297
14003;512;48;SP298;SP298
14004;508;49;HG 33050;HG33050
14005;509;49;HG 33049;HG33049
14006;189;49;HG 41046;HG41046
14007;190;49;HG 41047;HG41047
14008;662;48;27380;27380
14009;662;49;HG 33053;HG33053
14010;284;49;HG 33046;HG33046
14011;285;49;HG 33045;HG33045
14012;86;49;HG 33096;HG33096
14013;87;49;HG 33095;HG33095
14015;687;50;334835;334835
14016;687;49;HG 33035;HG33035
14018;2118;50;339081;339081
14019;2118;50;339253;339253
14020;2118;49;HG 41082;HG41082
14021;2117;50;339080;339080
14022;2117;50;339254;339254
14023;2117;49;HG 41081;HG41081
14024;2315;49;HG 41055;HG41055
14025;2316;49;HG 41056;HG41056
14026;2321;49;HG 31216;HG31216
14027;2322;49;HG 31217;HG31217
14028;2356;49;HG 41018;HG41018
14029;2357;49;HG 41019;HG41019
14032;2484;50;338026;338026
14033;2485;50;338027;338027
14035;2550;49;HG 41253;HG41253
14036;2554;50;339249;339249
14037;2554;49;HG 41064;HG41064
14038;2555;50;339250;339250
14039;2555;49;HG 41065;HG41065
14040;3207;50;338754;338754
14041;3206;50;338753;338753
14043;3585;49;HG 41281;HG41281
14045;3586;49;HG 41282;HG41282
14046;3532;49;HG 33103;HG33103
14047;3533;49;HG 33104;HG33104
14048;3530;49;HG 33101;HG33101
14049;3531;49;HG 33102;HG33102
14050;3701;49;HG 41242;HG41242
14051;3700;49;HG 41241;HG41241
14052;2290;50;333490;333490
14053;2291;50;333491;333491
14054;2115;48;SP110;SP110
14055;2115;48;SP111;SP111
14056;448;49;HG 41077;HG41077
14057;449;49;HG 41078;HG41078
14058;440;50;333331;333331
14059;440;50;333332;333332
14060;440;49;HG 31117;HG31117
14061;440;49;HG 31118;HG31118
14064;561;49;HG 33052;HG33052
14065;562;49;HG 33051;HG33051
14066;435;50;339261;339261
14067;435;49;HG 41074;HG41074
14068;436;50;339262;339262
14069;436;49;HG 41073;HG41073
14070;429;49;HG 41159;HG41159
14071;430;49;HG 41158;HG41158
14072;2432;50;341139;341139
14074;2431;50;341138;341138
14076;563;49;HG 41101;HG41101
14077;564;49;HG 41102;HG41102
14078;565;49;HG 41099;HG41099
14079;566;49;HG 41100;HG41100
14080;1063;63;044.1454;441454
14081;1063;60;MB4007S;MB4007S
14082;1063;59;SK208S;SK208S
14083;951;63;044.1426;441426
14084;951;59;SK407S;SK407S
14085;1105;60;MB4129S;MB4129S
14086;1120;63;044.1485;441485
14087;1120;60;MB4135S;MB4135S
14088;1120;59;SK414S;SK414S
14089;1107;60;MB4030;MB4030
14090;1107;59;SK421S;SK421S
14091;3467;59;SK442S;SK442S
14092;2651;59;SK439S;SK439S
14093;2652;59;SK439S;SK439S
14094;3859;59;4980;4980
14095;3860;59;4971;4971
14096;3862;60;MB4158;MB4158
14097;3861;60;MB4207;MB4207
14098;3861;59;SK441S;SK441S
14099;3939;60;MB4158;MB4158
14100;3939;59;SK450S;SK450S
14101;1112;63;044.1672;441672
14102;1112;60;MB4061S;MB4061S
14103;1112;59;SK404S;SK404S
14104;1064;63;044.14555;4414555
14105;1064;60;MB4060S;MB4060S
14106;1064;59;SK209S;SK209S
14107;1123;63;044.1481;441481
14108;1123;60;MB4054B;MB4054B
14109;1123;59;SK403S;SK403S
14110;1113;63;044.1482;441482
14111;1113;60;MB4057S;MB4057S
14112;1113;59;SK405S;SK405S
14113;1117;63;044.1484;441484
14114;1117;60;MB4134S;MB4134S
14115;1117;59;SK408S;SK408S
14116;952;63;044.1427;441427
14117;952;60;MB4141S;MB4141S
14118;952;59;SK410S;SK410S
14119;1121;63;044.1486;441486
14120;1121;60;MB4140S;MB4140S
14121;1121;59;SK415S;SK415S
14122;1110;63;044.1674;441674
14123;1110;60;MB4156;MB4156
14124;1110;59;SK423S;SK423S
14125;1078;63;044.1472;441472
14126;1078;60;MB6040S;MB6040S
14127;1078;59;SK808S;SK808S
14128;1016;63;044.1442;441442
14129;1016;60;MB4048B;MB4048B
14130;1016;59;SK101S;SK101S
14131;1017;63;044.1443;441443
14132;1017;60;MB4053B;MB4053B
14133;1017;59;SK103S;SK103S
14134;1018;60;MB4046B;MB4046B
14135;1018;59;SK105S;SK105S
14136;1037;63;044.1439;441439
14137;1037;60;MB4077S;MB4077S
14138;1037;59;SK107S;SK107S
14139;1029;63;044.1435;441435
14140;1029;60;MB4122S;MB4122S
14141;1029;59;SK111S;SK111S
14142;1008;63;044.1431;441431
14143;1008;60;MB4146S;MB4146S
14144;1008;60;MB4147S;MB4147S
14145;1008;59;SK122S;SK122S
14146;1026;63;044.1437;441437
14147;1026;60;MB4223S;MB4223S
14148;1026;59;SK120S;SK120S
14149;1012;60;MB4084;MB4084
14150;1012;59;SK135S;SK135S
14151;1033;60;MB4000;MB4000
14152;1033;59;SK129S;SK129S
14153;1000;63;044.1662;441662
14154;1000;59;SK700S;SK700S
14155;1001;63;044.1664;441664
14156;1001;60;MB4226;MB4226
14157;1001;59;SK702S;SK702S
14158;2419;63;044.2625;442625
14159;2419;60;MB4237;MB4237
14160;2419;59;SK150S;SK150S
14161;2420;63;044.2622;442622
14162;2420;60;MB4237;MB4237
14163;2421;63;044.2617;442617
14164;2421;60;MB4228;MB4228
14165;2421;59;SK142S;SK142S
14166;2653;60;MB4059;MB4059
14167;2653;59;SK145S;SK145S
14168;2654;59;SK152S;SK152S
14169;2655;63;044.2631;442631
14170;2655;60;MB4259;MB4259
14171;2655;59;SK153S;SK153S
14172;3864;60;MB4269;MB4269
14173;3864;59;SK930S;SK930S
14174;3904;63;044.2619;442619
14175;3904;59;SK145S;SK145S
14177;3947;59;SK163S;SK163S
14178;1038;63;044.1440;441440
14179;1038;60;MB4075S;MB4075S
14180;1038;59;SK109S;SK109S
14181;1030;63;044.1436;441436
14182;1030;60;MB4216;MB4216
14183;1030;59;SK113S;SK113S
14184;1036;63;044.1438;441438
14185;1036;59;SK121S;SK121S
14186;1009;63;044.1434;441434
14187;1009;59;SK123S;SK123S
14188;1010;59;SK118S;SK118S
14189;1034;60;MB4086;MB4086
14190;1034;59;SK130S;SK130S
14191;1013;63;044.1661;441661
14192;1013;59;SK126S;SK126S
14193;1002;63;044.1663;441663
14194;1002;59;SK701S;SK701S
14195;1022;59;SK116S;SK116S
14196;1023;59;SK117S;SK117S
14197;1042;63;044.1660;441660
14198;1042;59;SK125S;SK125S
14199;1024;60;MB4087;MB4087
14200;1024;59;SK139S;SK139S
14201;1025;60;MB4258;MB4258
14202;1025;59;SK151S;SK151S
14203;962;60;MB4022S;MB4022S
14204;976;63;044.1668;441668
14205;976;59;SK304S;SK304S
14206;984;60;MB4234B;MB4234B
14207;984;59;SK306S;SK306S
14208;959;60;MB4020;MB4020
14209;959;59;SK345S;SK345S
14210;969;63;044.1457;441457
14211;969;60;MB4116S;MB4116S
14212;969;59;SK308S;SK308S
14213;988;60;MB4107S;MB4107S
14214;988;59;SK313S;SK313S
14215;963;63;044.1463;441463
14216;963;60;MB4111;MB4111
14217;963;59;SK315S;SK315S
14218;966;59;SK326S;SK326S
14219;973;59;SK346S;SK346S
14220;989;59;SK345S;SK345S
14221;978;59;SK348S;SK348S
14222;981;60;MB4008;MB4008
14223;981;59;SK349S;SK349S
14224;2656;60;MB4184;MB4184
14225;2656;59;SK353S;SK353S
14226;2657;60;MB4180;MB4180
14227;2657;59;SK350S;SK350S
14228;2658;60;MB4101;MB4101
14229;3129;60;MB4185;MB4185
14230;3129;59;SK354S;SK354S
14231;3130;60;MB4182;MB4182
14232;3130;59;SK351S;SK351S
14233;3131;60;MB4186;MB4186
14234;3131;59;SK352S;SK352S
14235;3265;59;SK362S;SK362S
14236;3266;59;3807;3807
14237;3469;60;MB4188;MB4188
14238;3469;59;SK355S;SK355S
14239;986;63;044.1462;441462
14240;986;59;SK321S;SK321S
14241;970;60;MB4218S;MB4218S
14242;970;59;SK310S;SK310S
14243;975;63;044.1458;441458
14244;975;59;SK311S;SK311S
14245;990;63;044.1465;441465
14246;990;59;SK316S;SK316S
14247;964;63;044.1466;441466
14248;964;59;SK325S;SK325S
14249;987;63;044.1469;441469
14250;987;59;SK318S;SK318S
14251;979;63;044.1669;441669
14252;979;59;SK329S;SK329S
14253;967;63;044.1670;441670
14254;967;60;MB4121;MB4121
14255;967;59;SK332S;SK332S
14256;968;63;044.1468;441468
14257;968;60;MB4117;MB4117
14258;968;59;SK331S;SK331S
14259;993;63;044.1466;441466
14260;993;60;MB6027S;MB6027S
14261;2659;59;SK332S;SK332S
14262;2660;59;SK328S;SK328S
14263;1049;63;044.1451;441451
14264;1049;60;MB4014S;MB4014S
14265;1049;59;SK201S;SK201S
14266;1050;63;044.1452;441452
14267;1050;60;MB4040S;MB4040S
14268;1050;59;SK204S;SK204S
14269;1043;63;044.1449;441449
14270;1043;60;MB4047S;MB4047S
14271;1043;59;SK213S;SK213S
14272;1059;63;044.1448;441448
14273;1059;60;MB4142S;MB4142S
14274;1059;59;SK223S;SK223S
14275;1046;63;044.1667;441667
14276;1046;60;MB4050;MB4050
14277;1046;59;SK230S;SK230S
14278;2099;59;SK213S;SK213S
14279;2103;63;044.2634;442634
14280;2103;60;MB4098;MB4098
14281;2327;59;SK217S;SK217S
14283;2662;60;MB4100;MB4100
14284;2662;59;SK248S;SK248S
14285;3133;60;MB4194;MB4194
14286;3133;59;SK253S;SK253S
14287;3136;60;MB4194;MB4194
14288;3136;59;SK255S;SK255S
14289;3134;60;MB4192;MB4192
14290;3134;59;SK241S;SK241S
14291;3137;60;MB4190;MB4190
14292;3137;59;SK244S;SK244S
14293;3475;60;MB4176;MB4176
14294;3476;60;MB4192;MB4192
14295;3476;59;SK241S;SK241S
14296;3905;60;MB4192;MB4192
14297;3905;59;SK241S;SK241S
14298;1051;63;044.1453;441453
14299;1051;60;MB4062B;MB4062B
14300;1051;59;SK202S;SK202S
14301;1052;60;MB4080S;MB4080S
14302;1052;59;SK205S;SK205S
14303;1057;63;044.1447;441447
14304;1057;60;MB4256S;MB4256S
14305;1057;59;SK215S;SK215S
14306;1060;63;441733;441733
14307;1060;60;MB4136S;MB4136S
14308;1060;59;SK217S;SK217S
14309;1044;63;044.1665;441665
14310;1044;59;SK224S;SK224S
14312;1047;59;SK229S;SK229S
14313;2100;59;SK217S;SK217S
14316;1069;63;044.1470;441470
14317;1069;59;SK805S;SK805S
14318;1072;60;MB4013;MB4013
14319;1072;59;SK820S;SK820S
14320;1067;63;044.1732;441732
14321;1066;63;044.2627;442627
14322;1066;59;SK903S;SK903S
14323;3258;60;MB4052D;MB4052D
14324;3258;59;SK846D;SK846D
14325;3259;60;MB4052E;MB4052E
14326;3259;59;SK846E;SK846E
14327;1070;63;044.1471;441471
14328;1070;59;SK806S;SK806S
14329;3465;59;SK956S;SK956S
14330;1085;63;044.1474;441474
14331;1085;60;MB6070S;MB6070S
14332;1085;59;SK810S;SK810S
14333;1090;63;044.1475;441475
14334;1090;59;SK811S;SK811S
14335;995;63;044.1430;441430
14336;995;60;MB6010S;MB6010S
14337;995;59;SK802S;SK802S
14338;999;60;MB6031;MB6031
14339;999;59;SK823S;SK823S
14340;1092;60;MB6031;MB6031
14341;1092;59;SK857S;SK857S
14342;3140;60;MB4277;MB4277
14343;3943;60;MB6070S;MB6070S
14344;1006;60;MB6017;MB6017
14345;997;59;SK859S;SK859S
14346;1093;60;MB6050;MB6050
14347;1093;59;SK858S;SK858S
14348;1098;63;441477;441477
14349;1098;60;MB6024S;MB6024S
14350;1098;59;SK813S;SK813S
14351;1099;59;SK880S;SK880S
14352;2663;63;044.2645;442645
14353;2663;60;MB6704;MB6704
14354;2663;59;SK838S;SK838S
14355;2331;59;SK893S;SK893S
14356;3471;63;044.2645;442645
14357;3944;59;SK925S;SK925S
14358;1103;63;044.1478;441478
14359;1103;59;SK814S;SK814S
14360;1104;59;SK922S;SK922S
14361;3142;59;SK825S;SK825S
14362;3271;59;SK919S;SK919S
14363;3272;60;MB4200;MB4200
14364;3272;59;SK918S;SK918S
14365;994;63;044.1659;441659
14366;994;59;SK803S;SK803S
14367;3269;60;MB4204;MB4204
14368;3269;59;SK864S;SK864S
14369;3270;59;SK861S;SK861S
14370;3595;60;MB4171;MB4171
14371;3595;59;SK889S;SK889S
14372;3596;60;MB4173;MB4173
14373;3596;59;SK891S;SK891S
14374;3487;60;MB4280;MB4280
14375;3487;59;SK897S;SK897S
14376;3942;60;MB4109;MB4109
14377;3942;59;SK890S;SK890S
14378;1074;60;MB6400;MB6400
14379;1074;59;SK840S;SK840S
14380;2101;63;044.2633;442633
14381;2101;60;MB6402;MB6402
14382;2101;59;SK878S;SK878S
14383;2460;59;SK865S;SK865S
14384;1075;60;MB6450;MB6450
14385;1075;59;SK881S;SK881S
14387;2102;60;MB6451;MB6451
14388;2102;59;SK879S;SK879S
14389;2664;63;044.2629;442629
14390;3590;60;MB4198;MB4198
14391;3590;59;SK876S;SK876S
14392;3945;59;SK877S;SK877S
14393;3946;60;MB4198;MB4198
14394;3946;59;SK876S;SK876S
14395;1077;63;044.1671;441671
14396;1077;60;MB6030;MB6030
14397;1077;59;SK807S;SK807S
14398;2329;63;044.2637;442637
14399;2329;59;SK871S;SK871S
14400;2328;63;044.2639;442639
14401;2328;59;SK869S;SK869S
14402;2330;63;044.2638;442638
14403;2330;59;SK867S;SK867S
14404;2560;63;044.2630;442630
14405;2560;59;SK868S;SK868S
14406;2665;59;SK870S;SK870S
14407;2666;59;SK872S;SK872S
14408;1082;60;MB1008;MB1008
14409;3955;60;MB4296;MB4296
14410;3955;59;SK923S;SK923S
14411;3956;60;MB4297;MB4297
14412;3956;59;SK924S;SK924S
14413;3950;59;SK941S;SK941S
14414;3141;59;SK884S;SK884S
14415;3489;60;MB4243;MB4243
14416;3906;60;MB4244;MB4244
14417;3906;59;SK899S;SK899S
14418;549;48;54421;54421
14419;549;49;AC 35821;AC35821
14420;406;49;AC 30757;AC30757
14422;342;49;AC 35123;AC35123
14425;19;48;54416;54416
14426;19;50;444341;444341
14427;13;48;54415;54415
14429;1147;82;CIN278;CIN278
14430;1148;82;CIN203;CIN203
14431;1206;82;CIN2205;CIN2205
14432;1133;82;CIN257;CIN257
14433;1164;82;CIN2214;CIN2214
14434;1165;82;CIN2215;CIN2215
14435;1166;82;CIN2220;CIN2220
14436;1159;82;CIN2216;CIN2216
14437;1160;82;CIN2217;CIN2217
14438;1161;82;CIN2221;CIN2221
14439;2349;82;CIN243R;CIN243R
14440;2463;82;CIN235;CIN235
14441;3300;82;CIN2218;CIN2218
14442;1198;82;CIN297R;CIN297R
14443;1145;82;CIN299;CIN299
14445;1189;82;CIN2211;CIN2211
14446;1152;82;CIN295;CIN295
14447;2676;82;CIN2222;CIN2222
14448;1181;82;CIN223;CIN223
14449;1172;82;CIN264;CIN264
14450;1174;82;CIN286;CIN286
14451;1175;82;CIN276;CIN276
14452;1176;82;CIN275;CIN275
14453;1151;82;CIN284;CIN284
14454;1126;82;CIN298;CIN298
14456;1141;82;CIN292;CIN292
14458;1138;82;CIN217;CIN217
14460;1127;82;CIN209;CIN209
14461;1128;82;CIN205;CIN205
14463;1177;82;CIN200;CIN200
14464;1178;82;CIN218;CIN218
14465;1182;82;CIN201;CIN201
14466;1193;82;CIN213;CIN213
14467;1124;82;CIN226;CIN226
14468;1136;82;CIN2203;CIN2203
14469;1125;82;CIN2203;CIN2203
14470;1153;82;CIN285;CIN285
14471;2386;82;CIN289;CIN289
14472;1170;82;CIN2202;CIN2202
14473;1162;82;CIN287;CIN287
14474;1155;82;CIN2201;CIN2201
14475;1156;82;CIN2200;CIN2200
14476;1157;82;CIN285;CIN285
14477;1158;82;CIN295;CIN295
14478;1196;82;CIN242;CIN242
14481;1201;82;CIN297;CIN297
14482;1208;82;CIN2204;CIN2204
14483;1209;82;CIN2204;CIN2204
14484;1210;82;CIN2205;CIN2205
14485;1146;82;CIN2210;CIN2210
14486;1183;82;CIN229;CIN229
14487;1130;82;CIN277R;CIN277R
14488;1163;82;CIN287R;CIN287R
14489;1134;82;CIN2206;CIN2206
14490;1135;82;CIN2207;CIN2207
14491;1131;82;CIN2208;CIN2208
14492;1132;82;CIN2207;CIN2207
14493;1203;82;CIN2209;CIN2209
14494;1215;82;CIN500;CIN500
14496;1235;82;CIN526M;CIN526M
14497;1308;82;CIN527M;CIN527M
14498;1295;82;CIN516M;CIN516M
14499;1296;82;CIN505M;CIN505M
14500;1297;82;CIN530;CIN530
14501;1252;82;CIN546;CIN546
14502;1253;82;CIN535;CIN535
14503;1254;82;CIN535;CIN535
14504;1255;82;CIN532;CIN532
14505;1256;82;CIN532M;CIN532M
14506;1298;82;CIN565;CIN565
14507;1270;82;CIN534;CIN534
14508;1271;82;CIN536;CIN536
14509;1272;82;CIN534;CIN534
14510;1245;82;CIN542;CIN542
14511;1216;82;CIN544M;CIN544M
14512;1246;82;CIN547M;CIN547M
14513;1247;82;CIN545;CIN545
14514;1269;82;CIN509;CIN509
14515;1280;82;CIN540M;CIN540M
14516;1268;82;CIN533M;CIN533M
14517;1219;82;CIN542;CIN542
14518;1217;82;CIN549;CIN549
14519;1282;82;CIN537;CIN537
14520;1258;82;CIN537;CIN537
14521;1259;82;CIN538;CIN538
14522;1260;82;CIN539M;CIN539M
14523;1283;82;CIN540M;CIN540M
14524;1221;82;CIN561;CIN561
14525;1292;82;CIN550;CIN550
14526;1293;82;CIN568;CIN568
14527;1261;82;CIN567;CIN567
14528;1248;82;CIN545;CIN545
14529;1273;82;CIN533R;CIN533R
14530;1281;82;CIN540R;CIN540R
14531;1286;82;CIN552;CIN552
14532;1287;82;CIN553;CIN553
14533;1288;82;CIN551;CIN551
14534;1257;82;CIN532R;CIN532R
14535;1354;82;CIN106;CIN106
14536;1355;82;CIN136;CIN136
14537;1361;82;CIN108M;CIN108M
14538;1362;82;CIN137;CIN137
14539;1322;82;CIN129;CIN129
14540;1319;82;CIN169;CIN169
14541;1357;82;CIN149M;CIN149M
14542;2199;82;CIN136R;CIN136R
14543;2200;82;CIN175R;CIN175R
14544;2461;82;CIN163;CIN163
14545;2462;82;CIN175;CIN175
14546;3095;82;CIN161R;CIN161R
14547;3096;82;CIN171;CIN171
14548;1358;82;CIN152M;CIN152M
14550;1310;82;CIN104;CIN104
14551;1344;82;CIN174;CIN174
14552;1317;82;CIN184;CIN184
14553;1318;82;CIN180;CIN180
14554;1352;82;CIN166;CIN166
14555;1364;82;CIN154;CIN154
14556;1365;82;CIN179;CIN179
14557;1356;82;CIN147;CIN147
14558;1324;82;CIN131;CIN131
14559;1325;82;CIN141;CIN141
14560;1316;82;CIN111;CIN111
14561;1311;82;CIN162;CIN162
14562;1320;82;CIN185M;CIN185M
14563;1312;82;CIN168;CIN168
14564;1327;82;CIN100;CIN100
14565;1331;82;CIN151;CIN151
14566;1328;82;CIN150;CIN150
14567;1329;82;CIN178;CIN178
14568;1371;82;CIN110;CIN110
14569;1330;82;CIN191;CIN191
14570;1314;82;CIN156;CIN156
14572;1332;82;CIN189;CIN189
14573;1334;82;CIN114;CIN114
14574;1337;82;CIN117;CIN117
14575;1338;82;CIN119;CIN119
14578;1349;82;CIN130;CIN130
14583;1378;82;CIN300;CIN300
14584;1380;82;CIN301;CIN301
14585;3079;82;CIN716M;CIN716M
14586;3080;82;CIN717M;CIN717M
14587;3081;82;CIN718M;CIN718M
14588;1385;82;CIN711;CIN711
14589;1383;82;CIN704;CIN704
14593;1389;82;CIN707;CIN707
14594;3083;82;CIN708;CIN708
14595;3088;82;CIN727;CIN727
14596;2347;82;CIN730;CIN730
14597;2348;82;CIN707R;CIN707R
14599;1392;82;CIN430;CIN430
14600;1393;82;CIN421M;CIN421M
14601;1426;82;CIN415M;CIN415M
14602;1403;82;CIN459;CIN459
14603;1415;82;CIN413M;CIN413M
14604;1420;82;CIN417M;CIN417M
14606;1372;82;CIN165;CIN165
14607;1395;82;CIN406M;CIN406M
14608;1367;82;CIN432;CIN432
14609;1368;82;CIN434;CIN434
14610;1369;82;CIN441;CIN441
14611;1396;82;CIN426;CIN426
14612;1397;82;CIN433;CIN433
14613;1398;82;CIN422;CIN422
14614;1400;82;CIN414;CIN414
14615;1401;82;CIN416;CIN416
14616;1399;82;CIN437;CIN437
14617;1417;82;CIN438;CIN438
14618;1370;82;CIN441R;CIN441R
14619;1418;82;CIN438R;CIN438R
14620;1409;82;CIN450;CIN450
14621;1410;82;CIN448;CIN448
14622;1411;82;CIN446;CIN446
14624;1425;82;CIN455;CIN455
14625;1427;82;CIN444M;CIN444M
14628;1423;82;CIN451;CIN451
14630;437;49;MG 17126;MG17126
14631;226;49;SE 32758;SE32758
14633;318;49;SE 30677;SE30677
14634;359;49;SE 30880;SE30880
14637;323;50;633285;633285
14638;323;49;SE 32678;SE32678
14639;323;49;SE 32760;SE32760
14640;324;49;SE 30679;SE30679
14647;227;48;37924;37924
14649;227;49;SE 32676;SE32676
14651;228;49;SE 30677;SE30677
14652;241;49;SE 32759;SE32759
14653;242;49;CT 30732;CT30732
14654;229;48;15232;15232
14655;229;50;633285;633285
14656;229;49;SE 32678;SE32678
14658;230;50;633277;633277
14659;230;49;SE 30684;SE30684
14660;230;49;SE 30858;SE30858
14662;546;49;SE 31091;SE31091
14663;149;49;HG 41067;HG41067
14664;149;49;HG 41069;HG41069
14665;2824;49;NKF1056P;NKF1056P
14666;2823;49;NKF1190P;NKF1190P
14667;2836;49;NKF1045P;NKF1045P
14668;2959;49;NKF1044P;NKF1044P
14669;2837;49;NKF1042P;NKF1042P
14670;2838;49;NKF1042AP;NKF1042AP
14671;2849;49;NKF1018P;NKF1018P
14672;2696;49;NKF1007P;NKF1007P
14673;2692;49;NKF1133P;NKF1133P
14674;2938;49;NKF1150P;NKF1150P
14675;2693;49;NKF1136P;NKF1136P
14676;2694;49;NKF1110P;NKF1110P
14677;2937;49;NKF1052P;NKF1052P
14678;2695;49;NKF1188P;NKF1188P
14679;2691;49;NKF1085P;NKF1085P
14680;2815;49;NKF1041P;NKF1041P
14681;2702;49;NKF1084P;NKF1084P
14682;2700;49;NKF1194P;NKF1194P
14683;2963;49;NKF1192P;NKF1192P
14684;2697;49;NKF1144P;NKF1144P
14685;2698;49;NKF1144P;NKF1144P
14686;2958;49;NKF1008P;NKF1008P
14687;2835;49;NKF1029P;NKF1029P
14688;2962;49;NKF1256P;NKF1256P
14689;2690;49;NKF1500UP;NKF1500UP
14690;2689;49;NKF1111P;NKF1111P
14691;3734;49;NKF1378P;NKF1378P
14692;2960;49;NKF1287P;NKF1287P
14693;2896;49;NKF1095P;NKF1095P
14694;2899;49;NKF1091P;NKF1091P
14695;2900;49;NKF1091P;NKF1091P
14696;2903;49;NKF1229P;NKF1229P
14697;2894;49;NKF1079P;NKF1079P
14699;2809;49;NKF1060P;NKF1060P
14700;2795;49;NKF1049P;NKF1049P
14701;2807;49;NKF1032AP;NKF1032AP
14702;2679;49;NKF1043P;NKF1043P
14703;2792;49;NKF1069P;NKF1069P
14704;2793;49;NKF1006AP;NKF1006AP
14706;2808;49;NKF1047P;NKF1047P
14707;2781;49;NKF1022P;NKF1022P
14708;2684;49;NKF1087P;NKF1087P
14709;2804;49;NKF1147P;NKF1147P
14710;2786;49;NKF1140P;NKF1140P
14711;2802;49;NKF1198P;NKF1198P
14712;2801;49;NKF1148P;NKF1148P
14713;2770;49;NKF1208P;NKF1208P
14714;2767;49;NKF1201P;NKF1201P
14715;2768;49;NKF1200P;NKF1200P
14716;2766;49;NKF1103P;NKF1103P
14717;2789;49;NKF1093P;NKF1093P
14718;2787;49;NKF1119P;NKF1119P
14719;2685;49;NKF1152P;NKF1152P
14721;2782;49;NKF1134P;NKF1134P
14722;2790;49;NKF1210P;NKF1210P
14723;2680;49;NKF1100P;NKF1100P
14724;2811;49;NKF1317P;NKF1317P
14725;2812;49;NKF1319P;NKF1319P
14726;2681;49;NKF1089P;NKF1089P
14727;2783;49;NKF1320P;NKF1320P
14728;2771;49;NKF1219P;NKF1219P
14729;2798;49;NKF1035P;NKF1035P
14730;2683;49;NKF1338P;NKF1338P
14731;2791;49;NKF1210P;NKF1210P
14732;2785;49;NKF1325P;NKF1325P
14733;2796;49;NKF1322P;NKF1322P
14734;2720;49;NKF1034P;NKF1034P
14735;2730;49;NKF1048P;NKF1048P
14736;2723;49;NKF1038P;NKF1038P
14737;2748;49;NKF1129P;NKF1129P
14738;2745;49;NKF1030P;NKF1030P
14739;2744;49;NKF1019P;NKF1019P
14740;2750;49;NKF1154P;NKF1154P
14741;2722;49;NKF1004P;NKF1004P
14742;2726;49;NKF1033P;NKF1033P
14743;2749;49;NKF1151P;NKF1151P
14744;2725;49;NKF1067P;NKF1067P
14745;2737;49;NKF1009P;NKF1009P
14746;2733;49;NKF1096P;NKF1096P
14747;2736;49;NKF1011P;NKF1011P
14748;2731;49;NKF1068P;NKF1068P
14749;2753;49;NKF1126P;NKF1126P
14750;2754;49;NKF1180P;NKF1180P
14751;2728;49;NKF1107P;NKF1107P
14752;2721;49;NKF1036P;NKF1036P
14753;2740;49;NKF1054P;NKF1054P
14754;2755;49;NKF1066P;NKF1066P
14755;2741;49;NKF1139P;NKF1139P
14756;2724;49;NKF1318P;NKF1318P
14757;2751;49;NKF1065P;NKF1065P
14758;2747;49;NKF1040P;NKF1040P
14759;2729;49;NKF1039P;NKF1039P
14760;2739;49;NKF1348P;NKF1348P
14761;2752;49;NKF1274P;NKF1274P
14762;2738;49;NKF1275P;NKF1275P
14763;2826;49;NKF1058P;NKF1058P
14764;2841;49;NKF1199P;NKF1199P
14765;2825;49;NKF1191P;NKF1191P
14766;2814;49;NKF1057P;NKF1057P
14767;2830;49;NKF1051P;NKF1051P
14768;2831;49;NKF1141P;NKF1141P
14769;2832;49;NKF1135P;NKF1135P
14770;2828;49;NKF1165P;NKF1165P
14771;2818;49;NKF1146P;NKF1146P
14772;2827;49;NKF1063P;NKF1063P
14773;2833;49;NKF1221P;NKF1221P
14774;2834;49;NKF1222P;NKF1222P
14775;2820;49;NKF1003P;NKF1003P
14776;2821;49;NKF1013P;NKF1013P
14777;2842;49;NKF1109P;NKF1109P
14778;2822;49;NKF1002AP;NKF1002AP
14779;2840;49;NKF1272P;NKF1272P
14780;2829;49;NKF1270P;NKF1270P
14781;2853;49;NKF1251P;NKF1251P
14782;2851;49;NKF1510UP;NKF1510UP
14783;2855;49;NKF1167P;NKF1167P
14784;2857;49;NKF1149P;NKF1149P
14785;2854;49;NKF1102P;NKF1102P
14786;3744;49;NKF1377P;NKF1377P
14787;2875;49;NKF1203P;NKF1203P
14788;2877;49;NKF1104P;NKF1104P
14789;2922;49;NKF1195P;NKF1195P
14790;2920;49;NKF1138P;NKF1138P
14791;2926;49;NKF1143P;NKF1143P
14792;2924;49;NKF1189P;NKF1189P
14793;2923;49;NKF1130P;NKF1130P
14794;2921;49;NKF1130P;NKF1130P
14795;2775;49;NKF1125P;NKF1125P
14796;2774;49;NKF1189P;NKF1189P
14797;2760;49;NKF1112P;NKF1112P
14798;2761;49;NKF1202P;NKF1202P
14799;2773;49;NKF1128P;NKF1128P
14800;2778;49;NKF1074P;NKF1074P
14801;2776;49;NKF1131P;NKF1131P
14802;2933;49;NKF1213P;NKF1213P
14804;2936;49;NKF1209P;NKF1209P
14806;2927;49;NKF1082;NKF1082
14807;2928;49;NKF1235P;NKF1235P
14808;2932;49;NKF1081P;NKF1081P
14809;2934;49;NKF1212P;NKF1212P
14810;2931;49;NKF1347P;NKF1347P
14811;2718;49;NKF1237P;NKF1237P
14812;2947;49;NKF1245P;NKF1245P
14813;2948;49;NKF1244P;NKF1244P
14814;2953;49;NKF1239P;NKF1239P
14815;2952;49;NKF1238P;NKF1238P
14816;2954;49;NKF1236P;NKF1236P
14817;2945;49;NKF1187P;NKF1187P
14818;2946;49;NKF1186P;NKF1186P
14819;2943;49;NKF1184P;NKF1184P
14820;2942;49;NKF1185P;NKF1185P
14821;2951;49;NKF1127P;NKF1127P
14822;2949;49;NKF1356P;NKF1356P
14823;3753;49;NKF1389P;NKF1389P
14824;2714;49;NKF1502UP;NKF1502UP
14826;2711;49;NKF1503UP;NKF1503UP
14827;2717;49;NKF1504UP;NKF1504UP
14828;2713;49;NKF1501UP;NKF1501UP
14829;2918;49;NKF1243P;NKF1243P
14830;2919;49;NKF1234P;NKF1234P
14831;2915;49;NKF1164P;NKF1164P
14832;2859;49;NKF1515UP;NKF1515UP
14833;2871;49;NKF1225P;NKF1225P
14834;2864;49;NKF1242P;NKF1242P
14835;2860;49;NKF1223P;NKF1223P
14836;2862;49;NKF1106P;NKF1106P
14837;2887;49;NKF1223P;NKF1223P
14838;2887;49;NKF1519UP;NKF1519UP
14839;2688;49;NKF1080P;NKF1080P
14840;2881;49;NKF1101P;NKF1101P
14841;2888;49;NKF1170P;NKF1170P
14842;2883;49;NKF1062P;NKF1062P
14843;2882;49;NKF1211P;NKF1211P
14844;2885;49;NKF1227P;NKF1227P
14845;2884;49;NKF1226P;NKF1226P
14846;2879;49;NKF1159P;NKF1159P
14847;2941;49;NKF1179P;NKF1179P
14848;2892;49;NKF1522UP;NKF1522UP
14849;2687;49;NKF1105P;NKF1105P
14850;2914;49;NKF1246P;NKF1246P
14851;2912;49;NKF1240P;NKF1240P
14852;2908;49;NKF1197P;NKF1197P
14853;2906;49;NKF1193P;NKF1193P
14854;2913;49;NKF1232P;NKF1232P
14855;2909;49;NKF1233P;NKF1233P
14856;2911;49;NKF1231P;NKF1231P
14857;2911;49;NKF1530UP;NKF1530UP
14858;2907;49;NKF1108P;NKF1108P
14859;2905;49;NKF1173P;NKF1173P
14860;2910;49;NKF1172P;NKF1172P
14861;2939;49;NKF1517UP;NKF1517UP
14862;2880;49;NKF1218P;NKF1218P
14863;827;81;JE4302;JE4302
14864;818;81;JE1287;JE1287
14865;819;81;JE1286;JE1286
14866;826;81;JE5023;JE5023
14867;828;81;JE3898;JE3898
14868;829;81;JE3897;JE3897
14869;2269;81;JE5242;JE5242
14870;2270;81;JE5241;JE5241
14871;2350;81;JE3658;JE3658
14872;2422;81;JE4306;JE4306
14873;2388;81;JE5022;JE5022
14874;2440;81;JE4301;JE4301
14875;2531;81;JE3835;JE3835
14876;2532;81;JE3836;JE3836
14877;2490;81;JE3315;JE3315
14878;2491;81;JE3316;JE3316
14879;2514;81;JE3121;JE3121
14880;813;81;JE3910;JE3910
14882;830;81;JE4169;JE4169
14883;831;81;JE4618;JE4618
14884;2435;81;BD4679;BD4679
14885;2627;81;JE5338;JE5338
14886;2628;81;JE5339;JE5339
14887;822;81;JE3967;JE3967
14888;817;81;JE4404;JE4404
14889;821;81;JE3809;JE3809
14890;2294;81;JE2824;JE2824
14891;2354;81;JE4870;JE4870
14892;2423;81;JE1769;JE1769
14893;2967;81;JE3610;JE3610
14894;2353;81;JE4467;JE4467
14895;2389;81;JE3454;JE3454
14896;2436;81;JE5236;JE5236
14897;2494;81;JE4522;JE4522
14898;2495;81;JE3814;JE3814
14899;2497;81;E3643;E3643
14900;2968;81;JE1722;JE1722
14901;3189;81;JE1770;JE1770
14902;825;81;JE3665;JE3665
14903;816;81;JE3815;JE3815
14904;823;81;JE4307;JE4307
14905;2355;81;JE3810;JE3810
14906;2488;81;JE5128;JE5128
14907;3218;81;JE4757;JE4757
14908;2625;81;JE4645;JE4645
14909;2626;81;JE4642;JE4642
14910;814;81;JE4832;JE4832
14911;815;81;JE4833;JE4833
14912;820;81;JE5136;JE5136
14913;585;50;443045;443045
14914;585;49;AC 31071;AC31071
14915;586;50;443046;443046
14916;586;49;AC 31070;AC31070
14917;70;49;AC 25015;AC25015
14918;72;49;AC 25068;AC25068
14926;231;49;CT 30762;CT30762
14927;231;49;SE 32760;SE32760
14928;232;49;CT 30763;CT30763
14929;232;49;SE 30679;SE30679
14930;93;49;CT 32593;CT32593
14931;310;49;HG 32742;HG32742
14933;330;49;AC 35001;AC35001
14934;337;49;AC 35050;AC35050
14935;120;49;AC 30553;AC30553
14936;94;50;443471;443471
14937;94;49;AC 30601;AC30601
14938;100;50;443134;443134
14939;100;49;AC 30671;AC30671
14940;101;50;443134;443134
14942;845;81;BD4857;BD4857
14943;876;81;BD4935;BD4935
14944;2995;81;BD5348;BD5348
14945;910;81;BD4966;BD4966
14946;860;81;BD4595;BD4595
14947;901;81;BD5306;BD5306
14948;914;81;BD4018;BD4018
14949;914;81;BD4677;BD4677
14950;902;81;BD3824;BD3824
14951;834;81;BD3859;BD3859
14952;926;81;BD4186;BD4186
14953;927;81;BD4678;BD4678
14954;928;81;BD4187;BD4187
14955;881;81;BD4855;BD4855
14956;863;81;BD4495;BD4495
14957;851;81;BD4523;BD4523
14958;884;81;BD4145;BD4145
14959;865;81;BD3840;BD3840
14960;865;81;BD3890;BD3890
14961;2980;81;BD4495;BD4495
14962;885;81;BD4852;BD4852
14963;849;81;BD2901;BD2901
14964;898;81;BD4932;BD4932
14965;3176;81;BD5034;BD5034
14966;904;81;BD3492;BD3492
14967;906;81;BD4930;BD4930
14968;2990;81;BD4457;BD4457
14969;890;81;BD4442;BD4442
14970;853;81;BD3863;BD3863
14971;2991;81;BD4278;BD4278
14972;836;81;BD4679;BD4679
14973;2984;81;BD4920;BD4920
14974;2987;81;BD5349;BD5349
14975;2993;81;BD4671;BD4671
14976;869;81;BD4668;BD4668
14977;878;81;BD4719;BD4719
14978;879;81;BD5351;BD5351
14979;2985;81;BD5048;BD5048
14980;942;81;PD3208;PD3208
14981;943;81;PD4869;PD4869
14982;944;81;PD4868;PD4868
14983;2271;81;PD4948;PD4948
14984;2272;81;PD4949;PD4949
14985;2375;81;PD3899;PD3899
14986;2513;81;PD3695;PD3695
14987;2506;81;PD3989;PD3989
14988;2507;81;PD3990;PD3990
14989;2508;81;PD0879;PD0879
14990;2508;81;PD1663;PD1663
14991;2509;81;PD0872;PD0872
14992;2977;81;PD0878;PD0878
14993;2978;81;PD0871;PD0871
14994;2444;81;PD4142;PD4142
14995;946;81;PD4143;PD4143
14996;2437;81;PD3826;PD3826
14997;2438;81;PD3830;PD3830
14998;2492;81;PD4134;PD4134
14999;2493;81;PD3866;PD3866
15000;2972;81;PD3858;PD3858
15001;2352;81;PD4524;PD4524
15002;2390;81;PD2887;PD2887
15003;2391;81;PD2888;PD2888
15004;2971;81;PD3646;PD3646
15005;2510;81;PD0748;PD0748
15006;2511;81;PD4521;PD4521
15007;2512;81;PD3816;PD3816
15008;947;81;PD3500;PD3500
15009;2293;81;PD3499;PD3499
15010;2489;81;PD2020;PD2020
15011;2489;81;PD3864;PD3864
15012;2973;81;PD2902;PD2902
15013;2273;81;PD4681;PD4681
15014;2274;81;PD4680;PD4680
15015;1065;63;044.0831;440831
15016;1065;60;MB4006S;MB4006S
15017;1065;59;SK206S;SK206S
15018;1114;63;044.0830;440830
15019;1114;60;MB4004S;MB4004S
15020;1114;59;SK400S;SK400S
15021;1116;60;MB4025S;MB4025S
15022;1116;59;SK207S;SK207S
15023;1118;63;044.1224;441224
15024;1118;60;MB4133S;MB4133S
15025;1118;59;SK406S;SK406S
15026;953;63;044.1487;441487
15027;953;59;SK409S;SK409S
15028;1119;60;MB4209;MB4209
15029;1122;63;044.1225;441225
15030;1122;60;MB4143S;MB4143S
15031;1122;59;SK413S;SK413S
15032;1115;63;044.1577;441577
15033;1115;59;SK420S;SK420S
15034;1106;60;MB4144S;MB4144S
15035;1108;60;MB4031;MB4031
15036;1108;59;SK424S;SK424S
15037;3863;60;MB4210;MB4210
15039;3907;60;MB4208;MB4208
15040;3907;59;SK440S;SK440S
15041;1109;60;MB4168;MB4168
15042;1081;60;MB6503;MB6503
15043;1020;63;044.1645;441645
15044;1020;60;MB4271B;MB4271B
15045;1021;60;MB4073B;MB4073B
15046;1039;63;044.0834;440834
15047;1039;60;MB4078D;MB4078D
15048;1039;59;SK106D;SK106D
15049;1040;63;044.0835;440835
15050;1040;60;MB4078E;MB4078E
15051;1040;59;SK106E;SK106E
15052;1027;63;044.1141;441141
15053;1027;60;MB4125D;MB4125D
15054;1027;59;SK110D;SK110D
15055;1028;63;044.1140;441140
15056;1028;60;MB4125E;MB4125E
15057;1028;59;SK110E;SK110E
15058;1031;63;044.1488;441488
15059;1031;60;MB4225D;MB4225D
15060;1031;59;SK119D;SK119D
15061;1032;63;044.1489;441489
15062;1032;60;MB4225E;MB4225E
15063;1032;59;SK119E;SK119E
15064;1011;60;MB4154S;MB4154S
15065;1011;60;MB4155S;MB4155S
15066;1011;59;SK128S;SK128S
15067;1014;60;MB4085E;MB4085E
15068;1014;59;SK134S;SK134S
15069;1015;60;MB4085D;MB4085D
15070;1015;59;SK134S;SK134S
15071;1003;60;MB4227E;MB4227E
15072;1004;60;MB4227D;MB4227D
15073;1035;60;MB4001;MB4001
15074;1035;59;SK138S;SK138S
15075;2667;60;MB4065;MB4065
15076;2453;60;MB4238E;MB4238E
15077;2452;60;MB4238D;MB4238D
15078;2455;60;MB4238E;MB4238E
15079;2454;60;MB4238D;MB4238D
15080;2457;60;MB4229E;MB4229E
15081;2456;60;MB4229D;MB4229D
15082;2668;60;MB4279;MB4279
15083;2668;59;SK156S;SK156S
15084;1041;63;044.0836;440836
15085;1041;60;MB4079S;MB4079S
15086;1041;59;SK108S;SK108S
15087;2669;60;MB4239E;MB4239E
15088;2670;60;MB4239D;MB4239D
15089;983;60;MB4018S;MB4018S
15090;977;63;044.1651;441651
15091;977;59;SK303S;SK303S
15092;985;60;MB4235B;MB4235B
15093;985;59;SK305S;SK305S
15094;991;60;MB4108S;MB4108S
15095;991;59;SK312S;SK312S
15096;965;63;044.1130;441130
15097;965;60;MB4110;MB4110
15098;965;59;SK314S;SK314S
15099;971;60;MB4221S;MB4221S
15100;971;59;SK307S;SK307S
15101;972;63;044.0840;440840
15102;972;60;MB4120S;MB4120S
15103;972;59;SK324S;SK324S
15104;974;63;044.1656;441656
15105;974;59;SK337S;SK337S
15106;992;60;MB4104;MB4104
15107;992;59;SK334S;SK334S
15108;980;60;MB4021;MB4021
15109;980;59;SK335S;SK335S
15110;982;63;044.1653;441653
15111;982;60;MB4009;MB4009
15112;982;59;SK330S;SK330S
15113;961;60;MB4021;MB4021
15114;961;59;SK334S;SK334S
15115;3284;60;MB4183;MB4183
15116;3284;59;SK358S;SK358S
15117;3132;60;MB4181;MB4181
15118;3132;59;SK356S;SK356S
15119;3256;60;MB4187;MB4187
15120;3256;59;SK360S;SK360S
15121;3285;60;MB4213;MB4213
15122;3285;59;SK364D;SK364D
15123;3286;60;MB4214;MB4214
15124;3286;59;SK364E;SK364E
15125;3287;60;MB4211;MB4211
15126;3287;59;SK365D;SK365D
15127;3288;60;MB4212;MB4212
15128;3288;59;SK365E;SK365E
15129;3470;60;MB4189;MB4189
15130;3470;59;SK366S;SK366S
15131;1053;60;MB4012S;MB4012S
15132;1053;59;SK200S;SK200S
15133;1054;60;MB4041S;MB4041S
15134;1054;59;SK203S;SK203S
15135;1055;63;044.1221;441221
15136;1055;60;MB4042S;MB4042S
15137;1055;59;SK218S;SK218S
15138;1045;63;044.1492;441492
15139;1045;60;MB4246S;MB4246S
15140;1045;59;SK212S;SK212S
15141;1048;63;044.1649;441649
15142;1048;60;MB4051;MB4051
15144;1061;63;044.1647;441647
15145;1061;60;MB4157;MB4157
15146;1061;59;SK225S;SK225S
15147;2416;60;MB4177;MB4177
15148;2671;59;SK256S;SK256S
15149;3135;60;MB4193;MB4193
15150;3135;59;SK239S;SK239S
15151;3263;60;MB4195;MB4195
15152;3263;59;SK254S;SK254S
15153;3297;60;MB4063;MB4063
15154;3297;59;SK237S;SK237S
15155;3257;60;MB4191;MB4191
15156;3257;59;SK242S;SK242S
15157;3477;60;MB4177;MB4177
15158;3478;60;MB4265;MB4265
15159;3478;59;SK239S;SK239S
15160;3592;60;MB4137S;MB4137S
15161;3594;60;MB4250;MB4250
15162;1056;60;MB4082S;MB4082S
15163;1056;59;SK221S;SK221S
15164;1058;63;044.1226;441226
15165;1058;60;MB4257S;MB4257S
15166;1058;59;SK214S;SK214S
15167;1062;63;044.1650;441650
15168;1062;60;MB4137S;MB4137S
15169;1062;59;SK216S;SK216S
15170;2458;60;MB4063;MB4063
15171;1071;60;MB4017;MB4017
15172;1071;59;SK818S;SK818S
15173;2672;60;MB4034D;MB4034D
15174;2673;60;MB4034E;MB4034E
15175;2459;60;MB4069;MB4069
15176;2459;59;SK901S;SK901S
15177;3260;60;MB4056D;MB4056D
15178;3260;59;SK844D;SK844D
15179;3261;60;MB4056E;MB4056E
15180;3261;59;SK844E;SK844E
15181;3466;59;SK957S;SK957S
15182;1007;60;MB6011;MB6011
15183;1086;60;MB6071D;MB6071D
15184;1086;59;SK815D;SK815D
15185;1087;60;MB6071E;MB6071E
15186;1087;59;SK815E;SK815E
15187;1088;63;044.1658;441658
15188;1088;60;MB6072E;MB6072E
15189;1088;59;SK817E;SK817E
15190;1089;63;044.1657;441657
15191;1089;60;MB6072D;MB6072D
15192;1089;59;SK817D;SK817D
15193;1091;60;MB6082S;MB6082S
15194;998;60;MB6033;MB6033
15195;998;59;SK821S;SK821S
15196;1094;60;MB6032;MB6032
15197;1100;60;MB6025S;MB6025S
15198;1100;59;SK816S;SK816S
15199;1102;60;MB6013;MB6013
15200;2674;60;MB6705;MB6705
15201;2674;59;SK836S;SK836S
15202;3472;60;MB6705;MB6705
15203;3472;59;SK836S;SK836S
15204;3273;60;MB4201;MB4201
15205;3273;59;SK916S;SK916S
15206;3468;60;MB6852;MB6852
15207;3468;59;SK860S;SK860S
15208;3865;60;MB6803;MB6803
15209;3865;59;SK824S;SK824S
15210;958;60;MB6023S;MB6023S
15211;3488;60;MB4203;MB4203
15212;3488;59;SK931S;SK931S
15213;1076;60;MB6401;MB6401
15214;1076;59;SK839S;SK839S
15215;3298;59;SK940S;SK940S
15216;3299;60;MB6403;MB6403
15217;3299;59;SK933S;SK933S
15218;3591;60;MB6405;MB6405
15219;3591;59;SK894S;SK894S
15220;3731;59;SK952S;SK952S
15221;3868;59;SK937S;SK937S
15222;3951;59;SK951D;SK951D
15223;3952;59;SK951E;SK951E
15224;2412;60;MB6011;MB6011
15225;3589;60;MB4242;MB4242
15226;3589;59;SK926S;SK926S
15229;2643;63;5412389;5412389
15230;2238;63;5412389;5412389
15231;2214;63;5412390;5412390
15232;2244;63;5412391;5412391
15233;2210;63;5412392;5412392
15234;2201;63;5412393;5412393
15235;2222;63;5412394;5412394
15236;2204;63;5412395;5412395
15237;2207;63;5412396;5412396
15238;2209;63;5412397;5412397
15239;2215;63;5412398;5412398
15240;2218;63;5412399;5412399
15241;2233;63;5412402;5412402
15242;2234;63;5412402;5412402
15243;2225;63;5412403;5412403
15244;2232;63;5412403;5412403
15245;2235;63;5412403;5412403
15246;2236;63;5412403;5412403
15247;2237;63;5412403;5412403
15248;2243;63;5412404;5412404
15249;2245;63;5412405;5412405
15250;2228;63;5412406;5412406
15251;2229;63;5412407;5412407
15252;2220;63;5412409;5412409
15253;2240;63;5412410;5412410
15254;2242;63;5412411;5412411
15255;2241;63;5412412;5412412
15256;2216;63;5412413;5412413
15310;2215;67;2-13-139G;213139G
15315;2218;67;2-13-1159G;2131159G
15316;2215;67;2-13-129-2G;2131292G
15317;2231;67;2-13-1329G;2131329G
15318;2203;67;2-13-139-1G;2131391G
15319;2201;67;2-13-139G-1;213139G1
15320;3068;67;2-13-1449G;2131449G
15321;2235;67;2-13-149-2G;2131492G
15322;2232;67;2-13-149G;213149G
15323;2217;67;2-13-1809G;2131809G
15324;2230;67;2-13-259-1G;2132591G
15325;2211;67;2-13-269G;213269G
15326;2233;67;2-13-279G;213279G
15327;2234;67;2-13-279G-2;213279G2
15328;2212;67;2-13-299G;213299G
15329;2218;67;2-13-339G;213339G
15330;2228;67;2-13-419G;213419G
15331;2214;67;2-13-419G;213419G
15332;2210;67;2-13-469G;213469G
15333;2204;67;2-13-479G;213479G
15334;2228;67;2-13-489G;213489G
15335;2229;67;2-13-499G;213499G
15336;2209;67;2-13-509G;213509G
15337;2220;67;2-13-539G;213539G
15338;2207;67;2-13-549G;213549G
15339;2640;67;2-13-549G;213549G
15340;2237;67;2-13-609G;213609G
15341;2221;67;2-13-669G;213669G
15343;2228;67;2-13-779G;213779G
15344;3620;67;2-13-909G;213909G
15345;2238;67;2-13-909G;213909G
15346;2649;67;2-13-909G;213909G
15347;2202;67;2-18-209G;218209G
15402;1469;76;AL-1023;AL1023
15410;1502;76;AL-1034;AL1034
15420;1481;76;AL-1049;AL1049
15421;1458;76;AL-1050;AL1050
15422;1471;76;AL-1051;AL1051
15436;3803;76;AL-1065;AL1065
15437;3830;76;AL-1071;AL1071
15438;3966;76;AL-1072;AL1072
15465;1504;76;AL-1117;AL1117
15478;3604;76;AL-1182;AL1182
15488;3802;76;AL-1422;AL1422
15514;3826;76;AL-1476;AL1476
15522;3829;76;AL-1492;AL1492
15524;3656;76;AL-1495;AL1495
15525;3657;76;AL-1496;AL1496
15528;3486;76;AL-1504;AL1504
15545;3514;76;AL873;AL873
15551;3097;76;AL954;AL954
15562;3966;49;NJH00-231S;NJH00231S
15566;3803;49;NJH00-9X93;NJH009X93
15569;3802;49;NJH01-1422;NJH011422
15581;3968;49;NJH05-082T;NJH05082T
15583;3814;49;NJH06-959T;NJH06959T
15594;3514;49;NJH13-247T;NJH13247T
15602;1443;49;NJH1686HD;NJH1686HD
15609;3830;49;NJH21-909;NJH21909
15616;3826;49;NJH30-476S;NJH30476S
15620;1458;49;NJH41-669;NJH41669
15644;2218;59;SK1903;SK1903
15645;2640;59;SK1904;SK1904
15646;2207;59;SK1905;SK1905
15647;2220;59;SK1905;SK1905
15648;2221;59;SK1911;SK1911
15649;2234;59;SK2901;SK2901
15650;2238;59;SK2906;SK2906
15651;2233;59;SK2907;SK2907
15652;2236;59;SK2909;SK2909
15653;2232;59;SK2911;SK2911
15654;2237;59;SK2914;SK2914
15655;2211;59;SK3900;SK3900
15656;2229;59;SK3903;SK3903
15657;2212;59;SK3907;SK3907
15658;2228;59;SK3911;SK3911
15659;2230;59;SK3914;SK3914
15660;2205;59;SK4980;SK4980
15661;2215;59;SK4981;SK4981
15662;2204;59;SK4984;SK4984
15663;2203;59;SK4986;SK4986
15664;2201;59;SK4987;SK4987
15665;2202;59;SK4990;SK4990
15666;2214;59;SK4998;SK4998
15674;2238;53;VKJP 1002;VKJP1002
15676;2215;53;VKJP 14846;VKJP14846
15677;2218;53;VKJP 14848;VKJP14848
15679;2214;53;VKJP 14852;VKJP14852
15680;2228;53;VKJP 14852;VKJP14852
15681;2229;53;VKJP 14853;VKJP14853
15682;2221;53;VKJP 14854;VKJP14854
15683;2232;53;VKJP 14856;VKJP14856
15684;2233;53;VKJP 14857;VKJP14857
15685;2237;53;VKJP 14861;VKJP14861
15686;2243;53;VKJP 14864;VKJP14864
15687;2205;53;VKJP 14868;VKJP14868
15688;2236;53;VKJP 14872;VKJP14872
15689;2220;53;VKJP 14874;VKJP14874
15690;2222;53;VKJP 14885;VKJP14885
15691;2241;53;VKJP 84847;VKJP84847
15692;2202;53;VKJP 84851;VKJP84851
15693;2240;53;VKJP 84859;VKJP84859
15694;2242;53;VKJP 84863;VKJP84863
15695;2201;53;VKJP 84867;VKJP84867
15696;2203;53;VKJP 84869;VKJP84869
15697;2204;53;VKJP 84869;VKJP84869
15698;2209;53;VKJP 84870;VKJP84870
15699;2207;53;VKJP 84871;VKJP84871
15700;2226;53;VKPJ 1094;VKPJ1094
15702;2210;53;VKPJ 14879;VKPJ14879
15703;2244;53;VKPJ 84865;VKPJ84865
15704;2639;53;VKPJ 84873;VKPJ84873
15705;2245;53;VKPJ 84875;VKPJ84875
15710;4044;31;BE8Z3280A;BE8Z3280A
15712;4045;31;7088523;7088523
15715;4047;31;26033093;26033093
15716;4048;31;94727114;94727114
15722;4053;31;1392271;1392271
15724;4054;31;48541-0936;485410936
15725;4055;31;5801600907;5801600907
15727;4046;31;7081851;7081851
15728;4067;31;543029LH1A;543029LH1A
15729;4068;31;543039LH1A;543039LH1A
15732;4069;31;52610TRYM01;52610TRYM01
15734;3933;31;51350-SAE-T01;51350SAET01
15735;3933;31;51350-SAA-E01;51350SAAE01
15736;3934;31;51360-SAE-T01;51360SAET01
15737;3934;31;51360-SAA-E01;51360SAAE01
15738;184;31;8731 T4;8731T4
15739;3693;31;E43025RB0B;E43025RB0B
15740;3692;31;E43035RB0B;E43035RB0B
15744;4074;31;55310 2B211;553102B211
15745;1973;31;A0063235400;A0063235400
15746;1960;31;A9793260300;A9793260300
15748;4075;31;AH6C 18K001 BC;AH6C18K001BC
15750;3210;31;A906.320.07.33;A9063200733
15751;4079;31;95071273;95071273
15752;4079;31;94540671;94540671
15753;4078;31;95071274;95071274
15754;4078;31;94540672;94540672
15755;4080;31;51.848.394;51848394
15756;4080;31;51.921.213;51921213
15757;4081;31;51845497;51845497
15758;4082;31;5S4Z.6038-CA;5S4Z6038CA
15759;4082;31;5S4Z.6038-CB;5S4Z6038CB
15760;4083;31;4882060040;4882060040
15761;4084;31;4882060050;4882060050
15762;4094;31;54661M4200;54661M4200
15764;4095;31;54651M4200;54651M4200
15766;4098;31;94737106;94737106
15768;3578;49;N93048;N93048
15769;3579;49;N93047;N93047
15770;4104;31;6EA.827.550;6EA827550
15771;4105;31;689500D250;689500D250
15772;4105;31;689600D210;689600D210
16070;4146;31;565402H000;565402H000
16071;4167;31;2QB413031J;2QB413031J
16072;4167;31;2QB414031J;2QB414031J
16074;4168;31;2QB513049E;2QB513049E
16083;4172;31;1K0-423-810-A;1K0423810A
16085;4173;31;7087767;7087767
16087;4174;31;7088613;7088613
16092;4188;31;52004316;52004316
16093;4189;31;52004316;52004316
16094;4190;31;1K0 513 353 H;1K0513353H
16095;4190;31;3C0 513 353 B;3C0513353B
16096;4191;31;DG9Z18A161C;DG9Z18A161C
16097;4192;31;9802185580;9802185580
16098;4193;31;51797847;51797847
16099;4194;31;51845230;51845230
16100;4195;31;46816625;46816625
16101;4196;31;46816618;46816618
16102;4184;31;2QB.407.152.A;2QB407152A
16103;4184;58;VW-1292-B;VW1292B
16104;4185;31;2QB.407.151.A;2QB407151A
16105;4185;58;VW-1293-B;VW1293B
16106;3670;31;KO-4766424AE;KO4766424AE
16107;3670;58;FI 324-B;FI324B
16108;3671;31;KO-4766423AE;KO4766423AE
16109;3671;58;FI 323-B;FI323B
16110;3671;80;BDJ0133;BDJ0133
16111;3670;80;BDJ 0132;BDJ0132
16112;4096;31;DB39 3084 BA ;DB393084BA
16113;4096;58;FO-3250-B;FO3250B
16115;4096;80;BDJ0242;BDJ0242
16116;4097;31;DB39 3091 BA ;DB393091BA
16117;4097;58;FO-3249-B;FO3249B
16119;4097;80;BDJ0241;BDJ0241
16124;4102;31;AB31 3079 AG;AB313079AG
16125;4102;58;FO-3251-B;FO3251B
16126;4102;49;NBJ2015EP;NBJ2015EP
16127;4102;80;BDJ0239;BDJ0239
16128;3928;31;4M513A423AE;4M513A423AE
16129;3928;58;FO 3206-B;FO3206B
16130;3928;49;NBJ2013D;NBJ2013D
16131;3929;31;4M513A424AE;4M513A424AE
16132;3929;58;FO 3207-B;FO3207B
16133;3929;49;NBJ2013E;NBJ2013E
16134;3933;58;HD-13016-B;HD13016B
16135;3933;49;NBJ7005D;NBJ7005D
16136;3933;80;BDJ7951;BDJ7951
16137;3934;58;HC-13017-B;HC13017B
16138;3934;49;NBJ7005E;NBJ7005E
16139;3934;80;BDJ7950;BDJ7950
16140;4076;31;51360T5NM00;51360T5NM00
16141;4076;31;51360T5GH01;51360T5GH01
16142;4076;58;HD-13076-B;HD13076B
16143;4077;31;51350T5NM00;51350T5NM00
16144;4077;31;51350T5GH01;51350T5GH01
16145;4077;58;HD-13075-B;HD13075B
16146;4056;31;7700430766;7700430766
16150;4058;31;48630.0K050;486300K050
16151;4058;58;TT-14033-B;TT14033B
16152;4058;49;NBJ7003E;NBJ7003E
16153;4059;31;48610.0K050;486100K050
16154;4059;58;TT-14032-B;TT14032B
16155;4059;49;NBJ7003D;NBJ7003D
16157;3926;58;TT-14030-B;TT14030B
16158;3926;49;NBJ7004D;NBJ7004D
16160;3927;58;TT-14031-B;TT14031B
16161;3927;49;NBJ7004E;NBJ7004E
16162;4186;31;48068-42060;4806842060
16163;4186;80;BDJ0784;BDJ0784
16164;4187;31;48069-42060;4806942060
16165;4187;80;BDJ0783;BDJ0783
16167;3791;58;NS 21018-B;NS21018B
16168;3791;49;NBJ6006D;NBJ6006D
16169;3791;80;BDJ0236;BDJ0236
16170;3792;31;54501EB70A;54501EB70A
16171;3792;58;NS 21017-B;NS21017B
16172;3792;49;NBJ6006E;NBJ6006E
16173;3792;80;BDJ0235;BDJ0235
16175;4089;58;NS-21038-B;NS21038B
16177;4090;58;NS-21039-B;NS21039B
16178;3788;31;544304F010;544304F010
16182;4085;31;54501-2B000;545012B000
16183;4085;58;HY-9058-B;HY9058B
16184;4085;49;NBJ8004D;NBJ8004D
16185;4085;80;NBJ8004D;NBJ8004D
16186;4086;31;54500-2B000;545002B000
16187;4086;58;HY-9057-B;HY9057B
16188;4086;49;NBJ8004E;NBJ8004E
16189;4086;80;BDJ0501R;BDJ0501R
16190;4091;31;54501-3J000;545013J000
16191;4091;58;HY-9044-B;HY9044B
16192;4092;31;54500-3J000;545003J000
16193;4092;58;HY-9043-B;HY9043B
16194;4087;31;51959820;51959820
16195;4087;58;JP-23016-B;JP23016B
16196;4087;49;NBJ4016D;NBJ4016D
16197;4088;31;51961341;51961341
16198;4088;58;JP-23017-B;JP23017B
16199;4088;49;NBJ4016E;NBJ4016E
16205;3877;31;9800318480;9800318480
16206;3877;31;3521S2;3521S2
16210;4220;31;4883060030;4883060030
16211;4222;31;55540-3R000;555403R000
16212;4225;31;488210D070;488210D070
16213;4242;31;1K0 199 232 G;1K0199232G
16214;4242;31;1K0 199 232 H;1K0199232H
16215;4242;31;1K0 199 232 J;1K0199232J
16216;4243;31;1K0 199 231 G;1K0199231G
16217;4243;31;1K0 199 231 H;1K0199231H
16218;4243;31;1K0 199 231 J;1K0199231J
16221;4244;31;1K0 513 353 R;1K0513353R
16222;4245;31;52004329;52004329
16223;4246;31;52004329;52004329
16224;4247;31;48609-12420;4860912420
16225;4248;31;48609-12530;4860912530
16226;4253;31;5CO.407.152.D;5CO407152D
16227;4254;31;5CD.407.151.D;5CD407151D
16228;4255;31;55160.1R000;551601R000
16229;4256;31;54584-28000;5458428000
16230;4256;31;54584-2B000;545842B000
16231;4256;31;54584-2H000;545842H000
16232;4256;31;54584-3J000;545843J000
16233;4256;31;54584-4L000;545844L000
16234;4257;31;51940090;51940090
16235;4258;31;51711068;51711068
16237;4263;31;95218372;95218372
16239;4264;31;1609999980;1609999980
16241;4265;31;9949217;9949217
16243;4266;31;4M513L519AB;4M513L519AB
16245;4267;31;5S4Z-3280-AA;5S4Z3280AA
16247;4268;31;53610-SNB-J01;53610SNBJ01
16249;4269;31;53010-TF0-003;53010TF0003
16251;4270;31;565401S000;565401S000
16257;4273;31;8200119498;8200119498
16258;4274;31;6001550441;6001550441
16260;4284;31;553101S510;553101S510
16262;4285;31;5L55.3042.AA;5L553042AA
16263;4285;31;F77Z.3078.FAC;F77Z3078FAC
16264;4286;31;5L55.3051.AA;5L553051AA
16265;4286;31;F77Z.3079.FAZ;F77Z3079FAZ
16266;4287;31;545040280R;545040280R
16267;4288;31;51939751;51939751
16268;4288;31;51939755;51939755
16269;4301;31;545055413R;545055413R
16270;4047;31;93318322;93318322
16271;4047;31;26054932;26054932
16273;4312;31;5607410U9080;5607410U9080
16274;4313;31;5607500U2090;5607500U2090
16275;4321;31;52083764;52083764
16276;4322;31;9881501;9881501
16277;4323;31;1761668;1761668
16278;4324;31;3C0698151G;3C0698151G
16279;4326;31;2H6.698.451;2H6698451
16280;4327;31;2Q0698151E;2Q0698151E
16281;4328;31;2H6.615.110;2H6615110
16282;4329;31;5K0698451;5K0698451
16283;4330;31;A0084201320;A0084201320
16284;4331;31;A0084203620;A0084203620
16285;4332;31;68006732AA;68006732AA
16286;4333;31;44206920;44206920
16287;4334;31;A0064201520;A0064201520
16288;4335;31;001 421 25 10;14212510
16289;4336;31;7090175;7090175
16290;4337;31;77368510;77368510
16291;4338;31;77368511;77368511
16292;4339;31;39101926;39101926
16293;4340;31;13478300;13478300
16294;4341;31;52034685;52034685
16295;4342;31;S11-3501080;S113501080
16296;4343;31;42566753;42566753
16297;4344;31;DG9Z2200A;DG9Z2200A
16298;4345;31;DG9Z2001A;DG9Z2001A
16299;4346;31;E3B1/2001/AB;E3B12001AB
16300;4347;31;6C112K021AE;6C112K021AE
16301;4349;31;45022SJFE00;45022SJFE00
16302;4350;31;43022-TBA-A02;43022TBAA02
16303;4351;31;42555881;42555881
16304;4352;31;42555669;42555669
16305;4353;31;42555633;42555633
16306;4354;31;1608520680;1608520680
16307;4355;31;410600950R;410600950R
16308;4356;31;20568712;20568712
16309;4357;31;LR-004936;LR004936
16310;4358;31;20918891;20918891
16311;4359;31;21496550;21496550
16312;4360;31;6129997952;6129997952
16313;4361;31;04466-47100;446647100
16314;4363;31;34106860019;34106860019
16315;4364;31;D10604KH0C;D10604KH0C
16316;4366;31;D1060EM30A;D1060EM30A
16318;4368;31;58302-A5B30;58302A5B30
16319;4369;31;583022JA00;583022JA00
16320;4370;31;581013JA01;581013JA01
16321;4371;31;3503100U1520-01;3503100U152001
16322;4371;31;581011DE00;581011DE00
16323;4371;31;581012SA51;581012SA51
16324;4372;31;58101-D7A10;58101D7A10
16325;4373;31;5810122A00;5810122A00
16326;4374;31;5810107A00;5810107A00
16327;4375;31;1022402592;1022402592
16328;4376;31;4605A572 / 5191271AA;4605A5725191271AA
16329;4377;31;A13-3501080;A133501080
16330;4378;31;8W0698151 AG;8W0698151AG
16331;4379;31;425440;425440
16332;4381;31;1613259380;1613259380
16333;4382;31;425236;425236
16334;4383;31;S3501L21064-60001;S3501L2106460001
16374;4357;54;GDB9005;GDB9005
16375;4358;54;RCPT09170;RCPT09170
16376;4359;54;RCPT13630;RCPT13630
16377;4360;54;RCPT09120;RCPT09120
16379;4370;54;RCPT14270;RCPT14270
16380;4371;54;GDB9009;GDB9009
16381;4373;54;RCPT00960;RCPT00960
16382;4375;54;RCPT12940;RCPT12940
16383;4380;54;GDB9021;GDB9021
16384;4382;54;RCPT09480;RCPT09480
16385;4384;54;RCPT13270;RCPT13270
16386;4400;31;5UO-422-803-A;5UO422803A
16387;4401;31;CN153280AA;CN153280AA
16388;4402;31;485211HK0A;485211HK0A
16389;4403;31;6001551453;6001551453
16394;4426;31;52094187;52094187
16396;4427;31;2H0.412.333-A;2H0412333A
16397;4428;31;51848156;51848156
16398;4429;31;112209464R;112209464R
16410;4438;31;51321-SDA-A04;51321SDAA04
16411;4439;31;51320-SDA-A05;51320SDAA05
16412;4440;31;51321-TA0-A01;51321TA0A01
16413;4441;31;51320-TA0-A01;51320TA0A01
16415;4443;31;48820-47040;4882047040
16416;4444;31;A9583200430;A9583200430
16417;4445;31;A9793260200;A9793260200
16419;4447;31;23B513045;23B513045
16420;4448;31;23B513045A;23B513045A
16426;4454;31;51391-TR0-305;51391TR0305
16428;4456;31;2H0.407.183-A;2H0407183A
16429;4457;31;5Q0.513.353H;5Q0513353H
16430;4458;31;46759737;46759737
16431;4459;31;46842706;46842706
16432;4460;31;51879121;51879121
16433;4461;31;545011Y000;545011Y000
16434;4462;31;545001Y000;545001Y000
16435;4463;31;4010A154;4010A154
16436;4464;31;4010A153;4010A153
16437;4465;31;545009AM1A;545009AM1A
16438;4466;31;545019AM1A;545019AM1A
16439;4467;31;51350TEAT10;51350TEAT10
16440;4468;31;51360TEAT10;51360TEAT10
16441;4469;31;51350-T7W-G00;51350T7WG00
16442;4470;31;51360-T7W-G00;51360T7WG00
16445;4474;31;A9063201389;A9063201389
16446;4475;31;1769800164;1769800164
16447;4475;31;1769800264;1769800264
16448;4476;31;51320TRYM01;51320TRYM01
16449;4477;31;51321TRYM01;51321TRYM01
16450;4478;31;32541250311;32541250311
16451;4479;31;9810990980;9810990980
16452;4480;31;9810990880;9810990880
16453;4481;31;9807301980;9807301980
16454;4482;31;51611TRYM01;51611TRYM01
16455;4483;31;51621TRYM01;51621TRYM01
16456;4484;31;553002V200;553002V200
16457;4485;31;A9343260600;A9343260600
16458;4486;31;2V5513031;2V5513031
16471;4495;31;8X0.823.359;8X0823359
16472;4496;31;51247148902;51247148902
16473;4497;31;51237148864;51237148864
16474;4498;31;8U0 823 359 B;8U0823359B
16475;4499;31;1C0.823.359.E;1C0823359E
16476;4500;31;5124299013604;5124299013604
16477;4154;31;3523CC;3523CC
16478;4153;31;95476895;95476895
16479;4162;31;54551-2E000;545512E000
16480;4152;31;95217519;95217519
16481;4155;31;3523EC;3523EC
16482;4156;31;54560-1HK0A;545601HK0A
16483;4157;31;54570-1KK0A;545701KK0A
16484;4148;31;50700778;50700778
16485;4148;31;46835715;46835715
16486;4163;31;51921214;51921214
16487;4149;31;51795839;51795839
16488;4166;31;54551-4L000;545514L000
16489;4158;31;51847616;51847616
16491;4160;31;51795196;51795196
16492;4165;31;2N156P082CA;2N156P082CA
16493;4161;31;46816619;46816619
16494;4159;31;51795195;51795195
16495;4318;31;54551-2S000;545512S000
16496;4316;31;2H0.407.077-A;2H0407077A
16497;4317;31;2H0.407.182-A;2H0407182A
16498;4147;31;3C0 199 231 D;3C0199231D
16502;4428;31;52018851;52018851
16504;4259;31;51711069;51711069
16505;4455;31;545842S000;545842S000
16506;4455;31;545842T000;545842T000
16507;4244;31;1K0 513 353 G;1K0513353G
16508;4244;31;5C0 513 353 B;5C0513353B
16509;4319;31;46464273;46464273
16510;4320;31;51921214;51921214
16511;4430;31;55311D8000;55311D8000
16512;4430;31;55311M0000;55311M0000
16522;4153;63;011.2444;112444
16523;4162;63;011.2418;112418
16524;4152;63;011.2445;112445
16525;4156;63;011.2417;112417
16526;4157;63;011.2416;112416
16527;4148;63;011.1526;111526
16528;4149;63;011.1704;111704
16530;4318;63;112813;112813
16531;4456;63;5115544;5115544
16532;4427;63;5115545;5115545
16533;4316;63;5115542;5115542
16534;4317;63;5115543;5115543
16535;4256;63;011.2234;112234
16536;4319;63;043.0906;430906
16537;3986;63;011.2008;112008
16538;3988;63;011.0696;110696
16539;3987;63;011.0716;110716
16540;3990;63;LT80013;LT80013
16541;3991;63;011.0848;110848
16542;3993;63;011.0816;110816
16543;3995;63;012.1629;121629
16544;3997;63;011.1857;111857
16545;4000;63;LT80003;LT80003
16546;4001;63;LT80009;LT80009
16547;4002;63;LT80000;LT80000
16548;4003;63;012.1275;121275
16549;4020;63;011.0877;110877
16550;4005;63;LT80008;LT80008
16551;4007;63;012.0160;120160
16552;4011;63;011.1853;111853
16553;4154;59;8063;8063
16554;4153;59;3143;3143
16555;4151;59;8312;8312
16556;4162;59;8122;8122
16557;4152;59;3144;3144
16558;4155;59;8062;8062
16559;4156;59;8290;8290
16560;4255;59;8181;8181
16561;4157;59;8291;8291
16562;4148;59;1077;1077
16563;4149;59;1083;1083
16564;4190;59;4981;4981
16566;4194;59;1125;1125
16567;4245;59;8393;8393
16568;4159;59;1124;1124
16569;4195;59;1119;1119
16570;4456;59;4973;4973
16571;4427;59;4975;4975
16572;4316;59;4972;4972
16573;4317;59;4974;4974
16574;4147;59;4962;4962
16575;4242;59;4002;4002
16576;4243;59;4001;4001
16577;4150;59;8311;8311
16578;4454;59;8341;8341
16579;4455;59;8171;8171
16580;4256;59;8129;8129
16581;4457;59;4009;4009
16582;4319;59;1313;1313
16583;4458;59;1122;1122
16584;4460;59;1140;1140
16585;4320;59;1114;1114
16586;4248;59;8251;8251
16587;4247;59;8227;8227
16588;4153;60;MB 1224;MB1224
16589;4152;60;MB 1225;MB1225
16590;4255;60;MB 9345;MB9345
16591;4148;60;MB 477;MB477
16592;4149;60;MB 4406;MB4406
16593;4190;60;MB 3024;MB3024
16595;4245;60;MB 4469;MB4469
16596;4159;60;MB 4445;MB4445
16597;4318;60;MB9346;MB9346
16598;4456;60;MB 3026;MB3026
16599;4427;60;MB 3028;MB3028
16600;4316;60;MB 3029;MB3029
16601;4317;60;MB 3027;MB3027
16602;4147;60;MB 3014;MB3014
16603;4242;60;MB 9107D;MB9107D
16604;4243;60;MB 9107E;MB9107E
16605;4454;60;MB 6075;MB6075
16606;4455;60;MB 9347;MB9347
16607;4256;60;MB 9282;MB9282
16608;4319;60;MB 475;MB475
16609;4458;60;MB 9244;MB9244
16610;4459;60;MB 9243;MB9243
16611;4460;60;MB 4471;MB4471
16612;4246;60;MB 4470C;MB4470C
16613;4248;60;MB 9032;MB9032
16614;4247;60;MB 748;MB748
16659;3986;94;R-1201;R1201
16660;3986;94;R-619;R619
16661;3988;94;R-1246;R1246
16662;3987;94;R-262;R262
16663;3987;94;R-262A;R262A
16664;3989;94;R-3384;R3384
16665;3989;94;R-3288;R3288
16666;3990;94;R-3483;R3483
16667;3991;94;R-453;R453
16668;3993;94;R-458;R458
16669;3993;94;R-458A;R458A
16670;3994;94;R-477;R477
16671;3995;94;R-3446;R3446
16672;3996;94;R-749;R749
16673;3997;94;R-733;R733
16674;3998;94;R-3441;R3441
16675;4000;94;R-3251;R3251
16676;4001;94;R-3252;R3252
16677;4002;94;R-190;R190
16678;4003;94;R-830;R830
16679;4005;94;R-2268;R2268
16680;4006;94;R-2270;R2270
16681;4013;94;R-654;R654
16682;4007;94;R-207;R207
16683;4021;94;R-3392;R3392
16684;4031;94;R-867;R867
16685;4031;94;R-873;R873
16686;4031;94;R-874;R874
16687;4031;94;R-5051;R5051
16688;4032;94;R-811A;R811A
16689;4255;75;78088;78088
16690;4256;75;78979;78979
16691;4507;31;13485955;13485955
16692;4508;31;9675471680;9675471680
16693;4508;31;9675899880;9675899880
16694;4508;31;9807302080;9807302080
16696;4509;31;112846423R;112846423R
16697;4509;31;112101351R;112101351R
16698;4509;31;113753301R;113753301R
16699;4510;31;51844475;51844475
16700;4511;31;51845495;51845495
16701;4512;31;51.761.607;51761607
16702;4512;31;51.761.608;51761608
16703;4512;31;51.896.975;51896975
16704;4513;31;51877337;51877337
16705;4514;31;51820689;51820689
16707;4532;31;RANDON 260000234;RANDON260000234
16708;4533;31;RANDON 260000234;RANDON260000234
16709;4533;31;MERCEDES-BENZ A.328.327.7201/ A.328.327.;MERCEDESBENZA3283277201A328327
16723;4546;31;1.44.03.04;1440304
16729;4548;31;1.44.03.07 / 1.51.55.02;14403071515502
16730;4549;31;1.44.03.05 / 1.51.55.01;14403051515501
16732;4550;31;HBZ80006-07;HBZ8000607
16733;4551;31;JOST AD0076J00;JOSTAD0076J00
16734;4552;31;GUERRA 5.036.002.015.006;GUERRA5036002015006
16735;4552;31;RANDON 212 100 278;RANDON212100278
16736;4532;31;UNIFERRO 02012100;UNIFERRO02012100
16737;4533;31;UNIFERRO 02012100;UNIFERRO02012100
16741;4534;31;VOLVO 1.134.445;VOLVO1134445
16751;4545;31;364.320.7034;3643207034
16752;4546;31;1.44.03.05;1440305
16753;4554;31;1.44.03.01 / 1.51.54.99 / 488.265;14403011515499488265
16756;4547;31;1.44.03.04 / 1.44.03.06;14403041440306
16760;4534;31;MERCEDES-BENZ A 364.327.7001;MERCEDESBENZA3643277001
16771;4532;31;JOST AD00100;JOSTAD00100
16772;4534;31;MERCEDES-BENZ A 364.327.7101;MERCEDESBENZA3643277101
16773;4534;31;MERCEDES-BENZ A 364.327.7301;MERCEDESBENZA3643277301
16774;4534;31;VOLVO 1.622.111;VOLVO1622111
16775;4534;31;VOLVO  1.199.873;VOLVO1199873
16776;4534;31;VOLVO 3.159.252;VOLVO3159252
16779;4536;31;SCANIA 1.673.412/ 523.229/ 533.802;SCANIA1673412523229533802
16781;4544;31;AD00135/ 260000552;AD00135260000552
16782;4544;31;2210200184 / 29060002;221020018429060002
16785;4545;31;357.320.0134;3573200134
16786;4545;31;634.320.3734;6343203734
16787;4546;31;1.44.03.06;1440306
16788;4546;31;1.51.55.01;1515501
16789;4546;31;470.922;470922
16790;4547;31;1.51.55.01 / 470.922;1515501470922
16791;4550;31;SILPA 2 210 200 160;SILPA2210200160
16792;4552;31;212 100 278;212100278
16793;4560;31;52611-T0A-A02;52611T0AA02
16795;4555;31;33526855243;33526855243
16798;4556;31;546612T230;546612T230
16799;4557;31;546512T230;546512T230
16803;3445;31;8C4518045AB;8C4518045AB
16804;4561;31;68242418AA;68242418AA
16805;4561;31;68242418AB;68242418AB
16806;4561;31;68242419AA;68242419AA
16807;4561;31;68242419AB;68242419AB
16809;4562;31;53010-SNA-A01;53010SNAA01
16810;4563;31;53010-SEL-003;53010SEL003
16811;4564;31;53011-SEL-003;53011SEL003
16812;4565;31;7701474448;7701474448
16817;4566;31;94754803;94754803
16821;4411;31;52138405;52138405
16823;184;31;9683207080;9683207080
16825;4412;31;52161285;52161285
16828;4580;31;51237210727;51237210727
16829;4581;31;5Q0-407-152J;5Q0407152J
16830;4582;31;5Q0-407-151J;5Q0407151J
16831;4583;31;54501 F1 000;54501F1000
16832;4584;31;54500 F1 000;54500F1000
16833;4585;31;55100-2S000;551002S000
16834;4586;31;553112T020;553112T020
16836;4587;31;7795000020;7795000020
16838;4588;31;45510-02220;4551002220
16840;4589;31;7088491;7088491
16842;4590;31;7088490;7088490
16846;4593;31;53560-T7J-003;53560T7J003
16848;4594;31;D8520-1HK0A;D85201HK0A
16850;4595;31;D8640-1HK0A;D86401HK0A
16852;4596;31;56820-1S050;568201S050
16853;4597;31;56820-1S000;568201S000
16857;4598;31;56820-07000;5682007000
16858;4599;31;1481373;1481373
16859;4599;31;1845911;1845911
16860;4599;31;2031868;2031868
16861;2342;49;HG 41036;HG41036
16864;4603;31;553102P300;553102P300
16865;4604;31;56210 1820R;562101820R
16866;4605;31;562108189R;562108189R
16874;4607;31;48068 09290;4806809290
16875;4607;31;48068-09300;4806809300
16876;4608;31;48069-09300;4806909300
16877;4608;31;48069-09310;4806909310
16878;4609;31;545017342R;545017342R
16879;4610;31;545005235R;545005235R
16880;4611;31;BV613A423BAB;BV613A423BAB
16881;4611;31;F1F13A423AAB;F1F13A423AAB
16882;4612;31;BV613A424BAB;BV613A424BAB
16883;4612;31;F1F13A424AAA;F1F13A424AAA
16885;4614;31;2901410U9080;2901410U9080
16886;4615;31;2901310U9080;2901310U9080
16887;4616;31;2905210U2010XZ;2905210U2010XZ
16888;4617;31;2905110U2010XZ;2905110U2010XZ
16889;4618;31;31316782208;31316782208
16890;4619;31;31316782207;31316782207
16891;4620;31;33526853964;33526853964
16896;3426;58;GM2295-B;GM2295B
16897;3427;58;GM2296-B;GM2296B
16898;4629;31;HM5118045 AAB;HM5118045AAB
16899;4630;31;HM5118K001AAB;HM5118K001AAB
16900;4631;31;HM5118080AAC;HM5118080AAC
16903;4634;31;J692915010;J692915010
16918;3877;31;9802102880;9802102880
16922;2241;67;2-13-659G-1;213659G1
16923;2215;67;2-13-139G/ 2-13-129-2G;213139G2131292G
16924;2228;67;2-13-779G/ 2-13-489G;213779G213489G
16925;2558;67;2-13-839D/ 2-13-839G;213839D213839G
16926;3111;67;2-13-2029G;2132029G
16927;2236;67;2-13-1139G;2131139G
16929;2225;67;2-13-1409G;2131409G
16930;2243;67;2-13-159G;213159G
16931;2244;67;2-13-619G;213619G
16932;3225;67;2-13-1409-1G;21314091G
16933;3109;67;2-13-2029G;2132029G
16934;2643;67;2131449G;2131449G
16935;2639;67;2-13-219G;213219G
16937;2221;49;NKJ669;NKJ669
16938;2229;49;NKJ499;NKJ499
16939;2215;49;NKJ129/ NKJ129-2;NKJ129NKJ1292
16942;2218;49;NKJ339;NKJ339
16943;2217;49;NKJ1809;NKJ1809
16945;2201;49;NKJ139-1;NKJ1391
16946;2209;49;NKJ509;NKJ509
16947;2214;49;NKJ279-2;NKJ2792
16948;3492;49;NKJ256D;NKJ256D
16949;2228;49;NKJ779/ NKJ489;NKJ779NKJ489
16950;2202;49;NKJ209;NKJ209
16951;2242;49;NKJ659-2;NKJ6592
16952;2558;49;NKJ839;NKJ839
16953;2227;49;NKJ1449;NKJ1449
16954;3607;49;NKJ0583;NKJ0583
16955;2203;49;NKJ139-1;NKJ1391
16956;2208;49;NKJ1719;NKJ1719
16957;2238;49;NKJ909;NKJ909
16958;3111;49;NKJ2029;NKJ2029
16959;2236;49;NKJ1139;NKJ1139
16960;2212;49;NKJ299;NKJ299
16961;3070;49;NKJ220D;NKJ220D
16962;2204;49;NKJ479;NKJ479
16963;2233;49;NKJ279;NKJ279
16964;2237;49;NKJ609;NKJ609
16965;2232;49;NKJ149;NKJ149
16967;2231;49; NKJ1329;NKJ1329
16968;2240;49;NKJ1159;NKJ1159
16969;2207;49;NKJ549;NKJ549
16970;3608;49;NKJ274D;NKJ274D
16971;3620;49;NKJ1421;NKJ1421
16972;3069;49;NKJ1649;NKJ1649
16973;2225;49; NKJ1409;NKJ1409
16974;2213;49;NKJ1379;NKJ1379
16975;2243;49;NKJ159;NKJ159
16976;2244;49;NKJ619;NKJ619
16977;3600;49; NKJ6481;NKJ6481
16978;3606;49;NKJ0580;NKJ0580
16979;3225;49;NKJ1409-1;NKJ14091
16980;3969;49;NKJ400D;NKJ400D
16981;4103;49; NKJ1290;NKJ1290
16982;2649;49;NKJ909;NKJ909
16983;3109;49;NKJ2029;NKJ2029
16984;2220;49;NKJ539;NKJ539
16985;2234;49;NKJ279-2;NKJ2792
16986;3878;49; NKJ206D;NKJ206D
16987;2643;49; NKJ1449;NKJ1449
16988;2210;49;NKJ469;NKJ469
16989;2235;49;NKJ149-2;NKJ1492
16990;2639;49;NKJ219;NKJ219
16991;2640;49;NKJ549;NKJ549
16992;3577;49;NKJ303D;NKJ303D
16993;2562;49;NKJ1549;NKJ1549
16994;2230;49;NKJ259-1;NKJ2591
16995;3224;49;NKJ5061;NKJ5061
16996;3068;49;NKJ1449;NKJ1449
16997;2211;49; NKJ269;NKJ269
16998;2373;49; NKJ909-1;NKJ9091
16999;3311;49;NKJ296D;NKJ296D
17000;4576;49;NKJ402D;NKJ402D
17001;4410;49;NKJ1123;NKJ1123
17002;2647;59;SK8905;SK8905
17003;2212;63;5412726;5412726
17004;2647;63;5412742;5412742
17005;2211;63;5412726;5412726
17006;2215;53;VKJP 14846/ VKJP 14849;VKJP14846VKJP14849
17007;2216;53;VKJA 41009A;VKJA41009A
17008;2650;53;VKJP 14850;VKJP14850
17009;2225;53;VKJP 1024;VKJP1024
17010;2244;53;VKJP 84865;VKJP84865
17011;3109;53;VKJP 1133;VKJP1133
17019;4651;31;520607350;520607350
17021;4653;31;87170-2E020;871702E020
17024;4661;31;51320-TBA-A02;51320TBAA02
17025;4662;31;5Q0413031FE;5Q0413031FE
17026;4663;31;31316851334 ;31316851334
17027;4664;31;31316851333;31316851333
17034;4668;31;485300DE70;485300DE70
17052;4489;76;AL-562;AL562
17053;4489;31;5U0501611A;5U0501611A
17054;4621;76;AL-563;AL563
17055;4621;49;NKF8160;NKF8160
17056;4621;31;1K0598611;1K0598611
17058;4622;76;AL-782;AL782
17059;4622;49;NKF8161;NKF8161
17060;4622;31;1T0598611B;1T0598611B
17062;4623;76;AL-499;AL499
17063;4623;49;NKF8183;NKF8183
17064;4623;31;1SO407615;1SO407615
17066;4134;76;AL-551;AL551
17067;4134;49;NKF8153;NKF8153
17068;4134;31;5U0501611;5U0501611
17070;4302;76;AL-783;AL783
17071;4302;49;NKF8127;NKF8127
17072;4302;31;8J0598625;8J0598625
17090;4303;76;AL-621;AL621
17091;4303;49;NKF8094;NKF8094
17092;4303;31;1329955080;1329955080
17094;4624;76;AL-947;AL947
17095;4624;49;NKF8171;NKF8171
17096;4624;31;1328053080;1328053080
17098;4120;76;AL-671;AL671
17099;4120;49;NKF8093;NKF8093
17100;4120;31;46538958;46538958
17102;4121;76;AL-670;AL670
17103;4121;49;NKF8060;NKF8060
17104;4121;31;97659391;97659391
17106;4135;76;AL-637;AL637
17107;4135;49;NKF8122;NKF8122
17108;4135;31;60545087;60545087
17110;4122;76;AL-773;AL773
17111;4122;49;NKF8126;NKF8126
17112;4122;31;51805818;51805818
17128;4490;76;AL-519;AL519
17129;4490;49;NKF8175;NKF8175
17130;4490;31;19206600;19206600
17131;4490;31;96626439;96626439
17133;4625;76;AL-118;AL118
17134;4625;49;NKF8174;NKF8174
17135;4625;31;13121138;13121138
17136;4626;31;13504045;13504045
17138;4136;76;AL-552;AL552
17139;4136;49;NKF8139;NKF8139
17140;4136;31;13504046;13504046
17142;4491;76;AL-566;AL566
17143;4491;49;NKF8156;NKF8156
17144;4491;31;13502872;13502872
17146;4137;76;AL-553;AL553
17147;4137;49;NKF8140;NKF8140
17148;4137;31;13500590;13500590
17150;4138;76;AL-565;AL565
17151;4138;49;NKF8155;NKF8155
17152;4138;31;13583478;13583478
17154;4123;76;AL-103;AL103
17155;4123;49;NKF8118;NKF8118
17156;4123;31;93271760;93271760
17169;4638;76;AL-049;AL049
17170;4638;49;NKF8172;NKF8172
17171;4638;31;6E5Z1104AB;6E5Z1104AB
17173;4639;76;AL-064;AL064
17174;4639;49;NKF8159;NKF8159
17175;4639;31;98AB1A034AE;98AB1A034AE
17176;4640;76;AL-061;AL061
17177;4640;49;NKF8119;NKF8119
17178;4640;31;6C111K018AA;6C111K018AA
17179;4640;31;BTF1210A;BTF1210A
17180;4641;76;AL-060;AL060
17181;4641;49;NKF8173;NKF8173
17182;4641;31;6C111104AD;6C111104AD
17184;4124;76;AL-042;AL042
17185;4124;49;NKF8066;NKF8066
17186;4124;31;3C352B663AA;3C352B663AA
17188;4642;76;AL-556;AL556
17189;4642;49;NKF8142;NKF8142
17190;4642;31;DCPZ1104A;DCPZ1104A
17197;4125;76;AL-959;AL959
17198;4125;49;NKF8145;NKF8145
17199;4125;31;42200S04951;42200S04951
17201;4627;76;AL-869;AL869
17202;4627;49;NKF8164;NKF8164
17203;4627;31;42200TFON51;42200TFON51
17205;4628;76;AL-484;AL484
17206;4628;49;NKF8182;NKF8182
17207;4628;31;44600T7TM00;44600T7TM00
17209;4139;76;AL-894;AL894
17210;4139;49;NKF8112;NKF8112
17211;4139;31;44600SNAA00;44600SNAA00
17213;4126;76;AL-960;AL960
17214;4126;49;NKF8090;NKF8090
17215;4126;31;44600SEL000;44600SEL000
17217;4140;76;AL-893;AL893
17218;4140;49;NKF8106;NKF8106
17219;4140;31;44600S5AJ00;44600S5AJ00
17224;4643;76;AL-573;AL573
17225;4643;49;NKF8166;NKF8166
17226;4643;31;402020009R;402020009R
17228;4644;76;AL-177;AL177
17229;4644;49;NKF8210;NKF8210
17230;4644;31;8200688970;8200688970
17232;4127;76;AL-945;AL945
17233;4127;49;NKF8100;NKF8100
17234;4127;31;8200308649;8200308649
17236;4128;76;AL-991;AL991
17237;4128;49;NKF8133;NKF8133
17238;4128;31;7700313184;7700313184
17240;4129;76;AL-865;AL865
17241;4129;49;NKF8151;NKF8151
17242;4129;31;6001547685;6001547685
17244;4130;76;AL-906;AL906
17245;4130;49;NKF8000;NKF8000
17246;4130;31;7700768318 ;7700768318
17251;4492;76;AL-569;AL569
17252;4492;49;NKF8176;NKF8176
17253;4492;31;424500D100;424500D100
17255;4493;76;AL-986;AL986
17256;4493;49;NKF8131;NKF8131
17257;4493;31;435020K030;435020K030
17258;4131;76;AL-789;AL789
17259;4131;49;NKF8149;NKF8149
17260;4131;31;4245012030;4245012030
17262;4132;76;AL-985;AL985
17263;4132;49;NKF8081;NKF8081
17264;4132;31;90369T0003;90369T0003
17266;4133;76;AL-866;AL866
17267;4133;49;NKF8150;NKF8150
17268;4133;31;4241002180;4241002180
17272;4649;76;AL-757;AL757
17273;4649;49;NKF8157;NKF8157
17274;4649;31;43202ET010;43202ET010
17275;4648;49;NKF8208;NKF8208
17276;4648;31;432025RB1A;432025RB1A
17278;4141;76;AL-756;AL756
17279;4141;49;NKF8135;NKF8135
17280;4141;31;40202ET01A;40202ET01A
17282;4142;76;AL-758;AL758
17283;4142;49;NKF8147;NKF8147
17284;4142;31;43202EL000;43202EL000
17287;4494;76;AL-764;AL764
17288;4494;49;NKF8177;NKF8177
17289;4494;31;527303S200;527303S200
17291;4646;76;AL-763;AL763
17292;4646;49;NKF8165;NKF8165
17293;4646;31;527103X000;527103X000
17294;4647;76;AL-794;AL794
17295;4647;49;NKF8163;NKF8163
17296;4647;31;5175147000;5175147000
17298;4645;76;AL-792;AL792
17299;4645;49;NKF8162;NKF8162
17300;4645;31;517503K000;517503K000
17302;4143;76;AL-780;AL780
17303;4143;49;NKF8141;NKF8141
17304;4143;31;517502H000;517502H000
17306;4144;76;AL-788;AL788
17307;4144;49;NKF8137;NKF8137
17308;4144;31;517503J000;517503J000
17310;4145;76;AL-882;AL882
17311;4145;49;NKF8136;NKF8136
17312;4145;31;527102E000;527102E000
17317;4672;31;88965333;88965333
17318;4673;31;5Z0-407-365C;5Z0407365C
17319;4674;31;5Z0-407-366C;5Z0407366C
17320;4675;31;3540-SWA-A01;3540SWAA01
17321;4676;31;56820-3X000;568203X000
17322;4677;31;56820-3X090;568203X090
17323;4678;31;45046-09640;4504609640
17328;4679;31;8X4827552;8X4827552
17329;4680;31;8U0827552A;8U0827552A
17330;4681;31;51232990344;51232990344
17331;4682;31;1C0827550F;1C0827550F
17332;4683;31;1C0827550E;1C0827550E
17333;4684;31;2GP827550;2GP827550
17334;4685;31;7084967;7084967
17335;4686;31;48521-3U025;485213U025
17336;4687;31;48521-ET00A;48521ET00A
17342;4689;31;54661A5200;54661A5200
17343;4690;31;54651A5200;54651A5200
17344;4691;31;55300A5400;55300A5400
17345;4692;31;31340477;31340477
17346;4693;31;31340476;31340476
17347;4694;31;31406012;31406012
17355;4697;31;39089343;39089343
17356;4698;31;5N0407152;5N0407152
17357;4699;31;5N0407151;5N0407151
17359;4700;31;7084171;7084171
17360;4701;31;7084170;7084170
17361;4702;31;57724-2S100;577242S100
17363;1626;31;48820AD010;48820AD010
17365;4719;31;21137458;21137458
17369;4717;31;BE8Z3A131A;BE8Z3A131A
17370;4718;31;BE8Z3A130A;BE8Z3A130A
17372;4710;31;2S6C-3280MA;2S6C3280MA
17373;4711;31;1K0-423-812E;1K0423812E
17374;4712;31;1K0-423-811E;1K0423811E
17375;4713;31;381756;381756
17376;4714;31;381755;381755
17377;4715;31;77366699;77366699
17378;4716;31;77366698;77366698
17385;4707;31;7L0-422-821;7L0422821
17386;4708;31;3812F2;3812F2
17387;4709;31;51838737;51838737
17393;4721;31;9814R;9814R
17394;4722;31;13286686;13286686
17395;4723;31;53540-TF0-003;53540TF0003
17396;4724;31;53560-TF0-003;53560TF0003
17397;4725;31;56820-2H090;568202H090
17398;4726;31;56820-2H000;568202H000
17404;741;31;51784487;51784487
17406;3241;31;4062 A 024;4062A024
17407;3714;31;9801060880;9801060880
17408;3714;31;9801061480;9801061480
17409;4729;31;2901410U8010;2901410U8010
17410;4729;100;3542/2012;35422012
17411;4730;31;2901310U8010;2901310U8010
17412;4730;100;3542/2012;35422012
17413;4731;31;T11-2916040;T112916040
17414;4732;31;T11-2916030;T112916030
17415;2527;63;044.2587;442587
17417;2527;60;MB 9292A;MB9292A
17418;2527;31;8200723741;8200723741
17419;2527;75;78836;78836
17420;2527;59;8117B;8117B
17421;2528;63;021.2427;212427
17423;2528;60;MB 9292;MB9292
17424;2528;31;8200723741;8200723741
17425;2528;31;8200723745;8200723745
17426;2528;59;8117;8117
17427;3267;63;022.1552;221552
17429;3267;75;78819;78819
17431;3268;66;100061;100061
17432;4733;31;54570ED00A;54570ED00A
17435;4736;31;51936581;51936581
17436;4737;31;96FB18198AG;96FB18198AG
17437;4738;31;2911390U8010;2911390U8010
17438;4739;31;112106541R;112106541R
17439;4744;31;6024.014.015.00.6;6024014015006
17441;4747;31;9811547680;9811547680
17442;4748;31;52075663;52075663
17443;4749;31;52075662;52075662
17446;4782;31;19208276;19208276
17447;4783;31;56820-2B000;568202B000
17448;4784;31;56820-2B900;568202B900
17449;4785;31;56820-2T000;568202T000
17450;4786;31;56820-2T500;568202T500
17451;4787;31;56820-2E000;568202E000
17452;4788;31;56820-2E900;568202E900
17453;4789;31;4422A009;4422A009
17454;4790;31;4422A010;4422A010
17455;4782;100;9066/2014;90662014
17456;4783;100;9066/2014;90662014
17457;4784;100;9066/2014;90662014
17458;4785;100;9066/2014;90662014
17459;4786;100;9066/2014;90662014
17460;4787;100;9066/2014;90662014
17461;4788;100;9066/2014;90662014
17462;4789;100;9066/2014;90662014
17463;4790;100;9066/2014;90662014
17464;4791;100;9062/2014;90622014
17465;4791;31;56540-2K000;565402K000
17466;537;31;543021222R;543021222R
17467;1625;49;N 93183;N93183
17468;1625;49;N 99005;N99005
17469;4792;31;93398544;93398544
17470;4793;31;112101292R;112101292R
17471;4794;31;54501-3S100;545013S100
17472;4795;31;54500-3S100;545003S100
17473;4796;31;2905200U1510;2905200U1510
17474;4797;31;2905100U1510;2905100U1510
17475;4798;31;2915010U1510;2915010U1510
17476;4799;31;54660-B0HAO;54660B0HAO
17477;4800;31;54650-BOHAO;54650BOHAO
17478;4801;31;55300 A7200;55300A7200
17479;4802;31;LR031668;LR031668
17480;4803;31;LR031666;LR031666
17481;4804;31;8200403164;8200403164
17482;1948;31;0093827920;93827920
17483;1948;100;021/2013;212013
17484;1948;100;4167/2012;41672012
17485;4804;100;3541/2012;35412012
17486;4802;100;3542/2012;35422012
17487;4803;100;3542/2012;35422012
17505;4112;49;NJH32-9117;NJH329117
17520;4212;49;NJH14-300T;NJH14300T
17532;4176;49;NJH04-080S;NJH04080S
17533;4197;49;NJH02-261T;NJH02261T
17535;4111;49;NJH32-117T;NJH32117T
17542;4211;49;NJH00-520T;NJH00520T
17545;4391;49;NJH45-1432;NJH451432
17547;4209;49;NJH03-871T;NJH03871T
17552;4202;49;NJH52-270S;NJH52270S
17553;4109;49;NJH32-117S;NJH32117S
17554;4515;49;NJH03-581T;NJH03581T
17557;3829;49;NJH43-855S;NJH43855S
17558;4198;49;NJH03-895S;NJH03895S
17567;4385;49;NJH31-1649;NJH311649
17570;4216;49;NJH10-206T;NJH10206T
17576;3604;49;NJH09-182S;NJH09182S
17577;3657;49; NJH18-504S;NJH18504S
17578;4396;49;NJH23-400S;NJH23400S
17580;4395;49;NJH22-500S;NJH22500S
17581;3656;49; NJH17-503S;NJH17503S
17583;4292;49;NJH36-452S;NJH36452S
17584;4293;49;NJH35-451S;NJH35451S
17590;4295;49;NJH16-075S;NJH16075S
17592;4516;49;NJH06-A00T;NJH06A00T
17740;4212;76;AL589;AL589
17744;4176;76;AL-1175;AL1175
17745;4197;76;AL451;AL451
17747;4290;76;AL-1517;AL1517
17749;4211;76;AL520;AL520
17752;4391;76;AL-1434;AL1434
17753;4209;76;AL871;AL871
17755;4515;76;AL582;AL582
17758;4198;76;AL-1169;AL1169
17764;4385;76;AL-1195;AL1195
17765;4216;76;AL38;AL38
17770;4396;76;AL-1498;AL1498
17772;4298;76;AL1467;AL1467
17773;4395;76;AL-1499;AL1499
17776;4292;76;AL-1452;AL1452
17777;4293;76;AL-1451;AL1451
17781;4295;76;AL-1075;AL1075
17783;4516;76;AL891;AL891
17857;1446;63;546.6018;5466018
17858;1469;63;546.6004;5466004
17888;1502;63;546.6043;5466043
17903;1471;63;546.6048;5466048
17912;1443;63;"546.6116
546.6115";54661165466115
17913;1458;63;546.6053;5466053
17917;4817;31;68058866AA;68058866AA
17918;4818;31;05168166AB-001;5168166AB001
17919;4819;31;05168167AB-001;5168167AB001
17922;4822;31;9823567280;9823567280
17923;4823;31;9823567480;9823567480
17924;4824;31;2QB513049J;2QB513049J
17940;4827;31;20712868;20712868
17942;4814;100;127/2013;1272013
17943;4815;100;127/2013;1272013
17944;4816;100;3543/2012;35432012
17946;4818;100;3542/2012;35422012
17947;4819;100;3542/2012;35422012
17948;4820;100;3542/2012;35422012
17949;4821;100;3542/2012;35422012
17950;4822;100;127/2013;1272013
17951;4823;100;127/2013;1272013
17952;4824;100;3541/2012;35412012
17953;4825;100;3541/2012;35412012
17957;4846;100;021/2013;212013
17958;4847;31;9823082180;9823082180
17959;4847;100;021/2013;212013
17962;4865;31;50510134;50510134
17963;4865;31;50521707;50521707
17964;4865;31;51831016;51831016
17965;4866;31;51726TR0A01;51726TR0A01
17966;4867;31;54610-3X200;546103X200
17967;4868;31;54610-1M000;546101M000
17968;4869;31;546112K100;546112K100
17969;4870;31;113.605.631R;113605631R
17970;4870;31;113.609.519R;113609519R
17971;4871;31;543029771R;543029771R
17972;4872;31;48609-42060;4860942060
17973;4873;31;2H0412331B;2H0412331B
17974;4874;31;2H0511414;2H0511414
17975;4874;31;2H0511414A;2H0511414A
17977;4880;31;LR025379;LR025379
17979;4881;31;68960-0W861;689600W861
17981;4883;31;J006309010;J006309010
17982;4884;31;81830-R1000-LH;81830R1000LH
17983;4884;31;81840-R1000-RH;81840R1000RH
17984;4885;31;LR058520;LR058520
17985;4885;31;FK72-406A10-AB;FK72406A10AB
17986;4886;31;1681258;1681258
17987;4887;31;J686309010;J686309010
17988;4888;31;9813913880;9813913880
17989;4889;31;8M51A406A10AC;8M51A406A10AC
17990;4890;31;BM51A406A10AE;BM51A406A10AE
17991;4891;31;LR025400;LR025400
17992;4891;31;BJ32-16C826-AA;BJ3216C826AA
17993;4892;31;33526757045;33526757045
17994;4892;100;3541/2012;35412012
17995;4893;31;31306757043;31306757043
17996;4893;100;3543/2012;35432012
17997;4894;31;31306757044;31306757044
17998;4894;100;3543/2012;35432012
17999;4895;31;81170-2P000;811702P000
18000;4895;31;81160-2P000;811602P000
18001;4896;31;81770 2P000;817702P000
18002;4896;31;81780 2P000;817802P000
18003;4897;31;7TZ3B203A;7TZ3B203A
18004;4898;31;446502520;446502520
18005;4899;31;22B 425 021;22B425021
18006;4900;31;31445985;31445985
18007;4901;31;31499906;31499906
18008;4902;31;K68159526AB;K68159526AB
18009;4903;31;581012VA25;581012VA25
18010;4904;31;58302-D3A00;58302D3A00
18011;4905;31;58101-2FA10;581012FA10
18012;4906;31;SFP500022/ SFP500040;SFP500022SFP500040
18013;4907;31;4605A584 / 4605A84;4605A5844605A84
18014;4911;31;562103964R;562103964R
18015;4911;100;3542/2012;35422012
18016;4912;31;81800-65830-000;8180065830000
18017;4913;31;51247211289;51247211289
18018;4908;31;FNA: 104972;FNA104972
18021;4910;31;20725387;20725387
18022;4914;31;7132301513;7132301513
18023;4915;31;7132301504;7132301504
18024;4916;31;7132301514;7132301514
18025;4917;31;7132301512;7132301512
18026;4914;100;3542/2012;35422012
18027;4915;100;3542/2012;35422012
18028;4916;100;3542/2012;35422012
18029;4917;100;3542/2012;35422012
18030;4920;31;MR414940;MR414940
18031;4921;31;MR414939;MR414939
18032;4923;31;7692789K;7692789K
18033;4923;106;K90109-1;K901091
18034;4923;59;SK1100A;SK1100A
18035;4924;31;7692789;7692789
18036;4924;106;K90111-1;K901111
18037;4924;59;SK1101A;SK1101A
18038;4925;31;7692557;7692557
18039;4925;106;K90112-1;K901121
18040;4925;59;SK1103A;SK1103A
18041;4926;31;7691506K;7691506K
18042;4926;106;K90110-1;K901101
18043;4926;59;SK1102A;SK1102A
18044;4927;31;93277197K;93277197K
18045;4927;106;K60129-1;K601291
18046;4927;59;SK3018A;SK3018A
18047;4927;60;MB1178K;MB1178K
18048;4928;31;46465901K;46465901K
18049;4928;106;K90116-1;K901161
18050;4928;59;SK1301A;SK1301A
18051;4928;60;MB4449D;MB4449D
18052;4929;31;46465901KK;46465901KK
18053;4929;106;K90117-1;K901171
18054;4929;59;SK1301B;SK1301B
18055;4929;60;MB4449E;MB4449E
18056;4930;31;78EB5484K;78EB5484K
18057;4930;106;K70116-1;K701161
18058;4930;59;SK2450A;SK2450A
18059;4931;106;K40147-1;K401471
18060;4931;59;SK8499A;SK8499A
18061;4931;60;MB8002K;MB8002K
18062;4932;106;K40140-1;K401401
18063;4932;59;SK7073;SK7073
18064;4932;60;MB8010K;MB8010K
18065;4933;106;K60154-1;K601541
18066;4933;59;SK3238;SK3238
18067;4934;106;K60153-1;K601531
18068;4934;59;SK3239;SK3239
18069;4934;60;MB1226K;MB1226K
18070;4935;106;K40142-1;K401421
18071;4936;106;K80147-1;K801471
18072;4936;59;SK4924A;SK4924A
18073;4936;60;MB3030K;MB3030K
18074;4937;31;86AU5484K;86AU5484K
18075;4937;106;K70118-1;K701181
18076;4937;59;SK2451A;SK2451A
18077;4938;106;K60155-1;K601551
18078;4938;59;SK3009A;SK3009A
18079;4938;60;MB1231K;MB1231K
18080;4939;59;SK8456;SK8456
18081;4940;106;K40164-1;K401641
18082;4940;59;SK8504A;SK8504A
18083;4941;106;K60157-1;K601571
18084;4941;59;SK3010A;SK3010A
18085;4941;60;MB1272K;MB1272K
18086;4942;106;K70117-1;K701171
18087;4943;106;K40157-1;K401571
18088;4943;59;SK8503A;SK8503A
18089;4944;106;K40156-1;K401561
18090;4944;59;SK8502A;SK8502A
18091;4945;106;K70121-1;K701211
18092;4945;59;SK2707A;SK2707A
18093;4946;59;SK8513A;SK8513A
18094;4947;31;547411327K;547411327K
18095;4947;106;K70119-1;K701191
18096;4947;59;SK2457A;SK2457A
18097;4948;106;K80148-1;K801481
18098;4948;59;SK4926A;SK4926A
18099;4949;106;K80149-1;K801491
18100;4949;59;SK4925A;SK4925A
18101;4950;59;SK8508A;SK8508A
18102;4951;59;SK8509A;SK8509A
18103;4952;106;K80150-1;K801501
18104;4953;106;K80151-1;K801511
18105;4954;31;7757874K;7757874K
18106;4954;59;SK1104A;SK1104A
18107;4955;106;K30167-1;K301671
18108;4955;59;SK8510A;SK8510A
18109;4956;106;K40178-1;K401781
18110;4956;59;SK8511A;SK8511A
18111;4957;106;K90115-1;K901151
18113;4958;106;K90114-1;K901141
18115;4959;31;96FB5484K;96FB5484K
18116;4959;106;K70120-1;K701201
18117;4959;59;SK2706A;SK2706A
18118;4960;31;78MU5484K;78MU5484K
18119;4960;106;K70115-1;K701151
18120;4960;59;SK2503A;SK2503A
18121;4961;31;811411327A;811411327A
18122;4961;106;K80122-1;K801221
18123;4961;59;SK4857A;SK4857A
18124;4961;60;MB3038K;MB3038K
18125;4962;31;90168602K;90168602K
18126;4962;106;K60128-1;K601281
18127;4962;59;SK3017A;SK3017A
18128;4963;31;90373771K;90373771K
18129;4963;106;K60141-1;K601411
18130;4963;59;SK3001A;SK3001A
18132;4964;106;K60140-1;K601401
18133;4964;59;SK3002A;SK3002A
18135;4965;106;K60139-1;K601391
18136;4965;59;SK3003A;SK3003A
18137;4966;31;6085552K;6085552K
18138;4966;106;K70113-1;K701131
18139;4966;59;SK2494A;SK2494A
18140;4967;31;90278624K;90278624K
18141;4967;106;K60137-1;K601371
18142;4967;59;SK3075A;SK3075A
18144;4968;106;K80139-1;K801391
18145;4968;59;SK4877A;SK4877A
18146;4968;60;MB385D;MB385D
18148;4969;106;K80140-1;K801401
18149;4969;59;SK4876A;SK4876A
18150;4969;60;MB385E;MB385E
18152;4970;106;K60149-1;K601491
18153;4970;59;SK3004A;SK3004A
18154;4971;31;8812829;8812829
18155;4971;106;K90135-1;K901351
18156;4971;59;SK1107A;SK1107A
18157;4972;106;K70134-1;K701341
18158;4972;59;SK2462A;SK2462A
18159;4972;60;MB2265K;MB2265K
18161;4973;106;K70135-1;K701351
18162;4973;59;SK2458A;SK2458A
18163;4973;60;MB2266K;MB2266K
18164;4974;31;46470776KK;46470776KK
18165;4974;106;K90118-1;K901181
18166;4974;59;SK1316B;SK1316B
18167;4975;31;46470776K;46470776K
18168;4975;106;K90119-1;K901191
18169;4975;59;SK1316A;SK1316A
18170;4976;31;1597727;1597727
18171;4976;106;K60143-1;K601431
18172;4976;59;SK3213A;SK3213A
18173;4976;60;MB1219K;MB1219K
18174;4977;31;15697725K;15697725K
18175;4977;106;K60145-1;K601451
18176;4977;59;SK3214A;SK3214A
18177;4977;60;MB1220K;MB1220K
18178;4978;31;93366637;93366637
18179;4978;106;K60144-1;K601441
18180;4978;59;SK3005A;SK3005A
18182;4979;106;K60146-1;K601461
18183;4979;59;SK3006A;SK3006A
18185;4980;106;K70125-1;K701251
18186;4980;59;SK2459A;SK2459A
18188;4981;106;K70126-1;K701261
18189;4981;59;SK2461A;SK2461A
18190;4981;60;MB296K;MB296K
18191;4982;31;9622816480;9622816480
18192;4982;106;K40120-1;K401201
18193;4982;59;SK7065A;SK7065A
18194;4982;60;MB9133K;MB9133K
18195;4983;31;509466;509466
18196;4983;106;K40121-1;K401211
18197;4983;59;SK7066A;SK7066A
18198;4983;60;MB9034K;MB9034K
18199;4984;31;7729441K;7729441K
18200;4984;106;K90121-1;K901211
18201;4984;59;SK1049A;SK1049A
18202;4985;31;7774251K;7774251K
18203;4985;106;K90122-1;K901221
18204;4985;59;SK1050A;SK1050A
18205;4986;31;7759453K;7759453K
18206;4986;106;K90123-1;K901231
18207;4986;59;SK1051B;SK1051B
18208;4987;106;K40123-1;K401231
18209;4987;59;SK8308A;SK8308A
18210;4987;60;MB9108;MB9108
18211;4988;31;46821120;46821120
18212;4988;106;K90144-1;K901441
18213;4988;60;MB4419D;MB4419D
18214;4989;31;46821120;46821120
18215;4989;106;K90140-1;K901401
18216;4989;60;MB4419E;MB4419E
18217;4990;31;51716518;51716518
18218;4990;106;K90145-1;K901451
18219;4990;59;SK1110A;SK1110A
18220;4990;60;MB4420D;MB4420D
18221;4991;31;51716518;51716518
18222;4991;106;K90141-1;K901411
18223;4991;59;SK1109A;SK1109A
18224;4991;60;MB4420E;MB4420E
18225;4992;106;K60138-1;K601381
18226;4992;59;SK3117A;SK3117A
18227;4993;31;800154140;800154140
18228;4993;106;K40124-1;K401241
18229;4993;59;SK8309A;SK8309A
18230;4993;60;MB9338K;MB9338K
18231;4994;31;4881512340;4881512340
18232;4994;106;K30142-1;K301421
18233;4994;59;SK8487A;SK8487A
18234;4994;60;MB745K;MB745K
18235;4995;31;548132E100;548132E100
18236;4995;60;MB9340K;MB9340K
18237;4996;106;K90139-1;K901391
18238;4996;59;SK1302A;SK1302A
18239;4997;106;K90143-1;K901431
18240;4997;59;SK1304A;SK1304A
18241;4997;60;MB4417K;MB4417K
18243;4998;106;K80143-1;K801431
18244;4998;59;SK4877A;SK4877A
18245;4998;60;MB385D;MB385D
18247;4999;106;K80144-1;K801441
18248;4999;59;SK4876A;SK4876A
18249;4999;60;M0385E;M0385E
18250;5000;106;K30130-1;K301301
18251;5000;59;SK8488A;SK8488A
18252;5000;60;MB738K;MB738K
18254;5001;106;K40113-1;K401131
18255;5001;60;MB9032K;MB9032K
18256;5002;106;K40112-1;K401121
18257;5002;59;SK8307A;SK8307A
18258;5002;60;MB9181K;MB9181K
18259;5003;106;K30125-1;K301251
18260;5003;59;SK8457A;SK8457A
18261;5003;60;MB9206K;MB9206K
18262;5004;106;K30126-1;K301261
18263;5004;59;SK8490A;SK8490A
18264;5004;60;MB9207K;MB9207K
18266;5005;106;K80128-1;K801281
18267;5005;59;SK4879A;SK4879A
18268;5005;60;MB9008;MB9008
18269;5006;106;K30127-1;K301271
18270;5006;59;SK8491A;SK8491A
18271;5006;60;MB9208K;MB9208K
18272;5007;106;K30141-1;K301411
18273;5007;59;SK8492A;SK8492A
18274;5007;60;MB9335K;MB9335K
18275;5008;106;K30143-1;K301431
18276;5008;59;SK8454A;SK8454A
18277;5008;60;MB9336K;MB9336K
18278;5009;31;509479;509479
18279;5009;106;K40122-1;K401221
18280;5009;59;SK7067A;SK7067A
18281;5010;31;51846952;51846952
18282;5010;106;K90146-1;K901461
18283;5010;60;MB4418D;MB4418D
18284;5011;31;51846952;51846952
18285;5011;106;K90147-1;K901471
18286;5011;60;MB4418E;MB4418E
18287;5012;106;K90136-1;K901361
18288;5012;59;SK1305A;SK1305A
18289;5013;31;51306SNJP00;51306SNJP00
18290;5013;106;K30145-1;K301451
18291;5013;59;SK8455A;SK8455A
18292;5013;60;MB9337K;MB9337K
18293;5014;31;2013232340;2013232340
18294;5014;106;K30124-1;K301241
18295;5014;59;SK7054A;SK7054A
18296;5014;60;MB567K;MB567K
18297;5015;31;MB175804;MB175804
18298;5015;106;K30147-1;K301471
18299;5015;59;SK8451A;SK8451A
18300;5015;60;MB1004K;MB1004K
18301;5016;31;MB157767;MB157767
18302;5016;106;K40146-1;K401461
18303;5016;59;SK8452A;SK8452A
18304;5016;60;MB1030K;MB1030K
18305;5017;31;MB151527;MB151527
18306;5017;106;K30148-1;K301481
18307;5017;59;SK8453A;SK8453A
18308;5017;60;MB1031K;MB1031K
18309;5018;31;509481;509481
18310;5018;106;K30152-1;K301521
18311;5018;59;SK8496A;SK8496A
18312;5018;60;MB5002K;MB5002K
18313;5019;31;94752782;94752782
18314;5019;106;K60151-1;K601511
18315;5019;59;SK3008A;SK3008A
18316;5019;60;MB1227K;MB1227K
18317;5020;106;K40172-1;K401721
18318;5020;59;SK8501A;SK8501A
18319;5021;106;K40171-1;K401711
18320;5021;59;SK8500A;SK8500A
18321;5022;106;K30151-1;K301511
18322;5022;59;SK8493A;SK8493A
18323;5023;31;305411313;305411313
18324;5023;106;K80118-1;K801181
18325;5023;59;SK4890A;SK4890A
18326;5023;60;MB3034K;MB3034K
18327;5024;31;3054113271;3054113271
18328;5024;106;K80117-1;K801171
18329;5024;59;SK4891A;SK4891A
18330;5024;60;MB3035K;MB3035K
18331;5025;31;ZBA411313B;ZBA411313B
18332;5025;106;K80119-1;K801191
18333;5025;59;SK4874A;SK4874A
18334;5025;60;MB3036K;MB3036K
18335;5026;31;102498237;102498237
18336;5026;106;K80120-1;K801201
18337;5026;59;SK4875A;SK4875A
18338;5026;60;MB3037K;MB3037K
18339;5027;106;K30153-1;K301531
18340;5027;59;SK8495A;SK8495A
18341;5027;60;MB8003K;MB8003K
18343;5028;106;K40134-1;K401341
18344;5028;59;SK7068A;SK7068A
18345;5028;60;MB6002K;MB6002K
18346;5029;31;548133K100;548133K100
18347;5029;106;K40136-1;K401361
18348;5029;60;MB8004K;MB8004K
18349;5030;59;SK8512A;SK8512A
18350;5031;31;2114113131;2114113131
18351;5031;106;K80124-1;K801241
18352;5031;59;SK4880A;SK4880A
18353;5031;60;MB3040K;MB3040K
18354;5032;31;2114113141;2114113141
18355;5032;106;K80123-1;K801231
18356;5032;59;SK4881A;SK4881A
18357;5032;60;MB3039K;MB3039K
18358;5033;31;4881512360;4881512360
18359;5033;106;K40137-1;K401371
18360;5033;59;SK8486;SK8486
18361;5033;60;MB770K;MB770K
18362;5034;31;546131253R;546131253R
18364;5036;31;52021262;52021262
18365;5037;31;6027014016007;6027014016007
18366;5038;31;504228086;504228086
18367;5039;31;500332741;500332741
18368;5039;31;500377859;500377859
18369;5040;31;A9583261900;A9583261900
18370;5041;31;A9583263300;A9583263300
18371;5042;31;A9583232300;A9583232300
18372;5043;31;A9583262300;A9583262300
18373;5044;31;A9583170603;A9583170603
18375;5046;31;A9583170703;A9583170703
18376;5047;31;A9583171403;A9583171403
18377;5048;31;1629722;1629722
18378;5049;31;21111925;21111925
18379;5049;31;3198836;3198836
18380;5050;31;21552033;21552033
18381;5050;31;20721166;20721166
18382;5051;31;2T2-899-515;2T2899515
18383;5053;31;J69-6GN3501080;J696GN3501080
18384;5055;31;0446602450;446602450
18385;5056;31;2N0698151;2N0698151
18386;5059;31;45022-T7T-M51;45022T7TM51
18387;5061;31;PFC520005;PFC520005
18388;5062;31;PFC020028;PFC020028
18389;5063;31;PFC020029;PFC020029
18390;5064;31;30794554;30794554
18391;5065;31;LR061385;LR061385
18392;5065;31;T2H9989;T2H9989
18403;5076;31;5802354431;5802354431
18404;5089;31;5U0-407-152-A;5U0407152A
18405;5090;31;5U0-407-151-A;5U0407151A
18406;5091;31;5U0-407-152-A;5U0407152A
18407;5092;31;5U0-407-151-A;5U0407151A
18408;5093;31;51737662BC;51737662BC
18410;5094;31;51737661BC;51737661BC
18412;5095;31;1K0407152BC;1K0407152BC
18413;5096;31;1K0407151BCC;1K0407151BCC
18414;5097;31;46777741;46777741
18415;5097;31;51784487;51784487
18416;5098;31;46777742;46777742
18417;5098;31;51784488;51784488
18418;5099;31;51 909 787;51909787
18419;5099;31;51739235/234;51739235234
18420;5099;31;51 909 786;51909786
18421;5100;31;1S0407152;1S0407152
18422;5101;31;1S0407151;1S0407151
18423;5113;31;51392-TJ0-M00;51392TJ0M00
18424;5114;31;545608249R;545608249R
18425;5115;31;48655-0D110;486550D110
18426;5116;31;980.021.868.80;98002186880
18427;5117;31;112.108.798R;112108798R
18428;5118;31;112.338.423R;112338423R
18429;5119;31;543029771R;543029771R
18438;5120;31;9802102980;9802102980
18439;5121;31;9802102880;9802102880
18440;5122;31;9802102980;9802102980
18441;5123;31;9802102880;9802102880
18442;5124;31;51350TR8P01;51350TR8P01
18443;5125;31;51360TR8P01;51360TR8P01
18445;5127;31;AE5Z18125-C;AE5Z18125C
18446;5127;31;AE5C 18080 CB;AE5C18080CB
18447;5126;100;3417/2018;34172018
18448;4665;31;00456-BPA00-000;456BPA00000
18450;4666;31;00455-BPA00-000;455BPA00000
18452;4667;31;00450-BPA00-000;450BPA00000
18453;4667;50;343435;343435
18454;4667;100;3541/2012;35412012
18455;4666;50;334465;334465
18456;4666;100;3542/2012;35422012
18457;4665;50;334464;334464
18458;4665;100;3542/2012;35422012
18459;514;31;9657342180;9657342180
18460;2276;31;90498745;90498745
18461;5128;31;4422A018;4422A018
18462;5129;31;D8520-ET00A;D8520ET00A
18463;5130;31;D8640-ET00A;D8640ET00A
18465;5131;31;8V512C299BD;8V512C299BD
18466;5132;31;31206794850;31206794850
18467;5132;31;31206857230;31206857230
18468;5132;31;31206876840;31206876840
18469;5133;31;3126765127;3126765127
18470;5133;31;3126765157;3126765157
18471;5134;31;51750 C1000;51750C1000
18472;4445;31;A9793260300;A9793260300
18473;4824;31;2QB513049K;2QB513049K
18474;4824;31;2QB513049S;2QB513049S
18478;5139;58;HY-9096-B;HY9096B
18479;5139;31;54500C9000;54500C9000
18480;5140;58;HY-9097-B;HY9097B
18481;5140;31;54501C9000;54501C9000
18482;5141;31;54420-4E200;544204E200
18483;5142;31;54410-4E200;544104E200
18484;4176;31;136.995.2080;1369952080
18488;5143;31;55310B2040;55310B2040
18489;5143;100;3541/2012;35412012
18490;5144;31;1305717080;1305717080
18491;5145;31;374841;374841
18492;5146;31;7700314961;7700314961
18493;5147;31;51220-SNA-A03;51220SNAA03
18494;5149;31;57724-1M000;577241M000
18495;5150;49;N 99470;N99470
18496;5150;31;LR024474;LR024474
18497;5152;31;7090753;7090753
18498;5153;31;7090752;7090752
18499;5154;31;13286687;13286687
18500;5155;31;4410A173T;4410A173T
18501;1147;107;AL137;AL137
18502;1148;107;AL138;AL138
18503;1206;107;AL-120;AL120
18504;1133;107;AL-197;AL197
18505;1164;107;AL-110;AL110
18506;1165;107;AL-1115;AL1115
18507;1166;107;AL-111;AL111
18508;1159;107;AL-110;AL110
18509;1160;107;AL-1114;AL1114
18510;1161;107;AL-112;AL112
18511;1198;107;AL181G;AL181G
18512;1145;107;AL1101;AL1101
18514;1189;107;AL193;AL193
18515;1152;107;AL141G;AL141G
18516;1184;107;AL159;AL159
18517;1185;107;Al156;AL156
18518;2676;107;AL133;AL133
18519;1167;107;AL-1125;AL1125
18520;1167;68;ICH0679;ICH0679
18521;1169;107;AL-1126;AL1126
18522;1169;68;ICH0678;ICH0678
18523;1190;107;AL-1132;AL1132
18524;1188;107;AL-1144;AL1144
18525;1188;107;AL-1145;AL1145
18528;1150;107;AL142;AL142
18529;1181;107;AL174 (DE);AL174DE
18530;1181;107;AL175 (DD);AL175DD
18531;1172;107;AL-139;AL139
18532;1172;68;I-CH0147;ICH0147
18533;1174;107;AL154;AL154
18534;1175;107;AL155;AL155
18535;1176;107;AL165;AL165
18536;1151;107;AL135;AL135
18537;1126;107;AL-128;AL128
18538;1141;107;AL160;AL160
18539;1138;107;AL162;AL162
18540;1127;107;AL183;AL183
18541;1171;107;AL107;AL107
18542;1128;107;AL171;AL171
18544;1177;107;AL157;AL157
18545;1178;107;AL158;AL158
18546;1179;107;AL164;AL164
18547;1179;82;CIN277;CIN277
18548;1182;107;AL-184;AL184
18549;1193;107;AL-185;AL185
18550;1124;107;AL-123;AL123
18551;1136;107;AL125;AL125
18553;1153;107;AL189;AL189
18554;2386;107;AL190;AL190
18555;1170;107;AL129;AL129
18556;1162;107;AL-150;AL150
18557;1155;107;AL147;AL147
18558;1156;107;AL148;AL148
18559;1158;107;AL141;AL141
18561;1201;107;AL181;AL181
18563;1208;107;AL117;AL117
18564;1209;107;AL118;AL118
18565;1210;107;Al119;AL119
18566;1146;107;AL1102;AL1102
18567;1183;107;AL184G;AL184G
18569;1163;107;AL141G;AL141G
18570;1135;107;AL1109;AL1109
18571;1131;107;AL1107;AL1107
18572;1132;107;AL1108;AL1108
18573;1202;107;AL-1111;AL1111
18574;1203;107;AL-1112;AL1112
18575;4283;107;AL4466;AL4466
18576;4283;107;AL617;AL617
18577;4283;107;AL619;AL619
18578;1215;107;AL311;AL311
18579;1235;107;AL316;AL316
18580;1308;107;AL317;AL317
18581;1237;107;AL-8325;AL8325
18582;1238;107;AL-8326;AL8326
18583;1266;107;AL-389;AL389
18584;1267;107;AL-382M;AL382M
18585;1227;107;AL358;AL358
18586;1224;107;AL360;AL360
18587;1228;107;AL360;AL360
18588;1295;107;AL320M;AL320M
18589;1222;107;AL361;AL361
18590;1296;107;AL320M;AL320M
18591;3632;107;AL393G;AL393G
18592;3633;107;AL395;AL395
18593;3634;107;AL392;AL392
18595;3631;107;AL390;AL390
18596;1297;107;AL308;AL308
18599;1254;107;AL327;AL327
18600;1255;107;AL328M;AL328M
18601;1256;107;AL329M;AL329M
18602;1298;107;AL323M;AL323M
18603;1270;107;AL334;AL334
18604;1271;107;AL335;AL335
18605;1272;107;AL336;AL336
18607;1216;107;AL341M;AL341M
18608;1246;107;AL344M;AL344M
18609;1251;107;AL346M;AL346M
18612;1269;107;AL321;AL321
18613;1280;107;AL333M;AL333M
18614;1268;107;AL337M;AL337M
18615;1249;107;AL-342M;AL342M
18616;1219;107;AL-342M;AL342M
18618;1217;107;AL-301M;AL301M
18619;1282;107;AL347;AL347
18620;1258;107;AL347;AL347
18621;1259;107;AL304;AL304
18623;1260;107;AL-305M;AL305M
18624;1221;107;AL353;AL353
18625;1223;107;AL-354;AL354
18626;1292;107;AL319;AL319
18627;1293;107;AL306;AL306
18628;1261;107;AL303;AL303
18629;1248;107;AL302;AL302
18630;1218;107;AL341G;AL341G
18631;1273;107;AL337G;AL337G
18632;1281;107;AL333G;AL333G
18633;1285;107;AL355;AL355
18634;1286;107;AL350;AL350
18635;1287;107;AL348;AL348
18636;1288;107;AL349;AL349
18637;1289;107;AL-376;AL376
18638;1290;107;AL-375;AL375
18639;1276;107;AL363;AL363
18640;1276;68;IFT2048;IFT2048
18641;1229;107;AL-318;AL318
18642;1230;107;AL-318;AL318
18643;1240;107;AL352;AL352
18644;1242;107;AL356;AL356
18645;1242;82;CIN559;CIN559
18646;1303;107;AL373M;AL373M
18647;1303;68;IFT0674M;IFT0674M
18648;1304;107;AL380;AL380
18649;1304;68;IFT0667;IFT0667
18650;1305;68;IFT0675M;IFT0675M
18652;1354;107;AL-088M;AL088M
18653;1355;107;AL087M;AL087M
18654;1361;107;AL099;AL099
18655;1362;107;AL091M;AL091M
18656;1340;107;AL058;AL058
18657;1322;107;AL090M;AL090M
18658;1319;107;AL006M;AL006M
18659;1357;107;AL008M;AL008M
18660;3101;82;CIN161;CIN161
18661;3095;107;AL045G;AL045G
18662;3085;68;I-FO0436;IFO0436
18663;4855;107;AL-1011;AL1011
18664;1358;107;AL004M;AL004M
18665;1310;107;AL001M;AL001M
18666;1344;107;AL034 (DIANT. D);AL034DIANTD
18667;1344;107;AL035 (DIANT. E);AL035DIANTE
18668;1344;68;I-FO0132;IFO0132
18669;1317;107;AL015M (DIANT. D);AL015MDIANTD
18670;1317;107;AL016M (DIANT. E);AL016MDIANTE
18671;1318;107;AL015M (DIANT. D);AL015MDIANTD
18672;1318;107;AL016M (DIANT. E);AL016MDIANTE
18673;1352;107;AL038 (DD);AL038DD
18674;1352;107;AL039 (DE);AL039DE
18675;1364;107;AL099;AL099
18676;1365;107;AL098M;AL098M
18677;1356;107;AL-087M;AL087M
18679;1325;107;AL-097M;AL097M
18680;1316;107;AL065M;AL065M
18681;1311;107;AL010M;AL010M
18682;1320;107;AL066M;AL066M
18683;1312;107;AL010M;AL010M
18684;1327;107;AL053M;AL053M
18685;1331;107;AL081M;AL081M
18686;1328;107;AL052M;AL052M
18687;1329;107;AL060M;AL060M
18688;1371;107;AL069M;AL069M
18689;1330;107;AL055M;AL055M
18690;1314;107;AL051M;AL051M
18691;1366;107;AL-063M;AL063M
18693;1332;107;AL068M;AL068M
18694;1334;107;AL070M;AL070M
18695;1334;107;AL071M;AL071M
18696;1337;107;AL079M;AL079M
18697;1338;107;AL077M;AL077M
18700;1349;107;AL095;AL095
18702;3889;107;AL434/5;AL4345
18703;3890;107;AL434/5;AL4345
18704;1378;107;AL-650;AL650
18705;1380;107;AL-651;AL651
18706;1385;107;AL634;AL634
18707;1386;107;AL-635;AL635
18708;1383;107;AL-630;AL630
18709;1384;107;AL630;AL630
18710;3627;107;AL6639;AL6639
18711;3628;107;AL6640;AL6640
18712;3612;107;AL-643;AL643
18713;3612;68;IREN628;IREN628
18714;3613;107;AL-648;AL648
18715;3613;68;I-REN629;IREN629
18716;3614;107;AL6630;AL6630
18717;3614;68;IRE624;IRE624
18718;3674;107;AL6632;AL6632
18719;3674;68;IRE626;IRE626
18720;3673;68;IREN628;IREN628
18721;1389;107;AL506;AL506
18722;3083;107;AL505;AL505
18723;3083;68;I-TO0438;ITO0438
18724;3088;107;AL507;AL507
18725;3088;68;I-TO0439;ITO0439
18726;2347;107;AL508;AL508
18727;2347;68;ITO0464;ITO0464
18728;1419;107;AL202M;AL202M
18729;1419;82;CIN400M;CIN400M
18731;1393;107;AL264M;AL264M
18732;1426;107;AL242M;AL242M
18733;1403;107;AL274M;AL274M
18734;3454;107;AL217M;AL217M
18735;3454;82;CIN462;CIN462
18736;3454;68;IVW533M;IVW533M
18737;3615;107;AL218M;AL218M
18738;3615;82;CIN463;CIN463
18739;3615;68;I-VW0527M;IVW0527M
18740;3455;107;AL219;AL219
18741;3455;82;CIN458;CIN458
18742;3455;68;IVW0530;IVW0530
18743;3456;107;AL219G;AL219G
18744;3456;82;CIN458R;CIN458R
18746;1415;107;AL231M;AL231M
18747;1420;107;AL204M;AL204M
18751;1395;107;AL261M;AL261M
18752;1367;107;AL-255;AL255
18754;1369;107;AL258;AL258
18755;1396;107;AL227M;AL227M
18756;1397;107;AL234;AL234
18758;1400;107;AL237;AL237
18759;1401;107;AL236;AL236
18760;1399;107;AL235;AL235
18761;1370;107;AL258G;AL258G
18762;1418;107;AL238G;AL238G
18763;1409;107;AL249;AL249
18764;1410;107;AL269;AL269
18765;1411;107;AL250;AL250
18766;1421;107;AL209;AL209
18767;1421;82;CIN459;CIN459
18768;1422;107;AL210;AL210
18769;1425;107;AL208;AL208
18770;1427;107;AL247M;AL247M
18771;1423;107;AL-267;AL267
18772;1428;107;AL-273M;AL273M
18773;1429;107;AL-276;AL276
18774;4282;107;AL-584;AL584
18775;4277;107;AL-581;AL581
18776;4277;68;INI0585;INI0585
18777;4279;107;AL-580;AL580
18778;4279;68;INI0586;INI0586
18779;4278;107;AL581;AL581
18780;4278;68;INI0585;INI0585
18781;5159;31;JB3C-3052-AA;JB3C3052AA
18782;5160;107;AL-621;AL621
18783;5160;31;98 031 257 80;9803125780
18784;3064;31;551107916R;551107916R
18785;5161;31;51611T5NM11;51611T5NM11
18786;5161;31;51611-T9L-M010-M1;51611T9LM010M1
18787;5161;31;51611-T9L-M020-M1;51611T9LM020M1
18788;5162;31;51621T5NM11;51621T5NM11
18789;5162;31;51621-T9L-M010-M1;51621T9LM010M1
18790;5162;31;51621-T9L-M020-M1;51621T9LM020M1
18791;5163;31;23B413023B;23B413023B
18792;5164;31;23B413023;23B413023
18793;5165;31;23B513045D;23B513045D
18794;5166;31;CN15 18097 AB;CN1518097AB
18795;5166;48;SP344;SP344
18797;5167;31;A9583171703;A9583171703
18798;5168;31;A9583171903;A9583171903
18799;5169;31;5Q0501529F;5Q0501529F
18800;5170;31;54524EB70D;54524EB70D
18801;5171;31;54525EB70D;54525EB70D
18802;5172;31;MR496794;MR496794
18803;5173;31;MR496793;MR496793
18804;5174;31;A9583170303;A9583170303
18805;5175;31;8V5827919;8V5827919
18806;5176;31;8W5827919;8W5827919
18807;5177;31;51242990136;51242990136
18808;5178;31;74820-TOG-A21;74820TOGA21
18809;5179;31;8W0 823 359A;8W0823359A
18810;5180;31;9827430880;9827430880
18811;5181;31;68950-0R060;689500R060
18812;5181;31;68960-0R060;689600R060
18813;5182;31;5NA827550B;5NA827550B
18814;5183;31;CA430957;CA430957
18815;5183;31;CA430958;CA430958
18816;3205;100;021/2013;212013
18817;5169;58;VW-1264;VW1264
18818;5170;58;NS-21020-B;NS21020B
18819;5170;49;NBJ6005D;NBJ6005D
18820;5170;80;BDJ0234;BDJ0234
18821;5171;58;NS-21019-B;NS21019B
18822;5171;49;NBJ6005E;NBJ6005E
18823;5171;80;BDJ0233;BDJ0233
18824;5172;58;MT17032-B;MT17032B
18825;5172;49;NBJ9003D;NBJ9003D
18826;5173;58;MT17031-B;MT17031B
18827;5173;49;NBJ9003E;NBJ9003E
18828;5166;100;021/2013;212013
18829;5164;100;3543/2012;35432012
18830;5163;100;3543/2012;35432012
18831;5165;100;3541/2012;35412012
18832;5162;48;749020SP;749020SP
18833;5162;49;HG 41168;HG41168
18834;5162;31;51621-T9L-M110-M1;51621T9LM110M1
18835;5162;31;51621-T9L-M120-M1;51621T9LM120M1
18836;5162;100;3542/2012;35422012
18837;5161;48;749021SP;749021SP
18838;5161;49;HG 41167;HG41167
18839;5161;31;51611-T9L-M110-M1;51611T9LM110M1
18840;5161;31;51611-T9L-M120-M1;51611T9LM120M1
18841;5161;100;3542/2012;35422012
18843;5180;49;MG 20288;MG20288
18857;5188;31;E6TZ5776B;E6TZ5776B
18858;5189;60;MB1038A;MB1038A
18859;5189;31;MN101372;MN101372
18860;5190;60;MB1038;MB1038
18861;5190;31;MN101372;MN101372
18862;5190;59;8385;8385
18863;5191;60;MB4453A;MB4453A
18864;5191;31;51936581;51936581
18865;5191;59;8303A;8303A
18866;5189;59;8385B;8385B
18867;4798;100;3541/2012;35412012
18868;4796;100;3542/2012;35422012
18869;4797;100;3542/2012;35422012
18872;5194;31;52054403;52054403
18873;5194;31;52054404;52054404
18874;5195;31;52054405;52054405
18875;5195;31;52054406;52054406
18877;5195;100;3541/2012;35412012
18878;5194;100;3543/2012;35432012
18879;5192;107;AL6641;AL6641
18880;3716;31;7549206;7549206
18881;5196;100;2078/2016;20782016
18882;5197;100;2075/2016;20752016
18883;5198;100;2078/2016;20782016
18884;5199;100;2075/2016;20752016
18885;2185;31;2R2899515;2R2899515
18886;2185;100;4165/2012;41652012
18887;4816;31;AE5C 18045BC;AE5C18045BC
18888;4816;31;AH6Z 18124-C;AH6Z18124C
18890;5165;31;23B513045E;23B513045E
18891;5165;31;23B513045H;23B513045H
18892;5202;59;SK168S;SK168S
18893;5245;100;2077/2016;20772016
18894;5246;100;2078/2016;20782016
18895;5212;100;2081/2016;20812016
18896;5221;100;2082/2016;20822016
18897;5221;73;2437;2437
18898;5222;100;2078/2016;20782016
18899;5223;100;2077/2016;20772016
18900;5220;100;2078/2016;20782016
18901;5210;100;2078/2016;20782016
18902;5217;100;2080/2016;20802016
18903;5218;100;2078/2016;20782016
18904;5219;100;2075/2016;20752016
18905;5225;100;2078/2016;20782016
18906;5226;100;2075/2016;20752016
18907;5227;100;2078/2016;20782016
18908;5228;100;2078/2016;20782016
18909;5229;100;2078/2016;20782016
18910;5231;100;2078/2016;20782016
18911;5232;100;2076/2016;20762016
18912;5233;100;2078/2016;20782016
18913;5235;100;2075/2016;20752016
18914;5201;60;MB4295;MB4295
18915;3703;48;SP004;SP004
18916;3703;49;HG 41268;HG41268
18917;3703;31;48530 0DF30;485300DF30
18918;3703;100;3541/2012;35412012
18919;4069;48;379076SP;379076SP
18920;4069;49;HG 41147;HG41147
18921;4069;100;3541/2012;35412012
18922;2368;48;SP003;SP003
18923;2368;49;HG 41267;HG41267
18924;2368;100;3542/2012;35422012
18925;4068;48;SP289;SP289
18926;4068;49;HG 41029;HG41029
18927;4068;100;3542/2012;35422012
18928;4067;48;SP288;SP288
18929;4067;49;HG 41028;HG41028
18930;4067;100;3542/2012;35422012
18932;4425;31;485100DE30;485100DE30
18933;4425;100;3542/2012;35422012
18934;4094;48;808534MM;808534MM
18935;4094;49;HG 41289;HG41289
18936;4094;100;1904/2018;19042018
18937;4095;48;808533MM;808533MM
18938;4095;49;HG 41290;HG41290
18939;4095;100;1904/2018;19042018
18940;4482;49;HG 41146;HG41146
18941;4482;100;3542/2012;35422012
18942;4483;49;HG 41145;HG41145
18943;4483;100;3542/2012;35422012
18944;3788;49;NBJ18005D;NBJ18005D
18945;3789;49;NBJ18005E;NBJ18005E
18946;5254;60;MB3031;MB3031
18947;5254;31;2H0511413B;2H0511413B
18948;5254;59;4011;4011
18949;5255;31;AB315B714C;AB315B714C
18950;5255;31;AB3Z5A638B;AB3Z5A638B
18951;5256;59;8340;8340
18952;451;100;1904/2018;19042018
18953;451;100;3542/2012;35422012
18954;451;100;3546/2012;35462012
18955;451;100;6935/2020;69352020
18956;451;100;6981/2016;69812016
18957;5258;31;6007.014.313.00.0;6007014313000
18958;5258;100;021/2013;212013
18959;5258;100;4167/2012;41672012
18962;4668;100;3541/2012;35412012
18963;2367;31;52611-SDA-A03;52611SDAA03
18964;2367;31;52611-SDB-A03;52611SDBA03
18965;2367;100;3547/2012;35472012
18966;2367;100;6936/2020;69362020
18967;5259;31;93323703;93323703
18969;5261;31;435600D030;435600D030
18970;5262;31;435500D030;435500D030
18971;5263;31;527300Q100;527300Q100
18972;5264;31;52055583;52055583
18973;5264;31;51968554;51968554
18974;5264;76;AL-223;AL223
18976;5265;31;52055584;52055584
18977;5265;76;AL-234;AL234
18979;5266;31;94770366;94770366
18981;5267;31;52088409;52088409
18982;5267;76;AL-217;AL217
18984;5268;31;52081087;52081087
18985;5268;76;AL-174;AL174
18987;5269;31;AV6Z1104A;AV6Z1104A
18988;5269;31;CV6Z1104A;CV6Z1104A
18989;5269;31;1820754;1820754
18990;5269;76;AL-486;AL486
18992;5270;31;42200SWB951;42200SWB951
18993;5270;31;42200SFE951;42200SFE951
18994;5270;76;AL-683;AL683
18996;5271;31;42200T7AJ52;42200T7AJ52
18997;5271;76;AL-485;AL485
18999;5272;31;42200TD4J51;42200TD4J51
19001;5273;31;51401-T9L-M11;51401T9LM11
19002;5274;31;52441-T9L-M010;52441T9LM010
19003;5275;31;51360TRYM00;51360TRYM00
19005;2342;49;HG 41038;HG41038
19006;2342;100;3541/2012;35412012
19007;2434;100;3543/2012;35432012
19008;2434;49;HG 41035;HG41035
19009;2434;49;HG 41037;HG41037
19010;5066;100;021/2013;212013
19011;5067;100;021/2013;212013
19012;5068;100;021/2013;212013
19013;5069;100;021/2013;212013
19014;5070;100;021/2013;212013
19015;5071;100;021/2013;212013
19016;5072;100;021/2013;212013
19017;5073;100;021/2013;212013
19018;5075;100;021/2013;212013
19019;4448;100;021/2013;212013
19020;4415;100;3661/2018;36612018
19021;4414;100;3661/2018;36612018
19022;4846;31;52173316;52173316
19023;4846;31;52175884;52175884
19025;2434;48;84756;84756
19026;127;31;52052307;52052307
19027;127;31;52128183;52128183
19028;127;31;52152971;52152971
19029;127;100;021/2013;212013
19030;127;100;4167/2012;41672012
19031;2283;49;HG31214;HG31214
19032;2283;31;52123135;52123135
19033;2283;31;52149421;52149421
19034;2283;100;021/2013;212013
19035;2283;100;1956/2018;19562018
19036;2283;100;4167/2012;41672012
19037;3560;49;HG 31251;HG31251
19038;3560;100;021/2013;212013
19039;5310;31;26306368;26306368
19040;5310;31;26311891;26311891
19041;5310;100;3541/2012;35412012
19055;5311;31;2915100U2212;2915100U2212
19056;5311;100;3541/2012;35412012
19057;5312;31;6R0513025AP;6R0513025AP
19058;5312;100;3541/2012;35412012
19059;5313;31;52106803AF;52106803AF
19060;5313;31;K05086594AF;K05086594AF
19061;5313;100;3541/2012;35412012
19062;5314;31;K52121974AB;K52121974AB
19063;5314;100;3541/2012;35412012
19064;5315;31;52123152;52123152
19065;5315;100;3543/2012;35432012
19066;5316;31;6R0413031BB;6R0413031BB
19067;5316;100;3542/2012;35422012
19068;5317;31;52068485;52068485
19069;5318;31;81780-2P501;817802P501
19070;5319;31;A 212 980 05 64;A2129800564
19071;5320;31;51249801386;51249801386
19072;5321;31;81160-2P500;811602P500
19074;5323;49;NJH38-1450;NJH381450
19084;3706;31;5Q0 513 029 JE;5Q0513029JE
19085;3706;100;3541/2012;35412012
19086;5335;50;3430019;3430019
19087;5335;31;5C0513029AB;5C0513029AB
19088;5335;100;3541/2012;35412012
19097;5338;31;5C0413031AF;5C0413031AF
19098;5338;100;3542/2012;35422012
19099;4801;100;3541/2012;35412012
19100;4799;100;3542/2012;35422012
19101;4800;100;3542/2012;35422012
19102;1679;114;514;514
19103;2769;100;1838/2016;18382016
19104;2769;100;2081/2016;20812016
19105;5339;31;2QB413031AC;2QB413031AC
19106;5339;31;2QB413031Q;2QB413031Q
19107;5339;100;3542/2012;35422012
19108;2269;49;N1075;N1075
19109;2269;80;PVI1056;PVI1056
19110;2270;49;N1074;N1074
19111;2270;80;PVI1057;PVI1057
19115;4478;50;364701;364701
19116;4478;48;27050;27050
19117;4478;49;HG 32167;HG32167
19118;4478;100;1906/2018;19062018
19126;4033;107;AL4465;AL4465
19127;5346;100;2075/2016;20752016
19128;5347;100;2078/2016;20782016
19129;5348;100;2082/2016;20822016
19130;5349;100;2081/2016;20812016
19131;5350;100;2078/2016;20782016
19132;5351;100;2081/2016;20812016
19133;5352;100;2075/2016;20752016
19134;5353;100;2075/2016;20752016
19135;5354;100;2076/2016;20762016
19136;5355;100;2075/2016;20752016
19137;5355;73;1072;1072
19138;5356;100;2078/2016;20782016
19139;5357;100;2075/2016;20752016
19140;5358;100;2075/2016;20752016
19141;5359;100;2075/2016;20752016
19142;5360;100;2075/2016;20752016
19143;5361;100;2078/2016;20782016
19144;5362;100;2078/2016;20782016
19145;5363;100;2077/2016;20772016
19146;5364;100;2075/2016;20752016
19147;5365;100;2075/2016;20752016
19148;2288;31;52123134;52123134
19149;2289;31;52123133;52123133
19151;2258;50;343251;343251
19153;473;50;43290;43290
19154;473;50;343292;343292
19155;547;100;021/2013;212013
19156;547;100;4167/2012;41672012
19157;324;49;SE 30761;SE30761
19158;324;100;023/2013;232013
19159;324;100;127/2013;1272013
19160;324;100;1904/2018;19042018
19161;324;100;4166/2012;41662012
19162;324;100;4169/2012;41692012
19163;230;48;808005MM;808005MM
19164;230;49;SE 30761;SE30761
19165;230;100;023/2013;232013
19166;230;100;127/2013;1272013
19167;230;100;4166/2012;41662012
19168;230;100;4169/2012;41692012
19169;5366;116;HFCD501;HFCD501
19170;5366;76;AL-915;AL915
19171;5366;49;NKF8178;NKF8178
19172;5366;31;4350212090;4350212090
19173;5367;116;HFCD615;HFCD615
19174;5367;76;AL-572;AL572
19175;5367;49;NKF8209;NKF8209
19176;5367;31;40202AX000;40202AX000
19177;5368;49;NKF8200;NKF8200
19178;5368;31;527004F400;527004F400
19179;5368;31;527004F450;527004F450
19180;5369;100;2075/2016;20752016
19181;5370;100;2078/2016;20782016
19182;5371;100;2076/2016;20762016
19183;5372;100;2078/2016;20782016
19184;5373;100;2080/2016;20802016
19185;5374;100;2078/2016;20782016
19186;5375;100;2075/2016;20752016
19187;5376;100;2075/2016;20752016
19188;5377;100;2075/2016;20752016
19189;5378;100;2078/2016;20782016
19190;5379;100;2077/2016;20772016
19191;5380;100;2075/2016;20752016
19192;5381;100;2075/2016;20752016
19193;5382;100;2076/2016;20762016
19194;5383;100;2078/2016;20782016
19195;5384;100;2075/2016;20752016
19196;5385;100;2075/2016;20752016
19197;5386;100;2075/2016;20752016
19198;5387;100;2075/2016;20752016
19199;5388;100;2075/2016;20752016
19200;5389;100;2082/2016;20822016
19201;5390;100;2082/2016;20822016
19202;5391;100;2076/2016;20762016
19203;5392;100;2075/2016;20752016
19204;5393;100;2075/2016;20752016
19205;5394;100;2075/2016;20752016
19206;5395;100;2081/2016;20812016
19207;473;100;021/2013;212013
19208;473;100;4167/2012;41672012
19209;3810;49;N3057;N3057
19210;3810;54;32826028S;32826028S
19211;5145;116;HFCT250A;HFCT250A
19212;5145;49;NKF8170;NKF8170
19213;1802;114;331;331
19214;295;100;021/2013;212013
19215;295;100;4167/2012;41672012
19216;2288;100;022/2013;222013
19217;2288;100;4166/2012;41662012
19218;2289;100;022/2013;222013
19219;2289;100;4166/2012;41662012
19220;2258;100;021/2013;212013
19221;2258;100;4167/2012;41672012
19222;5287;100;2075/2016;20752016
19223;5305;100;2075/2016;20752016
19224;345;100;021/2013;212013
19225;345;100;1894/2013;18942013
19226;345;100;1956/2018;19562018
19227;345;100;4167/2012;41672012
19228;345;100;6979/2016;69792016
19229;2623;31;562109120R4;562109120R4
19230;2623;31;8200120985;8200120985
19231;2623;100;3541/2012;35412012
19232;5396;48;65459;65459
19233;5396;48;70459;70459
19234;5396;49;AC45001;AC45001
19235;5396;31;TAR413031;TAR413031
19236;5396;100;021/2013;212013
19237;567;50;339779;339779
19238;567;100;3542/2012;35422012
19239;567;100;3546/2012;35462012
19240;567;100;4160/2013;41602013
19241;567;100;6935/2020;69352020
19242;568;50;339780;339780
19243;568;100;3542/2012;35422012
19244;568;100;3546/2012;35462012
19245;568;100;4160/2013;41602013
19246;568;100;6935/2020;69352020
19247;5397;31;A9583232500;A9583232500
19248;5397;100;3541/2012;35412012
19249;5398;31;2911200U1910;2911200U1910
19250;5398;100;3541/2012;35412012
19251;5399;48;37327;37327
19252;5399;49;HG41342;HG41342
19253;5399;31;CT4318080BA;CT4318080BA
19254;5399;31;CT4Z18125A;CT4Z18125A
19255;5399;100;7635/2019;76352019
19256;5400;49;HG41393;HG41393
19257;5400;31;J60-2915010;J602915010
19258;5400;31;J60-2915020;J602915020
19259;5400;100;3541/2012;35412012
19260;5401;31;2901410U1910;2901410U1910
19261;5401;100;3542/2012;35422012
19262;5402;31;2901310U1910;2901310U1910
19263;5402;100;3542/2012;35422012
19264;5403;48;749044SP;749044SP
19265;5403;49;HG41340;HG41340
19266;5403;31;BT4318045AE;BT4318045AE
19267;5403;31;BT4Z18124D;BT4Z18124D
19268;5403;100;7636/2019;76362019
19269;5404;48;749043SP;749043SP
19270;5404;49;HG41341;HG41341
19271;5404;31;BT4318K001AE;BT4318K001AE
19272;5404;31;BT4Z18124C;BT4Z18124C
19273;5404;100;7636/2019;76362019
19274;5405;48;72359;72359
19275;5405;49;HG41376;HG41376
19276;5405;31;22795312;22795312
19277;5405;100;7636/2019;76362019
19278;5406;48;72360;72360
19279;5406;49;HG41377;HG41377
19280;5406;31;22795314;22795314
19281;5406;100;7636/2019;76362019
19282;5407;31;92203599;92203599
19283;5408;31;92235151;92235151
19284;267;31;468158620;468158620
19285;267;31;51791059;51791059
19286;267;100;023/2013;232013
19287;267;100;127/2013;1272013
19288;267;100;4166/2012;41662012
19289;267;100;4169/2012;41692012
19290;3585;48;749048SP;749048SP
19291;3585;100;3542/2012;35422012
19292;3586;48;749047SP;749047SP
19293;3586;100;3542/2012;35422012
19296;5436;100;2079/2016;20792016
19297;5437;100;2078/2016;20782016
19298;5438;100;2081/2016;20812016
19299;5439;100;2081/2016;20812016
19300;5440;100;2078/2016;20782016
19301;5441;100;2076/2016;20762016
19302;5442;100;2075/2016;20752016
19303;5443;100;2078/2016;20782016
19304;5444;100;2078/2016;20782016
19305;2572;31;5N0513049AG;5N0513049AG
19306;2572;100;3541/2012;35412012
19307;127;31;52152970 ;52152970
19310;3957;31;13014830;13014830
19311;3957;31;13015612;13015612
19312;3957;31;13015615;13015615
19313;3957;31;52121591;52121591
19314;3957;31;52121593;52121593
19315;3957;31;52128028;52128028
19316;3957;31;52128036;52128036
19317;3957;31;52153981;52153981
19318;3957;31;52153997;52153997
19319;3957;31;52157931;52157931
19320;3957;100;127/2013;1272013
19321;665;31;5N0 827550 E;5N0827550E
19322;184;31;"8731 T4
9683207080";8731T49683207080
19323;184;31;9639853880;9639853880
19324;433;31;"74820SWAA01 
74870SWAA01";74820SWAA0174870SWAA01
19325;624;31;1J0 827 550B;1J0827550B
19326;210;31;68069950AB;68069950AB
19327;493;31;90 450 1HL0A;904501HL0A
19328;522;31;654716558R;654716558R
19330;2108;31;CN15/N400A12/AB;CN15N400A12AB
19331;2109;31;5C6 827 550 A;5C6827550A
19332;3054;31;24185;24185
19333;582;48;R3811;R3811
19334;206;48;334001MM;334001MM
19335;206;100;024/2013;242013
19336;206;100;4164/2012;41642012
19337;207;48;334002MM;334002MM
19338;207;100;024/2013;242013
19339;207;100;4164/2012;41642012
19340;208;48;334001MM;334001MM
19341;208;100;024/2013;242013
19342;208;100;4164/2012;41642012
19343;209;100;024/2013;242013
19344;209;100;4164/2012;41642012
19345;644;100;024/2013;242013
19346;644;100;4164/2012;41642012
19347;602;49;CT 30444;CT30444
19348;602;100;0052/2014;522014
19349;602;100;024/2013;242013
19350;602;100;4164/2012;41642012
19351;603;100;024/2013;242013
19352;603;100;4164/2012;41642012
19353;115;100;024/2013;242013
19354;115;100;4164/2012;41642012
19355;652;100;024/2013;242013
19356;652;100;4164/2012;41642012
19357;235;31;7768491;7768491
19358;235;100;024/2013;242013
19359;235;100;4164/2012;41642012
19360;91;49;CT 32539;CT32539
19361;91;100;024/2013;242013
19362;91;100;1906/2018;19062018
19363;91;100;4164/2012;41642012
19364;91;100;6978/2016;69782016
19365;153;100;024/2013;242013
19366;153;100;4164/2012;41642012
19369;225;100;024/2013;242013
19370;225;100;4164/2012;41642012
19378;605;100;024/2013;242013
19379;605;100;4164/2012;41642012
19380;606;100;0052/2014;522014
19381;606;100;024/2013;242013
19382;606;100;4164/2012;41642012
19383;657;100;3544/2012;35442012
19384;657;100;6938/2020;69382020
19387;1991;100;021/2013;212013
19388;1991;100;4167/2012;41672012
19389;2049;100;021/2013;212013
19390;2049;100;4167/2012;41672012
19391;2044;100;021/2013;212013
19392;2044;100;4167/2012;41672012
19393;2011;100;021/2013;212013
19394;2011;100;4167/2012;41672012
19395;2050;100;021/2013;212013
19396;2050;100;4167/2012;41672012
19399;2012;100;021/2013;212013
19400;2012;100;4167/2012;41672012
19401;2087;100;021/2013;212013
19402;2087;100;4167/2012;41672012
19405;2071;100;021/2013;212013
19406;2071;100;4167/2012;41672012
19407;2098;100;021/2013;212013
19408;2098;100;4167/2012;41672012
19409;1987;100;021/2013;212013
19410;1987;100;4167/2012;41672012
19411;1932;100;021/2013;212013
19412;1932;100;4167/2012;41672012
19415;2060;100;021/2013;212013
19416;2060;100;4167/2012;41672012
19419;2014;100;021/2013;212013
19420;2014;100;4167/2012;41672012
19421;2088;100;021/2013;212013
19422;2088;100;4167/2012;41672012
19429;2056;100;021/2013;212013
19430;2056;100;4167/2012;41672012
19431;2057;100;021/2013;212013
19432;2057;100;4167/2012;41672012
19437;1904;100;021/2013;212013
19438;1904;100;1956/2018;19562018
19439;1904;100;4167/2012;41672012
19440;1904;100;6979/2016;69792016
19441;1908;100;021/2013;212013
19442;1908;100;4167/2012;41672012
19443;1909;100;021/2013;212013
19444;1909;100;4167/2012;41672012
19445;2090;100;021/2013;212013
19446;2090;100;4167/2012;41672012
19447;2089;100;021/2013;212013
19448;2089;100;4167/2012;41672012
19450;1900;100;021/2013;212013
19451;1900;100;4167/2012;41672012
19452;1927;100;021/2013;212013
19453;1927;100;4167/2012;41672012
19454;1928;100;021/2013;212013
19455;1928;100;4167/2012;41672012
19456;2016;100;021/2013;212013
19457;2016;100;4167/2012;41672012
19458;2096;100;021/2013;212013
19459;2096;100;4167/2012;41672012
19460;2097;100;021/2013;212013
19461;2097;100;4167/2012;41672012
19462;2093;100;021/2013;212013
19463;2093;100;4167/2012;41672012
19464;2094;100;021/2013;212013
19465;2094;100;4167/2012;41672012
19466;2095;100;021/2013;212013
19467;2095;100;4167/2012;41672012
19468;2023;100;021/2013;212013
19469;2023;100;4167/2012;41672012
19471;1989;49;AC45006;AC45006
19472;1989;100;021/2013;212013
19473;1989;100;4167/2012;41672012
19474;1992;100;021/2013;212013
19475;1992;100;4167/2012;41672012
19476;2026;100;021/2013;212013
19477;2026;100;4167/2012;41672012
19478;2027;100;021/2013;212013
19479;2027;100;4167/2012;41672012
19480;2031;100;021/2013;212013
19481;2031;100;4167/2012;41672012
19482;2076;100;021/2013;212013
19483;2076;100;4167/2012;41672012
19490;2003;100;021/2013;212013
19491;2003;100;4167/2012;41672012
19492;1998;100;021/2013;212013
19493;1998;100;4167/2012;41672012
19494;2259;100;021/2013;212013
19495;2259;100;4167/2012;41672012
19496;1934;100;021/2013;212013
19497;1934;100;4167/2012;41672012
19498;1993;100;021/2013;212013
19499;1993;100;4167/2012;41672012
19502;2061;100;021/2013;212013
19503;2061;100;4167/2012;41672012
19506;1937;100;021/2013;212013
19507;1937;100;4167/2012;41672012
19508;2080;100;021/2013;212013
19509;2080;100;4167/2012;41672012
19510;3214;100;021/2013;212013
19511;2062;100;021/2013;212013
19512;2062;100;4167/2012;41672012
19513;1933;100;021/2013;212013
19514;1933;100;4167/2012;41672012
19517;2092;100;021/2013;212013
19518;2092;100;4167/2012;41672012
19519;2017;100;021/2013;212013
19520;2017;100;4167/2012;41672012
19521;1945;100;021/2013;212013
19522;1945;100;4167/2012;41672012
19523;1947;100;021/2013;212013
19524;1947;100;4167/2012;41672012
19527;2034;100;021/2013;212013
19528;2034;100;4167/2012;41672012
19531;2075;100;021/2013;212013
19532;2075;100;4167/2012;41672012
19533;2045;100;021/2013;212013
19534;2045;100;4167/2012;41672012
19535;1938;100;021/2013;212013
19536;1938;100;4167/2012;41672012
19537;2085;100;021/2013;212013
19538;2085;100;4167/2012;41672012
19539;2086;100;021/2013;212013
19540;2086;100;4167/2012;41672012
19543;2043;100;021/2013;212013
19544;2043;100;4167/2012;41672012
19545;2063;100;021/2013;212013
19546;2063;100;4167/2012;41672012
19547;2041;100;021/2013;212013
19548;2041;100;4167/2012;41672012
19549;2054;100;021/2013;212013
19550;2054;100;4167/2012;41672012
19551;1960;48;70484;70484
19552;1960;49;AC45009;AC45009
19553;1960;100;021/2013;212013
19554;1960;100;4167/2012;41672012
19555;1911;100;021/2013;212013
19556;1911;100;4167/2012;41672012
19557;1912;100;021/2013;212013
19558;1912;100;4167/2012;41672012
19563;2032;100;021/2013;212013
19564;2032;100;4167/2012;41672012
19565;1943;100;021/2013;212013
19566;1943;100;4167/2012;41672012
19571;2082;100;021/2013;212013
19572;2082;100;4167/2012;41672012
19575;2028;100;021/2013;212013
19576;2028;100;4167/2012;41672012
19577;1939;100;021/2013;212013
19578;1939;100;4167/2012;41672012
19579;2038;100;021/2013;212013
19580;2038;100;4167/2012;41672012
19581;3963;100;021/2013;212013
19582;3963;100;4167/2012;41672012
19583;1884;100;021/2013;212013
19584;1884;100;4167/2012;41672012
19585;3962;100;021/2013;212013
19586;1887;100;021/2013;212013
19587;1887;100;4167/2012;41672012
19588;2040;100;021/2013;212013
19589;2040;100;4167/2012;41672012
19592;1926;100;021/2013;212013
19593;1926;100;4167/2012;41672012
19594;1935;100;021/2013;212013
19595;1935;100;4167/2012;41672012
19596;1888;100;021/2013;212013
19597;1888;100;4167/2012;41672012
19598;2541;100;021/2013;212013
19599;2541;100;4167/2012;41672012
19602;1967;100;021/2013;212013
19603;1967;100;4167/2012;41672012
19604;1970;100;021/2013;212013
19605;1970;100;4167/2012;41672012
19606;1972;100;021/2013;212013
19607;1972;100;4167/2012;41672012
19608;1969;100;021/2013;212013
19609;1969;100;4167/2012;41672012
19610;1974;31;A.958.323.0700;A9583230700
19611;1974;100;021/2013;212013
19612;1974;100;4167/2012;41672012
19613;1889;100;021/2013;212013
19614;1889;100;4167/2012;41672012
19615;3898;100;021/2013;212013
19616;2025;100;021/2013;212013
19617;2025;100;4167/2012;41672012
19618;3960;100;021/2013;212013
19619;3573;100;021/2013;212013
19620;3977;100;021/2013;212013
19622;3896;100;021/2013;212013
19623;3304;100;021/2013;212013
19624;3445;31;8C4518045AA;8C4518045AA
19625;3445;100;021/2013;212013
19626;3303;100;021/2013;212013
19627;2324;100;021/2013;212013
19628;2324;100;4167/2012;41672012
19631;3247;100;021/2013;212013
19632;3247;100;1956/2018;19562018
19633;3247;100;6979/2016;69792016
19634;3274;100;3541/2012;35412012
19635;3574;100;3541/2012;35412012
19636;3575;100;3541/2012;35412012
19637;3576;100;3541/2012;35412012
19638;3279;100;3541/2012;35412012
19639;3278;100;3541/2012;35412012
19640;3276;100;3541/2012;35412012
19641;3280;100;3541/2012;35412012
19642;3275;100;3541/2012;35412012
19643;3277;100;3541/2012;35412012
19644;4431;100;021/2013;212013
19645;4485;100;021/2013;212013
19646;4486;100;021/2013;212013
19647;4487;31;A9583263200;A9583263200
19648;4487;100;021/2013;212013
19649;4488;31;A9583263000;A9583263000
19650;4488;100;021/2013;212013
19651;5040;100;3541/2012;35412012
19652;5041;100;3541/2012;35412012
19653;5042;100;3541/2012;35412012
19654;5043;100;3541/2012;35412012
19655;5445;31;1854537;1854537
19656;5445;100;3541/2012;35412012
19657;5446;31;2031229;2031229
19658;5446;100;3541/2012;35412012
19659;5447;100;3541/2012;35412012
19660;5448;31;20585555;20585555
19661;5448;100;3541/2012;35412012
19662;5449;31;20585556;20585556
19663;5449;31;21232663;21232663
19664;5449;100;3541/2012;35412012
19667;5451;31;1944418;1944418
19668;5451;100;1956/2018;19562018
19669;5452;31;1944417;1944417
19670;5452;100;1956/2018;19562018
19671;5453;31;1618607;1618607
19672;5453;100;1956/2018;19562018
19673;5454;31;1547113;1547113
19674;5454;100;3541/2012;35412012
19675;5455;31;2V3513031;2V3513031
19676;5455;100;021/2013;212013
19677;5456;31;MG17036;MG17036
19678;654;48;334881MM;334881MM
19679;654;49;AP 225543;AP225543
19680;654;100;022/2013;222013
19681;654;100;4165/2012;41652012
19682;627;100;022/2013;222013
19683;627;100;4165/2012;41652012
19684;628;100;022/2013;222013
19685;628;100;4165/2012;41652012
19686;2341;100;3541/2012;35412012
19687;4053;100;021/2013;212013
19688;5458;31;21171975;21171975
19689;5458;31;22128971;22128971
19690;445;100;3541/2012;35412012
19691;477;100;3545/2012;35452012
19692;477;100;6934/2020;69342020
19693;62;48;334035MM;334035MM
19694;62;100;021/2013;212013
19695;62;100;1894/2013;18942013
19696;62;100;1956/2018;19562018
19697;62;100;4167/2012;41672012
19698;3;48;334110MM;334110MM
19699;3;100;021/2013;212013
19700;3;100;4167/2012;41672012
19701;455;100;021/2013;212013
19702;455;100;4167/2012;41672012
19703;607;48;334048MM;334048MM
19704;607;100;022/2013;222013
19705;607;100;4165/2012;41652012
19706;608;48;334048MM;334048MM
19707;608;100;022/2013;222013
19708;608;100;4165/2012;41652012
19709;632;48;334018MM;334018MM
19710;632;100;021/2013;212013
19711;632;100;4167/2012;41672012
19712;1980;48;37771;37771
19713;1980;49;AC30427;AC30427
19714;1980;100;021/2013;212013
19715;1980;100;4167/2012;41672012
19716;55;100;021/2013;212013
19717;55;100;4167/2012;41672012
19718;102;48;334917MM;334917MM
19719;102;100;021/2013;212013
19720;102;100;4167/2012;41672012
19721;73;100;021/2013;212013
19722;73;100;4167/2012;41672012
19723;67;48;334917MM;334917MM
19724;67;100;021/2013;212013
19725;67;100;4167/2012;41672012
19726;116;100;021/2013;212013
19727;116;100;4167/2012;41672012
19728;1981;48;38022;38022
19729;1981;49;AC30975;AC30975
19730;1981;100;021/2013;212013
19731;1981;100;1894/2013;18942013
19732;1981;100;1956/2018;19562018
19733;1981;100;4167/2012;41672012
19734;1981;100;6979/2016;69792016
19735;583;100;021/2013;212013
19736;583;100;4167/2012;41672012
19740;68;100;021/2013;212013
19741;68;100;4167/2012;41672012
19742;69;100;021/2013;212013
19743;69;100;4167/2012;41672012
19744;634;48;334763MM;334763MM
19745;634;100;021/2013;212013
19746;634;100;4167/2012;41672012
19747;327;100;021/2013;212013
19748;327;100;4167/2012;41672012
19749;609;100;022/2013;222013
19750;609;100;4167/2012;41672012
19751;74;100;021/2013;212013
19752;74;100;4167/2012;41672012
19753;610;100;022/2013;222013
19754;610;100;4165/2012;41652012
19755;645;100;021/2013;212013
19756;645;100;4167/2012;41672012
19757;635;48;334855MM;334855MM
19758;635;100;021/2013;212013
19759;635;100;1894/2013;18942013
19760;635;100;4167/2012;41672012
19761;658;48;334922MM;334922MM
19762;658;100;022/2013;222013
19763;658;100;4165/2012;41652012
19764;643;48;334921MM;334921MM
19765;643;100;022/2013;222013
19766;643;100;4165/2012;41652012
19767;331;100;021/2013;212013
19768;331;100;4167/2012;41672012
19769;3015;48;38072;38072
19770;3015;49;AC31159;AC31159
19771;98;100;021/2013;212013
19772;98;100;4167/2012;41672012
19773;117;100;021/2013;212013
19774;117;100;4167/2012;41672012
19775;3019;100;4167/2012;41672012
19776;123;100;021/2013;212013
19777;123;100;4167/2012;41672012
19778;2188;100;4165/2012;41652012
19779;3020;100;4167/2012;41672012
19780;99;48;334003MM;334003MM
19781;99;100;021/2013;212013
19782;99;100;4167/2012;41672012
19783;154;48;334041MM;334041MM
19784;154;100;021/2013;212013
19785;154;100;4167/2012;41672012
19786;92;48;334953MM;334953MM
19787;92;100;021/2013;212013
19788;92;100;4167/2012;41672012
19789;636;48;334037MM;334037MM
19790;636;100;021/2013;212013
19791;636;100;1894/2013;18942013
19792;636;100;4167/2012;41672012
19793;5;48;334061MM;334061MM
19794;5;100;021/2013;212013
19795;5;100;4167/2012;41672012
19796;6;100;021/2013;212013
19797;6;100;4167/2012;41672012
19798;471;50;3143292;3143292
19799;471;100;021/2013;212013
19800;471;100;4167/2012;41672012
19801;2187;100;4165/2012;41652012
19804;443;48;379062SP;379062SP
19805;443;100;021/2013;212013
19806;443;100;4167/2012;41672012
19807;444;100;021/2013;212013
19808;444;100;4167/2012;41672012
19809;545;100;022/2013;222013
19810;649;100;022/2013;222013
19811;649;100;4165/2012;41652012
19812;611;48;334056MM;334056MM
19813;611;100;022/2013;222013
19814;611;100;4165/2012;41652012
19815;612;48;334057MM;334057MM
19816;612;100;022/2013;222013
19817;612;100;4165/2012;41652012
19818;472;100;021/2013;212013
19819;472;100;4167/2012;41672012
19820;473;48;38152;38152
19821;613;48;334259MM;334259MM
19822;613;100;022/2013;222013
19823;613;100;4165/2012;41652012
19824;2184;100;4167/2012;41672012
19825;474;100;021/2013;212013
19826;474;100;4167/2012;41672012
19827;593;100;021/2013;212013
19828;593;100;4167/2012;41672012
19829;584;100;021/2013;212013
19830;584;100;4167/2012;41672012
19831;475;100;021/2013;212013
19832;475;100;4167/2012;41672012
19833;476;100;021/2013;212013
19834;476;100;4167/2012;41672012
19836;3242;100;3541/2012;35412012
19837;3443;100;3541/2012;35412012
19839;4826;31;21539730;21539730
19840;4826;31;3198849;3198849
19841;459;100;3541/2012;35412012
19842;459;100;3545/2012;35452012
19843;459;100;6934/2020;69342020
19844;446;100;3541/2012;35412012
19846;811;31;5U0-407-151-C;5U0407151C
19847;2417;58;VW1206BC;VW1206BC
19848;2417;31;1K0407152BC;1K0407152BC
19849;2418;58;VW1207BC;VW1207BC
19850;3324;80;BDJ0816;BDJ0816
19852;4184;49;NBJ1016D;NBJ1016D
19853;4185;49;NBJ1016E;NBJ1016E
19854;4253;58;VW-1238-B;VW1238B
19855;4253;49;NBJ1015D;NBJ1015D
19856;4253;80;BDJ9864;BDJ9864
19857;4254;58;VW-1239-B;VW1239B
19858;4254;49;NBJ1015E;NBJ1015E
19859;4254;80;BDJ9863;BDJ9863
19860;4581;58;VW-1252B;VW1252B
19861;4581;49;NBJ1018D;NBJ1018D
19862;4581;80;BDJ0868;BDJ0868
19863;4582;58;VW-1253B;VW1253B
19864;4582;49;NBJ1018E;NBJ1018E
19865;4582;80;BDJ0869;BDJ0869
19866;4698;58;VW-1208-ABC;VW1208ABC
19867;4698;49;NBJ1013D;NBJ1013D
19868;4699;58;VW-1209-ABC;VW1209ABC
19869;4699;49;NBJ1013E;NBJ1013E
19870;5089;58;VW 1204 B;VW1204B
19871;5089;31;5U0-407-152-B;5U0407152B
19872;5090;58;VW 1205 B;VW1205B
19873;5090;31;5U0-407-151-B;5U0407151B
19874;5091;58;VW 1204 B;VW1204B
19875;5091;49;NBJ1002DP;NBJ1002DP
19876;5091;31;5U0-407-152-B;5U0407152B
19877;5092;58;VW 1205 B;VW1205B
19878;5092;49;NBJ1002EP;NBJ1002EP
19879;5092;31;5U0-407-151-B;5U0407151B
19880;5100;58;VW 1250 B;VW1250B
19881;5100;49;NBJ1012D;NBJ1012D
19882;5100;80;BDJ0816;BDJ0816
19883;5101;58;VW 1251 B;VW1251B
19884;5101;49;NBJ1012E;NBJ1012E
19885;5101;80;BDJ0815;BDJ0815
19886;5095;58;VW1206BC;VW1206BC
19887;5095;49;NBJ1005D;NBJ1005D
19888;5095;31;1K0407151-BC;1K0407151BC
19889;5095;80;BDJ9866;BDJ9866
19890;5096;58;VW1207BC;VW1207BC
19891;5096;49;NBJ1005E;NBJ1005E
19892;5096;31;1K0407152-BC;1K0407152BC
19893;5096;80;BDJ9865;BDJ9865
19894;741;58;FI 195 AMGG;FI195AMGG
19895;741;49;NBJ4004E;NBJ4004E
19896;741;49;NBJ4012E;NBJ4012E
19897;741;31;51784488;51784488
19898;741;80;BDJ9001SP;BDJ9001SP
19899;741;80;BDJ9004SP;BDJ9004SP
19906;4748;58;FI-357-BC;FI357BC
19907;4748;49;NBJ4018E;NBJ4018E
19909;4749;58;FI-356-BC;FI356BC
19910;4749;49;NBJ4018D;NBJ4018D
19912;3670;49;NBJ4017D;NBJ4017D
19913;3671;49;NBJ4017E;NBJ4017E
19914;5097;58;FI194MGG;FI194MGG
19915;5097;80;BDJ9016;BDJ9016
19916;5098;58;FI195MGG;FI195MGG
19917;5098;80;BDJ9015;BDJ9015
19918;5099;58;FI-238-CGG;FI238CGG
19919;5099;58;FI-239-CGG;FI239CGG
19920;5099;49;NBJ4007;NBJ4007
19921;5099;31;51739235;51739235
19922;5099;80;BDJ0778;BDJ0778
19923;5099;80;BDJ0779;BDJ0779
19924;5094;58;FI-301C;FI301C
19925;5094;49;NBJ4011E;NBJ4011E
19926;5094;31;51.737.661BC L;51737661BCL
19927;5094;31;51705554;51705554
19928;5094;31;51737662;51737662
19929;5094;80;BDJ0735;BDJ0735
19930;5093;58;FI-302C;FI302C
19931;5093;49;NBJ4011D;NBJ4011D
19932;5093;31;51.737.662BC R;51737662BCR
19933;5093;31;51705553;51705553
19934;5093;31;51737661;51737661
19935;5093;80;BDJ0734;BDJ0734
19936;696;49;NBJ3018E;NBJ3018E
19937;714;49;NBJ3024E;NBJ3024E
19938;715;49;NBJ3024D;NBJ3024D
19940;718;49;NBJ3023D;NBJ3023D
19941;709;49;NBJ3027E;NBJ3027E
19942;710;49;NBJ3027D;NBJ3027D
19943;727;80;BDJ0377;BDJ0377
19944;728;80;BDJ0378;BDJ0378
19946;3426;49;NBJ3028E;NBJ3028E
19947;3427;49;NBJ3028D;NBJ3028D
19948;4079;58;GM-2302-B;GM2302B
19949;4079;49;NBJ3025E;NBJ3025E
19950;4079;80;BDJ0374;BDJ0374
19951;4078;58;GM-2303-B;GM2303B
19952;4078;49;NBJ3025D;NBJ3025D
19953;4078;80;BDJ0375;BDJ0375
19954;4696;58;GM-2341-BC;GM2341BC
19956;4696;31;39089342 LH;39089342LH
19957;4697;58;GM-2342-BC;GM2342BC
19959;5531;58;GM-2302-C;GM2302C
19960;5531;31;94540672;94540672
19961;5531;80;BDJ0374;BDJ0374
19962;5532;58;GM-2303-C;GM2303C
19963;5532;31;94540671;94540671
19964;5532;80;BDJ0375;BDJ0375
19965;5533;58;GM-2276-CGG;GM2276CGG
19966;5533;49;NBJ3016DP;NBJ3016DP
19967;5533;31;94940540;94940540
19968;5533;80;BDJ9854;BDJ9854
19969;5534;58;GM-2277-CGG;GM2277CGG
19970;5534;49;NBJ3016EP;NBJ3016EP
19971;5534;31;94940539;94940539
19972;5534;80;BDJ9855;BDJ9855
19973;767;49;NBJ2022DP;NBJ2022DP
19974;780;49;NBJ2022EP;NBJ2022EP
19975;773;58;FO 3169-GG;FO3169GG
19976;770;58;FO 3144-GG;FO3144GG
19978;763;80;BDJ0228;BDJ0228
19979;764;80;BDJ0229;BDJ0229
19980;3000;49;NBJ2030D;NBJ2030D
19981;3001;49;NBJ2030E;NBJ2030E
19984;4611;58;FO 3268 BC;FO3268BC
19985;4611;49;NBJ2014D;NBJ2014D
19986;4612;58;FO 3269 BC;FO3269BC
19987;4612;49;NBJ2014E;NBJ2014E
19988;4285;58;FO-3114-C;FO3114C
19989;4285;49;NBJ2028D;NBJ2028D
19990;4285;80;BDJ0260;BDJ0260
19991;4286;58;FO-3115-C;FO3115C
19992;4286;49;NBJ2028E;NBJ2028E
19993;4286;80;BDJ0261;BDJ0261
19998;5536;58;FO3195C;FO3195C
19999;5536;49;NBJ2027EP;NBJ2027EP
20000;5536;31;6E5Z3085BA;6E5Z3085BA
20001;5536;80;BDJ3195;BDJ3195
20006;5538;58;FO3195C;FO3195C
20007;5538;49;NBJ2027EP;NBJ2027EP
20008;5538;80;BDJ3195;BDJ3195
20009;5539;58;FO3248C;FO3248C
20010;5539;49;NBJ2016DP;NBJ2016DP
20011;5539;31;CN15-3042AB;CN153042AB
20012;5540;58;FO3247C;FO3247C
20013;5540;49;NBJ2016EP;NBJ2016EP
20014;5540;31;CN15-3051AB;CN153051AB
20015;3086;80;BDJ0428;BDJ0428
20016;3087;80;BDJ0427;BDJ0427
20017;3196;49;NBJ7010D;NBJ7010D
20018;3196;80;BDJ0422;BDJ0422
20019;3197;49;NBJ7010E;NBJ7010E
20020;3197;80;BDJ0421;BDJ0421
20021;4471;80;BDJ2048;BDJ2048
20022;4472;80;BDJ2047;BDJ2047
20023;4469;58;HD-13062-B;HD13062B
20024;4469;49;NBJ7012D;NBJ7012D
20025;4470;58;HD-13063-B;HD13063B
20026;4470;49;NBJ7012E;NBJ7012E
20027;4467;58;HD-18082-B;HD18082B
20028;4468;58;HD-18081-B;HD18081B
20029;5124;58;HD-13077-C;HD13077C
20030;5125;58;HD-13078-C;HD13078C
20031;5275;58;HD-13079-B;HD13079B
20032;793;49;NBJ5002EP;NBJ5002EP
20033;793;80;BRA2061;BRA2061
20034;737;58;CT60001A;CT60001A
20035;737;31;3520.J5;3520J5
20036;738;58;CT 6000 A;CT6000A
20037;795;58;PG-5012;PG5012
20039;800;49;NBJ6015E;NBJ6015E
20041;5541;49;NBJ6022E;NBJ6022E
20042;5541;31;4419215;4419215
20043;5541;31;8200688871;8200688871
20044;5541;80;BDJ0611;BDJ0611
20045;5542;49;NBJ6022D;NBJ6022D
20046;5542;31;4419216;4419216
20047;5542;31;8200688875;8200688875
20048;5542;80;BDJ0610;BDJ0610
20049;4609;58;RN 4100 B;RN4100B
20050;4609;49;NBJ6014E;NBJ6014E
20051;4609;80;BDJ0641;BDJ0641
20052;4610;58;RN 4101 B;RN4101B
20053;4610;49;NBJ6014D;NBJ6014D
20054;4610;80;BDJ0640;BDJ0640
20055;2138;49;NBJ6008E;NBJ6008E
20058;799;58;RN 4008 GG;RN4008GG
20060;4056;58;RN 4002 GG;RN4002GG
20061;4056;80;BDJ0766SP;BDJ0766SP
20064;4287;58;RN-4098-B;RN4098B
20065;4287;49;NBJ6016D;NBJ6016D
20066;4301;58;RN-4097-B;RN4097B
20067;4301;49;NBJ6016E;NBJ6016E
20068;5543;58;RN-4000-CGG;RN4000CGG
20069;5543;31;7700425228;7700425228
20070;5543;80;BDJ5228;BDJ5228
20074;5545;31;54501-4055R;545014055R
20075;5545;80;BDJ9870;BDJ9870
20078;3103;49;NBJ7011DP;NBJ7011DP
20079;3104;49;NBJ7011EP;NBJ7011EP
20080;4186;49;NBJ7020D;NBJ7020D
20081;4187;49;NBJ7020E;NBJ7020E
20082;4852;49;NBJ7017DP;NBJ7017DP
20083;4852;31;48068-0K090;480680K090
20084;4853;49;NBJ7017EP;NBJ7017EP
20085;4853;31;48069-0K090;480690K090
20086;3004;49;NBJ6012EP;NBJ6012EP
20087;3005;49;NBJ6012DP;NBJ6012DP
20088;4089;49;NBJ6013DP;NBJ6013DP
20089;4089;80;BDJ3300;BDJ3300
20090;4090;49;NBJ6013EP;NBJ6013EP
20091;4090;80;BDJ3301;BDJ3301
20092;4465;58;NS-21036-B;NS21036B
20093;4465;80;BDJ3309;BDJ3309
20094;4466;58;NS-21035-B;NS21035B
20095;4466;80;BDJ3308;BDJ3308
20096;5547;58;NS21032C;NS21032C
20097;5547;49;NBJ6003DP;NBJ6003DP
20098;5547;31;54501-9KS1B;545019KS1B
20099;5547;80;BDJ2046;BDJ2046
20100;5548;58;NS21031C;NS21031C
20101;5548;49;NBJ6003EP;NBJ6003EP
20102;5548;31;54500-9KS1B;545009KS1B
20103;5548;80;BDJ2045;BDJ2045
20104;3062;58;AK-8077-B;AK8077B
20105;3062;80;BDJ2129;BDJ2129
20106;3063;58;AK-8079-B;AK8079B
20107;3063;80;BDJ2128;BDJ2128
20108;3008;49;NBJ9004EP;NBJ9004EP
20109;3009;49;NBJ9004DP;NBJ9004DP
20110;3495;49;NBJ8008DP;NBJ8008DP
20111;3496;49;NBJ8008EP;NBJ8008EP
20112;3789;31;544104F010;544104F010
20113;4850;58;HY-9868-B;HY9868B
20114;4851;58;HY-9869-B;HY9869B
20115;4461;58;AK-8056-B;AK8056B
20116;4461;80;BDJ2508;BDJ2508
20117;4462;58;AK-8055-B;AK8055B
20118;4462;80;BDJ2507;BDJ2507
20119;5549;58;LR-35008-BC;LR35008BC
20120;5549;31;LR007206;LR007206
20121;5550;58;LR-35007-BC;LR35007BC
20122;5550;31;LR007205;LR007205
20123;5551;49;NBJ9011D;NBJ9011D
20124;5551;31;LR007206;LR007206
20125;5552;49;NBJ9011E;NBJ9011E
20126;5552;31;LR007205;LR007205
20127;4463;58;MIT-17036-B;MIT17036B
20128;4463;49;NBJ9010D;NBJ9010D
20129;4463;80;BDJ7171;BDJ7171
20130;4464;58;MIT-17040-B;MIT17040B
20131;4464;49;NBJ9010E;NBJ9010E
20132;4464;80;BDJ7170;BDJ7170
20133;4920;58;MT-17030-B;MT17030B
20134;4920;49;NBJ9002D;NBJ9002D
20135;4920;80;BDJ2038;BDJ2038
20136;4921;58;MT-17029-B;MT17029B
20137;4921;49;NBJ9002E;NBJ9002E
20138;4921;80;BDJ2039;BDJ2039
20139;5553;31;4010A148;4010A148
20140;5554;31;4010A147;4010A147
20141;5555;31;4013A472;4013A472
20142;5556;31;4013A471;4013A471
20143;4288;58;JP-23018-B;JP23018B
20144;4288;58;JP-23019-B;JP23019B
20145;4288;49;NBJ4015D/E;NBJ4015DE
20146;5557;31;519 39 960 LH;51939960LH
20147;5557;31;521 15 396 LH;52115396LH
20148;5558;31;519 59 809 RH;51959809RH
20149;5558;31;521 13 908 RH;52113908RH
20150;3876;58;CT6002AB;CT6002AB
20151;3876;49;NBJ5004D;NBJ5004D
20152;3876;31;9802102980;9802102980
20154;3877;58;CT6003AB;CT6003AB
20155;3877;49;NBJ5004E;NBJ5004E
20156;3877;80;BDJ0207SP;BDJ0207SP
20157;5120;58;CT6002-C;CT6002C
20158;5120;80;BDJ2204;BDJ2204
20159;5121;58;CT6003-C;CT6003C
20160;5121;31;9800318480;9800318480
20161;5121;80;BDJ2203;BDJ2203
20162;5122;58;CT6002M-C;CT6002MC
20163;5122;80;BDJ0904;BDJ0904
20164;5123;58;CT6003M-C;CT6003MC
20165;5123;31;3521S2;3521S2
20166;5123;80;BDJ0903;BDJ0903
20167;56;100;021/2013;212013
20168;56;100;4167/2012;41672012
20169;637;48;334451MM;334451MM
20170;637;100;021/2013;212013
20171;637;100;4167/2012;41672012
20172;145;100;021/2013;212013
20173;145;100;4167/2012;41672012
20174;80;48;334054MM;334054MM
20175;80;100;021/2013;212013
20176;80;100;4167/2012;41672012
20177;659;48;334148MM;334148MM
20178;659;100;022/2013;222013
20179;659;100;4165/2012;41652012
20180;660;100;022/2013;222013
20181;660;100;4165/2012;41652012
20182;478;48;379153SP;379153SP
20183;478;49;AC 311554;AC311554
20184;478;100;021/2013;212013
20185;478;100;3541/2012;35412012
20186;478;100;4167/2012;41672012
20187;2515;49;N1026;N1026
20188;2515;100;3362/2015;33622015
20189;2516;49;N141;N141
20190;2516;100;3362/2015;33622015
20191;2633;49;N163;N163
20192;2633;100;3362/2015;33622015
20193;2517;49;N1047;N1047
20194;2517;100;3362/2015;33622015
20195;2631;100;3362/2015;33622015
20196;2631;54;BLS3532;BLS3532
20197;2634;49;N137;N137
20198;2634;100;3362/2015;33622015
20199;2632;49;N1045;N1045
20200;2632;100;3362/2015;33622015
20201;2632;54;BLS3830;BLS3830
20202;4047;80;BRA3520;BRA3520
20203;4047;53;VKY6176;VKY6176
20204;4047;54;32826029S;32826029S
20205;3810;80;BRP0461;BRP0461
20206;3810;53;VKY6175;VKY6175
20207;1526;58;HD-13018-A;HD13018A
20208;1526;62;40007;40007
20209;1526;62;40260;40260
20210;1527;58;HD-13019-A;HD13019A
20211;1527;59;SK 4897;SK4897
20212;2307;63;531.2691;5312691
20213;2307;63;531.2711;5312711
20214;2307;62;40261;40261
20215;2307;54;JTSB0089;JTSB0089
20216;3881;63;LT60442;LT60442
20217;3881;62;40101;40101
20218;1529;59;SK 7060;SK7060
20219;3422;62;50986;50986
20220;3423;62;50987;50987
20221;1537;63;531.2814;5312814
20222;1538;63;531.2838;5312838
20223;1542;63;531.2156;5312156
20224;1543;63;531.2155;5312155
20225;2374;63;031.2679;312679
20226;2374;62;10500;10500
20227;2469;63;531.2706;5312706
20228;2469;62;50374;50374
20229;2469;54;JTSB0038;JTSB0038
20230;2470;63;LT60431;LT60431
20231;2470;62;50855;50855
20232;2470;49;N 96048;N96048
20233;2470;59;SK1225;SK1225
20235;3166;62;10067;10067
20236;3166;62;50435;50435
20237;3166;62;50480;50480
20238;3166;49;N 99263;N99263
20239;3166;54;JTSB0195;JTSB0195
20240;1559;49;N 93001;N93001
20241;1561;49;N 93076;N93076
20242;2276;63;531.2685;5312685
20243;2276;62;30003;30003
20244;2276;59;SK 3228;SK3228
20245;2276;59;SK 3248;SK3248
20246;2276;54;JSTB0081;JSTB0081
20247;2276;54;JTSB0004;JTSB0004
20248;2277;63;531.2696;5312696
20249;2277;62;30004;30004
20250;2277;54;JSTB0082;JSTB0082
20251;3919;63;LT60444;LT60444
20252;3919;62;30654;30654
20254;3790;63;LT60447;LT60447
20255;3790;49;N93074;N93074
20256;2471;63;531.2692;5312692
20257;2471;62;30001;30001
20258;2471;54;JTSB0080;JTSB0080
20259;2472;63;531.2693;5312693
20260;2472;62;30002;30002
20261;2472;54;JTSB0079;JTSB0079
20262;3578;63;531.2841;5312841
20263;3578;62;30656;30656
20264;3578;59;SK3247;SK3247
20265;3579;63;531.2842;5312842
20266;3579;62;30655;30655
20267;3579;59;SK3246;SK3246
20268;3149;63;531.2701;5312701
20269;3149;62;30213;30213
20270;3149;59;SK3237;SK3237
20271;3149;54;JTSB0084;JTSB0084
20272;3148;63;531.2700;5312700
20273;3148;62;30212;30212
20274;3148;59;SK3236;SK3236
20275;3148;54;JTSB0083;JTSB0083
20276;3164;61;001327-0;13270
20279;3165;61;001326-0;13260
20281;3504;62;30705;30705
20282;3505;62;30706;30706
20283;1564;63;531.2843;5312843
20284;1568;63;531.2826;5312826
20285;1570;59;SK2526;SK2526
20286;1575;59;SK2533;SK2533
20287;3216;59;SK 2543;SK2543
20288;2278;63;531.2705;5312705
20289;2278;62;20600;20600
20290;2278;54;JTSC0058;JTSC0058
20291;2310;63;531.2683;5312683
20292;2310;62;20112;20112
20293;2310;59;SK 2566;SK2566
20294;2311;62;20261;20261
20295;2311;54;JTSB0061;JTSB0061
20296;2312;62;20262;20262
20297;2312;54;JTSB0060;JTSB0060
20298;2313;62;20264;20264
20299;2313;59;SK2540;SK2540
20300;2313;54;JTSB0059;JTSB0059
20301;2475;63;LT60450;LT60450
20302;2475;62;20113;20113
20303;2475;49;N 92061;N92061
20304;2475;54;JTSB0063;JTSB0063
20305;2476;63;531.2712;5312712
20306;2476;62;20602;20602
20307;2476;59;SK 3228;SK3228
20308;3301;63;LT60432;LT60432
20309;3301;62;20114;20114
20310;5159;59;SK3228;SK3228
20311;1580;59;SK 2563;SK2563
20312;1581;63;531.2825;5312825
20313;1581;62;20640;20640
20314;1582;49;N 93032;N93032
20315;2473;63;531.2694;5312694
20316;2473;62;20110;20110
20317;2473;54;JTSB0065;JTSB0065
20318;2474;63;531.2695;5312695
20319;2474;62;20111;20111
20320;2474;54;JTSB0064;JTSB0064
20321;1586;54;JTSB0099;JTSB0099
20322;1587;63;531.2193;5312193
20323;1589;49;N 99006;N99006
20324;1590;62;50360;50360
20325;1590;59;SK8412;SK8412
20326;1590;54;JTSB0102;JTSB0102
20327;1591;62;50359;50359
20328;1591;59;SK8413;SK8413
20329;1591;54;SK8413;SK8413
20330;1592;63;531.2680;5312680
20331;1592;54;JTSB0106;JTSB0106
20332;4438;59;SK 8460;SK8460
20333;4439;59;SK 8461;SK8461
20334;4440;54;JTSB0203;JTSB0203
20335;4441;54;JTSB0202;JTSB0202
20336;4661;59;SK 8515;SK8515
20337;1594;61;001706-0;17060
20338;1595;61;001705-0;17050
20339;1596;63;531.2260;5312260
20340;1596;62;50362;50362
20341;1596;49;N 99131;N99131
20342;1596;59;SK8414;SK8414
20343;1596;54;JTSB0105;JTSB0105
20344;1597;63;531.2259;5312259
20345;1597;62;50361;50361
20346;1597;59;SK8415;SK8415
20347;1597;54;JTSB0104;JTSB0104
20348;2477;62;50378;50378
20349;2477;54;JTSB0110;JTSB0110
20350;2478;62;50378;50378
20351;2478;54;JTSB0111;JTSB0111
20352;3151;62;50376;50376
20353;3151;59;SK 8408;SK8408
20354;3150;62;50377;50377
20355;3150;59;SK 8409;SK8409
20356;3233;54;JTSB0200;JTSB0200
20357;3234;54;JTSB0201;JTSB0201
20358;3580;63;LT60003;LT60003
20359;3580;62;50881;50881
20360;3581;63;LT60004;LT60004
20361;3581;62;50882;50882
20362;1602;59;SK 8006;SK8006
20363;1603;59;SK 8015;SK8015
20364;1605;62;50174;50174
20365;1607;62;50130;50130
20366;3658;62;50466;50466
20367;3658;49;N 99037;N99037
20368;3658;54;JTSB0189;JTSB0189
20369;4442;62;50468;50468
20370;1615;63;531.2704;5312704
20371;1615;62;50411;50411
20372;1616;62;50350;50350
20373;2279;63;531.2710;5312710
20374;2279;63;531.2822;5312822
20375;2279;63;531.2845;5312845
20376;2279;62;50470;50470
20377;2280;63;031.2688;312688
20378;2280;62;50469;50469
20379;2280;54;JTSB0135;JTSB0135
20380;2482;62;50471;50471
20381;2482;59;SK 8064;SK8064
20382;2482;54;JTSB0137;JTSB0137
20384;1618;59;SK 8050;SK8050
20385;1619;62;50430;50430
20386;1620;59;SK 8047;SK8047
20387;3908;62;50895;50895
20388;3909;62;50937;50937
20389;1627;62;50424;50424
20390;1627;54;JTSB0146;JTSB0146
20391;1628;62;50425;50425
20392;1628;54;JTSB0147;JTSB0147
20393;1629;59;SK 8428;SK8428
20394;1630;63;531.2690;5312690
20395;1630;62;50357;50357
20396;1631;63;531.2689;5312689
20397;1631;62;50356;50356
20402;2480;62;50871;50871
20403;2480;59;SK 8528;SK8528
20404;2480;54;JTSB0151;JTSB0151
20405;3582;63;LT60453;LT60453
20406;3582;62;50872;50872
20407;3582;59;SK 8525;SK8525
20408;3622;62;50475;50475
20409;3622;59;SK 8469;SK8469
20410;4083;62;50416;50416
20411;4083;59;SK 8440;SK8440
20412;4084;62;50415;50415
20413;4084;59;SK 8439;SK8439
20414;4220;62;50417;50417
20415;4220;59;SK 8441;SK8441
20416;4443;49;N 99486;N99486
20417;4443;31;4880-02130;488002130
20418;4225;49;N 99487;N99487
20419;4225;59;SK 8524;SK8524
20423;1635;62;50421;50421
20424;1637;59;SK 8032;SK8032
20425;3500;62;50166;50166
20426;3500;49;NB99341;NB99341
20427;3500;59;SK 8037;SK8037
20428;3499;62;50165;50165
20429;3499;49;NB99342;NB99342
20430;3499;59;SK 8036;SK8036
20431;3501;54;JTSB0193;JTSB0193
20432;1640;63;531.2847;5312847
20433;3920;62;50417;50417
20434;3920;59;SK 8046;SK8046
20435;1643;63;531.2823;5312823
20436;3502;62;50187;50187
20437;3502;59;SK 8235;SK8235
20438;3503;62;50188;50188
20439;3503;59;SK 8234;SK8234
20442;1648;63;531.2844;5312844
20443;1648;62;50402;50402
20444;2635;63;531.2835;5312835
20445;2635;62;50358;50358
20446;2635;54;JTSB0172;JTSB0172
20447;1649;63;531.2703;5312703
20448;1649;62;50401;50401
20449;1649;54;JTSB0173;JTSB0173
20450;3420;63;531.2852;5312852
20451;3420;62;50463;50463
20452;3420;54;JTSB0176;JTSB0176
20453;3421;63;531.2853;5312853
20454;3421;62;50464;50464
20455;3421;54;JTSB0175;JTSB0175
20456;3283;63;531.2836;5312836
20457;3283;63;531.2851;5312851
20458;3283;62;50400;50400
20459;3283;49;N 99469;N99469
20460;3921;63;531.2697;5312697
20461;3921;63;531.2713;5312713
20462;3921;62;50462;50462
20463;3921;62;50706;50706
20464;3921;49;N99181;N99181
20465;3921;59;SK8443;SK8443
20466;3921;54;JTSB0174;JTSB0174
20467;1651;63;531.2849;5312849
20468;1651;62;50363;50363
20469;1652;62;50984;50984
20470;1653;59;SK 8208;SK8208
20471;1654;59;SK8200;SK8200
20472;1656;63;531.2839;5312839
20473;1656;59;SK8221;SK8221
20474;1657;63;531.2840;5312840
20475;1658;63;531.2702;5312702
20476;1658;63;531.2708;5312708
20477;3227;62;50861;50861
20478;3227;49;N99400;N99400
20479;3227;59;SK 8239;SK8239
20480;4222;62;50442;50442
20482;1660;54;JTSB0163;JTSB0163
20483;3146;62;50204;50204
20484;3146;59;SK 8206;SK8206
20485;3147;62;50205;50205
20486;3147;59;SK 8205;SK8205
20487;3144;63;531.2714;5312714
20488;3144;63;531.2854;5312854
20489;3144;62;50859;50859
20490;3144;54;JTSB0198;JTSB0198
20491;3145;63;531.2715;5312715
20492;3145;63;531.2854;5312854
20493;3145;62;50860;50860
20494;3145;54;JTSB0197;JTSB0197
20495;1662;59;SK 7029;SK7029
20496;1663;59;SK 7012;SK7012
20497;1665;63;531.2818;5312818
20498;1665;62;50447;50447
20499;1665;54;JTSB0118;JTSB0118
20500;1666;63;531.2819;5312819
20501;1666;62;50448;50448
20502;1666;54;JTSB0117;JTSB0117
20503;1667;63;531.2821;5312821
20504;1667;62;50708;50708
20505;1667;54;JTSB0120;JTSB0120
20506;1668;63;531.2820;5312820
20507;1668;62;50707;50707
20508;1668;54;JTSB0119;JTSB0119
20509;3235;62;50705;50705
20510;3235;59;SK 8251;SK8251
20511;3621;63;531.2681;5312681
20512;3621;63;531.2707;5312707
20513;3621;63;531.2837;5312837
20514;3621;62;50440;50440
20515;3621;59;SK 8256;SK8256
20516;3497;62;50383;50383
20517;3497;49;N 99294;N99294
20518;3497;59;SK 8529;SK8529
20519;3583;63;LT60439;LT60439
20520;3583;62;50713;50713
20521;3583;54;JTS1096;JTS1096
20522;3665;63;LT60446;LT60446
20523;3665;62;50873;50873
20524;3665;54;JTSB0199;JTSB0199
20525;3883;62;50447;50447
20526;3884;62;50446;50446
20527;3236;62;50431;50431
20528;3237;62;50432;50432
20529;3666;59;SK 8262;SK8262
20530;3667;59;SK 8261;SK8261
20531;3885;59;SK 8465;SK8465
20532;3249;63;531.2850;5312850
20533;3249;49;N 99336;N99336
20534;3249;49;N 99502;N99502
20535;1671;63;531.2827;5312827
20536;1672;62;50196;50196
20537;1673;62;50195;50195
20538;2308;63;531.2698;5312698
20539;2308;62;50398;50398
20540;2308;54;JTSB0169;JTSB0169
20541;2309;63;531.2699;5312699
20542;2309;62;50399;50399
20543;2309;54;JTSB0001;JTSB0001
20544;2309;54;JTSB0170;JTSB0170
20545;4221;63;531.2856;5312856
20546;1622;59;SK 8411;SK8411
20547;1622;54;JTS7663;JTS7663
20548;3610;63;531.2831;5312831
20549;3610;62;50395;50395
20550;3610;49;N 99289;N99289
20551;3610;59;SK 8479;SK8479
20552;3611;63;531.2832;5312832
20553;3611;62;50394;50394
20554;3611;49;N 99290;N99290
20555;3611;59;SK 8480;SK8480
20556;3418;62;50396;50396
20557;3419;62;50397;50397
20558;3902;62;50459;50459
20559;3902;59;SK 8463;SK8463
20560;3903;62;50459;50459
20561;4224;62;50313;50313
20562;4224;59;SK 8462;SK8462
20563;3254;63;LT60000;LT60000
20564;3254;63;LT60001;LT60001
20565;3254;62;10812;10812
20566;3254;62;50887;50887
20567;3254;59;SK 8057;SK8057
20568;3254;54;JTS1372;JTS1372
20569;3255;63;LT60002;LT60002
20570;3255;62;50888;50888
20571;3255;59;SK 8058;SK8058
20572;2392;62;40024;40024
20573;2392;54;JTSB0088;JTSB0088
20574;5559;31;2901710U8910;2901710U8910
20575;4456;114;2039;2039
20576;4427;114;2040;2040
20577;4316;114;2037;2037
20578;4317;114;2038;2038
20579;4874;60;MB3032;MB3032
20580;4874;59;4012;4012
20581;5254;114;2049;2049
20582;4147;114;2058;2058
20583;1675;114;553;553
20584;1676;114;661;661
20585;1677;114;654;654
20586;1678;114;662;662
20587;1680;114;550;550
20588;1681;114;664;664
20589;1682;114;685;685
20590;1683;114;660;660
20591;1684;114;649;649
20592;1684;49;NB11005;NB11005
20593;1685;114;544;544
20594;1685;114;652;652
20595;1686;114;551;551
20596;1687;114;652;652
20597;1688;114;653;653
20598;1689;114;698;698
20599;3795;63;011.1249;111249
20601;3795;60;MB9006;MB9006
20602;3795;59;4882;4882
20603;3795;65;V1360;V1360
20604;1690;114;506;506
20605;1691;114;541;541
20606;1692;114;574;574
20607;4242;114;2059;2059
20608;4243;114;2060;2060
20609;4148;114;832;832
20610;4428;114;5528;5528
20611;4149;114;892;892
20612;5609;31;51713088;51713088
20613;5610;31;46836605;46836605
20614;1693;114;707;707
20615;1693;49;NB14001;NB14001
20616;1694;114;745;745
20617;1695;114;789;789
20618;1696;114;831;831
20619;4150;63;LT80259;LT80259
20620;4150;114;5523;5523
20621;4150;60;MB 4476;MB4476
20622;4150;31;51939753;51939753
20623;4151;114;5524;5524
20624;4151;60;MB 4477;MB4477
20625;4151;31;51939754;51939754
20626;1697;114;702;702
20627;1698;114;703;703
20628;1699;114;319;319
20629;1700;114;336;336
20630;1701;114;376;376
20631;1702;114;377;377
20632;1703;114;378;378
20633;1704;114;462;462
20634;3925;63;011.0894;110894
20635;3925;114;460;460
20636;3925;60;MB1136;MB1136
20637;3925;59;3003;3003
20638;3925;65;G1185;G1185
20639;3924;63;011.0895;110895
20641;3924;60;MB1135;MB1135
20642;3924;59;3001;3001
20643;3924;65;G1200;G1200
20644;3922;63;012.1262;121262
20645;3922;114;455;455
20646;3922;60;MB1139;MB1139
20647;3922;59;3202;3202
20648;3922;65;G1225;G1225
20649;3923;63;012.0890;120890
20650;3923;114;467;467
20651;3923;60;MB1140;MB1140
20652;3923;59;3204;3204
20653;3923;65;G1215;G1215
20654;4792;63;LT80016;LT80016
20655;4792;60;MB 1210;MB1210
20656;4792;59;3138;3138
20658;1706;114;316;316
20659;1707;114;317;317
20660;1708;114;322;322
20661;1709;114;388;388
20662;1710;114;419;419
20663;1711;114;499;499
20664;3431;114;3052;3052
20665;3431;60;MB 1258;MB1258
20666;3872;114;3040;3040
20667;5188;114;270;270
20668;5255;114;278;278
20669;5255;60;MB2290;MB2290
20670;5255;59;2797;2797
20671;5612;31;8V513063AA;8V513063AA
20672;1712;114;164;164
20673;1713;114;154;154
20674;1714;114;156;156
20675;1715;114;106;106
20676;1716;114;151;151
20677;1717;114;137;137
20678;1719;114;157;157
20679;1720;114;158;158
20680;1721;114;227;227
20681;1722;114;200;200
20682;1723;114;200;200
20683;1725;114;216;216
20684;1726;114;601;601
20685;1727;114;601;601
20686;1729;114;152;152
20687;2302;114;227;227
20688;3781;63;011.1524;111524
20689;3781;114;228;228
20690;3781;66;100138;100138
20691;3781;60;2223;2223
20692;3781;59;2733;2733
20693;1730;114;139;139
20694;1731;114;133;133
20695;1732;114;603;603
20696;1733;114;198;198
20697;1734;114;198;198
20698;1735;114;9047;9047
20699;4454;114;9225;9225
20700;5113;60;MB6000;MB6000
20701;5113;59;8316;8316
20702;5256;60;MB6076;MB6076
20703;1736;114;951;951
20704;1737;114;952;952
20705;5114;60;MB9371;MB9371
20706;5114;59;8198;8198
20707;5613;31;8200723751;8200723751
20708;5115;60;MB763;MB763
20709;5115;59;8293;8293
20710;5614;31;486540K050;486540K050
20711;5615;31;486320K050;486320K050
20712;5616;31;486550K110;486550K110
20713;5617;31;486540K110;486540K110
20714;4733;60;MB7014;MB7014
20715;4255;114;5419;5419
20716;4455;114;5425;5425
20717;4166;114;5404;5404
20718;4256;114;5405;5405
20719;4318;114;5426;5426
20720;3549;100;021/2013;212013
20721;3024;31;A9794600066;A9794600066
20722;3326;116;HFCD01;HFCD01
20723;3328;116;HFCD81;HFCD81
20724;3329;116;HFCD81A;HFCD81A
20725;3330;116;HFCT81;HFCT81
20726;3331;116;HFCT86B;HFCT86B
20727;3332;116;HFCT86A;HFCT86A
20728;3333;116;HFCT87;HFCT87
20729;3334;116;HFCD86;HFCD86
20730;3335;116;HFCT03;HFCT03
20731;3336;116;HFCT87A;HFCT87A
20732;3337;116;HFCD80;HFCD80
20733;4489;116;HFCT08A;HFCT08A
20734;4489;49;NKF8169;NKF8169
20735;4622;116;HFCT83;HFCT83
20736;4623;116;HFCD87;HFCD87
20737;5560;116;HFCD90;HFCD90
20738;5560;76;AL-574;AL574
20739;5560;49;NKF8212;NKF8212
20740;5560;31;2H0407615B;2H0407615B
20741;4134;116;HFCT08B;HFCT08B
20742;4302;116;HFCD83A;HFCD83A
20743;3338;116;HFCT31;HFCT31
20744;3341;116;HFCD680;HFCD680
20745;3342;116;HFCD42;HFCD42
20746;3343;116;HFCD30;HFCD30
20747;3344;116;HFCD38;HFCD38
20748;3345;116;HFCD31;HFCD31
20749;3346;116;HFCD33;HFCD33
20750;3347;116;HFCD34;HFCD34
20751;3348;116;HFCT44A;HFCT44A
20752;3349;116;HFCT37;HFCT37
20753;3350;116;HFCT33;HFCT33
20754;3352;116;HFCT44;HFCT44
20755;3353;116;HFCT32;HFCT32
20756;3354;116;HFCD31A;HFCD31A
20757;3357;116;HFCT38;HFCT38
20758;4303;116;HFCT42;HFCT42
20759;4705;116;HFCT36;HFCT36
20760;4705;76;AL-607;AL607
20761;4705;49;NKF8086;NKF8086
20762;4705;31;7769902;7769902
20763;4624;116;HFCD43;HFCD43
20764;4120;116;HFCT37B;HFCT37B
20765;4720;116;HFCT43;HFCT43
20766;4720;76;AL-623;AL623
20767;4720;49;NKF8104;NKF8104
20768;4720;31;1333113080;1333113080
20769;4121;116;HFCT37A;HFCT37A
20770;4135;116;HFCD42A;HFCD42A
20771;5144;116;HFCT680;HFCT680
20772;5144;76;AL-936;AL936
20773;5264;116;HFCT45;HFCT45
20774;5264;49;NKF8191;NKF8191
20775;5265;116;HFCT45A;HFCT45A
20776;4122;116;HFCD42B;HFCD42B
20777;3358;116;HFCD20;HFCD20
20778;3359;116;HFCD23B;HFCD23B
20779;3360;116;HFCD23;HFCD23
20780;3361;116;HFCT26;HFCT26
20781;3362;116;HFCT25;HFCT25
20782;3363;116;HFCT26A;HFCT26A
20783;3364;116;HFCT23E;HFCT23E
20784;3365;116;HFCD26B;HFCD26B
20785;3366;116;HFCD26C;HFCD26C
20786;3367;116;HFCD25B;HFCD25B
20787;3368;116;HFCD26D;HFCD26D
20788;3369;116;HFCD21B;HFCD21B
20789;3370;116;HFCD50A;HFCD50A
20790;3371;116;HFCD50;HFCD50
20791;3372;116;HFCD21A;HFCD21A
20792;4625;116;HFCT26B;HFCT26B
20793;5266;116;HFCD21E;HFCD21E
20794;5266;49;NKF8185;NKF8185
20795;5267;116;HFCD21F;HFCD21F
20796;5267;49;NKF8186;NKF8186
20797;5268;116;HFCD21G;HFCD21G
20798;5268;49;NKF8187;NKF8187
20799;4136;116;HFCD51;HFCD51
20800;4491;116;HFCT51A;HFCT51A
20801;4137;116;HFCT51;HFCT51
20802;4138;116;HFCD51A;HFCD51A
20803;4123;116;HFCD25;HFCD25
20804;3374;116;HFCD11;HFCD11
20805;3375;116;HFCD15;HFCD15
20806;3376;116;HFCT18G;HFCT18G
20807;3377;116;HFCD16E;HFCD16E
20808;3378;116;HFCD18F;HFCD18F
20809;3379;116;HFCD16D;HFCD16D
20810;3380;116;HFCT18A;HFCT18A
20811;3381;116;HFCD16C;HFCD16C
20812;3383;116;HFCD10A;HFCD10A
20813;3384;116;HFCT15G;HFCT15G
20814;3385;116;HFCD4000B;HFCD4000B
20815;4638;116;HFCD15F;HFCD15F
20816;4639;116;HFCT18C;HFCT18C
20817;5131;116;HFCT19;HFCT19
20818;5131;76;AL-555;AL555
20819;5269;49;NKF8193;NKF8193
20820;5561;31;EC352B 663AB;EC352B663AB
20821;5562;76;AL-201;AL201
20822;5562;31;EC352B 663BA;EC352B663BA
20823;4124;116;HFCD4000D;HFCD4000D
20824;4642;116;HFCT19A;HFCT19A
20825;4706;116;HFCD18B;HFCD18B
20826;4706;76;AL-554;AL554
20827;4706;49;NKF8129;NKF8129
20828;4706;31;BE8Z1104A;BE8Z1104A
20829;3386;116;HFCT700D;HFCT700D
20830;3387;116;HFCT703C;HFCT703C
20831;3389;116;HFCT703B;HFCT703B
20832;3390;116;HFCT700B;HFCT700B
20833;3392;116;HFCT708;HFCT708
20834;4125;116;HFCT700A;HFCT700A
20835;4627;116;HFCT703D;HFCT703D
20836;4628;116;HFCD713;HFCD713
20837;5270;49;NKF8194;NKF8194
20838;5563;76;AL-579;AL579
20839;5563;49;NKF8195;NKF8195
20840;5563;31;42200STK951;42200STK951
20841;5563;31;42200SWNP01;42200SWNP01
20842;5271;116;HFCT713;HFCT713
20843;5271;49;NKF8196;NKF8196
20844;5272;49;NKF8198;NKF8198
20845;5564;116;HFCD703B;HFCD703B
20846;5564;76;AL-123;AL123
20847;5564;49;NKF8197;NKF8197
20848;5564;31;44600T5NM01;44600T5NM01
20849;4139;116;HFCD700A;HFCD700A
20850;4126;116;HFCD703A;HFCD703A
20851;4140;116;HFCD708;HFCD708
20852;3394;116;HFCD247;HFCD247
20853;3396;116;HFCT699B;HFCT699B
20854;5145;76;AL-970;AL970
20855;3397;116;HFCD706;HFCD706
20856;3399;116;HFCT842;HFCT842
20857;4643;116;HFCD571;HFCD571
20858;4644;116;HFCD843A;HFCD843A
20859;5146;116;HFCT843;HFCT843
20860;5146;76;AL-992;AL992
20861;5146;49;NKF8211;NKF8211
20862;4127;116;HFCD232;HFCD232
20863;4128;116;HFCD843;HFCD843
20864;4129;116;HFCD570;HFCD570
20865;4130;116;HFCD572;HFCD572
20866;3400;116;HFCT507B;HFCT507B
20867;3402;116;HFCT507A;HFCT507A
20868;3403;116;HFCT507C;HFCT507C
20869;4492;116;HFCT519;HFCT519
20870;4493;116;HFCD500C;HFCD500C
20871;4132;116;HFCD500A;HFCD500A
20872;5261;76;AL-568;AL568
20873;5261;49;NKF8167;NKF8167
20874;5262;76;AL-567;AL567
20875;4133;116;HFCT504A;HFCT504A
20876;5133;76;AL-539;AL539
20877;3406;116;HFCD600B;HFCD600B
20878;3407;116;HFCD613;HFCD613
20879;4649;116;HFCT615A;HFCT615A
20880;4141;116;HFCD615A;HFCD615A
20881;4142;116;HFCT613;HFCT613
20882;3412;116;HFCT325E;HFCT325E
20883;3413;116;HFCD325E;HFCD325E
20884;4646;116;HFCT329;HFCT329
20885;4645;116;HFCD325F;HFCD325F
20886;5263;116;HFCT325;HFCT325
20887;5263;76;AL-224;AL224
20888;5263;49;NKF8199;NKF8199
20889;4143;116;HFCD325D;HFCD325D
20890;4144;116;HFCD329;HFCD329
20891;4145;116;HFCT325A;HFCT325A
20892;3414;116;HFCD200G;HFCD200G
20893;5565;116;HFCD720;HFCD720
20894;5565;76;AL-481;AL481
20895;5565;49;NKF8203;NKF8203
20896;5565;31;51952935;51952935
20897;5566;116;HFCT720;HFCT720
20898;5566;49;NKF8204;NKF8204
20899;5566;31;51943307;51943307
20900;3415;116;HFCT746;HFCT746
20901;3416;116;HFCT724;HFCT724
20902;3417;116;HFCT724A;HFCT724A
20903;5567;116;HFCD21F;HFCD21F
20904;5567;76;AL-218;AL218
20905;5567;49;NKF8188;NKF8188
20906;5567;31;370183;370183
20907;5567;31;51754941;51754941
20908;5567;31;71753810;71753810
20909;5567;31;XTFC41459S01P;XTFC41459S01P
20910;4873;60;MB3013;MB3013
20911;4873;59;4976;4976
20912;4457;114;2082;2082
20913;5618;31;6Q0121367A;6Q0121367A
20914;5619;31;1S0199555E;1S0199555E
20915;4244;114;2057;2057
20916;4190;114;2062;2062
20917;1739;114;691;691
20918;1740;114;547;547
20919;1741;114;538;538
20920;1743;114;538;538
20921;1744;114;539;539
20922;1745;114;537;537
20923;1746;114;537;537
20924;1747;114;659;659
20925;1748;114;658;658
20926;1748;49;NB31028;NB31028
20932;1750;114;523;523
20935;1750;49;NB32029;NB32029
20938;1752;114;507-R;507R
20939;1752;49;NB21057;NB21057
20940;1752;59;4819-B;4819B
20941;1753;114;507;507
20942;1753;49;NB21057;NB21057
20943;1754;114;691R;691R
20944;1754;49;NB21018;NB21018
20945;1755;114;591;591
20946;1756;114;527-R;527R
20947;1757;114;655;655
20948;1757;66;100033;100033
20949;1757;66;100035;100035
20950;1758;63;022.1280;221280
20951;1760;114;600;600
20952;1760;49;NB21016;NB21016
20953;1760;59;4809B;4809B
20954;1762;114;684B;684B
20955;1763;114;684B;684B
20956;1764;114;527;527
20957;1765;114;666;666
20958;1766;114;666-R;666R
20959;1767;114;526;526
20960;1768;49;NB31048;NB31048
20961;1769;114;687;687
20962;1769;49;NB21065;NB21065
20963;1770;114;687R;687R
20964;1770;49;NB21060;NB21060
20965;2303;114;2021;2021
20966;2304;114;2022;2022
20967;3154;114;2041;2041
20968;3155;114;2041R;2041R
20969;3435;114;2053;2053
20970;3435;59;4977;4977
20971;3436;114;2054;2054
20972;3436;31;1S0.199.555-B;1S0199555B
20973;3436;59;4979;4979
20974;3437;114;2055;2055
20975;3437;59;4978;4978
20976;3438;63;521.1943;5211943
20977;3438;114;2026;2026
20978;3438;60;9255;9255
20979;3438;59;4955S;4955S
20980;3433;114;2027;2027
20981;3433;60;3005;3005
20982;3433;59;4954S;4954S
20983;3434;114;2027;2027
20984;3434;60;3003 A;3003A
20985;3434;59;4953S;4953S
20986;3458;114;687UP;687UP
20987;3458;60;MB 9012 B;MB9012B
20988;3458;59;4895R;4895R
20989;3459;114;2041R;2041R
20990;3459;59;4951A;4951A
20991;3769;114;2036;2036
20992;4319;114;802;802
20994;4458;114;888;888
20995;4459;114;889;889
20996;4460;114;879;879
20997;4510;59;1093S;1093S
20998;4511;60;MB 4447;MB4447
20999;4511;59;1139;1139
21000;4512;63;LT70013;LT70013
21001;4512;60;MB 4443;MB4443
21002;4512;59;1134;1134
21003;4513;60;MB 4440;MB4440
21004;4513;59;1099;1099
21005;4514;63;LT70016;LT70016
21006;4514;60;MB 4452;MB4452
21007;4514;59;1123;1123
21008;4735;114;839;839
21009;4735;60;MB9222;MB9222
21010;4735;31;46781892;46781892
21011;4735;59;1120;1120
21012;4193;114;5510;5510
21013;4158;114;5532;5532
21014;4194;114;878;878
21015;4159;114;5511;5511
21016;4160;114;877;877
21017;4195;114;839;839
21018;5620;31;51753203;51753203
21019;1772;114;752;752
21020;1773;114;739;739
21021;1774;114;811;811
21022;1774;49;NB34043;NB34043
21023;1775;114;751;751
21024;1775;49;NB34017;NB34017
21025;1776;114;808;808
21026;1777;114;726;726
21027;1778;114;786;786
21028;1779;114;736;736
21029;1780;114;825;825
21030;1781;114;828;828
21031;1782;114;824;824
21032;1783;114;734;734
21033;1784;114;800;800
21034;1784;49;NB24047;NB24047
21035;1785;114;733;733
21036;1786;114;801;801
21037;1786;49;NB24011;NB24011
21038;1787;114;728;728
21039;1787;49;NB24048;NB24048
21040;1788;114;807;807
21041;1788;49;NB94026;NB94026
21042;1789;114;805;805
21043;1789;49;NB94031;NB94031
21044;1790;114;818;818
21045;1790;49;NB94023;NB94023
21046;1791;114;816;816
21047;1791;49;NB94020;NB94020
21048;1792;114;806;806
21049;1792;49;NB94027;NB94027
21050;1793;114;815;815
21051;1793;49;NB94014;NB94014
21052;1794;114;804;804
21053;1795;114;817;817
21054;1795;49;NB94022;NB94022
21055;1796;114;856;856
21056;1797;114;856R;856R
21057;1798;114;826;826
21058;2295;114;827;827
21059;2296;114;861;861
21060;2297;114;890;890
21061;2298;114;891;891
21062;2301;114;890R;890R
21063;2523;114;880;880
21064;3113;114;842;842
21065;3153;114;862;862
21066;3316;60;4451;4451
21067;3317;63;021.1341;211341
21068;3317;114;838;838
21070;3317;59;1090;1090
21071;3318;63;021.1543;211543
21072;3318;114;842;842
21073;3318;60;9248;9248
21074;3812;114;867;867
21076;3812;60;4426;4426
21077;3812;59;1096;1096
21078;3832;114;5527;5527
21079;3833;114;5526;5526
21080;3834;114;5516;5516
21081;3834;60;MB 4456;MB4456
21082;3834;59;1132;1132
21083;3916;114;864;864
21084;3916;66;106297;106297
21085;3917;114;5513;5513
21086;3918;114;852;852
21087;4080;114;874;874
21088;4081;114;871;871
21089;4188;114;5521;5521
21090;4189;114;5521CS;5521CS
21091;4245;114;5525;5525
21092;4246;114;5525CS;5525CS
21093;1799;114;735;735
21094;1800;114;730;730
21095;1801;114;731;731
21096;3116;114;858;858
21097;3117;114;858R;858R
21098;3117;59;1086A;1086A
21099;3117;59;1086B;1086B
21100;3119;114;859R;859R
21101;3119;31;51.794.798;51794798
21102;3119;31;51.851.471;51851471
21103;3119;31;51.915378;51915378
21104;3119;59;1085A;1085A
21105;3119;59;1085B;1085B
21106;3118;114;859;859
21107;3118;31;51.794.798;51794798
21108;3118;31;51.851.471;51851471
21109;3118;31;51.915378;51915378
21110;3114;114;869;869
21111;3782;114;820;820
21112;3782;66;106214;106214
21113;3782;60;487;487
21114;3782;59;1070;1070
21115;3782;65;FT1065;FT1065
21116;3783;114;821;821
21117;3783;66;106216;106216
21118;3783;60;488;488
21119;3783;59;1071;1071
21120;4161;114;841;841
21121;4196;114;5512;5512
21122;4320;114;875;875
21123;1802;31;93.16.253;9316253
21124;1802;31;93.216.253;93216253
21125;1802;31;93.270.246;93270246
21126;1802;31;93267263;93267263
21127;1803;114;369;369
21128;1803;31;93.216.441;93216441
21129;1803;31;94.634.518/519;94634518519
21130;1803;59;3762;3762
21131;1803;59;3766;3766
21132;1804;114;3000;3000
21133;1805;63;521.1870;5211870
21134;1805;114;3015;3015
21135;1805;31;90.575.190;90575190
21136;1806;114;330;330
21137;1807;114;370;370
21138;1807;49;NB33061;NB33061
21139;1808;114;372;372
21140;1809;114;395;395
21141;1810;114;485;485
21142;1810;49;NB33018;NB33018
21143;1811;114;482;482
21144;1811;49;NB33053;NB33053
21145;1812;114;465;465
21146;1812;49;NB33028;NB33028
21147;1813;114;464;464
21148;1814;114;426;426
21149;1814;49;NB23014;NB23014
21150;2636;114;430;430
21151;2636;49;NB23071;NB23071
21152;1815;114;366-R;366R
21153;1816;114;381;381
21154;1817;114;366;366
21155;1817;49;NB23068;NB23068
21156;1818;114;373;373
21157;1818;114;394;394
21158;1818;66;103495;103495
21160;1818;60;MB 1131;MB1131
21161;1818;49;NB33019;NB33019
21162;1818;31;52.272.845/847;52272845847
21163;1819;114;368;368
21164;1819;49;NB33063;NB33063
21165;1820;114;367;367
21166;1820;49;NB33062;NB33062
21167;1821;114;371;371
21168;1821;66;103267;103267
21169;1821;66;103299;103299
21170;1821;49;NB33064;NB33064
21171;1822;114;3029;3029
21172;1822;59;3139;3139
21173;1823;114;3012;3012
21174;1823;49;NB33059;NB33059
21175;1824;63;521.1913;5211913
21176;1824;114;3013;3013
21177;1825;114;3009;3009
21178;2305;114;3026;3026
21179;3115;114;3016;3016
21180;3115;49;NB33057;NB33057
21181;3198;114;3020R;3020R
21182;3198;49;NB23001;NB23001
21183;3193;114;3041R;3041R
21184;3244;114;3025;3025
21185;3245;114;3024;3024
21186;3319;59;3112S;3112S
21187;3320;63;521.1867;5211867
21188;3320;66;100159;100159
21189;3320;60;1196;1196
21190;3320;59;3112;3112
21192;3321;60;1271;1271
21193;3321;59;3141;3141
21194;3428;60;MB 1234;MB1234
21195;3784;114;3060;3060
21197;3784;60;MB 1278;MB1278
21198;3784;59;3163;3163
21199;3785;114;3058;3058
21201;3785;59;3165;3165
21202;3835;114;3030;3030
21203;3835;66;143542S;143542S
21204;3835;60;MB 1205A;MB1205A
21205;3835;59;3139S;3139S
21207;3786;59;3166;3166
21208;3913;60;MB 1185;MB1185
21209;3914;60;MB 1187;MB1187
21210;3915;60;MB 1187;MB1187
21211;4507;59;3188;3188
21212;4734;60;MB1262;MB1262
21213;4734;59;3160;3160
21214;5621;31;94740876;94740876
21215;4164;31;2S616P082AA;2S616P082AA
21216;4164;31;2S616P082AB;2S616P082AB
21217;4737;63;022.1203;221203
21218;4737;59;2700;2700
21219;5622;31;CV216P082DA;CV216P082DA
21220;5623;31;8V516P082AD;8V516P082AD
21221;5624;31;C1BC3K155B3A;C1BC3K155B3A
21222;4191;114;291;291
21223;1826;114;121;121
21224;1827;114;115;115
21225;1828;114;161;161
21226;1829;114;167;167
21227;1830;114;114;114
21228;1831;114;218;218
21229;1832;114;159;159
21230;1833;114;591R;591R
21231;1833;49;NB22054;NB22054
21232;1833;59;2420B;2420B
21233;1834;114;202-R;202R
21234;1834;66;102226R;102226R
21235;1834;66;102227R;102227R
21236;1834;31;96FB.3K155.AG/AK;96FB3K155AGAK
21237;1835;114;197-R;197R
21238;1836;114;121;121
21239;1837;114;149;149
21240;1838;114;202;202
21242;1838;66;102227;102227
21243;1838;49;NB22053;NB22053
21244;1838;31;96FB.3K155.AG/AK;96FB3K155AGAK
21245;1839;114;197;197
21246;1839;49;NB22055;NB22055
21247;1840;114;224;224
21248;1841;114;149 R;149R
21249;1842;114;120;120
21250;1843;114;223;223
21251;1843;49;NB32076;NB32076
21252;1844;114;160;160
21253;1845;114;166;166
21254;1846;63;521.1896;5211896
21255;1846;114;240;240
21257;1846;66;102338;102338
21258;1848;114;247;247
21259;1849;114;253;253
21260;1850;114;253R;253R
21261;3199;114;235R;235R
21262;3199;66;102367;102367
21263;3199;66;102407;102407
21264;3199;60;MB 2270 A;MB2270A
21265;3199;59;2750-A;2750A
21266;3200;114;255;255
21267;3200;49;NB22041;NB22041
21268;3190;114;252;252
21269;3429;114;284;284
21270;3429;59;2771;2771
21271;3460;114;285;285
21272;3460;60;MB 2271;MB2271
21273;3460;59;2769;2769
21274;3870;114;251;251
21275;3870;60;MB 2291;MB2291
21276;3870;49;NB32035;NB32035
21277;3870;59;2785;2785
21278;3910;114;240;240
21279;3911;114;246;246
21280;3911;31;YS416P082A;YS416P082A
21281;3912;114;257;257
21283;3912;60;MB2246;MB2246
21284;3912;59;2749;2749
21285;4082;114;274;274
21286;2306;114;988;988
21287;2306;49;NB27039;NB27039
21288;2486;114;995;995
21289;2524;114;965R;965R
21290;2524;49;NB27007;NB27007
21291;2525;114;965;965
21292;3597;114;9119;9119
21293;3597;60;MB6062;MB6062
21294;3811;114;9119R;9119R
21295;3869;114;9124;9124
21296;3869;60;MB 6066;MB6066
21297;3869;59;8321;8321
21298;3887;114;9125;9125
21299;3887;60;MB 6065;MB6065
21300;3887;31;50880-SWA-A81;50880SWAA81
21301;3888;114;9126;9126
21302;3888;60;MB 6067;MB6067
21303;3888;31;50890-SWA-A81;50890SWAA81
21304;4866;59;8402B;8402B
21305;1851;114;9016;9016
21306;1852;114;9017;9017
21307;1853;114;9028;9028
21308;1854;114;966;966
21309;1854;49;NB25025;NB25025
21310;1855;114;966R;966R
21311;1855;49;NB25024;NB25024
21312;3246;114;9025;9025
21313;3246;49;NB25023;NB25023
21314;3430;114;9085R;9085R
21315;3430;59;8080A;8080A
21316;3772;114;9006;9006
21317;3772;60;9189;9189
21318;3772;59;8030;8030
21319;3774;114;9006R;9006R
21320;3774;60;9189A;9189A
21321;3774;59;8030A;8030A
21322;3773;114;9007;9007
21323;3773;60;9188;9188
21324;3773;59;803;803
21325;3775;114;9007R;9007R
21326;3775;60;9188A;9188A
21327;3775;59;803A;803A
21328;3776;63;521.5422;5215422
21329;3776;114;9004;9004
21330;3776;60;9190;9190
21331;3776;59;8050;8050
21332;3777;114;9004R;9004R
21333;3777;60;9190A;9190A
21334;3777;59;8050A;8050A
21335;3778;63;521.5423;5215423
21336;3778;114;9005;9005
21337;3778;60;9191;9191
21338;3778;59;8051;8051
21339;3779;114;9005R;9005R
21340;3779;60;9191A;9191A
21341;3779;59;8051A;8051A
21342;4508;31;T73M 5 52C 01 A;T73M552C01A
21343;5116;60;GTX9523;GTX9523
21344;1857;114;9082;9082
21345;2527;114;991R;991R
21346;2528;114;991;991
21347;3267;114;958R;958R
21348;3267;49;NB26027;NB26027
21349;3268;114;958;958
21350;3268;49;NB26025;NB26025
21351;3112;114;996;996
21352;3228;114;9076;9076
21353;3855;59;8150;8150
21354;3856;60;MB 9333;MB9333
21355;3856;59;8150S;8150S
21356;3857;114;9138;9138
21357;3858;114;9138R;9138R
21358;3930;63;521.5336;5215336
21359;3930;114;9030;9030
21360;3930;60;MB3063;MB3063
21361;3930;59;8114;8114
21362;4429;114;9171;9171
21363;4793;60;MB9373;MB9373
21364;4793;59;8400;8400
21365;4509;59;8403;8403
21366;4739;60;MB9372;MB9372
21367;4739;59;8398;8398
21368;4870;59;8408;8408
21369;5117;59;8420;8420
21370;4871;114;9223R;9223R
21371;4871;59;8197A;8197A
21372;3215;114;9000R;9000R
21373;3598;114;9105;9105
21374;3598;59;8310;8310
21375;4248;114;700;700
21376;4247;114;9031;9031
21377;4872;59;8371B;8371B
21378;5625;31;487550D120;487550D120
21379;5626;31;123050L020;123050L020
21380;5627;31;123060L020;123060L020
21381;3599;114;9149R;9149R
21382;3599;60;MB 7027 A;MB7027A
21383;3599;59;8292A;8292A
21384;3836;114;9102R;9102R
21385;3836;60;MB 7013 A;MB7013A
21386;3837;114;9101R;9101R
21387;3837;60;MB 7012 A;MB7012A
21388;4430;114;5441;5441
21389;2526;114;5414;5414
21390;3191;114;5403R;5403R
21391;3192;114;5415;5415
21392;3451;114;5420;5420
21393;3450;114;5413;5413
21394;3450;60;MB 9284;MB9284
21395;3450;49;NB28009;NB28009
21396;3450;59;8118;8118
21397;3461;63;521.2865;5212865
21398;3461;114;5414R;5414R
21399;3461;60;MB 8001 A;MB8001A
21400;3461;59;8134A;8134A
21401;3452;114;9154;9154
21402;3453;114;9153;9153
21403;3873;114;9128;9128
21404;3874;114;9129;9129
21405;3875;114;9127;9127
21406;3875;31;21950-1S000;219501S000
21407;4869;59;8183B;8183B
21408;4868;114;5424;5424
21409;4868;59;8428;8428
21410;3462;114;5918R;5918R
21411;3462;60;MB 1014;MB1014
21412;3462;49;NB29003;NB29003
21413;3462;59;8289;8289
21414;5190;114;5928;5928
21415;5191;114;5515R;5515R
21416;4736;63;021.2812;212812
21417;4736;60;MB4453;MB4453
21418;4736;59;8303;8303
21419;4192;114;9090;9090
21420;1859;114;964;964
21421;1860;114;964R;964R
21422;3252;114;897R;897R
21423;3253;114;898R;898R
21424;3463;114;9154R;9154R
21425;3322;60;8058C;8058C
21426;3322;49;NB25017;NB25017
21427;3323;63;044.2591;442591
21428;3323;60;8058C;8058C
21429;3323;49;NB25018;NB25018
21430;3871;114;9161;9161
21431;614;100;024/2013;242013
21432;614;100;4164/2012;41642012
21433;299;48;334011MM;334011MM
21434;299;100;024/2013;242013
21435;299;100;4164/2012;41642012
21436;300;48;334012MM;334012MM
21437;300;100;024/2013;242013
21438;300;100;4164/2012;41642012
21439;417;100;024/2013;242013
21440;417;100;4164/2012;41642012
21441;301;48;334011MM;334011MM
21442;301;100;024/2013;242013
21443;301;100;4164/2012;41642012
21444;302;48;334012MM;334012MM
21445;302;100;024/2013;242013
21446;302;100;1906/2018;19062018
21447;302;100;4164/2012;41642012
21448;302;100;6978/2016;69782016
21449;236;48;334075MM;334075MM
21450;236;100;024/2013;242013
21451;236;100;4164/2012;41642012
21452;237;48;334314MM;334314MM
21453;237;100;024/2013;242013
21454;237;100;4164/2012;41642012
21455;264;48;334023MM;334023MM
21456;264;100;024/2013;242013
21457;264;100;4164/2012;41642012
21458;155;100;024/2013;242013
21459;155;100;4164/2012;41642012
21462;26;100;024/2013;242013
21463;26;100;4164/2012;41642012
21464;278;48;334023MM;334023MM
21465;278;100;024/2013;242013
21466;278;100;4164/2012;41642012
21467;294;48;334324MM;334324MM
21468;294;100;024/2013;242013
21469;294;100;4164/2012;41642012
21470;303;48;334011MM;334011MM
21471;303;100;024/2013;242013
21472;303;100;4164/2012;41642012
21473;304;48;334012MM;334012MM
21474;304;49;HG 32846;HG32846
21475;304;100;024/2013;242013
21476;304;100;4164/2012;41642012
21477;615;48;334081MM;334081MM
21478;615;100;024/2013;242013
21479;615;100;4164/2012;41642012
21480;156;48;334064MM;334064MM
21481;156;100;022/2013;222013
21482;156;100;4165/2012;41652012
21483;591;100;021/2013;212013
21484;591;100;1894/2013;18942013
21485;591;100;4167/2012;41672012
21486;588;100;021/2013;212013
21487;588;100;3541/2012;35412012
21488;588;100;4167/2012;41672012
21489;390;100;021/2013;212013
21490;390;100;4167/2012;41672012
21491;9;100;021/2013;212013
21492;9;100;1894/2013;18942013
21493;9;100;1956/2018;19562018
21494;9;100;4167/2012;41672012
21495;9;100;6979/2016;69792016
21496;382;100;021/2013;212013
21497;382;100;1894/2013;18942013
21498;382;100;4167/2012;41672012
21499;188;100;021/2013;212013
21500;188;100;4167/2012;41672012
21501;176;100;021/2013;212013
21502;176;100;4167/2012;41672012
21503;185;100;3417/2018;34172018
21504;185;100;3541/2012;35412012
21505;185;100;3545/2012;35452012
21506;185;100;4161/2013;41612013
21507;185;100;6934/2020;69342020
21508;438;100;3541/2012;35412012
21509;438;100;3545/2012;35452012
21510;438;100;4161/2013;41612013
21511;438;100;6934/2020;69342020
21512;676;100;021/2013;212013
21513;676;100;4167/2012;41672012
21514;671;100;021/2013;212013
21515;671;100;4167/2012;41672012
21520;3539;100;021/2013;212013
21521;3545;100;021/2013;212013
21522;3813;100;021/2013;212013
21523;2367;100;3543/2012;35432012
21524;2383;100;3543/2012;35432012
21525;2483;100;3541/2012;35412012
21526;2540;100;3541/2012;35412012
21527;2551;100;3541/2012;35412012
21530;3853;100;021/2013;212013
21531;3850;100;021/2013;212013
21532;3959;100;021/2013;212013
21533;3985;31;M11-2915010;M112915010
21534;3985;100;3541/2012;35412012
21535;4054;100;021/2013;212013
21536;4604;100;3541/2012;35412012
21537;4481;100;3541/2012;35412012
21538;4168;100;3541/2012;35412012
21539;5459;31;3758900519;3758900519
21540;5459;31;940 890 3919;9408903919
21541;5459;31;940 890 4119;9408904119
21542;5459;31;958 317 2103;9583172103
21545;5461;31;BC455C368AB;BC455C368AB
21546;2116;100;3541/2012;35412012
21547;2116;100;3545/2012;35452012
21548;2116;100;6934/2020;69342020
21549;398;100;3543/2012;35432012
21550;425;100;3543/2012;35432012
21551;2344;100;3543/2012;35432012
21552;2344;100;3547/2012;35472012
21553;2344;100;6936/2020;69362020
21554;2433;100;3543/2012;35432012
21555;2338;100;1956/2018;19562018
21556;2338;100;3541/2012;35412012
21557;2338;100;6979/2016;69792016
21558;63;100;021/2013;212013
21559;63;100;1894/2013;18942013
21560;63;100;4167/2012;41672012
21561;616;100;022/2013;222013
21562;616;100;4165/2012;41652012
21563;181;100;021/2013;212013
21564;181;100;1956/2018;19562018
21565;181;100;4167/2012;41672012
21566;181;100;6979/2016;69792016
21567;57;48;334822MM;334822MM
21568;57;100;021/2013;212013
21569;57;100;4167/2012;41672012
21572;27;100;021/2013;212013
21573;27;100;4167/2012;41672012
21574;124;48;334010MM;334010MM
21575;124;100;021/2013;212013
21576;124;100;4167/2012;41672012
21577;353;48;334930MM;334930MM
21578;353;100;021/2013;212013
21579;353;100;4167/2012;41672012
21580;383;100;022/2013;222013
21581;383;100;4165/2012;41652012
21582;399;48;334100MM;334100MM
21583;399;100;022/2013;222013
21584;399;100;4165/2012;41652012
21585;519;100;021/2013;212013
21586;519;100;4167/2012;41672012
21587;354;48;334097MM;334097MM
21588;354;100;021/2013;212013
21589;354;100;1956/2018;19562018
21590;354;100;4167/2012;41672012
21591;354;100;6979/2016;69792016
21592;355;49;HG 31076;HG31076
21593;355;100;022/2013;222013
21594;355;100;1905/2018;19052018
21595;355;100;4165/2012;41652012
21596;355;100;6980/2016;69802016
21597;489;48;334281MM;334281MM
21598;489;100;021/2013;212013
21599;489;100;4167/2012;41672012
21600;490;48;334280MM;334280MM
21601;490;100;021/2013;212013
21602;490;100;4167/2012;41672012
21603;483;48;379262SP;379262SP
21604;483;100;021/2013;212013
21605;483;100;4167/2012;41672012
21606;291;100;021/2013;212013
21607;291;100;1956/2018;19562018
21608;291;100;4167/2012;41672012
21609;291;100;6979/2016;69792016
21610;495;48;334280MM;334280MM
21611;495;100;021/2013;212013
21612;495;100;4167/2012;41672012
21613;384;100;022/2013;222013
21614;384;100;4165/2012;41652012
21615;248;100;021/2013;212013
21616;248;100;4167/2012;41672012
21617;617;100;021/2013;212013
21618;617;100;4167/2012;41672012
21619;280;100;021/2013;212013
21620;280;100;1894/2013;18942013
21621;280;100;1956/2018;19562018
21622;280;100;4167/2012;41672012
21623;280;100;6979/2016;69792016
21624;250;100;021/2013;212013
21625;250;100;4167/2012;41672012
21626;532;100;021/2013;212013
21627;532;100;4167/2012;41672012
21628;456;48;334229MM;334229MM
21629;456;100;3541/2012;35412012
21630;456;100;3545/2012;35452012
21631;456;100;6934/2020;69342020
21632;457;48;334230MM;334230MM
21633;457;100;3545/2012;35452012
21634;457;100;6934/2020;69342020
21635;571;100;3545/2012;35452012
21636;571;100;6934/2020;69342020
21637;572;48;334022MM;334022MM
21638;572;100;3545/2012;35452012
21639;572;100;6934/2020;69342020
21640;536;48;SP211;SP211
21641;536;31;52128183;52128183
21642;536;31;52152971;52152971
21643;536;31;562102356R;562102356R
21644;536;100;021/2013;212013
21645;536;100;4167/2012;41672012
21646;526;100;021/2013;212013
21647;526;100;4167/2012;41672012
21648;23;100;021/2013;212013
21649;23;100;4167/2012;41672012
21650;2548;100;021/2013;212013
21651;661;48;379381SP;379381SP
21652;661;100;021/2013;212013
21653;661;100;1894/2013;18942013
21654;661;100;4167/2012;41672012
21655;479;50;343292;343292
21656;479;50;443290;443290
21658;479;100;021/2013;212013
21659;479;100;4167/2012;41672012
21660;215;100;021/2013;212013
21661;215;100;4167/2012;41672012
21662;261;48;379216SP;379216SP
21663;261;100;021/2013;212013
21664;261;100;4167/2012;41672012
21665;258;100;021/2013;212013
21666;258;100;4167/2012;41672012
21667;2119;100;021/2013;212013
21668;2119;100;4167/2012;41672012
21671;484;100;021/2013;212013
21672;484;100;4167/2012;41672012
21673;281;100;021/2013;212013
21674;281;100;4167/2012;41672012
21675;259;100;021/2013;212013
21676;259;100;4167/2012;41672012
21678;246;100;021/2013;212013
21679;246;100;4167/2012;41672012
21680;2284;31;4162A034;4162A034
21681;2284;100;022/2013;222013
21682;2284;100;4165/2012;41652012
21683;688;100;022/2013;222013
21684;688;100;4165/2012;41652012
21687;621;100;022/2013;222013
21688;621;100;4165/2012;41652012
21689;2622;100;022/2013;222013
21690;3536;100;021/2013;212013
21691;2317;100;3541/2012;35412012
21692;2323;31;5031.80;503180
21693;2323;31;5031.81;503181
21694;2323;100;3541/2012;35412012
21695;2323;100;6934/2020;69342020
21696;2323;100;7635/2019;76352019
21697;2320;100;3541/2012;35412012
21698;2314;100;3545/2012;35452012
21699;2314;100;6934/2020;69342020
21700;2337;100;3545/2012;35452012
21701;2337;100;6934/2020;69342020
21702;2346;31;AB3Z18125N;AB3Z18125N
21703;2346;100;3541/2012;35412012
21704;2342;48;SB028;SB028
21705;2370;100;3541/2012;35412012
21706;2379;100;3541/2012;35412012
21707;2395;100;3541/2012;35412012
21708;2395;100;3545/2012;35452012
21709;2395;100;6934/2020;69342020
21710;2382;100;3541/2012;35412012
21711;2404;100;3545/2012;35452012
21712;2404;100;6934/2020;69342020
21713;2365;31;55310 1S011;553101S011
21714;2365;100;3541/2012;35412012
21715;2358;31;52610-TR8-P021-M1;52610TR8P021M1
21716;2358;100;3541/2012;35412012
21717;2411;100;3541/2012;35412012
21718;2410;100;3541/2012;35412012
21719;2398;100;3541/2012;35412012
21720;2401;100;3541/2012;35412012
21721;2401;100;3545/2012;35452012
21722;2401;100;6934/2020;69342020
21723;2446;100;3541/2012;35412012
21724;2468;100;3541/2012;35412012
21725;2465;100;3541/2012;35412012
21726;2533;100;3541/2012;35412012
21727;2538;100;3541/2012;35412012
21728;2549;100;3543/2012;35432012
21729;2570;100;3541/2012;35412012
21730;2575;100;3541/2012;35412012
21731;3123;100;3541/2012;35412012
21732;3125;31;S12-2915010;S122915010
21733;3125;100;3541/2012;35412012
21734;3126;100;3541/2012;35412012
21736;3208;100;3541/2012;35412012
21737;3212;100;3541/2012;35412012
21738;3213;100;3541/2012;35412012
21739;3691;100;3541/2012;35412012
21740;3240;100;3541/2012;35412012
21741;3587;100;1956/2018;19562018
21742;3587;100;6979/2016;69792016
21743;3558;49;HG 312499;HG312499
21744;3558;100;021/2013;212013
21745;3559;100;021/2013;212013
21746;3529;100;021/2013;212013
21747;3565;31;A13-2915010;A132915010
21748;3565;100;3541/2012;35412012
21749;3568;100;3541/2012;35412012
21750;3541;100;021/2013;212013
21752;3584;100;022/2013;222013
21753;3646;100;3541/2012;35412012
21754;3689;31;52610T7TM01;52610T7TM01
21755;3689;100;1956/2018;19562018
21756;3689;100;6979/2016;69792016
21761;3702;31;4853002J90;4853002J90
21762;3702;100;1905/2018;19052018
21763;3702;100;6980/2016;69802016
21764;3680;100;3541/2012;35412012
21765;3697;100;1956/2018;19562018
21766;3697;100;6979/2016;69792016
21767;3694;31;E62105RB0B;E62105RB0B
21768;3694;100;1956/2018;19562018
21769;3694;100;6979/2016;69792016
21771;4284;100;1956/2018;19562018
21772;4603;100;3541/2012;35412012
21773;5127;100;3541/2012;35412012
21774;4411;100;021/2013;212013
21775;4605;100;3541/2012;35412012
21776;4694;100;3541/2012;35412012
21777;4484;100;3541/2012;35412012
21778;4420;31;553001Y200;553001Y200
21779;4420;100;3541/2012;35412012
21780;4424;100;3541/2012;35412012
21781;4560;100;3543/2012;35432012
21782;4555;100;3541/2012;35412012
21783;4586;100;3541/2012;35412012
21784;4631;100;3541/2012;35412012
21785;5462;31;9823286480;9823286480
21786;5462;100;3541/2012;35412012
21787;4620;100;3543/2012;35432012
21788;4854;100;3541/2012;35412012
21789;5463;31;9831761080;9831761080
21790;5463;100;3541/2012;35412012
21791;5464;48;37071SP;37071SP
21792;5464;48;379071SP;379071SP
21793;5464;49;HG41163;HG41163
21794;5464;31;52611TEK02;52611TEK02
21795;5464;100;3541/2012;35412012
21796;4691;100;3541/2012;35412012
21797;4817;100;3543/2012;35432012
21798;5465;31;1908098;1908098
21799;5466;31;CA340320;CA340320
21800;5466;100;021/2013;212013
21801;5468;31;5QN.513.049.AN;5QN513049AN
21802;5468;100;3541/2012;35412012
21803;5469;49;HG 41288;HG41288
21804;5469;31;13368371;13368371
21805;5469;31;39007321;39007321
21806;5469;100;3541/2012;35412012
21807;5470;31;485308Z126;485308Z126
21808;5470;100;3541/2012;35412012
21809;5471;31;52210070;52210070
21810;5471;31;52210071;52210071
21811;5471;31;52210072;52210072
21812;5471;100;021/2013;212013
21813;450;100;3541/2012;35412012
21814;460;100;3541/2012;35412012
21815;460;100;3545/2012;35452012
21816;460;100;6934/2020;69342020
21817;576;100;3543/2012;35432012
21818;576;100;3547/2012;35472012
21819;576;100;6936/2020;69362020
21820;573;100;1956/2018;19562018
21821;573;100;3541/2012;35412012
21822;573;100;6979/2016;69792016
21823;574;100;3543/2012;35432012
21824;434;100;1905/2018;19052018
21825;434;100;3543/2012;35432012
21826;434;100;3547/2012;35472012
21827;434;100;6936/2020;69362020
21828;434;100;6980/2016;69802016
21829;148;100;3541/2012;35412012
21830;58;48;334970MM;334970MM
21831;58;100;021/2013;212013
21832;58;100;4167/2012;41672012
21833;146;48;334333MM;334333MM
21834;146;100;021/2013;212013
21835;146;100;4167/2012;41672012
21836;338;48;334105MM;334105MM
21837;338;100;021/2013;212013
21838;338;100;4167/2012;41672012
21839;28;100;021/2013;212013
21840;28;100;4167/2012;41672012
21841;81;100;021/2013;212013
21842;81;100;4167/2012;41672012
21843;169;100;021/2013;212013
21844;169;100;4167/2012;41672012
21845;265;48;379014SP;379014SP
21846;265;100;021/2013;212013
21847;265;100;1894/2013;18942013
21848;265;100;1956/2018;19562018
21849;265;100;4167/2012;41672012
21850;485;100;021/2013;212013
21851;485;100;4167/2012;41672012
21852;556;100;022/2013;222013
21853;556;100;4165/2012;41652012
21854;499;100;021/2013;212013
21855;499;100;4167/2012;41672012
21856;157;100;021/2013;212013
21857;157;100;4167/2012;41672012
21858;510;31;9682972480;9682972480
21859;510;100;021/2013;212013
21860;510;100;4167/2012;41672012
21863;158;100;021/2013;212013
21864;158;100;4167/2012;41672012
21865;507;100;021/2013;212013
21866;507;100;4167/2012;41672012
21867;515;100;021/2013;212013
21868;515;100;4167/2012;41672012
21869;502;100;021/2013;212013
21870;502;100;4167/2012;41672012
21873;108;100;021/2013;212013
21874;108;100;4167/2012;41672012
21875;104;100;021/2013;212013
21876;104;100;1956/2018;19562018
21877;104;100;4167/2012;41672012
21878;104;100;6979/2016;69792016
21879;85;100;021/2013;212013
21880;85;100;4167/2012;41672012
21881;363;48;334399MM;334399MM
21882;363;100;021/2013;212013
21883;363;100;4167/2012;41672012
21884;364;48;334306MM;334306MM
21885;364;100;021/2013;212013
21886;364;100;4167/2012;41672012
21887;238;48;334017MM;334017MM
21888;238;100;021/2013;212013
21889;238;100;4167/2012;41672012
21890;128;48;334408MM;334408MM
21891;128;100;021/2013;212013
21892;128;100;4167/2012;41672012
21893;129;48;334390MM;334390MM
21894;129;100;021/2013;212013
21895;129;100;4167/2012;41672012
21896;305;48;334016MM;334016MM
21897;305;100;021/2013;212013
21898;305;100;4167/2012;41672012
21899;411;31;2UA413031A;2UA413031A
21900;411;100;021/2013;212013
21901;411;100;4167/2012;41672012
21902;412;100;021/2013;212013
21903;412;100;4167/2012;41672012
21904;365;100;021/2013;212013
21905;365;100;4167/2012;41672012
21906;172;100;021/2013;212013
21907;172;100;4167/2012;41672012
21908;173;100;021/2013;212013
21909;173;100;4167/2012;41672012
21913;130;48;334485MM;334485MM
21914;130;100;021/2013;212013
21915;130;100;4167/2012;41672012
21916;539;100;021/2013;212013
21917;539;100;4167/2012;41672012
21918;2;48;334016MM;334016MM
21919;2;100;021/2013;212013
21920;2;100;4167/2012;41672012
21921;222;48;379029SP;379029SP
21922;222;100;021/2013;212013
21923;222;100;4167/2012;41672012
21924;402;31;551413031;551413031
21925;402;100;022/2013;222013
21926;402;100;4165/2012;41652012
21927;403;100;022/2013;222013
21928;403;100;4165/2012;41652012
21929;366;48;334413MM;334413MM
21930;366;100;021/2013;212013
21931;366;100;4167/2012;41672012
21932;239;48;334213MM;334213MM
21933;239;100;021/2013;212013
21934;239;100;4167/2012;41672012
21935;35;100;021/2013;212013
21936;35;100;4167/2012;41672012
21937;486;100;021/2013;212013
21938;486;100;4167/2012;41672012
21939;1914;100;021/2013;212013
21940;1914;100;4167/2012;41672012
21941;1915;100;021/2013;212013
21942;1915;100;4167/2012;41672012
21943;376;48;334424MM;334424MM
21944;376;100;021/2013;212013
21945;376;100;4167/2012;41672012
21946;377;48;334495MM;334495MM
21947;377;100;021/2013;212013
21948;377;100;4167/2012;41672012
21949;36;48;334396MM;334396MM
21950;36;49;AC 35764;AC35764
21951;36;100;021/2013;212013
21952;36;100;4167/2012;41672012
21953;37;100;021/2013;212013
21954;37;100;4167/2012;41672012
21955;404;100;021/2013;212013
21956;404;100;4167/2012;41672012
21957;341;48;334401MM;334401MM
21958;341;31;89EU18045A1A;89EU18045A1A
21959;341;100;022/2013;222013
21960;341;100;4165/2012;41652012
21961;333;31;89EU18045B1A;89EU18045B1A
21962;333;100;022/2013;222013
21963;333;100;4165/2012;41652012
21964;367;48;334301MM;334301MM
21965;367;49;AC 35446;AC35446
21966;367;100;021/2013;212013
21967;367;100;4167/2012;41672012
21968;368;48;334302MM;334302MM
21969;368;100;021/2013;212013
21970;368;100;4167/2012;41672012
21971;1952;100;021/2013;212013
21972;1952;100;4167/2012;41672012
21973;196;100;021/2013;212013
21974;196;100;1956/2018;19562018
21975;196;100;4167/2012;41672012
21976;1949;100;021/2013;212013
21977;1949;100;4167/2012;41672012
21978;528;100;021/2013;212013
21979;528;100;4167/2012;41672012
21980;529;31;561106S300;561106S300
21981;529;100;021/2013;212013
21982;529;100;4167/2012;41672012
21983;530;100;021/2013;212013
21984;530;100;4167/2012;41672012
21985;491;48;334418MM;334418MM
21986;491;100;021/2013;212013
21987;491;100;3541/2012;35412012
21988;491;100;4167/2012;41672012
21989;131;100;021/2013;212013
21990;131;100;4167/2012;41672012
21991;218;48;379032SP;379032SP
21992;218;100;021/2013;212013
21993;218;100;4167/2012;41672012
21994;1950;100;021/2013;212013
21995;1950;100;4167/2012;41672012
21996;1951;100;021/2013;212013
21997;1951;100;4167/2012;41672012
21998;533;100;021/2013;212013
21999;533;100;4167/2012;41672012
22000;132;100;021/2013;212013
22001;132;100;4167/2012;41672012
22002;133;100;021/2013;212013
22003;133;100;4167/2012;41672012
22004;492;48;334426MM;334426MM
22005;492;31;561109S510;561109S510
22006;492;100;021/2013;212013
22007;492;100;4167/2012;41672012
22008;219;48;379033SP;379033SP
22009;219;100;021/2013;212013
22010;219;100;4167/2012;41672012
22011;134;100;021/2013;212013
22012;134;100;4167/2012;41672012
22013;1920;100;021/2013;212013
22014;1920;100;4167/2012;41672012
22015;193;100;021/2013;212013
22016;193;100;4167/2012;41672012
22017;53;31;25937458;25937458
22018;53;100;021/2013;212013
22019;53;100;4167/2012;41672012
22020;480;100;022/2013;222013
22021;480;100;4165/2012;41652012
22022;271;100;021/2013;212013
22023;271;100;4167/2012;41672012
22024;298;100;021/2013;212013
22025;298;100;4167/2012;41672012
22026;5472;31;1362546080;1362546080
22027;5472;31;5206VC;5206VC
22028;5472;100;021/2013;212013
22031;1958;100;021/2013;212013
22032;1958;100;4167/2012;41672012
22033;487;100;022/2013;222013
22034;487;100;4165/2012;41652012
22035;2121;31;CA330660;CA330660
22036;2121;100;022/2013;222013
22037;2121;100;4165/2012;41652012
22038;2616;100;021/2013;212013
22039;2343;100;3543/2012;35432012
22040;2343;100;3547/2012;35472012
22041;2343;100;6936/2020;69362020
22042;2345;100;3543/2012;35432012
22043;2336;100;3546/2012;35462012
22044;2336;100;6935/2020;69352020
22045;3220;31;8C3518945AB;8C3518945AB
22046;3220;100;3545/2012;35452012
22047;3220;100;6934/2020;69342020
22048;3669;100;3545/2012;35452012
22049;3669;100;6934/2020;69342020
22050;2384;100;3545/2012;35452012
22051;2384;100;6934/2020;69342020
22052;2385;100;3545/2012;35452012
22053;2385;100;6934/2020;69342020
22054;2534;100;3543/2012;35432012
22055;2535;100;3543/2012;35432012
22056;410;100;021/2013;212013
22057;3209;100;3547/2012;35472012
22058;3209;100;6936/2020;69362020
22059;3554;100;021/2013;212013
22060;3241;100;3543/2012;35432012
22061;4426;100;021/2013;212013
22062;3210;100;3543/2012;35432012
22063;4447;100;021/2013;212013
22066;5474;100;3541/2012;35412012
22067;5475;31;52198256;52198256
22068;5475;100;021/2013;212013
22069;5476;31;4002011002AB;4002011002AB
22070;5476;100;3541/2012;35412012
22071;470;100;1905/2018;19052018
22072;470;100;3543/2012;35432012
22073;470;100;6980/2016;69802016
22074;413;31;9l5518045CA;9L5518045CA
22075;413;100;3541/2012;35412012
22076;421;100;022/2013;222013
22077;421;100;1905/2018;19052018
22078;421;100;4165/2012;41652012
22079;421;100;6980/2016;69802016
22080;418;100;022/2013;222013
22081;418;100;4165/2012;41652012
22082;4634;100;3543/2012;35432012
22083;356;100;023/2013;232013
22084;356;100;127/2013;1272013
22085;356;100;4166/2012;41662012
22086;356;100;4169/2012;41692012
22087;385;100;023/2013;232013
22088;385;100;127/2013;1272013
22089;385;100;4166/2012;41662012
22090;385;100;4169/2012;41692012
22091;400;48;808098MM;808098MM
22092;400;31;97KB18045CB;97KB18045CB
22093;400;100;023/2013;232013
22094;400;100;127/2013;1272013
22095;400;100;4166/2012;41662012
22096;400;100;4169/2012;41692012
22097;339;48;808108MM;808108MM
22098;339;100;023/2013;232013
22099;339;100;127/2013;1272013
22100;339;100;4166/2012;41662012
22101;339;100;4169/2012;41692012
22102;357;48;808095MM;808095MM
22103;357;100;023/2013;232013
22104;357;100;127/2013;1272013
22105;357;100;4166/2012;41662012
22106;357;100;4169/2012;41692012
22107;159;48;808062MM;808062MM
22108;159;49;HG 32778;HG32778
22109;159;100;023/2013;232013
22110;159;100;127/2013;1272013
22111;159;100;4166/2012;41662012
22112;159;100;4169/2012;41692012
22113;160;48;808063MM;808063MM
22114;160;49;HG 32779;HG32779
22115;160;100;023/2013;232013
22116;160;100;127/2013;1272013
22117;160;100;4166/2012;41662012
22118;160;100;4169/2012;41692012
22119;520;100;023/2013;232013
22120;520;100;127/2013;1272013
22121;520;100;4166/2012;41662012
22122;520;100;4169/2012;41692012
22123;521;100;023/2013;232013
22124;521;100;127/2013;1272013
22125;521;100;4166/2012;41662012
22126;521;100;4169/2012;41692012
22127;82;100;023/2013;232013
22128;82;100;127/2013;1272013
22129;82;100;4166/2012;41662012
22130;82;100;4169/2012;41692012
22131;296;100;023/2013;232013
22132;296;100;127/2013;1272013
22133;296;100;1904/2018;19042018
22134;296;100;4166/2012;41662012
22135;296;100;4169/2012;41692012
22136;266;100;023/2013;232013
22137;266;100;127/2013;1272013
22138;266;100;1904/2018;19042018
22139;266;100;4166/2012;41662012
22140;266;100;4169/2012;41692012
22141;78;50;333856;333856
22142;78;100;023/2013;232013
22143;78;100;127/2013;1272013
22144;78;100;4166/2012;41662012
22145;78;100;4169/2012;41692012
22146;79;100;023/2013;232013
22147;79;100;127/2013;1272013
22148;79;100;4166/2012;41662012
22149;79;100;4169/2012;41692012
22158;500;100;023/2013;232013
22159;500;100;127/2013;1272013
22160;500;100;4166/2012;41662012
22161;500;100;4169/2012;41692012
22162;501;100;023/2013;232013
22163;501;100;127/2013;1272013
22164;501;100;4166/2012;41662012
22165;501;100;4169/2012;41692012
22166;110;100;023/2013;232013
22167;110;100;127/2013;1272013
22168;110;100;1904/2018;19042018
22169;110;100;4166/2012;41662012
22170;110;100;4169/2012;41692012
22171;111;100;023/2013;232013
22172;111;100;127/2013;1272013
22173;111;100;1904/2018;19042018
22174;111;100;4166/2012;41662012
22175;111;100;4169/2012;41692012
22176;249;100;023/2013;232013
22177;249;100;127/2013;1272013
22178;249;100;4166/2012;41662012
22179;249;100;4169/2012;41692012
22180;272;100;127/2013;1272013
22181;272;100;4166/2012;41662012
22182;272;100;4169/2012;41692012
22183;64;48;808034MM;808034MM
22184;64;100;127/2013;1272013
22185;64;100;4166/2012;41662012
22186;64;100;4169/2012;41692012
22187;251;100;023/2013;232013
22188;251;100;127/2013;1272013
22189;251;100;4166/2012;41662012
22190;251;100;4169/2012;41692012
22191;386;100;023/2013;232013
22192;386;100;127/2013;1272013
22193;386;100;4166/2012;41662012
22194;386;100;4169/2012;41692012
22195;534;48;G16387;G16387
22196;534;100;023/2013;232013
22197;534;100;127/2013;1272013
22198;534;100;4166/2012;41662012
22199;534;100;4169/2012;41692012
22200;346;100;023/2013;232013
22201;346;100;127/2013;1272013
22202;346;100;4166/2012;41662012
22203;346;100;4169/2012;41692012
22204;527;48;SP203;SP203
22205;527;100;023/2013;232013
22206;527;100;127/2013;1272013
22207;527;100;4166/2012;41662012
22208;527;100;4169/2012;41692012
22209;24;31;52047616;52047616
22210;24;31;94701316;94701316
22211;24;100;023/2013;232013
22212;24;100;127/2013;1272013
22213;24;100;4166/2012;41662012
22214;24;100;4169/2012;41692012
22215;537;31;8200793252;8200793252
22216;537;100;023/2013;232013
22217;537;100;127/2013;1272013
22218;537;100;4166/2012;41662012
22219;537;100;4169/2012;41692012
22220;186;100;3542/2012;35422012
22221;186;100;3546/2012;35462012
22222;186;100;4160/2013;41602013
22223;186;100;6935/2020;69352020
22224;187;100;3542/2012;35422012
22225;187;100;3546/2012;35462012
22226;187;100;4160/2013;41602013
22227;187;100;6935/2020;69352020
22228;273;100;127/2013;1272013
22229;273;100;4166/2012;41662012
22230;273;100;4169/2012;41692012
22231;289;100;023/2013;232013
22232;289;100;127/2013;1272013
22233;289;100;4166/2012;41662012
22234;289;100;4169/2012;41692012
22235;685;100;127/2013;1272013
22236;685;100;4166/2012;41662012
22237;686;100;127/2013;1272013
22238;686;100;4166/2012;41662012
22247;198;100;127/2013;1272013
22248;198;100;4166/2012;41662012
22249;199;100;127/2013;1272013
22250;199;100;4166/2012;41662012
22251;112;100;023/2013;232013
22252;112;100;127/2013;1272013
22253;112;100;4166/2012;41662012
22254;112;100;4169/2012;41692012
22255;105;100;023/2013;232013
22256;105;100;127/2013;1272013
22257;105;100;1904/2018;19042018
22258;105;100;4166/2012;41662012
22259;105;100;4169/2012;41692012
22260;106;100;023/2013;232013
22261;106;100;127/2013;1272013
22262;106;100;1904/2018;19042018
22263;106;100;4166/2012;41662012
22264;106;100;4169/2012;41692012
22265;667;100;023/2013;232013
22266;667;100;127/2013;1272013
22267;667;100;4166/2012;41662012
22268;667;100;4169/2012;41692012
22269;668;100;023/2013;232013
22270;668;100;127/2013;1272013
22271;668;100;4166/2012;41662012
22272;668;100;4169/2012;41692012
22273;669;100;023/2013;232013
22274;669;100;127/2013;1272013
22275;669;100;4166/2012;41662012
22276;669;100;4169/2012;41692012
22277;670;100;023/2013;232013
22278;670;100;127/2013;1272013
22279;670;100;4166/2012;41662012
22280;670;100;4169/2012;41692012
22284;2366;100;3543/2012;35432012
22285;2366;100;3547/2012;35472012
22286;2366;100;6936/2020;69362020
22287;2378;100;3542/2012;35422012
22288;2377;100;3542/2012;35422012
22289;2393;100;3542/2012;35422012
22290;2393;100;3546/2012;35462012
22291;2393;100;6935/2020;69352020
22292;2394;100;3542/2012;35422012
22293;2394;100;3546/2012;35462012
22294;2394;100;6935/2020;69352020
22295;2380;100;3542/2012;35422012
22296;2381;100;3542/2012;35422012
22297;2402;100;3542/2012;35422012
22298;2402;100;3546/2012;35462012
22299;2402;100;6935/2020;69352020
22300;2403;100;3542/2012;35422012
22301;2403;100;3546/2012;35462012
22302;2403;100;6935/2020;69352020
22303;2363;100;3542/2012;35422012
22304;2364;100;3542/2012;35422012
22305;2405;31;98FU18045DA;98FU18045DA
22306;2405;100;3542/2012;35422012
22307;2406;100;3542/2012;35422012
22310;2409;31;54303 AZ61B;54303AZ61B
22311;2409;100;3542/2012;35422012
22312;2408;31;54302 AZ61B;54302AZ61B
22313;2408;100;3542/2012;35422012
22314;2445;100;1904/2018;19042018
22315;2445;100;3542/2012;35422012
22316;2445;100;6981/2016;69812016
22317;2466;100;3542/2012;35422012
22318;2467;100;3542/2012;35422012
22319;2464;31;543024709R;543024709R
22320;2464;100;3542/2012;35422012
22321;2487;100;3543/2012;35432012
22322;3121;100;3542/2012;35422012
22323;3122;100;3542/2012;35422012
22324;3124;100;3542/2012;35422012
22325;3202;100;127/2013;1272013
22326;3203;100;127/2013;1272013
22327;3569;100;127/2013;1272013
22328;3570;100;127/2013;1272013
22329;3543;100;127/2013;1272013
22330;3562;100;127/2013;1272013
22331;3561;100;127/2013;1272013
22332;3572;100;127/2013;1272013
22333;3571;100;127/2013;1272013
22334;3698;100;1904/2018;19042018
22335;3698;100;6981/2016;69812016
22336;3683;100;1904/2018;19042018
22337;3683;100;6981/2016;69812016
22338;3684;100;1904/2018;19042018
22339;3684;100;6981/2016;69812016
22340;3692;31;E43025RB0B;E43025RB0B
22341;3692;100;1904/2018;19042018
22342;3692;100;6981/2016;69812016
22343;3693;31;E43035RB0B;E43035RB0B
22344;3693;100;1904/2018;19042018
22345;3693;100;6981/2016;69812016
22346;3538;31;13014808;13014808
22347;3538;31;13015611;13015611
22348;3538;31;13015614;13015614
22349;3538;31;52121592;52121592
22350;3538;31;52121594;52121594
22351;3538;31;52128039;52128039
22352;3538;31;52152952;52152952
22353;3538;31;52152956;52152956
22354;3538;31;52152958;52152958
22355;3538;100;127/2013;1272013
22358;4075;31;AE5Z18124-B;AE5Z18124B
22359;4075;100;3543/2012;35432012
22362;4171;100;3542/2012;35422012
22363;4418;31;546601Y200;546601Y200
22364;4418;100;3542/2012;35422012
22365;4419;31;546501Y200;546501Y200
22366;4419;100;3542/2012;35422012
22367;4637;100;3542/2012;35422012
22368;5477;31;546601S011;546601S011
22369;5477;100;3542/2012;35422012
22370;5478;31;546501S011;546501S011
22371;5478;100;3542/2012;35422012
22374;458;100;3543/2012;35432012
22375;458;100;3547/2012;35472012
22376;458;100;6936/2020;69362020
22377;358;48;808378MM;808378MM
22378;358;100;023/2013;232013
22379;358;100;127/2013;1272013
22380;358;100;4166/2012;41662012
22381;358;100;4169/2012;41692012
22382;308;48;808052MM;808052MM
22383;308;100;023/2013;232013
22384;308;100;127/2013;1272013
22385;308;100;4166/2012;41662012
22386;308;100;4169/2012;41692012
22387;125;100;023/2013;232013
22388;125;100;127/2013;1272013
22389;125;100;4166/2012;41662012
22390;125;100;4169/2012;41692012
22395;29;100;023/2013;232013
22396;29;100;127/2013;1272013
22397;29;100;4166/2012;41662012
22398;29;100;4169/2012;41692012
22399;30;100;023/2013;232013
22400;30;100;127/2013;1272013
22401;30;100;4166/2012;41662012
22402;30;100;4169/2012;41692012
22403;540;100;023/2013;232013
22404;540;100;127/2013;1272013
22405;540;100;4166/2012;41662012
22406;540;100;4169/2012;41692012
22407;255;48;808059MM;808059MM
22408;255;100;023/2013;232013
22409;255;100;127/2013;1272013
22410;255;100;4166/2012;41662012
22411;255;100;4169/2012;41692012
22412;268;100;023/2013;232013
22413;268;100;127/2013;1272013
22414;268;100;4166/2012;41662012
22415;268;100;4169/2012;41692012
22416;274;49;HG 32800;HG32800
22417;274;100;023/2013;232013
22418;274;100;127/2013;1272013
22419;274;100;4166/2012;41662012
22420;274;100;4169/2012;41692012
22421;297;100;023/2013;232013
22422;297;100;127/2013;1272013
22423;297;100;4166/2012;41662012
22424;297;100;4169/2012;41692012
22425;212;48;27040;27040
22426;212;48;808058MM;808058MM
22427;212;48;SP040;SP040
22428;212;100;023/2013;232013
22429;212;100;127/2013;1272013
22430;212;100;4166/2012;41662012
22431;212;100;4169/2012;41692012
22432;170;100;023/2013;232013
22433;170;100;127/2013;1272013
22434;170;100;4166/2012;41662012
22435;170;100;4169/2012;41692012
22436;171;100;023/2013;232013
22437;171;100;127/2013;1272013
22438;171;100;4166/2012;41662012
22439;171;100;4169/2012;41692012
22440;256;48;808059MM;808059MM
22441;256;100;023/2013;232013
22442;256;100;127/2013;1272013
22443;256;100;4166/2012;41662012
22444;256;100;4169/2012;41692012
22445;223;100;023/2013;232013
22446;223;100;127/2013;1272013
22447;223;100;4166/2012;41662012
22448;223;100;4169/2012;41692012
22449;292;100;023/2013;232013
22450;292;100;127/2013;1272013
22451;292;100;4166/2012;41662012
22452;292;100;4169/2012;41692012
22457;488;100;023/2013;232013
22458;488;100;127/2013;1272013
22459;488;100;4166/2012;41662012
22460;488;100;4169/2012;41692012
22461;592;100;023/2013;232013
22462;592;100;127/2013;1272013
22463;592;100;4166/2012;41662012
22464;592;100;4169/2012;41692012
22465;10;100;023/2013;232013
22466;10;100;127/2013;1272013
22467;10;100;1904/2018;19042018
22468;10;100;4166/2012;41662012
22469;10;100;4169/2012;41692012
22470;220;100;023/2013;232013
22471;220;100;127/2013;1272013
22472;220;100;4166/2012;41662012
22473;220;100;4169/2012;41692012
22474;221;100;023/2013;232013
22475;221;100;4169/2012;41692012
22476;4170;49;HG 33008;HG33008
22477;4170;49;HG31188;HG31188
22478;4170;49;HG33094;HG33094
22479;589;100;023/2013;232013
22480;589;100;127/2013;1272013
22481;589;100;4166/2012;41662012
22482;589;100;4169/2012;41692012
22483;557;100;023/2013;232013
22484;557;100;127/2013;1272013
22485;557;100;4166/2012;41662012
22486;557;100;4169/2012;41692012
22487;558;100;023/2013;232013
22488;558;100;127/2013;1272013
22489;558;100;4166/2012;41662012
22490;558;100;4169/2012;41692012
22491;559;100;023/2013;232013
22492;559;100;127/2013;1272013
22493;559;100;4166/2012;41662012
22494;559;100;4169/2012;41692012
22495;560;100;023/2013;232013
22496;560;100;127/2013;1272013
22497;560;100;4166/2012;41662012
22498;560;100;4169/2012;41692012
22499;3686;31;51606-S5J-K030;51606S5JK030
22500;3686;100;023/2013;232013
22501;3686;100;127/2013;1272013
22502;3686;100;1904/2018;19042018
22503;3686;100;4166/2012;41662012
22504;3686;100;4169/2012;41692012
22505;3685;100;023/2013;232013
22506;3685;100;127/2013;1272013
22507;3685;100;1904/2018;19042018
22508;3685;100;4166/2012;41662012
22509;3685;100;4169/2012;41692012
22510;391;48;808408MM;808408MM
22511;391;100;023/2013;232013
22512;391;100;127/2013;1272013
22513;391;100;1904/2018;19042018
22514;391;100;4166/2012;41662012
22515;391;100;4169/2012;41692012
22516;392;48;808409MM;808409MM
22517;392;100;023/2013;232013
22518;392;100;127/2013;1272013
22519;392;100;1904/2018;19042018
22520;392;100;4166/2012;41662012
22521;392;100;4169/2012;41692012
22522;182;48;808332MM;808332MM
22523;182;100;023/2013;232013
22524;182;100;127/2013;1272013
22525;182;100;1904/2018;19042018
22526;182;100;4166/2012;41662012
22527;182;100;4169/2012;41692012
22528;183;48;808331MM;808331MM
22529;183;100;023/2013;232013
22530;183;100;127/2013;1272013
22531;183;100;4166/2012;41662012
22532;183;100;4169/2012;41692012
22533;161;100;023/2013;232013
22534;161;100;127/2013;1272013
22535;161;100;4166/2012;41662012
22536;161;100;4169/2012;41692012
22537;162;48;SP043;SP043
22538;162;100;023/2013;232013
22539;162;100;127/2013;1272013
22540;162;100;4166/2012;41662012
22541;162;100;4169/2012;41692012
22542;163;100;023/2013;232013
22543;163;100;127/2013;1272013
22544;163;100;4166/2012;41662012
22545;163;100;4169/2012;41692012
22546;164;100;023/2013;232013
22547;164;100;127/2013;1272013
22548;164;100;4166/2012;41662012
22549;164;100;4169/2012;41692012
22550;282;100;023/2013;232013
22551;282;100;127/2013;1272013
22552;282;100;4166/2012;41662012
22553;282;100;4169/2012;41692012
22554;283;100;023/2013;232013
22555;283;100;127/2013;1272013
22556;283;100;4166/2012;41662012
22557;283;100;4169/2012;41692012
22558;253;48;742108SP;742108SP
22559;253;100;023/2013;232013
22560;253;100;127/2013;1272013
22561;253;100;4166/2012;41662012
22562;253;100;4169/2012;41692012
22563;254;48;742109SP;742109SP
22564;254;100;023/2013;232013
22565;254;100;127/2013;1272013
22566;254;100;4166/2012;41662012
22567;254;100;4169/2012;41692012
22568;165;100;023/2013;232013
22569;165;100;127/2013;1272013
22570;165;100;4166/2012;41662012
22571;165;100;4169/2012;41692012
22572;166;100;023/2013;232013
22573;166;100;127/2013;1272013
22574;166;100;4166/2012;41662012
22575;166;100;4169/2012;41692012
22584;511;100;023/2013;232013
22585;511;100;127/2013;1272013
22586;511;100;4166/2012;41662012
22587;511;100;4169/2012;41692012
22588;512;100;023/2013;232013
22589;512;100;127/2013;1272013
22590;512;100;4166/2012;41662012
22591;512;100;4169/2012;41692012
22592;194;48;749050SP;749050SP
22593;194;100;023/2013;232013
22594;194;100;127/2013;1272013
22595;194;100;4166/2012;41662012
22596;194;100;4169/2012;41692012
22597;195;48;749050SP;749050SP
22598;195;100;023/2013;232013
22599;195;100;127/2013;1272013
22600;195;100;4166/2012;41662012
22601;195;100;4169/2012;41692012
22602;508;100;023/2013;232013
22603;508;100;127/2013;1272013
22604;508;100;4166/2012;41662012
22605;508;100;4169/2012;41692012
22606;509;100;023/2013;232013
22607;509;100;127/2013;1272013
22608;509;100;4166/2012;41662012
22609;509;100;4169/2012;41692012
22610;516;100;023/2013;232013
22611;516;100;127/2013;1272013
22612;516;100;4166/2012;41662012
22613;516;100;4169/2012;41692012
22614;517;100;023/2013;232013
22615;517;100;127/2013;1272013
22616;517;100;4166/2012;41662012
22617;517;100;4169/2012;41692012
22618;177;100;023/2013;232013
22619;177;100;127/2013;1272013
22620;177;100;4166/2012;41662012
22621;177;100;4169/2012;41692012
22622;178;100;023/2013;232013
22623;178;100;127/2013;1272013
22624;178;100;4166/2012;41662012
22625;178;100;4169/2012;41692012
22626;189;100;023/2013;232013
22627;189;100;127/2013;1272013
22628;189;100;4166/2012;41662012
22629;189;100;4169/2012;41692012
22630;190;100;023/2013;232013
22631;190;100;127/2013;1272013
22632;190;100;4166/2012;41662012
22633;190;100;4169/2012;41692012
22634;216;100;023/2013;232013
22635;216;100;127/2013;1272013
22636;216;100;4166/2012;41662012
22637;216;100;4169/2012;41692012
22638;269;100;127/2013;1272013
22639;662;48;749380SP;749380SP
22640;662;100;023/2013;232013
22641;662;100;127/2013;1272013
22642;662;100;4166/2012;41662012
22643;662;100;4169/2012;41692012
22644;217;100;023/2013;232013
22645;217;100;127/2013;1272013
22646;217;100;4166/2012;41662012
22647;217;100;4169/2012;41692012
22654;316;100;127/2013;1272013
22655;316;100;4166/2012;41662012
22656;317;100;127/2013;1272013
22657;317;100;4166/2012;41662012
22658;284;100;023/2013;232013
22659;284;100;127/2013;1272013
22660;284;100;4166/2012;41662012
22661;284;100;4169/2012;41692012
22662;285;100;023/2013;232013
22663;285;100;127/2013;1272013
22664;285;100;4166/2012;41662012
22665;285;100;4169/2012;41692012
22666;678;100;127/2013;1272013
22667;678;100;4166/2012;41662012
22668;677;31;51856391;51856391
22669;677;100;023/2013;232013
22670;677;100;127/2013;1272013
22671;677;100;4166/2012;41662012
22672;677;100;4169/2012;41692012
22673;682;100;127/2013;1272013
22674;682;100;4166/2012;41662012
22675;682;100;4169/2012;41692012
22676;681;100;127/2013;1272013
22677;681;100;4166/2012;41662012
22678;681;100;4169/2012;41692012
22679;683;31;51875606;51875606
22680;683;100;127/2013;1272013
22681;683;100;4166/2012;41662012
22682;684;100;127/2013;1272013
22683;684;100;4166/2012;41662012
22684;86;100;127/2013;1272013
22685;86;100;4166/2012;41662012
22686;87;100;127/2013;1272013
22687;687;31;1S0.413.031.H;1S0413031H
22688;687;31;5U0413031P;5U0413031P
22689;687;100;023/2013;232013
22690;687;100;127/2013;1272013
22691;687;100;4166/2012;41662012
22692;687;100;4169/2012;41692012
22693;623;100;127/2013;1272013
22694;623;100;4166/2012;41662012
22695;2118;100;127/2013;1272013
22696;2118;100;4166/2012;41662012
22697;2117;100;127/2013;1272013
22698;2117;100;4166/2012;41662012
22699;2614;100;023/2013;232013
22700;2614;100;127/2013;1272013
22701;2615;100;023/2013;232013
22702;2615;100;127/2013;1272013
22703;3557;100;127/2013;1272013
22704;2620;100;127/2013;1272013
22705;2621;100;127/2013;1272013
22706;3650;100;127/2013;1272013
22707;3649;100;127/2013;1272013
22708;3822;31;5Z0.413.031.AT;5Z0413031AT
22709;3822;100;127/2013;1272013
22710;2315;100;3416/2018;34162018
22711;2315;100;3542/2012;35422012
22712;2316;100;3416/2018;34162018
22713;2316;100;3542/2012;35422012
22714;2321;100;3542/2012;35422012
22715;2321;100;7636/2019;76362019
22716;2322;100;3542/2012;35422012
22717;2322;100;7636/2019;76362019
22718;2318;100;3542/2012;35422012
22719;2319;100;3542/2012;35422012
22724;2361;100;3542/2012;35422012
22725;2361;100;3546/2012;35462012
22726;2361;100;6935/2020;69352020
22727;2362;100;3542/2012;35422012
22728;2362;100;3546/2012;35462012
22729;2362;100;6935/2020;69352020
22730;2369;100;3542/2012;35422012
22731;2356;100;3542/2012;35422012
22732;2357;100;3542/2012;35422012
22733;2396;100;3542/2012;35422012
22734;2397;100;3542/2012;35422012
22735;2413;100;3542/2012;35422012
22736;2413;100;3546/2012;35462012
22737;2413;100;6935/2020;69352020
22738;2414;31;55311 2S000;553112S000
22739;2414;100;3542/2012;35422012
22740;2414;100;3546/2012;35462012
22741;2414;100;6935/2020;69352020
22742;3071;100;127/2013;1272013
22743;3072;100;127/2013;1272013
22744;3073;100;127/2013;1272013
22745;3074;100;127/2013;1272013
22746;3075;100;127/2013;1272013
22747;3076;100;127/2013;1272013
22748;3077;100;127/2013;1272013
22749;3078;100;127/2013;1272013
22750;2484;100;3416/2018;34162018
22751;2484;100;3542/2012;35422012
22752;2485;100;3416/2018;34162018
22753;2485;100;3542/2012;35422012
22754;2556;100;3546/2012;35462012
22755;2556;100;6935/2020;69352020
22756;2557;100;3546/2012;35462012
22757;2557;100;6935/2020;69352020
22758;2536;100;3543/2012;35432012
22759;2537;31;6E5Z-18124-AL;6E5Z18124AL
22760;2537;100;3543/2012;35432012
22761;2550;100;3542/2012;35422012
22762;2624;100;3542/2012;35422012
22763;2554;31;7089424;7089424
22764;2554;100;3542/2012;35422012
22765;2555;100;3542/2012;35422012
22766;2568;48;749041SP;749041SP
22767;2568;100;3542/2012;35422012
22768;2569;48;749042SP;749042SP
22769;2569;100;3542/2012;35422012
22770;2573;100;3542/2012;35422012
22771;2574;100;3542/2012;35422012
22772;3127;100;3542/2012;35422012
22773;3128;100;3542/2012;35422012
22774;3204;100;127/2013;1272013
22775;3551;100;127/2013;1272013
22776;3550;100;127/2013;1272013
22777;3553;100;127/2013;1272013
22778;3552;100;127/2013;1272013
22779;3207;100;3542/2012;35422012
22780;3206;100;3542/2012;35422012
22781;3585;48;72286;72286
22782;3586;48;72286;72286
22783;3534;100;127/2013;1272013
22784;3534;100;4166/2012;41662012
22785;3534;100;4169/2012;41692012
22786;3535;100;127/2013;1272013
22787;3532;100;127/2013;1272013
22788;3533;100;127/2013;1272013
22789;3530;100;127/2013;1272013
22790;3531;100;127/2013;1272013
22791;3527;100;127/2013;1272013
22792;3528;100;127/2013;1272013
22793;3563;100;3542/2012;35422012
22794;3564;100;3542/2012;35422012
22795;3566;100;3542/2012;35422012
22796;3567;100;3542/2012;35422012
22797;3289;100;127/2013;1272013
22798;3290;100;127/2013;1272013
22799;3291;100;127/2013;1272013
22800;3292;100;127/2013;1272013
22801;3293;100;127/2013;1272013
22802;3294;100;127/2013;1272013
22803;3295;100;127/2013;1272013
22804;3296;100;127/2013;1272013
22805;3648;100;127/2013;1272013
22806;3647;100;127/2013;1272013
22807;3643;100;127/2013;1272013
22808;3644;100;127/2013;1272013
22809;3645;31;A13-4BB2905010;A134BB2905010
22810;3645;100;3542/2012;35422012
22811;3688;100;1904/2018;19042018
22812;3688;100;6981/2016;69812016
22813;3687;100;1904/2018;19042018
22814;3687;100;6981/2016;69812016
22815;3701;49;HG 41424;HG41424
22816;3701;31;485208Z197;485208Z197
22817;3701;100;1904/2018;19042018
22818;3701;100;6981/2016;69812016
22819;3700;31;485108Z339;485108Z339
22820;3700;100;1904/2018;19042018
22821;3700;100;6981/2016;69812016
22822;3699;100;1904/2018;19042018
22823;3699;100;6981/2016;69812016
22824;3679;31;95326831;95326831
22825;3679;100;3542/2012;35422012
22826;3681;31;95326830;95326830
22827;3681;100;3542/2012;35422012
22832;3705;100;3542/2012;35422012
22833;3839;100;127/2013;1272013
22834;3838;100;127/2013;1272013
22835;3983;31;M11-2905020;M112905020
22836;3983;100;3542/2012;35422012
22837;3984;100;3542/2012;35422012
22838;4479;100;3542/2012;35422012
22839;4480;100;3542/2012;35422012
22840;4602;31;546602B540;546602B540
22841;4602;100;3542/2012;35422012
22842;4601;31;546502B540;546502B540
22843;4601;100;3542/2012;35422012
22844;4167;100;3542/2012;35422012
22845;4413;31;52138406;52138406
22846;4413;100;127/2013;1272013
22847;4412;31;52138407;52138407
22848;4412;31;52161284;52161284
22849;4412;100;127/2013;1272013
22850;4693;100;3542/2012;35422012
22851;4692;100;3542/2012;35422012
22852;4417;31;546512V050;546512V050
22853;4417;100;3542/2012;35422012
22854;4416;31;546612V050;546612V050
22855;4416;100;3542/2012;35422012
22856;4559;31;A204.323.24.00;A2043232400
22857;4559;31;A204.323.26.00;A2043232600
22858;4559;100;3542/2012;35422012
22859;4422;31;T634 48510-47300;T6344851047300
22860;4422;100;3542/2012;35422012
22861;4423;31;T635 48520-47300;T6354852047300
22862;4423;100;3542/2012;35422012
22863;4663;100;3543/2012;35432012
22864;4664;100;3543/2012;35432012
22865;4556;100;3542/2012;35422012
22866;4557;100;3542/2012;35422012
22867;4616;100;3542/2012;35422012
22868;4617;100;3542/2012;35422012
22869;4629;100;3542/2012;35422012
22870;4630;100;3542/2012;35422012
22871;4619;100;3542/2012;35422012
22872;4618;100;3542/2012;35422012
22873;4635;31;54650-D9000;54650D9000
22874;4635;100;3542/2012;35422012
22875;4636;31;54660-D9000;54660D9000
22876;4636;100;3542/2012;35422012
22877;4662;100;3542/2012;35422012
22878;5480;49;HG41303;HG41303
22879;5480;31;9821596880;9821596880
22880;5480;31;9832560180;9832560180
22881;5480;100;3542/2012;35422012
22884;5481;31;54661D3000;54661D3000
22885;5481;100;3542/2012;35422012
22886;5482;31;54651D3100;54651D3100
22887;5482;100;3542/2012;35422012
22888;4689;100;3542/2012;35422012
22889;4690;100;3542/2012;35422012
22890;4614;100;3542/2012;35422012
22891;4615;100;3542/2012;35422012
22892;4729;31;2901410U8160;2901410U8160
22893;4730;31;2901310U8160;2901310U8160
22894;4814;31;52173311;52173311
22895;4814;31;52173312;52173312
22896;4814;31;52173313;52173313
22897;4815;31;52173308;52173308
22898;4815;31;52173309;52173309
22899;4815;31;52173310;52173310
22900;5483;49;HG41391;HG41391
22901;5483;31;202000354AA;202000354AA
22902;5483;100;3542/2012;35422012
22903;5484;49;HG41392;HG41392
22904;5484;31;202000355AA;202000355AA
22905;5484;100;3542/2012;35422012
22906;5485;31;52198255;52198255
22907;5485;100;127/2013;1272013
22908;5486;31;52198254;52198254
22909;5486;100;127/2013;1272013
22910;5487;31;50151736;50151736
22911;5487;100;127/2013;1272013
22912;5488;31;50151735;50151735
22913;5488;100;127/2013;1272013
22914;5489;31;53486050;53486050
22915;5489;100;127/2013;1272013
22916;5490;31;53486051;53486051
22917;5490;100;127/2013;1272013
22918;5491;49;HG 41286;HG41286
22919;5491;31;39017654;39017654
22920;5491;31;39097474;39097474
22921;5491;100;3542/2012;35422012
22922;5492;49;HG 41287;HG41287
22923;5492;31;39017653;39017653
22924;5492;31;39097473;39097473
22925;5492;100;3542/2012;35422012
22926;5493;31;50153116;50153116
22927;5493;100;127/2013;1272013
22928;5494;31;50153115;50153115
22929;5494;100;127/2013;1272013
22930;5495;31;50153118;50153118
22931;5495;100;127/2013;1272013
22932;5496;31;50153117;50153117
22933;5496;100;127/2013;1272013
22934;5497;31;50153120;50153120
22935;5497;100;127/2013;1272013
22936;5498;31;50153119;50153119
22937;5498;100;127/2013;1272013
22938;5499;31;50513122;50513122
22939;5499;100;127/2013;1272013
22940;5500;31;50513121;50513121
22941;5500;100;127/2013;1272013
22942;5501;31;52210067;52210067
22943;5501;31;52210068;52210068
22944;5501;100;127/2013;1272013
22945;5502;31;52210064;52210064
22946;5502;31;52210065;52210065
22947;5502;100;127/2013;1272013
22948;2290;100;3542/2012;35422012
22949;2291;100;3542/2012;35422012
22950;2115;31;51611TJ0M32;51611TJ0M32
22951;2115;31;51621TJ0M32;51621TJ0M32
22952;2115;100;3542/2012;35422012
22953;2115;100;3546/2012;35462012
22954;2115;100;6935/2020;69352020
22955;448;100;3542/2012;35422012
22956;449;100;3542/2012;35422012
22957;440;100;3542/2012;35422012
22958;440;100;3546/2012;35462012
22959;440;100;6935/2020;69352020
22960;561;100;3542/2012;35422012
22961;561;100;3546/2012;35462012
22962;561;100;6935/2020;69352020
22963;401;100;3542/2012;35422012
22964;562;100;3542/2012;35422012
22965;562;100;3546/2012;35462012
22966;562;100;6935/2020;69352020
22967;452;100;3542/2012;35422012
22968;452;100;3546/2012;35462012
22969;452;100;6935/2020;69352020
22970;453;100;3542/2012;35422012
22971;453;100;3546/2012;35462012
22972;453;100;6935/2020;69352020
22973;435;100;1904/2018;19042018
22974;435;100;3542/2012;35422012
22975;435;100;6981/2016;69812016
22976;436;100;1904/2018;19042018
22977;436;100;3542/2012;35422012
22978;436;100;6981/2016;69812016
22979;428;100;3543/2012;35432012
22980;429;100;3542/2012;35422012
22981;429;100;3546/2012;35462012
22982;429;100;6935/2020;69352020
22983;430;100;3542/2012;35422012
22984;430;100;3546/2012;35462012
22985;430;100;6935/2020;69352020
22986;2432;100;3543/2012;35432012
22987;2431;100;3543/2012;35432012
22988;431;31;51605-SNJ-P030;51605SNJP030
22989;431;100;1904/2018;19042018
22990;431;100;3542/2012;35422012
22991;431;100;6981/2016;69812016
22992;432;100;1904/2018;19042018
22993;432;100;3542/2012;35422012
22994;432;100;6981/2016;69812016
22995;563;100;3542/2012;35422012
22996;564;100;3542/2012;35422012
22997;565;100;3542/2012;35422012
22998;566;100;3542/2012;35422012
22999;197;100;1904/2018;19042018
23000;197;100;3542/2012;35422012
23001;197;100;6981/2016;69812016
23044;1504;53;VKJA 41036 A;VKJA41036A
23045;1504;67;1751-789;1751789
23056;1481;53;VKJA 41028 A;VKJA41028A
23057;1481;67;1451599;1451599
23060;1469;53;VKJA 41006 A;VKJA41006A
23061;1469;67;1331339;1331339
23066;1458;67;2041669;2041669
23082;1446;76;AL1105;AL1105
23083;1446;49;NJH81-1329;NJH811329
23084;1446;67;21811329;21811329
23086;4290;49;NJH23-5164;NJH235164
23107;1502;67;1611-729;1611729
23111;4385;67;16311649;16311649
23117;3830;67;2021909;2021909
23120;4998;31;6K0411334B;6K0411334B
23121;4998;31;6Q0411314M;6Q0411314M
23122;4968;31;6K0411334B;6K0411334B
23123;4968;31;6Q0411314M;6Q0411314M
23124;4969;31;6K0411333B;6K0411333B
23125;4969;31;6Q0411314M;6Q0411314M
23126;4999;31;6K0411333B;6K0411333B
23127;4999;31;6Q0411314M;6Q0411314M
23128;5005;31;1J0411305;1J0411305
23129;5005;31;1J0411336D;1J0411336D
23130;4958;31;46465903KK;46465903KK
23131;4958;59;SK1300B;SK1300B
23132;4957;31;46465903K;46465903K
23133;4957;59;SK1300A;SK1300A
23134;4965;31;90468561;90468561
23135;4965;31;90468567;90468567
23136;4964;31;90468561;90468561
23137;4964;31;90538865;90538865
23138;4979;31;15697724;15697724
23139;4979;31;93366636;93366636
23140;4938;31;52053805;52053805
23141;4970;31;90581399;90581399
23142;4970;31;9223176;9223176
23143;4973;31;2F655488A;2F655488A
23144;4973;31;2N155484AB;2N155484AB
23145;4980;31;2L525484AA;2L525484AA
23146;4980;31;F87Z5486BA;F87Z5486BA
23147;4981;31;F87Z5486BA;F87Z5486BA
23148;4981;31;F8TZ5493CA;F8TZ5493CA
23149;5028;31;51306SAAE02;51306SAAE02
23150;5028;31;51308SAA000;51308SAA000
23151;5022;31;51306-SR3-J00;51306SR3J00
23152;5035;31;51306.T5N.M01;51306T5NM01
23153;5035;31;51307.T5N.M01;51307T5NM01
23154;5001;31;7700798053;7700798053
23155;5001;31;7700835929;7700835929
23156;5001;31;7702095498;7702095498
23157;4940;31;48815-0D160;488150D160
23158;4935;31;54813-4F000;548134F000
23159;4451;59;SK407S;SK407S
23160;4114;60;MB4281;MB4281
23161;4114;59;SK162S;SK162S
23162;4452;59;SK166S;SK166S
23163;4453;59;SK930S;SK930S
23164;5080;59;SK379S;SK379S
23165;5606;59;SK386S;SK386S
23166;2661;60;MB4178;MB4178
23167;2661;59;SK246S;SK246S
23168;4568;59;SK258S;SK258S
23169;5078;59;SK269S;SK269S
23170;5079;59;SK262S;SK262S
23171;5086;59;SK989S;SK989S
23172;5087;59;SK984S;SK984S
23173;5084;59;SK861S;SK861S
23174;2664;59;SK863S;SK863S
23175;5081;59;SK983S;SK983S
23176;5082;59;SK980S;SK980S
23177;4308;60;MB4162;MB4162
23178;4310;60;MB4160;MB4160
23179;548;48;334435MM;334435MM
23180;548;100;021/2013;212013
23181;548;100;4167/2012;41672012
23182;549;48;334421MM;334421MM
23183;549;100;021/2013;212013
23184;549;100;4167/2012;41672012
23185;44;100;021/2013;212013
23186;44;100;4167/2012;41672012
23187;167;100;021/2013;212013
23188;167;100;4167/2012;41672012
23189;1965;100;021/2013;212013
23190;1965;100;4167/2012;41672012
23195;45;48;334004MM;334004MM
23196;45;100;021/2013;212013
23197;45;100;4167/2012;41672012
23198;46;48;334015MM;334015MM
23199;46;100;021/2013;212013
23200;46;100;4167/2012;41672012
23201;2046;100;021/2013;212013
23202;2046;100;4167/2012;41672012
23204;1919;100;021/2013;212013
23205;1919;100;4167/2012;41672012
23208;1864;31;6006014505003;6006014505003
23209;141;48;334004MM;334004MM
23210;141;100;021/2013;212013
23211;141;100;4167/2012;41672012
23212;142;48;334015MM;334015MM
23213;142;100;021/2013;212013
23214;142;100;4167/2012;41672012
23217;135;100;021/2013;212013
23218;135;100;4167/2012;41672012
23219;1997;100;021/2013;212013
23220;1997;100;4167/2012;41672012
23221;4;100;021/2013;212013
23222;4;100;4167/2012;41672012
23225;2006;100;021/2013;212013
23226;2006;100;4167/2012;41672012
23230;17;48;334015MM;334015MM
23231;17;100;021/2013;212013
23232;17;100;4167/2012;41672012
23233;18;48;334416MM;334416MM
23234;18;100;021/2013;212013
23235;18;100;4167/2012;41672012
23236;550;48;334435MM;334435MM
23237;550;100;021/2013;212013
23238;550;100;4167/2012;41672012
23239;405;100;022/2013;222013
23240;405;100;4165/2012;41652012
23241;406;100;022/2013;222013
23242;406;100;4165/2012;41652012
23243;1959;100;021/2013;212013
23244;1959;100;4167/2012;41672012
23247;1946;100;021/2013;212013
23248;1946;100;4167/2012;41672012
23249;2035;100;021/2013;212013
23250;2035;100;4167/2012;41672012
23251;2081;100;021/2013;212013
23252;2081;100;4167/2012;41672012
23253;551;48;334435MM;334435MM
23254;551;100;021/2013;212013
23255;551;100;4167/2012;41672012
23256;552;100;021/2013;212013
23257;552;100;4167/2012;41672012
23258;553;48;334446MM;334446MM
23259;553;100;021/2013;212013
23260;553;100;4167/2012;41672012
23261;1999;100;021/2013;212013
23262;1999;100;4167/2012;41672012
23267;38;100;021/2013;212013
23268;38;100;4167/2012;41672012
23272;2036;100;021/2013;212013
23273;2036;100;4167/2012;41672012
23274;137;100;021/2013;212013
23275;137;100;4167/2012;41672012
23278;2005;100;021/2013;212013
23279;2005;100;4167/2012;41672012
23280;2030;100;021/2013;212013
23281;2030;100;4167/2012;41672012
23286;2004;100;021/2013;212013
23287;2004;100;4167/2012;41672012
23288;1902;48;54488;54488
23289;1902;49;AC 36012;AC36012
23290;1902;31;2RF513031;2RF513031
23291;1902;31;TAP513031;TAP513031
23292;1902;100;021/2013;212013
23293;1902;100;4167/2012;41672012
23294;2066;48;54487;54487
23295;2066;49;AC 36011;AC36011
23296;2066;100;021/2013;212013
23297;2066;100;4167/2012;41672012
23298;2260;100;021/2013;212013
23299;2260;100;4167/2012;41672012
23302;1877;100;021/2013;212013
23303;1877;100;4167/2012;41672012
23306;204;100;021/2013;212013
23307;204;100;4167/2012;41672012
23308;1890;100;021/2013;212013
23309;1890;100;4167/2012;41672012
23310;1942;100;021/2013;212013
23311;1942;100;4167/2012;41672012
23312;1901;100;021/2013;212013
23313;1901;100;4167/2012;41672012
23318;2020;100;021/2013;212013
23319;2020;100;4167/2012;41672012
23322;334;100;022/2013;222013
23323;334;100;4165/2012;41652012
23324;369;48;334411MM;334411MM
23325;369;100;021/2013;212013
23326;369;100;4167/2012;41672012
23327;2070;100;021/2013;212013
23328;2070;100;4167/2012;41672012
23329;407;100;021/2013;212013
23330;407;100;4167/2012;41672012
23331;2064;100;021/2013;212013
23332;2064;100;4167/2012;41672012
23333;2065;100;021/2013;212013
23334;2065;100;4167/2012;41672012
23335;2000;100;021/2013;212013
23336;2000;100;4167/2012;41672012
23337;1929;100;021/2013;212013
23338;1929;100;4167/2012;41672012
23339;1930;100;021/2013;212013
23340;1930;100;4167/2012;41672012
23341;342;100;021/2013;212013
23342;342;100;4167/2012;41672012
23343;335;100;021/2013;212013
23344;335;100;4167/2012;41672012
23347;2013;100;021/2013;212013
23348;2013;100;4167/2012;41672012
23349;1873;31;6006014150008;6006014150008
23350;1922;100;021/2013;212013
23351;1922;100;4167/2012;41672012
23352;1988;48;54386;54386
23353;1988;49;AC36017;AC36017
23354;1988;100;021/2013;212013
23355;1988;100;4167/2012;41672012
23356;1917;100;021/2013;212013
23357;1917;100;4167/2012;41672012
23358;1891;100;021/2013;212013
23359;1891;100;4167/2012;41672012
23362;2021;100;021/2013;212013
23363;2021;100;4167/2012;41672012
23364;39;48;334396MM;334396MM
23365;39;100;021/2013;212013
23366;39;100;4167/2012;41672012
23367;40;48;334419MM;334419MM
23368;40;100;021/2013;212013
23369;40;100;4167/2012;41672012
23370;19;48;334416MM;334416MM
23371;19;100;021/2013;212013
23372;19;100;4167/2012;41672012
23373;2010;100;021/2013;212013
23374;2010;100;4167/2012;41672012
23375;1931;100;021/2013;212013
23376;1931;100;4167/2012;41672012
23377;370;48;334410MM;334410MM
23378;370;100;021/2013;212013
23379;370;100;4167/2012;41672012
23382;1921;100;021/2013;212013
23383;1921;100;4167/2012;41672012
23384;2022;48;70444;70444
23385;2022;49;AC36015;AC36015
23386;2022;100;021/2013;212013
23387;2022;100;4167/2012;41672012
23391;1986;100;021/2013;212013
23392;1986;100;4167/2012;41672012
23393;13;48;334415MM;334415MM
23394;13;100;021/2013;212013
23395;13;100;4167/2012;41672012
23396;47;48;334404MM;334404MM
23397;47;48;334416MM;334416MM
23398;47;100;021/2013;212013
23399;47;100;4167/2012;41672012
23400;1861;100;021/2013;212013
23401;1861;100;4167/2012;41672012
23406;1940;100;021/2013;212013
23407;1940;100;4167/2012;41672012
23414;1879;100;021/2013;212013
23415;1879;100;4167/2012;41672012
23416;1880;31;8036005X01;8036005X01
23417;1880;100;021/2013;212013
23418;1880;100;4167/2012;41672012
23421;1896;100;021/2013;212013
23422;1896;100;4167/2012;41672012
23423;49;48;334404MM;334404MM
23424;49;48;334416MM;334416MM
23425;49;100;021/2013;212013
23426;49;100;4167/2012;41672012
23427;1983;48;54499;54499
23428;1983;49;AC36018;AC36018
23429;1983;100;021/2013;212013
23430;1983;100;4167/2012;41672012
23431;50;48;334415MM;334415MM
23432;50;100;021/2013;212013
23433;50;100;4167/2012;41672012
23434;395;100;021/2013;212013
23435;395;100;4167/2012;41672012
23436;554;100;021/2013;212013
23437;554;100;4167/2012;41672012
23438;555;48;334421MM;334421MM
23439;555;100;021/2013;212013
23440;555;100;4167/2012;41672012
23441;1984;48;54342;54342
23442;1984;49;AC36014;AC36014
23443;1984;100;021/2013;212013
23444;1984;100;4167/2012;41672012
23445;2008;100;021/2013;212013
23446;2008;100;4167/2012;41672012
23447;1918;48;54388;54388
23448;1918;49;AC35819;AC35819
23449;1918;100;021/2013;212013
23450;1918;100;4167/2012;41672012
23453;3546;100;021/2013;212013
23454;3547;100;021/2013;212013
23455;1924;100;021/2013;212013
23456;1924;100;4167/2012;41672012
23459;2069;100;021/2013;212013
23460;2069;100;4167/2012;41672012
23461;1893;100;021/2013;212013
23462;1893;100;4167/2012;41672012
23463;1894;100;021/2013;212013
23464;1894;100;4167/2012;41672012
23465;1898;100;021/2013;212013
23466;1898;100;4167/2012;41672012
23467;2077;100;021/2013;212013
23468;2077;100;4167/2012;41672012
23471;2029;100;021/2013;212013
23472;2029;100;4167/2012;41672012
23473;3548;100;021/2013;212013
23474;2258;48;27299;27299
23475;1883;100;021/2013;212013
23476;1883;100;4167/2012;41672012
23477;1944;100;021/2013;212013
23478;1944;100;4167/2012;41672012
23479;2033;100;021/2013;212013
23480;2033;100;4167/2012;41672012
23483;1882;100;021/2013;212013
23484;1882;100;4167/2012;41672012
23485;1961;100;021/2013;212013
23486;1961;100;1956/2018;19562018
23487;1961;100;4167/2012;41672012
23488;1961;100;6979/2016;69792016
23491;2067;100;021/2013;212013
23492;2067;100;4167/2012;41672012
23493;2084;100;021/2013;212013
23494;2084;100;4167/2012;41672012
23495;2024;100;021/2013;212013
23496;2024;100;4167/2012;41672012
23499;1923;100;021/2013;212013
23500;1923;100;4167/2012;41672012
23501;1968;100;021/2013;212013
23502;1968;100;4167/2012;41672012
23503;1973;100;021/2013;212013
23504;1973;100;4167/2012;41672012
23505;1975;100;021/2013;212013
23506;1975;100;4167/2012;41672012
23507;1977;100;021/2013;212013
23508;1977;100;4167/2012;41672012
23511;1978;100;021/2013;212013
23512;1978;100;4167/2012;41672012
23513;1955;100;021/2013;212013
23514;1955;100;4167/2012;41672012
23515;1956;100;021/2013;212013
23516;1956;100;4167/2012;41672012
23517;1953;100;021/2013;212013
23518;1953;100;4167/2012;41672012
23519;1954;100;021/2013;212013
23520;1954;100;4167/2012;41672012
23522;3447;100;021/2013;212013
23523;1976;100;021/2013;212013
23524;1976;100;4167/2012;41672012
23525;3897;100;021/2013;212013
23526;4744;100;021/2013;212013
23527;3895;100;021/2013;212013
23530;3556;100;021/2013;212013
23531;3787;100;021/2013;212013
23532;3448;100;021/2013;212013
23533;3449;100;021/2013;212013
23534;4055;100;021/2013;212013
23535;3979;100;021/2013;212013
23538;3981;100;021/2013;212013
23544;2545;31;20374545;20374545
23545;2545;100;021/2013;212013
23546;2545;100;4167/2012;41672012
23547;2546;31;21117137;21117137
23548;2546;100;021/2013;212013
23549;2546;100;4167/2012;41672012
23551;3540;100;021/2013;212013
23552;3831;100;021/2013;212013
23553;5076;100;021/2013;212013
23554;4433;100;021/2013;212013
23556;4444;100;021/2013;212013
23557;4445;100;021/2013;212013
23558;5037;100;3541/2012;35412012
23559;5503;100;021/2013;212013
23560;5504;31;90045040;90045040
23561;5504;100;3541/2012;35412012
23562;653;48;334880MM;334880MM
23563;653;100;022/2013;222013
23564;653;100;4165/2012;41652012
23565;2349;107;AL1113M;AL1113M
23566;2463;107;AL1113;AL1113
23567;3183;107;AL1116;AL1116
23568;3184;107;AL1128;AL1128
23569;3185;107;AL1150;AL1150
23570;3221;107;AL1120;AL1120
23571;3222;107;AL1141;AL1141
23572;3223;107;AL1135;AL1135
23573;3300;107;AL134;AL134
23574;1204;107;AL1119;AL1119
23575;1191;107;AL1152;AL1152
23576;1192;107;AL1151;AL1151
23577;1187;107;AL1143;AL1143
23578;1187;107;AL1146;AL1146
23579;1194;107;AL1148;AL1148
23580;1195;107;AL1147;AL1147
23581;1128;107;AL170;AL170
23582;1129;107;AL172;AL172
23583;1129;82;CIN207;CIN207
23584;1125;107;AL127;AL127
23585;1125;107;AL131;AL131
23586;1157;107;AL190;AL190
23587;1196;107;AL195;AL195
23588;1199;107;AL182;AL182
23589;1199;107;AL196;AL196
23590;1199;82;CIN247;CIN247
23591;1199;82;CIN263;CIN263
23592;1139;107;AL163G;AL163G
23593;1130;107;AL183G;AL183G
23594;1134;107;AL1110;AL1110
23595;1205;107;AL1119;AL1119
23596;4034;107;AL4464;AL4464
23597;1264;107;AL381M;AL381M
23598;1265;107;AL8324;AL8324
23599;1306;107;AL315;AL315
23600;3635;107;AL394M;AL394M
23601;1252;107;AL326;AL326
23602;1253;107;AL325;AL325
23603;1216;107;AL324M;AL324M
23604;1283;107;AL333M;AL333M
23605;1262;107;AL371;AL371
23606;1263;107;AL370;AL370
23607;1277;107;AL364;AL364
23608;1278;107;AL365;AL365
23609;1243;107;AL367;AL367
23610;1279;107;AL8308;AL8308
23611;1244;107;AL368;AL368
23612;1257;107;AL328G;AL328G
23613;1301;107;AL372;AL372
23614;1302;107;AL374;AL374
23615;1355;31;96FB5560LA;96FB5560LA
23616;2199;107;AL058G;AL058G
23617;2200;107;AL041G;AL041G
23618;2461;107;AL041;AL041
23619;2462;107;AL041;AL041
23620;3096;107;AL047;AL047
23621;3085;107;AL043;AL043
23622;1330;107;AL061M;AL061M
23623;1332;107;AL056M;AL056M
23624;3672;107;AL8403/4;AL84034
23625;3079;107;AL614M;AL614M
23626;3080;107;AL613M;AL613M
23627;3081;107;AL612M;AL612M
23628;2348;107;AL506G;AL506G
23629;1392;107;AL251M;AL251M
23632;3893;107;AL2204;AL2204
23633;3894;107;AL8234;AL8234
23634;3935;107;AL291;AL291
23635;3936;107;AL292;AL292
23636;1394;107;AL221M;AL221M
23637;1394;82;CIN409;CIN409
23638;1394;82;CIN412;CIN412
23639;1372;107;AL265M;AL265M
23640;1368;107;AL259;AL259
23641;1396;107;AL224M;AL224M
23642;1398;107;AL226M;AL226M
23643;1417;107;AL238;AL238
23644;1422;82;CIN460;CIN460
23645;1404;107;AL272M;AL272M
23646;1405;107;AL273M;AL273M
23647;4276;107;AL572;AL572
23648;4421;31;A204.326.02.00;A2043260200
23649;4421;100;3541/2012;35412012
23650;5505;31;8W0513035AA;8W0513035AA
23651;5505;100;3541/2012;35412012
23652;3719;49;MG 16955;MG16955
23653;3440;31;6895002101;6895002101
23654;3440;31;6896002091;6896002091
23656;4311;31;6309100U1910;6309100U1910
23657;4311;31;6309200U1910;6309200U1910
23658;4654;31;6H52406A10AG;6H52406A10AG
23659;4654;31;LR030618;LR030618
23662;4498;31;8V0.823.359;8V0823359
23663;4655;31;81850-54P01-000;8185054P01000
23664;4655;31;81860-54P01-000;8186054P01000
23665;4652;31;81160 2B000;811602B000
23666;4652;31;81160-2B010;811602B010
23668;5506;49;MG16040;MG16040
23669;5507;49;MG16073;MG16073
23670;5508;49;MG16169;MG16169
23671;5511;31;10040063;10040063
23672;5516;31;27142094;27142094
23673;5517;31;27031113;27031113
23674;5519;31;10050968;10050968
23675;5520;31;99120005;99120005
23676;4650;31;84133939;84133939
23677;4650;31;84133940;84133940
23678;5523;49;MG19217;MG19217
23679;5524;49;MG19230;MG19230
23680;5525;31;50321551;50321551
23681;5526;31;27142100;27142100
23682;5527;31;17065008;17065008
23683;5530;31;8W0413031AA;8W0413031AA
23684;5530;100;3543/2012;35432012
23685;226;49;SE 32676;SE32676
23686;226;100;023/2013;232013
23687;226;100;127/2013;1272013
23688;226;100;4166/2012;41662012
23689;226;100;4169/2012;41692012
23690;318;100;023/2013;232013
23691;318;100;127/2013;1272013
23692;318;100;4166/2012;41662012
23693;318;100;4169/2012;41692012
23694;359;100;023/2013;232013
23695;359;100;127/2013;1272013
23696;359;100;4166/2012;41662012
23697;359;100;4169/2012;41692012
23698;360;100;023/2013;232013
23699;360;100;127/2013;1272013
23700;360;100;4166/2012;41662012
23701;360;100;4169/2012;41692012
23702;319;100;023/2013;232013
23703;319;100;127/2013;1272013
23704;319;100;4166/2012;41662012
23705;319;100;4169/2012;41692012
23706;320;49;SE 33161;SE33161
23707;320;100;023/2013;232013
23708;320;100;127/2013;1272013
23709;320;100;4166/2012;41662012
23710;320;100;4169/2012;41692012
23722;323;100;023/2013;232013
23723;323;100;127/2013;1272013
23724;323;100;1904/2018;19042018
23725;323;100;4166/2012;41662012
23726;323;100;4169/2012;41692012
23727;2339;100;3543/2012;35432012
23728;2340;100;3543/2012;35432012
23734;65;48;808034MM;808034MM
23735;65;100;127/2013;1272013
23736;65;100;4166/2012;41662012
23737;65;100;4169/2012;41692012
23738;525;100;023/2013;232013
23739;525;100;127/2013;1272013
23740;525;100;4166/2012;41662012
23741;525;100;4169/2012;41692012
23742;227;100;023/2013;232013
23743;227;100;127/2013;1272013
23744;227;100;4166/2012;41662012
23745;227;100;4169/2012;41692012
23746;228;100;023/2013;232013
23747;228;100;127/2013;1272013
23748;228;100;4166/2012;41662012
23749;228;100;4169/2012;41692012
23750;241;48;808957MM;808957MM
23751;241;100;023/2013;232013
23752;241;100;127/2013;1272013
23753;241;100;4166/2012;41662012
23754;241;100;4169/2012;41692012
23755;242;48;808009MM;808009MM
23756;242;100;023/2013;232013
23757;242;100;127/2013;1272013
23758;242;100;4166/2012;41662012
23759;242;100;4169/2012;41692012
23760;243;100;023/2013;232013
23761;243;100;127/2013;1272013
23762;243;100;4166/2012;41662012
23763;243;100;4169/2012;41692012
23764;229;48;808232MM;808232MM
23765;229;100;023/2013;232013
23766;229;100;127/2013;1272013
23767;229;100;4166/2012;41662012
23768;229;100;4169/2012;41692012
23773;126;100;023/2013;232013
23774;126;100;127/2013;1272013
23775;126;100;4166/2012;41662012
23776;126;100;4169/2012;41692012
23777;546;100;023/2013;232013
23778;546;100;127/2013;1272013
23779;546;100;4166/2012;41662012
23780;546;100;4169/2012;41692012
23781;84;100;3542/2012;35422012
23782;149;100;3542/2012;35422012
23783;2824;100;1840/2016;18402016
23784;2824;100;2075/2016;20752016
23785;2823;100;1837/2016;18372016
23786;2823;100;2078/2016;20782016
23787;2836;100;1840/2016;18402016
23788;2836;100;2075/2016;20752016
23789;2959;100;0404/2016;4042016
23790;2959;100;2075/2016;20752016
23791;2837;100;1840/2016;18402016
23792;2837;100;2075/2016;20752016
23793;2838;100;1840/2016;18402016
23794;2838;100;2075/2016;20752016
23795;2849;100;1641/2016;16412016
23796;2849;100;2079/2016;20792016
23797;2696;100;0405/2016;4052016
23798;2696;100;2075/2016;20752016
23799;2692;100;1840/2016;18402016
23800;2692;100;2075/2016;20752016
23801;2938;100;1840/2016;18402016
23802;2938;100;1883/2016;18832016
23803;2693;100;1840/2016;18402016
23804;2693;100;2075/2016;20752016
23805;2694;100;1840/2016;18402016
23806;2694;100;2075/2016;20752016
23807;2937;100;0405/2016;4052016
23808;2937;100;2075/2016;20752016
23809;2695;100;1840/2016;18402016
23810;2695;100;2075/2016;20752016
23811;2691;100;1837/2016;18372016
23812;2691;100;2078/2016;20782016
23813;2815;100;0404/2016;4042016
23814;2815;100;2075/2016;20752016
23815;2702;100;0405/2016;4052016
23816;2702;100;2075/2016;20752016
23817;2700;100;0405/2016;4052016
23818;2700;100;2075/2016;20752016
23819;2963;100;0404/2016;4042016
23820;2963;100;2075/2016;20752016
23821;2697;100;1840/2016;18402016
23822;2697;100;2075/2016;20752016
23823;2698;100;1840/2016;18402016
23824;2698;100;2075/2016;20752016
23825;2958;100;0404/2016;4042016
23826;2958;100;1883/2016;18832016
23827;2835;100;1840/2016;18402016
23828;2835;100;2075/2016;20752016
23829;2962;100;0404/2016;4042016
23830;2962;100;2075/2016;20752016
23831;2690;100;1837/2016;18372016
23832;2961;100;0405/2016;4052016
23833;2961;100;2075/2016;20752016
23834;2689;100;1840/2016;18402016
23835;2689;100;2075/2016;20752016
23836;2699;100;0405/2016;4052016
23837;2699;100;2075/2016;20752016
23838;2845;100;1838/2016;18382016
23839;2845;100;2081/2016;20812016
23840;2701;100;0405/2016;4052016
23841;2701;100;2075/2016;20752016
23842;3734;100;2075/2016;20752016
23843;2960;100;0404/2016;4042016
23844;2960;100;2075/2016;20752016
23845;3755;100;1883/2016;18832016
23846;4324;100;2076/2016;20762016
23847;4325;100;2075/2016;20752016
23848;4326;100;2078/2016;20782016
23849;4327;100;2075/2016;20752016
23850;4328;100;2081/2016;20812016
23851;4329;100;2078/2016;20782016
23852;4760;100;2075/2016;20752016
23853;4764;100;2078/2016;20782016
23854;4762;100;2077/2016;20772016
23855;4778;100;2078/2016;20782016
23856;4836;100;2076/2016;20762016
23857;5056;100;2081/2016;20812016
23858;4523;100;1839/2016;18392016
23859;4523;100;2083/2016;20832016
23860;4522;100;1839/2016;18392016
23861;4522;100;2083/2016;20832016
23862;4529;100;1839/2016;18392016
23863;4529;100;2082/2016;20822016
23864;4527;100;1839/2016;18392016
23865;4527;100;2082/2016;20822016
23866;4526;100;1839/2016;18392016
23867;4526;100;2082/2016;20822016
23868;4526;73;1302;1302
23869;2896;100;1840/2016;18402016
23870;2896;100;2075/2016;20752016
23871;2895;100;0405/2016;4052016
23872;2895;100;2075/2016;20752016
23873;2899;100;1838/2016;18382016
23874;2899;100;2081/2016;20812016
23875;2900;100;1838/2016;18382016
23876;2900;100;2081/2016;20812016
23877;2900;73;1292;1292
23878;2902;100;1837/2016;18372016
23879;2902;100;2081/2016;20812016
23880;4528;100;1839/2016;18392016
23881;4528;100;2082/2016;20822016
23882;2903;100;1838/2016;18382016
23883;2903;100;2081/2016;20812016
23885;4525;100;1839/2016;18392016
23886;4525;100;2082/2016;20822016
23887;4524;100;1839/2016;18392016
23888;4524;100;2082/2016;20822016
23889;2894;100;1838/2016;18382016
23890;2894;100;2081/2016;20812016
23893;2898;100;0405/2016;4052016
23894;2898;100;2075/2016;20752016
23895;4330;100;2078/2016;20782016
23896;4331;100;2075/2016;20752016
23897;4332;100;2081/2016;20812016
23898;4333;100;2081/2016;20812016
23899;4334;100;2082/2016;20822016
23900;4335;100;2082/2016;20822016
23901;4763;100;2081/2016;20812016
23902;4777;100;2081/2016;20812016
23903;5062;100;2082/2016;20822016
23904;5063;100;2081/2016;20812016
23905;5303;100;2075/2016;20752016
23906;5301;100;2075/2016;20752016
23907;5224;100;2078/2016;20782016
23908;5215;100;2078/2016;20782016
23909;5216;100;2081/2016;20812016
23910;5216;73;1306;1306
23911;5291;100;2078/2016;20782016
23912;5300;100;2078/2016;20782016
23913;2809;100;1840/2016;18402016
23914;2809;100;2075/2016;20752016
23918;2795;100;1840/2016;18402016
23919;2795;100;2075/2016;20752016
23920;2807;100;1840/2016;18402016
23921;2807;100;2075/2016;20752016
23922;2679;100;1840/2016;18402016
23923;2679;100;2075/2016;20752016
23924;2792;100;0404/2016;4042016
23925;2792;100;2075/2016;20752016
23926;2793;100;0404/2016;4042016
23927;2793;100;2075/2016;20752016
23930;2808;100;1840/2016;18402016
23931;2808;100;2075/2016;20752016
23932;2781;100;0404/2016;4042016
23933;2781;100;2075/2016;20752016
23934;2684;100;1837/2016;18372016
23935;2684;100;2078/2016;20782016
23936;2803;100;1840/2016;18402016
23937;2803;100;2075/2016;20752016
23938;2804;100;1840/2016;18402016
23939;2804;100;2075/2016;20752016
23940;2786;100;0405/2016;4052016
23941;2786;100;2075/2016;20752016
23942;2797;100;0404/2016;4042016
23943;2797;100;2075/2016;20752016
23944;2797;73;1195;1195
23945;2802;100;1837/2016;18372016
23946;2802;100;2078/2016;20782016
23947;2800;100;1840/2016;18402016
23948;2800;100;2075/2016;20752016
23949;2801;100;1840/2016;18402016
23950;2801;100;2075/2016;20752016
23951;2770;100;1838/2016;18382016
23952;2770;100;2077/2016;20772016
23953;2767;100;1838/2016;18382016
23954;2767;100;2077/2016;20772016
23955;2765;100;1838/2016;18382016
23956;2765;100;2077/2016;20772016
23957;2765;73;1182;1182
23958;2768;100;1838/2016;18382016
23959;2768;100;2077/2016;20772016
23960;2766;100;1838/2016;18382016
23961;2766;100;2077/2016;20772016
23962;2788;100;1838/2016;18382016
23963;2788;100;2077/2016;20772016
23964;2789;100;1838/2016;18382016
23965;2789;100;2077/2016;20772016
23966;2787;100;0405/2016;4052016
23967;2787;100;2075/2016;20752016
23968;2685;100;0405/2016;4052016
23969;2685;100;2075/2016;20752016
23971;2782;100;1840/2016;18402016
23972;2782;100;2075/2016;20752016
23973;2790;100;1838/2016;18382016
23974;2790;100;2077/2016;20772016
23975;2680;100;1837/2016;18372016
23976;2680;100;2078/2016;20782016
23977;2811;100;0404/2016;4042016
23978;2811;100;2075/2016;20752016
23979;2812;100;0404/2016;4042016
23980;2812;100;2075/2016;20752016
23981;2681;100;1840/2016;18402016
23982;2681;100;2075/2016;20752016
23983;2783;100;0405/2016;4052016
23984;2783;100;2075/2016;20752016
23985;2784;100;0405/2016;4052016
23986;2784;100;2075/2016;20752016
23987;2771;100;1837/2016;18372016
23988;2771;100;2078/2016;20782016
23989;2798;100;0404/2016;4042016
23990;2798;100;2075/2016;20752016
23991;2799;100;1840/2016;18402016
23992;2799;100;2075/2016;20752016
23993;2683;100;1837/2016;18372016
23994;2683;100;2078/2016;20782016
23995;2791;100;1838/2016;18382016
23996;2791;100;2077/2016;20772016
23997;2806;100;1840/2016;18402016
23998;2806;100;2075/2016;20752016
23999;2805;100;1840/2016;18402016
24000;2805;100;2075/2016;20752016
24001;2785;100;0405/2016;4052016
24002;2785;100;2075/2016;20752016
24003;2796;100;0404/2016;4042016
24004;2796;100;2075/2016;20752016
24007;3740;100;1840/2016;18402016
24008;3740;100;2075/2016;20752016
24009;3741;100;1652/2016;16522016
24010;3741;100;2075/2016;20752016
24011;3756;100;2078/2016;20782016
24012;3738;100;2075/2016;20752016
24013;3739;100;2076/2016;20762016
24014;4336;100;2075/2016;20752016
24015;4337;100;2077/2016;20772016
24016;4338;100;2078/2016;20782016
24017;4771;100;2077/2016;20772016
24018;5636;100;2077/2016;20772016
24019;4857;100;2077/2016;20772016
24020;4861;100;2078/2016;20782016
24021;5282;100;2075/2016;20752016
24022;5290;100;2075/2016;20752016
24023;5281;100;2075/2016;20752016
24024;2720;100;1641/2016;16412016
24025;2720;100;2081/2016;20812016
24026;2730;100;1652/2016;16522016
24027;2730;100;2080/2016;20802016
24028;2723;100;0404/2016;4042016
24029;2723;100;1883/2016;18832016
24030;2748;100;0405/2016;4052016
24031;2748;100;2075/2016;20752016
24032;2745;100;1837/2016;18372016
24033;2745;100;2078/2016;20782016
24034;2744;100;0404/2016;4042016
24035;2744;100;2075/2016;20752016
24036;2750;100;0405/2016;4052016
24037;2750;100;2075/2016;20752016
24038;2722;100;1839/2016;18392016
24039;2722;100;2081/2016;20812016
24040;2726;100;1840/2016;18402016
24041;2726;100;2075/2016;20752016
24042;2749;100;0405/2016;4052016
24043;2749;100;2075/2016;20752016
24044;2725;100;0404/2016;4042016
24045;2725;100;1883/2016;18832016
24046;2737;100;0405/2016;4052016
24047;2737;100;2075/2016;20752016
24048;2733;100;1840/2016;18402016
24049;2733;100;2075/2016;20752016
24050;2736;100;0405/2016;4052016
24051;2736;100;2075/2016;20752016
24052;2731;100;1652/2016;16522016
24053;2731;100;2080/2016;20802016
24054;2753;100;1652/2016;16522016
24055;2753;100;2081/2016;20812016
24056;2754;100;0405/2016;4052016
24057;2754;100;2075/2016;20752016
24058;2728;100;0405/2016;4052016
24059;2728;100;2075/2016;20752016
24060;2721;100;1641/2016;16412016
24061;2721;100;2081/2016;20812016
24062;2740;100;0404/2016;4042016
24063;2740;100;2075/2016;20752016
24064;2746;100;1840/2016;18402016
24065;2746;100;2075/2016;20752016
24066;2755;100;1837/2016;18372016
24067;2755;100;2078/2016;20782016
24068;2741;100;0404/2016;4042016
24069;2741;100;2075/2016;20752016
24070;2724;100;0404/2016;4042016
24071;2724;100;1883/2016;18832016
24072;2734;100;1837/2016;18372016
24073;2734;100;2078/2016;20782016
24074;2735;100;0405/2016;4052016
24075;2735;100;2076/2016;20762016
24076;2751;100;0405/2016;4052016
24077;2751;100;2075/2016;20752016
24078;2747;100;0405/2016;4052016
24079;2747;100;2078/2016;20782016
24080;2729;100;0405/2016;4052016
24081;2729;100;2075/2016;20752016
24082;2727;100;0405/2016;4052016
24083;2727;100;2075/2016;20752016
24084;2732;100;1641/2016;16412016
24085;2732;100;2080/2016;20802016
24086;2732;73;1114;1114
24087;2739;100;1840/2016;18402016
24088;2739;100;2075/2016;20752016
24089;2742;100;0405/2016;4052016
24090;2742;100;2075/2016;20752016
24091;2743;100;1837/2016;18372016
24092;2743;100;2078/2016;20782016
24093;2752;100;1652/2016;16522016
24094;2752;100;2080/2016;20802016
24095;2738;100;0405/2016;4052016
24096;2738;100;2075/2016;20752016
24097;3735;100;2080/2016;20802016
24098;3736;100;2075/2016;20752016
24099;3737;100;2075/2016;20752016
24100;4339;100;2078/2016;20782016
24101;4339;73;3118;3118
24102;4340;100;2075/2016;20752016
24103;4341;100;2078/2016;20782016
24104;4342;100;1883/2016;18832016
24105;4343;100;2075/2016;20752016
24106;4767;100;2080/2016;20802016
24107;4768;100;2075/2016;20752016
24108;5211;100;2078/2016;20782016
24109;5298;100;2075/2016;20752016
24110;5299;100;2078/2016;20782016
24111;2826;100;1652/2016;16522016
24112;2826;100;2080/2016;20802016
24113;2841;100;0405/2016;4052016
24114;2841;100;2075/2016;20752016
24115;2825;100;1652/2016;16522016
24116;2825;100;2080/2016;20802016
24117;2814;100;0404/2016;4042016
24118;2814;100;2075/2016;20752016
24120;2830;100;0404/2016;4042016
24121;2830;100;1883/2016;18832016
24122;2831;100;1837/2016;18372016
24123;2831;100;2078/2016;20782016
24124;2832;100;0405/2016;4052016
24125;2832;100;2075/2016;20752016
24126;2828;100;1837/2016;18372016
24127;2828;100;2081/2016;20812016
24128;2818;100;0405/2016;4052016
24129;2818;100;2075/2016;20752016
24130;2827;100;1839/2016;18392016
24131;2827;100;2081/2016;20812016
24132;2833;100;0405/2016;4052016
24133;2833;100;2075/2016;20752016
24134;4520;100;1839/2016;18392016
24135;4520;100;2081/2016;20812016
24136;2834;100;1837/2016;18372016
24137;2834;100;2078/2016;20782016
24138;4519;100;1839/2016;18392016
24139;4519;100;2081/2016;20812016
24140;2843;100;1837/2016;18372016
24141;2843;100;2078/2016;20782016
24142;2820;100;0404/2016;4042016
24143;2820;100;2075/2016;20752016
24144;2821;100;0404/2016;4042016
24145;2821;100;2075/2016;20752016
24146;2842;100;0405/2016;4052016
24147;2842;100;2075/2016;20752016
24148;2846;100;1837/2016;18372016
24149;2846;100;2081/2016;20812016
24150;2813;100;0404/2016;4042016
24151;2813;100;2075/2016;20752016
24152;2822;100;0404/2016;4042016
24153;2822;100;1883/2016;18832016
24156;2848;100;1838/2016;18382016
24157;2816;100;0405/2016;4052016
24158;2816;100;2075/2016;20752016
24159;2764;100;1837/2016;18372016
24160;2764;100;2078/2016;20782016
24161;2844;100;0405/2016;4052016
24162;2844;100;2076/2016;20762016
24163;2844;73;1158;1158
24164;2819;100;0405/2016;4052016
24165;2819;100;2075/2016;20752016
24166;2840;100;0404/2016;4042016
24167;2840;100;1883/2016;18832016
24168;3743;100;2080/2016;20802016
24169;4344;100;2078/2016;20782016
24170;2829;100;0404/2016;4042016
24171;2829;100;2075/2016;20752016
24172;2817;100;0405/2016;4052016
24173;2817;100;2075/2016;20752016
24174;4345;100;2075/2016;20752016
24175;4346;100;2075/2016;20752016
24176;4347;100;2081/2016;20812016
24177;4772;100;2076/2016;20762016
24178;4862;100;2078/2016;20782016
24179;2853;100;1840/2016;18402016
24180;2853;100;2075/2016;20752016
24181;2851;100;0405/2016;4052016
24182;2851;100;2076/2016;20762016
24183;2850;100;0405/2016;4052016
24184;2850;100;2075/2016;20752016
24185;2852;100;1837/2016;18372016
24186;2852;100;2078/2016;20782016
24187;2856;100;0405/2016;4052016
24188;2856;100;2075/2016;20752016
24189;2855;100;0405/2016;4052016
24190;2855;100;2075/2016;20752016
24191;2857;100;1840/2016;18402016
24192;2857;100;2075/2016;20752016
24193;2854;100;1840/2016;18402016
24194;2854;100;2075/2016;20752016
24195;3744;100;2075/2016;20752016
24196;3746;100;2075/2016;20752016
24197;3747;100;2076/2016;20762016
24198;3745;100;2075/2016;20752016
24199;4348;100;2078/2016;20782016
24200;4349;100;2075/2016;20752016
24201;4350;100;2078/2016;20782016
24202;4773;100;2078/2016;20782016
24203;4774;100;2075/2016;20752016
24204;4774;73;3250;3250
24205;5059;100;2075/2016;20752016
24206;4863;100;2078/2016;20782016
24207;4839;100;2078/2016;20782016
24208;2872;100;1838/2016;18382016
24209;2872;100;2081/2016;20812016
24210;2875;100;1839/2016;18392016
24211;2875;100;2081/2016;20812016
24212;2876;100;1839/2016;18392016
24213;2876;100;2081/2016;20812016
24214;2876;73;1271;1271
24215;2877;100;1839/2016;18392016
24216;2877;100;2081/2016;20812016
24217;2877;73;1270;1270
24218;2878;100;1839/2016;18392016
24219;2878;100;2081/2016;20812016
24220;2874;100;1839/2016;18392016
24221;2874;100;2081/2016;20812016
24222;2873;100;1839/2016;18392016
24223;2873;100;2081/2016;20812016
24224;4521;100;1839/2016;18392016
24225;4521;100;2081/2016;20812016
24226;4351;100;2081/2016;20812016
24227;4352;100;2081/2016;20812016
24228;4353;100;2081/2016;20812016
24229;2922;100;1840/2016;18402016
24230;2922;100;2075/2016;20752016
24231;2777;100;1840/2016;18402016
24232;2777;100;2075/2016;20752016
24233;2920;100;0404/2016;4042016
24234;2920;100;2076/2016;20762016
24235;2926;100;0404/2016;4042016
24236;2926;100;2076/2016;20762016
24237;2924;100;0404/2016;4042016
24238;2924;100;2075/2016;20752016
24239;2925;100;0404/2016;4042016
24240;2925;100;2075/2016;20752016
24241;2923;100;0404/2016;4042016
24242;2923;100;2075/2016;20752016
24243;2921;100;0404/2016;4042016
24244;2921;100;2075/2016;20752016
24245;2775;100;0404/2016;4042016
24246;2775;100;2075/2016;20752016
24247;2774;100;0404/2016;4042016
24248;2774;100;2075/2016;20752016
24249;2762;100;1837/2016;18372016
24250;2762;100;2078/2016;20782016
24251;2760;100;1840/2016;18402016
24252;2760;100;2075/2016;20752016
24253;2763;100;0405/2016;4052016
24254;2763;100;2076/2016;20762016
24255;2761;100;0404/2016;4042016
24256;2761;100;2075/2016;20752016
24257;2773;100;1837/2016;18372016
24258;2773;100;2078/2016;20782016
24259;2772;100;1837/2016;18372016
24260;2772;100;2078/2016;20782016
24261;2778;100;1840/2016;18402016
24262;2778;100;2075/2016;20752016
24263;2779;100;1840/2016;18402016
24264;2779;100;2075/2016;20752016
24265;2776;100;0404/2016;4042016
24266;2776;100;1883/2016;18832016
24267;4354;100;2078/2016;20782016
24268;5306;100;2075/2016;20752016
24269;2933;100;1837/2016;18372016
24270;2933;100;2081/2016;20812016
24273;2936;100;0404/2016;4042016
24274;2936;100;2075/2016;20752016
24277;2927;100;0405/2016;4052016
24278;2927;100;2075/2016;20752016
24279;2928;100;0405/2016;4052016
24280;2928;100;2075/2016;20752016
24281;2932;100;0405/2016;4052016
24282;2932;100;2075/2016;20752016
24283;2934;100;0405/2016;4052016
24284;2934;100;2081/2016;20812016
24285;3751;100;0404/2016;4042016
24286;3751;100;2075/2016;20752016
24287;2930;100;0405/2016;4052016
24288;2930;100;2075/2016;20752016
24289;2931;100;1652/2016;16522016
24290;2931;100;2075/2016;20752016
24291;3752;100;2075/2016;20752016
24292;3759;100;2078/2016;20782016
24293;4355;100;2075/2016;20752016
24295;2966;100;1837/2016;18372016
24296;2966;100;2078/2016;20782016
24297;2965;100;0405/2016;4052016
24298;2965;100;2075/2016;20752016
24299;2964;100;0405/2016;4052016
24300;2964;100;2075/2016;20752016
24301;4356;70;PD/195;PD195
24302;4356;100;2082/2016;20822016
24303;4357;71;N-1472;N1472
24304;4357;100;2075/2016;20752016
24305;4358;71;N-1503;N1503
24306;4358;70;PD/529;PD529
24307;4358;100;2082/2016;20822016
24308;4359;70;PD/196;PD196
24309;4359;100;2082/2016;20822016
24310;4360;70;PD/131;PD131
24311;4360;100;2082/2016;20822016
24312;5064;100;2078/2016;20782016
24313;5064;73;2434;2434
24314;4901;100;2075/2016;20752016
24315;4837;100;2075/2016;20752016
24316;4838;100;2075/2016;20752016
24317;4838;73;2433;2433
24318;4900;100;2075/2016;20752016
24319;2950;100;1641/2016;16412016
24320;2950;100;2080/2016;20802016
24321;2718;100;1837/2016;18372016
24322;2718;100;2078/2016;20782016
24323;2947;100;1837/2016;18372016
24324;2947;100;2078/2016;20782016
24325;2948;100;0405/2016;4052016
24326;2948;100;2075/2016;20752016
24327;2944;100;0405/2016;4052016
24328;2944;100;2075/2016;20752016
24329;2953;100;1641/2016;16412016
24330;2953;100;2080/2016;20802016
24331;2952;100;1641/2016;16412016
24332;2952;100;2080/2016;20802016
24333;2954;100;0405/2016;4052016
24334;2954;100;2076/2016;20762016
24335;2945;100;1837/2016;18372016
24336;2945;100;2078/2016;20782016
24337;2946;100;0405/2016;4052016
24338;2946;100;2075/2016;20752016
24339;2943;100;0405/2016;4052016
24340;2943;100;2075/2016;20752016
24341;2942;100;1652/2016;16522016
24342;2942;100;2080/2016;20802016
24343;2951;100;1652/2016;16522016
24344;2951;100;2080/2016;20802016
24345;2949;100;0404/2016;4042016
24346;2949;100;1883/2016;18832016
24347;3754;100;2080/2016;20802016
24348;3753;100;2075/2016;20752016
24349;4361;70;PD/1320;PD1320
24350;4361;100;2078/2016;20782016
24351;4362;71;N-1468;N1468
24352;4362;70;PD/740;PD740
24353;4362;100;2076/2016;20762016
24354;4898;100;2075/2016;20752016
24355;5055;100;2078/2016;20782016
24356;5294;100;2078/2016;20782016
24357;5304;100;2075/2016;20752016
24358;2705;100;0405/2016;4052016
24359;2705;100;2075/2016;20752016
24360;2715;100;0405/2016;4052016
24361;2715;100;2075/2016;20752016
24362;2714;100;1837/2016;18372016
24363;2714;100;2076/2016;20762016
24364;2707;100;0405/2016;4052016
24365;2707;100;2076/2016;20762016
24366;2707;73;2062;2062
24367;2706;100;1837/2016;18372016
24368;2706;100;2078/2016;20782016
24371;2711;100;0405/2016;4052016
24372;2711;100;2075/2016;20752016
24373;2716;100;0405/2016;4052016
24374;2716;100;2075/2016;20752016
24375;2717;100;1837/2016;18372016
24376;2717;100;2078/2016;20782016
24377;2710;100;0405/2016;4052016
24378;2710;100;2075/2016;20752016
24379;2704;100;1837/2016;18372016
24380;2704;100;2078/2016;20782016
24381;2713;100;0405/2016;4052016
24382;2713;100;2075/2016;20752016
24383;2713;73;1061;1061
24384;2708;100;0405/2016;4052016
24385;2708;100;2075/2016;20752016
24386;2712;100;1837/2016;18372016
24387;2712;100;2078/2016;20782016
24388;2709;100;1837/2016;18372016
24389;4363;100;2076/2016;20762016
24390;4766;100;2076/2016;20762016
24391;4765;100;2078/2016;20782016
24392;5209;100;2078/2016;20782016
24393;5293;100;2078/2016;20782016
24394;5285;100;2075/2016;20752016
24395;5307;100;2075/2016;20752016
24396;2757;100;0405/2016;4052016
24397;2757;100;2075/2016;20752016
24398;2756;100;0405/2016;4052016
24399;2756;100;2075/2016;20752016
24400;2759;100;0405/2016;4052016
24401;2759;100;2075/2016;20752016
24403;2780;100;1641/2016;16412016
24404;2780;100;2077/2016;20772016
24405;4902;100;2078/2016;20782016
24406;5286;100;2078/2016;20782016
24407;5302;100;2075/2016;20752016
24408;2916;100;0405/2016;4052016
24409;2916;100;2075/2016;20752016
24410;2918;100;0405/2016;4052016
24411;2918;100;2075/2016;20752016
24412;2919;100;1641/2016;16412016
24413;2919;100;2080/2016;20802016
24414;2915;100;1641/2016;16412016
24415;2915;100;2080/2016;20802016
24416;3749;100;1641/2016;16412016
24417;3749;100;2080/2016;20802016
24418;2917;100;0404/2016;4042016
24419;2917;100;2075/2016;20752016
24420;3750;100;2075/2016;20752016
24421;4364;100;2080/2016;20802016
24422;4365;70;PD/585;PD585
24423;4365;100;2078/2016;20782016
24424;4366;71;N-1434;N1434
24425;4366;70;PD/728;PD728
24426;4366;100;2075/2016;20752016
24427;4842;100;2078/2016;20782016
24428;2867;100;1837/2016;18372016
24429;2867;100;2078/2016;20782016
24430;2867;73;3273;3273
24431;2859;100;0405/2016;4052016
24432;2859;100;2075/2016;20752016
24433;2869;100;0405/2016;4052016
24434;2869;100;2076/2016;20762016
24435;2871;100;1837/2016;18372016
24436;2871;100;2078/2016;20782016
24437;2868;100;0405/2016;4052016
24438;2868;100;2075/2016;20752016
24439;2865;100;1837/2016;18372016
24440;2865;100;2078/2016;20782016
24441;2870;100;1837/2016;18372016
24442;2870;100;2078/2016;20782016
24443;2866;100;1840/2016;18402016
24444;2866;100;2075/2016;20752016
24445;2864;100;0405/2016;4052016
24446;2864;100;2081/2016;20812016
24447;2860;100;0405/2016;4052016
24448;2860;100;2076/2016;20762016
24449;2862;100;1838/2016;18382016
24450;2862;100;2079/2016;20792016
24451;2861;100;0405/2016;4052016
24452;2861;100;2075/2016;20752016
24453;4367;70;PD/1348;PD1348
24454;4367;31;A5A00;A5A00
24455;4367;100;2075/2016;20752016
24456;2863;100;0404/2016;4042016
24457;2863;100;2075/2016;20752016
24458;2858;100;0404/2016;4042016
24459;2858;100;2075/2016;20752016
24460;4368;71;N-1289;N1289
24461;4368;70;PD/1368;PD1368
24462;4368;100;2078/2016;20782016
24463;4369;71;N-1704;N1704
24464;4369;70;PD/1366;PD1366
24465;4369;100;2078/2016;20782016
24466;4370;71;N-2063;N2063
24467;4370;100;2076/2016;20762016
24468;4370;73;3261;3261
24469;4371;71;N-1256;N1256
24470;4371;70;PD/1296;PD1296
24471;4371;100;2076/2016;20762016
24472;4372;71;N-2060;N2060
24473;4372;100;2075/2016;20752016
24474;4373;71;N-1201;N1201
24475;4373;70;PD/382;PD382
24476;4373;100;2075/2016;20752016
24477;4775;100;2078/2016;20782016
24478;4761;100;2075/2016;20752016
24479;4776;100;2075/2016;20752016
24480;4903;100;2075/2016;20752016
24481;4904;100;2078/2016;20782016
24482;5296;100;2075/2016;20752016
24483;2887;100;1840/2016;18402016
24484;2887;100;2076/2016;20762016
24485;2889;100;0405/2016;4052016
24486;2889;100;2075/2016;20752016
24487;2688;100;1838/2016;18382016
24488;2688;100;2080/2016;20802016
24489;2881;100;1838/2016;18382016
24490;2881;100;2080/2016;20802016
24491;2888;100;0405/2016;4052016
24492;2888;100;2076/2016;20762016
24493;2883;100;1838/2016;18382016
24494;2883;100;2080/2016;20802016
24495;2882;100;1838/2016;18382016
24496;2882;100;2080/2016;20802016
24497;2885;100;1837/2016;18372016
24498;2885;100;2078/2016;20782016
24499;2884;100;0405/2016;4052016
24500;2884;100;2076/2016;20762016
24501;2886;100;0405/2016;4052016
24502;2886;100;2076/2016;20762016
24503;2879;100;0405/2016;4052016
24504;2879;100;2075/2016;20752016
24505;3748;100;2075/2016;20752016
24506;4374;71;N-1264;N1264
24507;4374;70;PD/633;PD633
24508;4905;100;2075/2016;20752016
24509;2941;100;0405/2016;4052016
24510;2941;100;2075/2016;20752016
24511;4835;100;2075/2016;20752016
24512;4864;100;2075/2016;20752016
24513;5309;100;2078/2016;20782016
24514;2893;100;0405/2016;4052016
24515;2893;100;2076/2016;20762016
24516;2891;100;0405/2016;4052016
24517;2891;100;2076/2016;20762016
24518;2892;100;0405/2016;4052016
24519;2892;100;2075/2016;20752016
24520;2890;100;0405/2016;4052016
24521;2890;100;2076/2016;20762016
24522;5065;100;2078/2016;20782016
24523;4833;100;2076/2016;20762016
24524;4906;100;2078/2016;20782016
24525;4858;100;2077/2016;20772016
24526;4859;100;2076/2016;20762016
24527;4840;100;2078/2016;20782016
24528;4841;100;2078/2016;20782016
24529;2687;100;1838/2016;18382016
24530;2687;100;2080/2016;20802016
24531;4375;71;N-1486;N1486
24532;4375;70;PD/1330;PD1330
24533;4375;100;2079/2016;20792016
24534;2914;100;1652/2016;16522016
24535;2914;100;2080/2016;20802016
24536;2912;100;1837/2016;18372016
24537;2912;100;2078/2016;20782016
24538;2904;100;0405/2016;4052016
24539;2904;100;2076/2016;20762016
24540;2908;100;0405/2016;4052016
24541;2908;100;2079/2016;20792016
24542;2906;100;1641/2016;16412016
24543;2906;100;2079/2016;20792016
24544;2913;100;1837/2016;18372016
24545;2913;100;2078/2016;20782016
24546;2909;100;1837/2016;18372016
24547;2909;100;2078/2016;20782016
24548;2911;100;0405/2016;4052016
24549;2911;100;2076/2016;20762016
24550;2907;100;1641/2016;16412016
24551;2907;100;2079/2016;20792016
24552;2905;100;1652/2016;16522016
24553;2905;100;2079/2016;20792016
24554;2910;100;1837/2016;18372016
24555;2910;100;2078/2016;20782016
24556;3758;100;2078/2016;20782016
24557;4376;71;N-1298;N1298
24558;4376;100;2078/2016;20782016
24559;4907;100;2078/2016;20782016
24560;2955;100;0405/2016;4052016
24561;2955;100;2075/2016;20752016
24562;2957;100;1837/2016;18372016
24563;2957;100;2078/2016;20782016
24564;2956;100;0405/2016;4052016
24565;2956;100;2075/2016;20752016
24566;2939;100;0405/2016;4052016
24567;2939;100;2076/2016;20762016
24568;2940;100;1837/2016;18372016
24569;2940;100;2078/2016;20782016
24570;2719;100;0404/2016;4042016
24571;2719;100;2075/2016;20752016
24572;4377;71;N-1489;N1489
24573;4377;100;2075/2016;20752016
24574;4769;100;2075/2016;20752016
24575;4770;100;2078/2016;20782016
24576;5053;100;2075/2016;20752016
24577;2880;100;1837/2016;18372016
24578;2880;100;2078/2016;20782016
24579;3742;100;0405/2016;4052016
24580;3742;100;2075/2016;20752016
24581;3757;100;2078/2016;20782016
24582;5061;100;2075/2016;20752016
24583;4378;100;2075/2016;20752016
24584;5292;100;2078/2016;20782016
24585;5288;100;2076/2016;20762016
24586;5230;100;2077/2016;20772016
24587;5295;100;2075/2016;20752016
24588;5308;100;2075/2016;20752016
24589;5284;100;2076/2016;20762016
24590;5283;100;2075/2016;20752016
24591;4379;71;N-1188;N1188
24592;4379;70;PD/1335;PD1335
24593;4379;100;2078/2016;20782016
24594;4380;70;PD/353;PD353
24595;4380;100;2075/2016;20752016
24596;4381;71;N-1182;N1182
24597;4381;70;PD/1470;PD1470
24598;4381;100;2075/2016;20752016
24599;4382;71;N-1171;N1171
24600;4382;70;PD/648;PD648
24601;4382;100;2076/2016;20762016
24602;4832;100;2075/2016;20752016
24603;4860;100;2078/2016;20782016
24604;5279;100;2075/2016;20752016
24605;5637;100;2076/2016;20762016
24606;5280;100;2075/2016;20752016
24607;4383;100;1883/2016;18832016
24608;5060;100;2075/2016;20752016
24609;5054;100;2078/2016;20782016
24610;5234;100;2075/2016;20752016
24611;5297;100;1883/2016;18832016
24612;4384;71;N-1494;N1494
24613;4384;100;1883/2016;18832016
24614;4834;100;2075/2016;20752016
24615;827;49;N1015;N1015
24616;827;80;PVI1008;PVI1008
24617;818;49;N112;N112
24618;818;80;PVI1013;PVI1013
24619;819;49;N111;N111
24620;819;80;PVS1013;PVS1013
24621;826;49;N1065;N1065
24622;826;80;PVI1042;PVI1042
24623;828;49;N1033;N1033
24624;828;80;PVI1012;PVI1012
24625;829;49;N1032;N1032
24626;829;80;PVI1011;PVI1011
24627;2350;49;N1012;N1012
24628;2350;80;PVI1003;PVI1003
24629;2422;49;N1014;N1014
24630;2388;49;N1064;N1064
24631;2388;80;PVI1043;PVI1043
24632;3506;49;N97011;N97011
24633;3506;53;VDKS6154;VDKS6154
24634;2440;49;N1020;N1020
24635;2531;49;N1030;N1030
24636;2531;80;PVI1005;PVI1005
24637;2532;49;N1031;N1031
24638;2532;80;PVI1004;PVI1004
24639;2490;49;N188;N188
24640;2491;49;N189;N189
24641;2514;49;N197;N197
24642;3239;49;N97012;N97012
24643;3880;80;PVI7369;PVI7369
24644;3879;80;PVI7368;PVI7368
24645;3313;49;N5169;N5169
24646;3313;80;PVI0190;PVI0190
24647;3313;53;VKD4745;VKD4745
24648;3313;54;PS980;PS980
24649;2969;49;N5159;N5159
24650;2969;80;PVI0333;PVI0333
24651;813;49;N6009;N6009
24652;813;80;PVI1031;PVI1031
24653;824;81;JE-6058-X;JE6058X
24654;824;49;N6058;N6058
24655;824;80;PVI1032;PVI1032
24656;830;49;N6020;N6020
24657;830;80;PVI1038;PVI1038
24658;831;49;N6026;N6026
24659;831;80;PVI1039;PVI1039
24660;3139;49;N6068;N6068
24661;3139;80;PVI0122;PVI0122
24662;3139;53;VKDS4776;VKDS4776
24663;2435;49;N96019;N96019
24664;2627;49;N96026;N96026
24665;2628;49;N96027;N96027
24666;3251;49;N96021;N96021
24667;3251;54;PS1011;PS1011
24668;3251;56;503079;503079
24669;3314;49;N96022;N96022
24670;3314;54;PS1012;PS1012
24671;3314;56;503077;503077
24672;4700;49;N6073;N6073
24673;4700;56;503173;503173
24674;4701;49;N6074;N6074
24675;5152;49;N96051;N96051
24676;5152;80;PVI0131;PVI0131
24677;5152;56;503453;503453
24678;5153;49;N96050;N96050
24679;5153;80;PVI0132;PVI0132
24680;5153;56;503454;503454
24681;822;49;N3010;N3010
24682;822;80;PVI1024;PVI1024
24683;817;49;N3023;N3023
24684;817;80;PVI1025;PVI1025
24685;821;49;N3004;N3004
24686;821;80;PVI1023;PVI1023
24687;2294;49;N326;N326
24688;2294;80;PVI1001;PVI1001
24689;2354;49;N3067;N3067
24690;2354;80;PVI1047;PVI1047
24691;2423;49;N319;N319
24692;2423;31;52258112;52258112
24693;2423;80;PVI1028;PVI1028
24694;2967;49;N338;N338
24695;2967;80;PVI1029;PVI1029
24696;2353;49;N3045;N3045
24697;2353;80;PVI1026;PVI1026
24698;2389;49;N357;N357
24699;2389;80;PVI1030;PVI1030
24700;3188;49;N93035;N93035
24701;2436;49;N93021;N93021
24703;2494;49;N398;N398
24704;2495;49;N3005;N3005
24705;2496;49;N375;N375
24706;2497;49;N376;N376
24707;2968;49;N325;N325
24708;2968;80;PVI1033;PVI1033
24709;3840;49;N3012;N3012
24710;3840;80;PVS1025;PVS1025
24711;3840;53;VKDS4742;VKDS4742
24712;3840;54;PS867;PS867
24713;3189;49;N318;N318
24714;3189;80;PVS1028;PVS1028
24715;3189;54;PS80;PS80
24716;4048;56;503271;503271
24717;3937;56;503272;503272
24718;3525;49;N337;N337
24719;3525;80;PVS1029;PVS1029
24720;3525;53;VKDS4740;VKDS4740
24721;3525;54;PS703;PS703
24722;3525;56;503049;503049
24723;4672;56;503337;503337
24724;825;49;N249;N249
24725;825;80;PVI1022;PVI1022
24726;816;49;N2018;N2018
24727;816;80;PVS1020;PVS1020
24728;823;49;N2027;N2027
24729;823;80;PVI1021;PVI1021
24730;2355;49;N2019;N2019
24731;2355;80;PVI1020;PVI1020
24732;3524;49;N2136;N2136
24733;3524;53;VKDS4772;VKDS4772
24734;3524;54;PS4440;PS4440
24735;2488;49;N2129;N2129
24736;3229;49;N2122;N2122
24737;3229;80;PVI8705;PVI8705
24738;3229;53;VKDS4750;VKDS4750
24739;3229;54;PS4451;PS4451
24740;3760;49;N2084;N2084
24741;3760;80;PVI8561;PVI8561
24742;3760;53;VKDS4749;VKDS4749
24743;3760;54;PS4451;PS4451
24744;3760;56;503067;503067
24745;3508;49;N2083;N2083
24746;3508;80;PVS8560;PVS8560
24747;3508;53;VKDS4731;VKDS4731
24748;3508;54;PS735;PS735
24749;3509;49;N99274;N99274
24750;3509;80;PVS0213;PVS0213
24751;3510;49;N99273;N99273
24752;3510;80;PVI0212;PVI0212
24753;3510;56;503294;503294
24754;3308;49;N99272;N99272
24755;3308;56;503383;503383
24756;3841;80;PVI3397;PVI3397
24757;3841;54;JBJ740;JBJ740
24758;3841;56;503374;503374
24759;5638;31;6E5Z 3084 BA;6E5Z3084BA
24760;5638;80;PVI0206;PVI0206
24761;5638;56;503362;503362
24762;3218;53;VKDS6016;VKDS6016
24763;3218;54;JBJ153;JBJ153
24764;3218;56;503171;503171
24765;3938;49;N99276;N99276
24766;3938;31;51220-TK-6A01;51220TK6A01
24767;3938;56;503338;503338
24768;3842;49;N99247;N99247
24769;3842;80;PVI0409;PVI0409
24770;3842;56;503395;503395
24771;5147;80;PVI2002;PVI2002
24772;5147;56;503199;503199
24773;5148;31;51230-SNA-A03;51230SNAA03
24774;5148;80;PVI2003;PVI2003
24775;5148;56;503198;503198
24776;3761;49;N99202;N99202
24777;3761;31;401602308R;401602308R
24778;3761;56;503389;503389
24779;2625;49;N9189;N9189
24780;2626;49;N9082;N9082
24781;3173;56;503388;503388
24782;3762;49;N99296;N99296
24783;3762;80;PVS0734;PVS0734
24784;3762;53;VKDS4751;VKDS4751
24785;3762;56;503069;503069
24786;3843;49;N99170;N99170
24787;3843;80;PVI0734;PVI0734
24788;3843;53;VKDS4748;VKDS4748
24789;3843;56;503061;503061
24790;3844;49;N99169;N99169
24791;3844;31;7701070154;7701070154
24792;3844;80;PVI0735;PVI0735
24793;3844;53;VKDS6197;VKDS6197
24794;3844;56;503188;503188
24795;3763;49;N9235;N9235
24796;3763;53;VKDS6017;VKDS6017
24797;3763;56;503172;503172
24798;4721;49;N99490;N99490
24799;4721;31;545011697R;545011697R
24800;3238;49;N99301;N99301
24801;3238;56;503274;503274
24802;3250;49;N99129;N99129
24803;3250;53;VKDS6015;VKDS6015
24804;3250;54;JBJ7539;JBJ7539
24805;3250;56;503169;503169
24806;3764;49;N99128;N99128
24807;3764;53;VKDS6014;VKDS6014
24808;3764;54;JBJ7538;JBJ7538
24809;3764;56;503168;503168
24810;3765;49;N99194;N99194
24811;3765;80;PVI9171;PVI9171
24812;3765;56;503235;503235
24813;5151;31;43330-19115;4333019115
24814;5151;80;PVI9170;PVI9170
24815;5151;56;503227;503227
24816;2970;49;N99229;N99229
24817;2970;80;PVI0214;PVI0214
24818;3174;49;N99230;N99230
24819;3174;31;545001HA0C;545001HA0C
24820;3174;80;PVI3305;PVI3305
24821;3174;56;503266;503266
24822;3507;49;N99174;N99174
24823;3507;56;503335;503335
24824;3623;49;N99175;N99175
24825;3623;54;PS4453;PS4453
24826;3623;56;503334;503334
24827;3167;56;503252;503252
24828;3315;53;VKDS6003;VKDS6003
24829;3315;56;503330;503330
24830;3168;49;N99275;N99275
24831;3168;80;PVI2107;PVI2107
24832;3168;56;503264;503264
24833;3169;80;PVI2104;PVI2104
24834;3900;56;503196;503196
24835;3845;80;PVI1110;PVI1110
24836;3845;54;JBJ7552;JBJ7552
24837;3845;56;503226;503226
24838;3526;56;503254;503254
24839;3766;56;503204;503204
24840;2439;49;N99055;N99055
24841;814;49;N1059;N1059
24842;814;80;PVI7366;PVI7366
24843;815;80;PVI7365;PVI7365
24844;820;49;N99081;N99081
24845;820;80;PVI1048;PVI1048
24846;3846;80;PVI1066;PVI1066
24847;3767;49;N99127;N99127
24848;3767;53;VKDS6006;VKDS6006
24849;3767;56;503112;503112
24850;585;48;334728MM;334728MM
24851;585;100;021/2013;212013
24852;585;100;4167/2012;41672012
24853;594;100;021/2013;212013
24854;594;100;4167/2012;41672012
24855;586;48;334829MM;334829MM
24856;586;100;021/2013;212013
24857;586;100;4167/2012;41672012
24858;70;48;334736MM;334736MM
24859;70;100;021/2013;212013
24860;70;100;4167/2012;41672012
24862;71;48;334737MM;334737MM
24863;71;100;021/2013;212013
24864;71;100;4167/2012;41672012
24865;72;100;021/2013;212013
24866;72;100;4167/2012;41672012
24867;59;100;021/2013;212013
24868;59;100;4167/2012;41672012
24869;329;48;334909MM;334909MM
24870;329;100;021/2013;212013
24871;329;100;4167/2012;41672012
24872;655;100;022/2013;222013
24873;655;100;4165/2012;41652012
24874;422;100;022/2013;222013
24875;422;100;4165/2012;41652012
24883;231;48;334088MM;334088MM
24884;231;100;024/2013;242013
24885;231;100;4164/2012;41642012
24886;232;48;334089MM;334089MM
24887;232;100;024/2013;242013
24888;232;100;4164/2012;41642012
24889;118;48;334067MM;334067MM
24890;118;100;024/2013;242013
24891;118;100;4164/2012;41642012
24894;93;48;334065MM;334065MM
24895;93;100;024/2013;242013
24896;93;100;4164/2012;41642012
24897;309;100;024/2013;242013
24898;309;100;4164/2012;41642012
24899;310;100;024/2013;242013
24900;310;100;4164/2012;41642012
24905;4176;67;953643HD;953643HD
24907;4180;76;AL1174;AL1174
24908;4180;49;NJH03-080S;NJH03080S
24909;4180;67;953631HD;953631HD
24914;1443;76;AL1106;AL1106
24915;1443;67;951686HD;951686HD
24922;4805;31;8EZ3A427B;8EZ3A427B
24924;3966;53;VKJC7019;VKJC7019
24930;4198;67;953922HD;953922HD
24936;3486;49;NJH18-504S;NJH18504S
24943;3704;100;1956/2018;19562018
24944;3704;100;6979/2016;69792016
24945;3982;100;1956/2018;19562018
24946;4074;100;3417/2018;34172018
24947;3677;49;HG 30873;HG30873
24948;3677;100;1956/2018;19562018
24949;3677;100;6979/2016;69792016
24950;4558;49;HG 31032;HG31032
24951;4558;100;3417/2018;34172018
24952;378;100;021/2013;212013
24953;378;100;4167/2012;41672012
24954;371;100;021/2013;212013
24955;371;100;4167/2012;41672012
24958;20;100;021/2013;212013
24959;20;100;4167/2012;41672012
24960;372;100;021/2013;212013
24961;372;100;4167/2012;41672012
24962;373;100;021/2013;212013
24963;373;100;4167/2012;41672012
24964;174;100;021/2013;212013
24965;174;100;4167/2012;41672012
24966;374;100;021/2013;212013
24967;374;100;4167/2012;41672012
24968;15;100;021/2013;212013
24969;15;100;4167/2012;41672012
24970;1916;100;021/2013;212013
24971;1916;100;4167/2012;41672012
24972;21;100;021/2013;212013
24973;21;100;4167/2012;41672012
24974;139;100;021/2013;212013
24975;139;100;4167/2012;41672012
24976;140;100;021/2013;212013
24977;140;100;4167/2012;41672012
24980;330;48;334371MM;334371MM
24981;330;100;022/2013;222013
24982;330;100;4165/2012;41652012
24983;337;48;334387MM;334387MM
24984;337;100;022/2013;222013
24985;337;100;4165/2012;41652012
24986;343;48;334465MM;334465MM
24987;343;100;022/2013;222013
24988;343;100;4165/2012;41652012
24989;336;48;334464MM;334464MM
24990;336;100;022/2013;222013
24991;336;100;4165/2012;41652012
24992;408;48;334469MM;334469MM
24993;408;100;022/2013;222013
24994;408;100;4165/2012;41652012
24995;409;48;334468MM;334468MM
24996;409;100;022/2013;222013
24997;409;100;4165/2012;41652012
24998;120;48;334908MM;334908MM
24999;120;100;021/2013;212013
25000;120;100;4167/2012;41672012
25001;94;100;021/2013;212013
25002;94;100;4167/2012;41672012
25003;100;48;334003MM;334003MM
25004;100;100;021/2013;212013
25005;100;100;4167/2012;41672012
25006;101;48;334954MM;334954MM
25007;101;100;021/2013;212013
25008;101;100;4167/2012;41672012
25012;3976;31;94761909;94761909
25013;3976;100;021/2013;212013
25014;361;100;023/2013;232013
25015;361;100;127/2013;1272013
25016;361;100;4166/2012;41662012
25017;361;100;4169/2012;41692012
25018;362;49;HG 30343;HG30343
25019;362;100;023/2013;232013
25020;362;100;127/2013;1272013
25021;362;100;3416/2018;34162018
25022;362;100;4166/2012;41662012
25023;362;100;4169/2012;41692012
25024;60;48;334823MM;334823MM
25025;60;100;021/2013;212013
25026;60;100;4167/2012;41672012
25027;2261;114;459D;459D
25028;2261;49;NBJ3011D;NBJ3011D
25029;2262;114;459E;459E
25030;2262;49;NBJ3011E;NBJ3011E
25031;2263;114;497D;497D
25032;2263;49;NBJ3010D;NBJ3010D
25033;2264;114;497E;497E
25034;2264;49;NBJ3010E;NBJ3010E
25035;2265;114;497R;497R
25036;2265;31;93.309.134;93309134
25037;2266;114;497L;497L
25038;2266;31;93.309.133;93309133
25039;845;49;N1063;N1063
25040;845;80;BRD9865;BRD9865
25041;845;100;9062/2014;90622014
25042;876;49;N99033;N99033
25043;876;100;9062/2014;90622014
25044;2995;49;N97007;N97007
25045;2995;100;9062/2014;90622014
25046;2994;49;N99010;N99010
25047;2994;100;9062/2014;90622014
25048;910;49;N91001;N91001
25049;910;100;9062/2014;90622014
25050;2979;100;9062/2014;90622014
25051;4400;49;N99033;N99033
25052;4400;100;9062/2014;90622014
25053;4400;53;VKY6243;VKY6243
25054;4400;56;680363;680363
25055;4172;100;9062/2014;90622014
25056;4172;53;VKY6144;VKY6144
25057;4172;56;680300;680300
25058;4707;100;9061/2014;90612014
25059;4707;56;680337;680337
25060;935;49;N99021;N99021
25061;935;80;BRD2541;BRD2541
25062;935;100;9061/2014;90612014
25063;860;49;N96008;N96008
25064;860;100;9062/2014;90622014
25065;859;49;N96012;N96012
25066;859;31;99458364018A4;99458364018A4
25067;859;100;9061/2014;90612014
25068;894;49;N96005;N96005
25069;894;31;70836067083602;70836067083602
25070;894;100;9062/2014;90622014
25071;901;49;N634;N634
25072;901;100;9062/2014;90622014
25073;914;49;N644;N644
25074;914;31;9939675;9939675
25075;914;80;BRD4529;BRD4529
25076;914;100;0937/2018;9372018
25077;914;100;9062/2014;90622014
25078;914;53;VKY4970A;VKY4970A
25079;902;49;N6015;N6015
25080;902;31;46592759;46592759
25081;902;80;BRD4547;BRD4547
25082;902;100;9062/2014;90622014
25083;834;49;N6040;N6040
25084;834;100;9062/2014;90622014
25085;926;49;N6018;N6018
25086;926;31;7500101;7500101
25087;926;80;BRD4558;BRD4558
25088;926;100;9062/2014;90622014
25089;927;100;9062/2014;90622014
25090;928;49;N6019;N6019
25091;928;100;9062/2014;90622014
25092;2988;49;N96020;N96020
25093;2988;100;9062/2014;90622014
25094;4173;49;N96028;N96028
25095;4173;100;9062/2014;90622014
25096;4173;53;VKY6300;VKY6300
25097;4173;56;680382;680382
25098;4265;49;N96025;N96025
25099;4265;100;0937/2018;9372018
25100;4265;100;9062/2014;90622014
25101;4265;53;VKY4944;VKY4944
25102;4265;56;680203;680203
25103;4587;100;9062/2014;90622014
25104;4587;56;680542;680542
25105;4046;100;0937/2018;9372018
25106;4046;56;680022;680022
25107;4174;49;N96029;N96029
25108;4174;100;9062/2014;90622014
25109;4174;53;VKY6150;VKY6150
25110;4174;56;680320;680320
25111;4685;49;N 96020;N96020
25112;4685;31;7088612;7088612
25113;4685;100;9062/2014;90622014
25114;4685;56;680281;680281
25115;4709;100;0937/2018;9372018
25116;4709;56;680605;680605
25117;4045;49;N96036;N96036
25118;4045;100;0937/2018;9372018
25119;4045;53;VKY6268;VKY6268
25120;4045;56;680502;680502
25121;881;49;N93006;N93006
25122;881;100;9062/2014;90622014
25123;881;54;BLS4628;BLS4628
25124;3143;31;26032284;26032284
25125;3143;100;9062/2014;90622014
25126;3143;53;VKY4932;VKY4932
25127;3143;56;680169;680169
25129;863;100;9062/2014;90622014
25130;863;54;BLS4610;BLS4610
25131;851;49;N93004;N93004
25132;851;100;9062/2014;90622014
25133;2981;49;N93003;N93003
25134;2981;31;322158;322158
25135;2981;100;9062/2014;90622014
25136;2981;54;BLS4321;BLS4321
25137;884;49;N3011;N3011
25138;884;100;9062/2014;90622014
25139;2983;49;N92011;N92011
25140;2983;100;9062/2014;90622014
25141;865;49;N3001;N3001
25142;865;100;9062/2014;90622014
25143;2980;49;N93005;N93005
25144;2980;100;9062/2014;90622014
25145;2980;54;BLS4610;BLS4610
25146;885;49;N93007;N93007
25147;885;100;9062/2014;90622014
25148;941;49;N92011;N92011
25149;941;31;904981821603199;904981821603199
25150;941;100;9062/2014;90622014
25151;4098;49;N93057;N93057
25152;4098;100;0937/2018;9372018
25153;4098;53;VKY6244;VKY6244
25154;4098;56;680365;680365
25155;4566;49;N93023;N93023
25156;4566;100;9062/2014;90622014
25157;4566;56;680487;680487
25158;4263;49;N93025;N93025
25159;4263;31;94522262;94522262
25160;4263;100;9062/2014;90622014
25161;4263;53;VKY6265;VKY6265
25162;4263;56;680494;680494
25163;5154;49;N93034;N93034
25164;5154;80;BRD0314;BRD0314
25165;5154;100;9061/2014;90612014
25166;5154;56;680497;680497
25167;887;49;N92008;N92008
25168;887;100;9062/2014;90622014
25169;849;49;N92006;N92006
25170;849;100;9062/2014;90622014
25171;903;49;N2006;N2006
25172;903;31;547419803;547419803
25173;903;100;9062/2014;90622014
25174;898;49;N92005;N92005
25175;898;100;9062/2014;90622014
25176;3176;49;N2127;N2127
25177;3176;100;9062/2014;90622014
25178;3176;53;VKY4930;VKY4930
25179;3176;56;680121;680121
25180;852;49;N2121;N2121
25181;852;100;9061/2014;90612014
25182;852;54;BDE2247;BDE2247
25183;904;49;N2003;N2003
25184;904;100;9062/2014;90622014
25185;906;49;N92012;N92012
25186;906;100;9062/2014;90622014
25187;2990;49;N2096;N2096
25188;2990;100;9062/2014;90622014
25189;890;49;N2097;N2097
25190;890;100;9062/2014;90622014
25191;853;49;N2022;N2022
25192;853;100;9062/2014;90622014
25193;2991;49;N92009;N92009
25194;2991;100;9062/2014;90622014
25196;4266;100;9062/2014;90622014
25197;4266;53;VKY6242;VKY6242
25198;4266;56;680360;680360
25199;4401;49;N92033;N92033
25200;4401;100;9062/2014;90622014
25201;4401;53;VKY6273;VKY6273
25202;4401;56;680529;680529
25203;4044;49;N92033;N92033
25204;4044;100;0937/2018;9372018
25205;4044;53;VKY6254;VKY6254
25206;4044;56;680409;680409
25207;4267;49;N92074;N92074
25208;4267;100;9062/2014;90622014
25209;4267;53;VKY6138;VKY6138
25210;4267;56;680287;680287
25211;4710;100;9062/2014;90622014
25212;4710;56;680266;680266
25213;4563;100;9062/2014;90622014
25214;4563;56;680211;680211
25215;4564;100;0937/2018;9372018
25216;4564;100;9062/2014;90622014
25217;4564;56;680313;680313
25218;4268;49;N99212;N99212
25219;4268;100;9062/2014;90622014
25220;4268;53;VKY6251;VKY6251
25221;4268;56;680391;680391
25222;4269;49;N99071;N99071
25223;4269;100;9062/2014;90622014
25224;4269;53;VKY6248;VKY6248
25225;4269;56;680374;680374
25226;4562;100;9062/2014;90622014
25227;4562;56;680288;680288
25228;891;49;N99028;N99028
25229;891;100;9061/2014;90612014
25230;836;49;N99019;N99019
25231;836;100;9062/2014;90622014
25232;2984;49;N99023;N99023
25233;2984;31;960324603812A63812C0;960324603812A63812C0
25234;2984;100;9062/2014;90622014
25235;2986;49;N99112;N99112
25236;2986;100;9062/2014;90622014
25237;2987;49;N99111;N99111
25238;2987;100;9062/2014;90622014
25239;2987;54;BLS4631;BLS4631
25240;4708;100;9061/2014;90612014
25241;4708;56;680470;680470
25242;2993;49;N99031;N99031
25243;2993;100;9062/2014;90622014
25244;869;49;N99025;N99025
25245;869;100;9062/2014;90622014
25246;869;53;VKY4929;VKY4929
25247;870;49;N99013;N99013
25248;870;100;9062/2014;90622014
25249;2989;49;N99027;N99027
25250;2989;100;9062/2014;90622014
25251;4403;49;N99098;N99098
25252;4403;100;9062/2014;90622014
25253;4403;53;VKY6149;VKY6149
25254;4403;56;680315;680315
25255;4274;49;N99418;N99418
25256;4274;100;9062/2014;90622014
25257;4274;53;VKY6253;VKY6253
25258;4274;56;680404;680404
25259;4565;49;N99130;N99130
25260;4565;100;9062/2014;90622014
25261;4565;54;BLS4630;BLS4630
25262;4565;56;680301;680301
25263;878;49;N99034;N99034
25264;878;100;9062/2014;90622014
25265;3175;49;N99035;N99035
25266;3175;31;4550339075;4550339075
25267;3175;100;9061/2014;90612014
25268;3175;53;VKY4922;VKY4922
25269;3175;56;680085;680085
25270;879;49;N99089;N99089
25271;879;100;9062/2014;90622014
25272;3230;49;N99109;N99109
25273;3230;100;9061/2014;90612014
25274;3230;56;680285;680285
25275;4588;100;9062/2014;90622014
25276;4588;56;680402;680402
25277;4402;49;N99095;N99095
25278;4402;100;9062/2014;90622014
25279;4402;56;680546;680546
25280;4686;49;N99165;N99165
25281;4686;100;9062/2014;90622014
25282;4686;54;BLS4630;BLS4630
25283;4686;56;680333;680333
25284;4687;100;9062/2014;90622014
25285;4687;56;680347;680347
25286;4146;49;N99103;N99103
25287;4146;100;0937/2018;9372018
25288;4146;53;VKY6241;VKY6241
25289;4146;56;680349;680349
25290;4175;49;N99124;N99124
25291;4175;31;57724-2E000OK011-32-260A;577242E000OK01132260A
25292;4175;100;9062/2014;90622014
25293;4175;53;VKY6143;VKY6143
25294;4175;56;680297;680297
25295;4270;49;N99160;N99160
25296;4270;100;9062/2014;90622014
25297;4270;53;VKY6277;VKY6277
25298;4270;56;680539;680539
25299;4702;100;9062/2014;90622014
25300;4702;56;680530;680530
25301;2992;49;N99018;N99018
25302;2992;100;9061/2014;90612014
25303;5149;56;680375;680375
25304;4791;56;680387;680387
25305;2982;100;9062/2014;90622014
25306;5155;49;N99186;N99186
25307;5155;80;BRD1037;BRD1037
25308;5155;100;2513/2020;25132020
25309;5155;56;680493;680493
25310;2985;49;N99110;N99110
25311;2985;100;9062/2014;90622014
25312;4264;49;N99173;N99173
25313;4264;100;9062/2014;90622014
25314;4264;53;VKY6279;VKY6279
25315;4264;56;680543;680543
25316;942;49;N186;N186
25317;942;80;TDI1030;TDI1030
25318;942;100;9066/2014;90662014
25319;943;49;N97000;N97000
25320;943;80;TDI1422;TDI1422
25321;943;100;9066/2014;90662014
25322;944;49;N97001;N97001
25323;944;80;TDI1421;TDI1421
25324;944;100;9066/2014;90662014
25325;2271;49;N97000;N97000
25326;2271;80;TDI1089;TDI1089
25327;2271;100;9066/2014;90662014
25328;2272;49;N97001;N97001
25329;2272;80;TDI1088;TDI1088
25330;2272;100;9066/2014;90662014
25331;2375;49;N1027;N1027
25332;2375;80;TDI1022;TDI1022
25333;2375;100;9066/2014;90662014
25334;2513;49;N183;N183
25335;2513;80;TDI1014;TDI1014
25336;2513;100;9066/2014;90662014
25337;2506;49;N120;N120
25338;2506;100;9066/2014;90662014
25339;2507;49;N122;N122
25340;2507;100;9066/2014;90662014
25341;2508;49;N 127;N127
25342;2508;100;9066/2014;90662014
25343;2509;49;N 128;N128
25344;2509;100;9066/2014;90662014
25345;2977;49;N130;N130
25346;2977;100;9066/2014;90662014
25347;2977;53;VKY6169;VKY6169
25348;2977;54;TS2766R;TS2766R
25349;2977;56;335206;335206
25350;2978;100;9066/2014;90662014
25351;2978;54;TS2769L;TS2769L
25352;2978;56;335205;335205
25353;2975;49;N 195;N195
25354;2975;100;9066/2014;90662014
25355;2975;53;VKY4863;VKY4863
25356;2975;56;335089;335089
25357;2976;49;N 196;N196
25358;2976;100;9066/2014;90662014
25359;2976;53;VKY4862;VKY4862
25360;2976;56;335088;335088
25361;4711;100;9066/2014;90662014
25362;4711;56;335289;335289
25363;4712;100;9066/2014;90662014
25364;4712;56;335288;335288
25365;2444;49;N6016;N6016
25366;2444;100;9066/2014;90662014
25367;946;49;N 6017;N6017
25368;946;80;TDI1114;TDI1114
25369;946;100;9066/2014;90662014
25370;2437;49;N 6012;N6012
25371;2437;100;9066/2014;90662014
25372;2438;49;N 6014;N6014
25373;2438;100;9066/2014;90662014
25374;2492;49;N 6013;N6013
25375;2492;100;9066/2014;90662014
25376;2493;49;N 6011;N6011
25377;2493;100;9066/2014;90662014
25378;2972;49;N 6010;N6010
25379;2972;100;9066/2014;90662014
25380;2972;53;VKY6188;VKY6188
25381;2972;54;TS-3760;TS3760
25382;2972;56;335012;335012
25383;3522;49;N 96023;N96023
25384;3522;100;9066/2014;90662014
25385;3522;53;VKY6124;VKY6124
25386;3522;54;TS4149;TS4149
25387;3522;56;335299;335299
25388;3523;49;N 96024;N96024
25389;3523;100;9066/2014;90662014
25390;3523;53;VKY6125;VKY6125
25391;3523;54;TS4150;TS4150
25392;3523;56;335300;335300
25393;3231;49;N 96016;N96016
25394;3231;80;TDI1085;TDI1085
25395;3231;100;9066/2014;90662014
25396;3231;53;VKY4892;VKY4892
25397;3231;54;JTE1034;JTE1034
25398;3231;56;335172;335172
25399;4589;100;9066/2014;90662014
25400;4589;56;335433;335433
25401;4590;100;9066/2014;90662014
25402;4590;56;335434;335434
25403;945;49;N3022;N3022
25404;945;80;TDI1006;TDI1006
25405;945;100;9066/2014;90662014
25406;2352;49;N 93017;N93017
25407;2352;80;TDI1059;TDI1059
25408;2352;100;9066/2014;90662014
25409;2351;49;N93018;N93018
25410;2351;31;94737107;94737107
25411;2351;80;TDI1091;TDI1091
25412;2351;100;9066/2014;90662014
25413;2390;49;N 330;N330
25414;2390;80;TDI1011;TDI1011
25415;2390;100;9066/2014;90662014
25416;2391;49;N 331;N331
25417;2391;80;TDI1012;TDI1012
25418;2391;100;9066/2014;90662014
25419;2971;49;N 356;N356
25420;2971;100;9066/2014;90662014
25421;2971;53;VKY4845;VKY4845
25422;2971;54;TS3252R;TS3252R
25423;2971;56;335061;335061
25424;2510;49;N 303;N303
25425;2510;100;9066/2014;90662014
25426;2510;54;TS3117L;TS3117L
25427;2511;49;N 3032;N3032
25428;2511;100;9066/2014;90662014
25429;2512;49;N 3003;N3003
25430;2512;100;9066/2014;90662014
25431;3305;49;N 93013;N93013
25432;3305;100;9066/2014;90662014
25433;3305;53;VKY4849;VKY4849
25434;3305;54;TS4471;TS4471
25435;3305;56;335065;335065
25436;3306;49;N3018;N3018
25437;3306;100;9066/2014;90662014
25438;3306;53;VKY4847;VKY4847
25439;3306;54;TS4037;TS4037
25440;3306;56;335063;335063
25441;3232;100;9066/2014;90662014
25442;3232;53;VKY4847;VKY4847
25443;3232;54;TS4036;TS4036
25444;3232;56;335062;335062
25445;3307;49;N 3072;N3072
25446;3307;100;9066/2014;90662014
25447;3307;53;VKY4851;VKY4851
25448;3307;54;TS4121;TS4121
25449;3307;56;335074;335074
25450;3219;49;N 93012;N93012
25451;3219;100;9066/2014;90662014
25452;3219;53;VKY4848;VKY4848
25453;3219;54;TS4121;TS4121
25454;3219;56;335064;335064
25455;4722;31;1609026;1609026
25456;4722;100;9066/2014;90662014
25457;4722;56;335425;335425
25458;4591;49;N93024;N93024
25459;4591;31;95218393;95218393
25460;4591;100;9066/2014;90662014
25461;4591;54;JTE876;JTE876
25462;4591;56;335420;335420
25463;4782;56;335467;335467
25464;947;49;N2008;N2008
25465;947;80;TDI1032;TDI1032
25466;947;100;9066/2014;90662014
25467;2293;49;N 2007;N2007
25468;2293;80;TDI1031;TDI1031
25469;2293;100;9066/2014;90662014
25470;2489;49;N 2020;N2020
25471;2489;100;9066/2014;90662014
25472;2973;49;N 235;N235
25473;2973;100;9066/2014;90662014
25474;2973;53;VKY4825;VKY4825
25475;2973;54;TE.1630;TE1630
25476;2973;56;335016;335016
25477;2974;49;N 2120;N2120
25478;2974;80;TDI1643;TDI1643
25479;2974;100;9066/2014;90662014
25480;2974;53;VKY4869;VKY4869
25481;2974;56;335097;335097
25482;3624;49;N 92017;N92017
25483;3624;100;9066/2014;90662014
25484;3624;54;TS4464;TS4464
25485;3624;56;335019;335019
25486;3625;49;N92016;N92016
25487;3625;31;2S6C3289BA;2S6C3289BA
25488;3625;100;9066/2014;90662014
25489;3625;54;TS4465;TS4465
25490;3625;56;335020;335020
25491;4717;100;9066/2014;90662014
25492;4717;56;335417;335417
25493;4718;100;9066/2014;90662014
25494;4718;56;335418;335418
25495;4723;100;9066/2014;90662014
25496;4723;56;335376;335376
25497;4724;100;9066/2014;90662014
25498;4724;56;335375;335375
25499;4592;31;53540-T7J-003;53540T7J003
25500;4592;80;TDI0422;TDI0422
25501;4592;100;9066/2014;90662014
25502;4593;80;TDI0421;TDI0421
25503;4593;100;9066/2014;90662014
25504;4675;100;9066/2014;90662014
25505;4675;56;335379;335379
25506;2273;49;N99080;N99080
25507;2273;80;TDI1631;TDI1631
25508;2273;100;9066/2014;90662014
25509;2274;49;N99079;N99079
25510;2274;80;TDI1630;TDI1630
25511;2274;100;9066/2014;90662014
25512;2281;49;N99085;N99085
25513;2281;80;TDI0126;TDI0126
25514;2281;100;9066/2014;90662014
25515;2282;49;N99084;N99084
25516;2282;80;TDI0127;TDI0127
25517;2282;100;9066/2014;90662014
25518;4678;100;9066/2014;90662014
25519;4678;56;335347;335347
25520;4594;49;N99234;N99234
25521;4594;80;TDI1138;TDI1138
25522;4594;100;9066/2014;90662014
25523;4594;56;335506;335506
25524;4595;49;N99235;N99235
25525;4595;80;TDI1137;TDI1137
25526;4595;100;9066/2014;90662014
25527;4595;56;335505;335505
25528;5129;100;9066/2014;90662014
25529;5129;56;335358;335358
25530;5130;100;9066/2014;90662014
25531;5130;56;335357;335357
25532;4596;100;9066/2014;90662014
25533;4596;56;335426;335426
25534;4597;100;9066/2014;90662014
25535;4597;56;335427;335427
25536;4726;100;9066/2014;90662014
25537;4726;56;335285;335285
25538;4725;100;9066/2014;90662014
25539;4725;56;335286;335286
25540;4676;80;TDI1123;TDI1123
25541;4676;100;9066/2014;90662014
25542;4677;80;TDI1124;TDI1124
25543;4677;100;9066/2014;90662014
25544;4783;80;TDI1107;TDI1107
25545;4784;80;TDI1106;TDI1106
25546;4787;49;N99105;N99105
25547;4787;56;335329;335329
25548;4788;49;N99106;N99106
25549;4788;56;335330;335330
25550;4598;100;9066/2014;90662014
25551;4598;56;335296;335296
25552;4785;80;TDI1151;TDI1151
25553;4786;80;TDI1150;TDI1150
25554;5128;31;4422A052;4422A052
25555;5128;100;9066/2014;90662014
25556;5128;56;335408;335408
25557;4789;31;MR-508135;MR508135
25558;4789;80;TDI50203;TDI50203
25559;4789;56;335344;335344
25560;4790;31;MR-508136;MR508136
25561;4790;80;TDI50202;TDI50202
25562;4790;56;335345;335345
25563;4715;100;9066/2014;90662014
25564;4715;56;335554;335554
25565;4716;100;9066/2014;90662014
25566;4716;56;335555;335555
25567;4713;100;9066/2014;90662014
25568;4713;56;335269;335269
25569;4714;100;9066/2014;90662014
25570;4714;56;335268;335268
25571;4505;31;1K0.412.331-B;1K0412331B
25572;4505;59;SK431S;SK431S
25573;4506;59;SK409RS;SK409RS
25574;4828;59;SK453S;SK453S
25575;2667;63;044.2618;442618
25576;2457;59;SK140E;SK140E
25577;2456;59;SK140D;SK140D
25578;4115;60;MB4282;MB4282
25579;4115;31;52057034;52057034
25580;4115;59;SK161S;SK161S
25581;4397;31;51833942;51833942
25582;5077;60;MB4270;MB4270
25583;5077;59;SK928S;SK928S
25584;3949;31;13.367.782;13367782
25585;4503;59;SK375S;SK375S
25586;1048;59;SK226S;SK226S
25587;4314;31;AV61.18A116-AE;AV6118A116AE
25588;4398;59;SK969D;SK969D
25589;4399;59;SK969E;SK969E
25590;3472;31;8200723741;8200723741
25591;5088;59;SK987S;SK987S
25592;5641;60;MB6852;MB6852
25593;5641;59;SK990S;SK990S
25594;5085;60;MB4203;MB4203
25595;5085;59;SK931S;SK931S
25596;4570;59;SK943E;SK943E
25597;4571;59;SK943D;SK943D
25598;4830;59;SK979S;SK979S
25599;5642;60;MB6755;MB6755
25600;5642;59;SK982S;SK982S
25601;4569;59;SK928S;SK928S
25608;4071;76;AL622;AL622
25609;4071;49;NJH09-080T;NJH09080T
25610;5244;49;NJH23-358T;NJH23358T
25611;4704;76;AL580;AL580
25612;4704;49;NJH07-273T;NJH07273T
25613;5108;76;AL593;AL593
25614;5108;49;NJH08-307T;NJH08307T
25619;5109;76;AL450;AL450
25620;5109;49;NJH03-450T;NJH03450T
25624;5240;49;NJH28-428T;NJH28428T
25625;5241;49;NJH34-446T;NJH34446T
25626;5242;49;NJH35-447T;NJH35447T
25627;5110;76;AL779;AL779
25628;5110;49;NJH30-779T;NJH30779T
25632;5238;49;NJH32-407T;NJH32407T
25637;3097;49;NJH16-229T;NJH16229T
25638;5601;76;AL874;AL874
25639;5601;49;NJH10-264T;NJH10264T
25641;5334;49;NJH41-003T;NJH41003T
25642;5243;49;NJH40-013T;NJH40013T
25646;5643;100;2076/2016;20762016
25647;5644;100;2078/2016;20782016
25648;5645;100;2078/2016;20782016
25649;2290;31;55361 2F200;553612F200
25650;2291;31;55351 2F200;553512F200
25651;5646;59;SK942S;SK942S
25652;5647;60;MB6802;MB6802
25653;5647;59;SK991S;SK991S
25655;5650;100;9062/2014;90622014
25656;5648;49;N93078;N93078
25657;5648;31;52112626;52112626
25658;5648;80;TDI0302;TDI0302
25659;5648;100;9066/2014;90662014
25660;5648;56;335667;335667
25661;5649;49;N93079;N93079
25662;5649;31;52112625;52112625
25663;5649;80;TDI0303;TDI0303
25664;5649;100;9066/2014;90662014
25665;5649;56;335668;335668
25666;5474;31;JB3Z18125T;JB3Z18125T
25667;5515;31;9131.0001.019;91310001019
25668;5521;31;73002192;73002192
25669;2108;31;CN15/N400A12/EA/;CN15N400A12EA
25670;5511;128;100998778;100998778
25671;5515;128;100998808;100998808
25672;5516;128;100998781;100998781
25673;5517;128;100998747;100998747
25674;5519;128;100998769;100998769
25675;5520;128;102696;102696
25676;5521;128;100998746;100998746
25677;5651;128;102685;102685
25678;5651;31;2011;2011
25679;5652;128;104482;104482
25680;5652;31;395082;395082
25681;5653;128;100998730;100998730
25682;5653;31;63188;63188
25683;4909;128;6962.6;69626
25684;5525;128;100998783;100998783
25685;5526;128;100998782;100998782
25686;5527;128;100998801;100998801
25687;5654;128;100998790;100998790
25688;5654;31;10143176;10143176
25689;252;31;K68087099AA;K68087099AA
25690;2114;31;8A61A406A10AC;8A61A406A10AC
25691;2114;31;BE8Z58406A10A;BE8Z58406A10A
25692;2114;31;D3BBA406A10AB;D3BBA406A10AB
25693;2365;31;55307R1000;55307R1000
25694;2570;48;G1063;G1063
25695;2570;49;HG41313;HG41313
25696;2570;31;53181917;53181917
25697;2570;31;K68184449AC;K68184449AC
25698;3689;50;3440039;3440039
25699;3689;48;379002SP;379002SP
25700;3689;49;HG 41166;HG41166
25703;4846;31;52189663;52189663
25704;284;48;G8064;G8064
25705;284;31;51820878;51820878
25706;284;31;51849355;51849355
25707;284;31;51960990;51960990
25708;284;31;51960992;51960992
25709;285;48;G8063;G8063
25710;285;31;51820879;51820879
25711;285;31;51849356;51849356
25712;285;31;51960991;51960991
25713;285;31;51960993;51960993
25714;4814;31;52189660;52189660
25716;5656;128;101977941;101977941
25717;5656;31;73905;73905
25721;5667;31;26262065;26262065
25722;5668;31;26262064;26262064
25723;5669;49;NBJ6009DP;NBJ6009DP
25724;5669;31;54500-1535R;545001535R
25725;5670;58;RN4070CGG;RN4070CGG
25728;5672;49;NJH16-1075;NJH161075
25729;4266;49;N92022;N92022
25733;3576;48;T1323;T1323
25734;3576;31;1861118;1861118
25735;3576;31;1923370;1923370
25736;3127;48;72638;72638
25737;3127;48;72638ST;72638ST
25738;3127;49;HG41244;HG41244
25739;3127;31;HS7J/18124/GA;HS7J18124GA
25740;3128;48;72638;72638
25741;3128;48;72638ST;72638ST
25742;3128;49;HG41244;HG41244
25743;3128;31;HS7J/18124/EA;HS7J18124EA
25744;3317;60;4448;4448
25745;5679;31;E62004KH9A;E62004KH9A
25746;5679;100;3541/2012;35412012
25747;5680;31;42518377;42518377
25748;5680;100;3541/2012;35412012
25749;5681;31;52508206;52508206
25750;5681;100;3542/2012;35422012
25751;5682;31;52508207;52508207
25752;5682;100;3542/2012;35422012
25756;2102;63;044.2632;442632
25757;5683;49;N93081;N93081
25758;5683;31;39001025;39001025
25759;5683;31;39089342;39089342
25760;5683;80;PVI0312;PVI0312
25761;5683;56;503449;503449
25762;5684;58;GM-2342C;GM2342C
25763;5684;49;NBJ3026DP;NBJ3026DP
25764;5684;31;39089343;39089343
25765;5684;80;BDJ0382;BDJ0382
25766;5685;58;GM-2341C;GM2341C
25767;5685;49;NBJ3026EP;NBJ3026EP
25768;5685;31;3909342;3909342
25769;5685;80;BDJ0381;BDJ0381
25770;3694;31;562105RA1B;562105RA1B
25771;3694;31;562105RA25;562105RA25
25772;3692;31;543025RA1B;543025RA1B
25773;3692;31;543025RA2B;543025RA2B
25774;3693;31;543035RA1B;543035RA1B
25775;3693;31;543035RA2B;543035RA2B
25776;4054;31;485318Z023;485318Z023
25777;4054;31;4854109420;4854109420
25779;1465;76;AL-1073;AL1073
25780;1465;49;NJH046080;NJH046080
25781;5686;31;51237239233;51237239233
25782;5686;31;51237255812;51237255812
25783;5687;31;51239802054;51239802054
25784;5688;31;87170-1F100;871701F100
25785;5689;31;30784935;30784935
25786;262;31;1609616580;1609616580
25787;262;31;51709755;51709755
25788;262;31;51734561;51734561
25789;262;31;51734562;51734562
25790;262;31;8731 T9;8731T9
25791;262;31;9673083680;9673083680
25792;262;31;9683733980;9683733980
25793;191;31;96 880 05 180;9688005180
25794;191;31;96 888 05 180;9688805180
25796;193;31;55310204100;55310204100
25797;193;31;55310214100;55310214100
25798;194;31;9687666580;9687666580
25799;195;31;9687566580;9687566580
25800;2550;31;5C0 413 031 DP;5C0413031DP
25801;4431;31;5802354461;5802354461
25802;4799;31;54661A7400;54661A7400
25803;4799;31;54661B0HA0-BI;54661B0HA0BI
25804;4800;31;54651A7400;54651A7400
25805;4800;31;54651B0HA0-BI;54651B0HA0BI
25806;4433;31;5802354433;5802354433
25807;4415;48;01354629;1354629
25808;4415;49;HG 41071;HG41071
25809;4414;48;01354628;1354628
25810;4414;49;HG 41070;HG41070
25816;2998;80;BDJ0237;BDJ0237
25817;2999;80;BDJ0238;BDJ0238
25818;2551;31;5C0 513 029 B;5C0513029B
25819;5679;31;E62005JL1B;E62005JL1B
25820;5679;31;E62005JL1C;E62005JL1C
25821;5679;31;E62005JL1D;E62005JL1D
25822;2343;31;E61105JL0C;E61105JL0C
25823;2343;31;E61105JL0D;E61105JL0D
25824;2343;31;E61105JL0E;E61105JL0E
25825;5165;31;23B413119C;23B413119C
25826;520;31;8200126407;8200126407
25827;2066;31;2P0413031F;2P0413031F
25828;2066;31;2R0413031;2R0413031
25831;2077;31;2P0413031D;2P0413031D
25832;2067;31;2R0513031C;2R0513031C
25833;5693;100;2077/2016;20772016
25834;5694;31;1942149;1942149
25835;5694;100;3541/2012;35412012
25836;5695;31;BC455C398BA;BC455C398BA
25837;5696;31;6430305209;6430305209
25838;5696;100;3542/2012;35422012
25839;5697;31;6430909143;6430909143
25840;5697;100;3542/2012;35422012
25841;5698;31;23B413119A;23B413119A
25842;5698;100;3541/2012;35412012
25845;5699;31;0572QL;572QL
25846;5699;31;1651601;1651601
25849;5700;31;6939807064;6939807064
25852;5701;31;2129517;2129517
25855;5702;31;2556179;2556179
25856;5702;31;438352;438352
25859;5703;31;2499070;2499070
25860;4910;31;20358822;20358822
25861;1904;31;2S2413031;2S2413031
25862;1904;31;2T0413031B;2T0413031B
25863;1904;31;7C4518045DA;7C4518045DA
25864;1904;31;R71900003;R71900003
25865;1904;31;TAL413031;TAL413031
25867;1909;31;TJG513031B;TJG513031B
25868;1900;31;7C4518045BA;7C4518045BA
25869;1900;31;XC4518045FA;XC4518045FA
25870;1904;31;TGG413031;TGG413031
25871;5704;31;500340706;500340706
25872;5704;31;500357352;500357352
25873;5704;31;97383886;97383886
25874;5705;31;2997842;2997842
25875;5705;31;500340705;500340705
25876;5705;31;500357351;500357351
25878;5707;31;6628900119;6628900119
25879;5707;31;9438903819;9438903819
25880;4054;31;485318Z019;485318Z019
25881;4054;31;485318Z021;485318Z021
25882;4054;31;4854109341;4854109341
25883;4054;31;4854109361;4854109361
25884;3697;31;562109AN0AIN;562109AN0AIN
25885;3697;31;E62103SH1CIN;E62103SH1CIN
25886;3697;31;E62109AN0AIN;E62109AN0AIN
25887;5708;31;JB3Z18124R;JB3Z18124R
25888;5708;31;JB3Z18124S;JB3Z18124S
25889;5708;100;3543/2012;35432012
25890;5708;31;JB3Z18124L;JB3Z18124L
25891;4094;31;54661M4000;54661M4000
25892;4095;31;54651M4000;54651M4000
25893;5709;48;72526;72526
25894;5709;49;HG41176;HG41176
25895;5709;31;19301079;19301079
25896;5709;100;3542/2012;35422012
25897;5710;48;72527;72527
25898;5710;49;HG41177;HG41177
25899;5710;31;19301078;19301078
25900;5710;100;3542/2012;35422012
25901;5712;63;5546;5546
25902;5712;31;2H0411313B;2H0411313B
25903;5712;31;2HO411313C;2HO411313C
25904;5713;63;2440;2440
25905;5713;31;6Q0411314M;6Q0411314M
25906;5714;31;6Q0411314N;6Q0411314N
25907;5715;66;GTX3031;GTX3031
25908;5715;31;2H0511413;2H0511413
25909;5716;63;5406;5406
25910;5716;31;46470776;46470776
25911;5716;59;1316;1316
25912;5717;63;5476;5476
25913;5717;31;7692557;7692557
25914;5717;59;1103;1103
25915;5718;63;5405;5405
25916;5718;31;46465901;46465901
25917;5719;63;1291;1291
25918;5719;31;46738808;46738808
25919;5719;59;1318;1318
25920;5720;31;46777764;46777764
25921;5721;31;46738807;46738807
25922;5721;59;1317;1317
25923;5722;63;5490;5490
25924;5722;31;7692789;7692789
25925;5722;59;1101;1101
25926;5723;63;1243;1243
25927;5723;31;7520850;7520850
25928;5723;59;1054;1054
25929;5724;63;5481;5481
25930;5724;66;GTX9058;GTX9058
25931;5724;31;1320348080;1320348080
25932;5725;63;0905;905
25933;5725;66;GTX9592;GTX9592
25934;5725;31;46849399;46849399
25935;5725;31;82491064;82491064
25936;5726;63;2447;2447
25937;5726;66;GTX2267;GTX2267
25938;5726;31;CN153063AB;CN153063AB
25942;5728;63;2448;2448
25943;5728;66;GTX2268;GTX2268
25944;5728;31;CN153A262AA;CN153A262AA
25945;5728;59;2753;2753
25946;5729;66;GTX2268;GTX2268
25947;5729;31;8V513A262AA;8V513A262AA
25948;5730;31;CN155484AA;CN155484AA
25949;5730;59;2766;2766
25950;5731;63;5448;5448
25951;5731;31;CN155484BA;CN155484BA
25952;5731;59;2767;2767
25953;5732;66;GTX9534;GTX9534
25954;5732;31;CN154B424AA;CN154B424AA
25955;5733;66;GTX9369;GTX9369
25956;5733;31;55045AZ60A;55045AZ60A
25957;5734;63;2718;2718
25958;5734;66;GTX749;GTX749
25959;5734;31;486550K050;486550K050
25960;5735;66;GTX762;GTX762
25961;5735;31;486540D100;486540D100
25962;5736;31;455160D100;455160D100
25963;5737;63;541.5536;5415536
25964;5737;31;488150K040;488150K040
25965;5737;59;8364;8364
25966;5738;66;GTX7019;GTX7019
25967;5738;31;545605RA0B;545605RA0B
25968;5739;66;GTX7020;GTX7020
25969;5739;31;545705RA0A;545705RA0A
25970;5740;66;GTX5017;GTX5017
25971;5740;31;968312678A;968312678A
25972;5741;66;GTX5016;GTX5016
25973;5741;31;968312618A;968312618A
25974;5742;31;160131A;160131A
25975;5743;66;GTX9515;GTX9515
25976;5743;31;2H6199256B;2H6199256B
25977;5744;66;GTX9576;GTX9576
25978;5744;31;6Q0199851AD/BA;6Q0199851ADBA
25979;5745;66;GTX9575;GTX9575
25980;5745;31;6Q0121367;6Q0121367
25981;5746;66;GTX9569;GTX9569
25982;5747;66;GTX9577;GTX9577
25983;5747;31;6Q0199167CN;6Q0199167CN
25984;5748;63;1515;1515
25985;5748;31;321512333;321512333
25986;5749;63;1514;1514
25987;5749;31;321512335;321512335
25988;5750;66;GTX3055;GTX3055
25989;5750;31;2H0199256;2H0199256
25990;5750;31;2H0199256A;2H0199256A
25991;5751;63;1265;1265
25992;5751;66;GTX481A;GTX481A
25993;5751;31;51705473;51705473
25994;5751;59;1326;1326
25995;5752;63;1264;1264
25996;5752;66;GTX480A;GTX480A
25997;5752;31;51705472;51705472
25998;5752;59;1325;1325
25999;5753;63;1611;1611
26000;5753;31;4191524;4191524
26001;5754;66;GTX9597;GTX9597
26002;5754;31;93348757;93348757
26003;5755;66;GTX9584;GTX9584
26004;5755;31;95265891;95265891
26005;5755;59;3184;3184
26006;5756;63;2909;2909
26007;5756;66;GTX1209;GTX1209
26008;5756;31;93302280;93302280
26009;5756;59;3135S;3135S
26010;5757;66;GTX1264;GTX1264
26011;5757;31;95463563;95463563
26012;5757;59;3181;3181
26013;5758;66;GTX1263;GTX1263
26014;5758;31;96852643;96852643
26015;5758;59;3182;3182
26016;5759;66;GTX1259;GTX1259
26017;5759;31;95164488;95164488
26018;5759;31;95265891;95265891
26019;5759;59;3164;3164
26020;5760;66;GTX1182;GTX1182
26021;5760;31;93344887;93344887
26022;5761;66;GTX1197;GTX1197
26023;5761;31;94736133;94736133
26024;5762;66;GTX9585;GTX9585
26025;5762;31;39096914;39096914
26026;5763;63;0668;668
26027;5763;66;GTX9527;GTX9527
26028;5763;31;90251358;90251358
26029;5764;63;1911;1911
26030;5764;31;94736127;94736127
26031;5765;63;1899;1899
26032;5765;66;GTX2251;GTX2251
26033;5765;31;7S556038BA;7S556038BA
26034;5766;66;GTX9579;GTX9579
26035;5766;31;CN157M121BB;CN157M121BB
26036;5766;59;2811;2811
26037;5767;66;GTX9524;GTX9524
26038;5767;31;CN156P082CA;CN156P082CA
26039;5767;59;2802;2802
26040;5768;66;GTX2307;GTX2307
26041;5768;31;8V517M121AE;8V517M121AE
26042;5768;31;BE8Z6068A;BE8Z6068A
26043;5768;59;2813;2813
26044;5769;66;GTX2242;GTX2242
26045;5769;31;2N156F012NA;2N156F012NA
26046;5770;66;GTX9504;GTX9504
26047;5770;31;6C356B032BA;6C356B032BA
26048;5771;66;GTX9508;GTX9508
26049;5771;31;2S656F012CA;2S656F012CA
26050;5772;66;GTX9526;GTX9526
26051;5772;31;C1B16P082BB;C1B16P082BB
26052;5773;66;GTX2245;GTX2245
26053;5773;31;2N156F012LA;2N156F012LA
26054;5773;59;2745;2745
26055;5774;66;GTX9581;GTX9581
26056;5774;31;CN156P082DA;CN156P082DA
26057;5774;59;2802;2802
26058;5775;66;GTX9523;GTX9523
26059;5775;31;9802186880;9802186880
26060;5776;66;GTX9522;GTX9522
26061;5776;31;9802318980;9802318980
26062;5777;66;GTX9147;GTX9147
26063;5777;31;8200935661;8200935661
26064;5778;31;175650Y020;175650Y020
26065;5779;66;GTX9533;GTX9533
26066;5779;31;486820D070;486820D070
26067;5780;66;GTX7000;GTX7000
26068;5780;31;112206S300;112206S300
26069;5781;31;315003700BR;315003700BR
26070;5711;49;MG17004;MG17004
26071;5050;31;20578877;20578877
26072;5050;31;20966740;20966740
26073;5050;31;21498803;21498803
26074;5050;31;21552066;21552066
26075;5050;31;25379081;25379081
26076;2572;48;376063SP;376063SP
26077;2572;48;E7813;E7813
26078;2572;49;HG41229;HG41229
26079;2572;31;5N0513049BA;5N0513049BA
26080;3587;49;HG41114;HG41114
26081;3699;49;HG41113;HG41113
26082;4820;31;LR031667;LR031667
26083;4821;31;LR031665;LR031665
26084;3587;31;562106844R;562106844R
26085;3699;31;543028774R;543028774R
26088;5784;49;NJH23-239T;NJH23239T
26089;3706;31;5QX513029C;5QX513029C
26090;5164;31;23B413023A;23B413023A
26091;5163;31;23B413023C;23B413023C
26093;579;31;4004040001AC;4004040001AC
26094;5470;31;485308Z127;485308Z127
26097;497;31;689500A030;689500A030
26098;497;31;689600A030;689600A030
26099;1912;31;5C45/18080/AA;5C4518080AA
26100;5788;48;SP003;SP003
26101;5788;49;HG 41267;HG41267
26102;5788;31;485100DE90;485100DE90
26103;5788;100;3542/2012;35422012
26104;5789;31;82446230;82446230
26105;5790;49;MG17454;MG17454
26106;5790;31;39094113;39094113
26107;5790;31;42604882;42604882
26108;5791;31;81770-H8010;81770H8010
26109;5791;31;81780-H8010;81780H8010
26110;5792;31;83A 827 552 04S;83A82755204S
26111;5792;31;83A827552;83A827552
26112;2123;31;545019811R;545019811R
26114;5793;31;48068-02380;4806802380
26115;5794;31;48069-02380;4806902380
26116;2470;54;JTSB0039;JTSB0039
26117;536;31;562108732R;562108732R
26118;526;31;522105006R;522105006R
26119;527;31;8200792798;8200792798
26120;4637;31;543021508R;543021508R
26121;4637;31;543029417R;543029417R
26125;4471;31;51350-T0A-A02;51350T0AA02
26126;4471;31;51350-T0T-H11;51350T0TH11
26127;4472;31;51360-T0A-A02;51360T0AA02
26128;4472;31;51360-T0T-H11;51360T0TH11
26129;179;31;8731EO;8731EO
26130;179;31;9625574380;9625574380
26131;5796;31;095.0321;950321
26132;5796;31;095.0735;950735
26133;1047;60;MB4011;MB4011
26134;3084;107;AL274M;AL274M
26135;3084;82;CIN-469M;CIN469M
26136;3084;68;IVW524M;IVW524M
26137;4679;31;5GM827550;5GM827550
26138;5797;31;1726237;1726237
26139;5797;31;2024281;2024281
26140;5798;31;1440304;1440304
26141;5798;31;1726242;1726242
26142;5799;31;1726240;1726240
26143;5800;31;1521115;1521115
26144;5800;31;1T15LMR.3;1T15LMR3
26145;5800;31;2024285;2024285
26146;5800;31;2024289;2024289
26147;5801;31;095.0389;950389
26148;5801;31;1440301;1440301
26149;5801;31;1T15M-4;1T15M4
26150;5801;31;489270;489270
26155;5793;31;48068-02360;4806802360
26156;5794;31;48069-02360;4806902360
26157;4089;31;545005RB0C;545005RB0C
26158;4090;31;545015RB0C;545015RB0C
26159;1747;63;211.200;211200
26161;1747;66;GTX359;GTX359
26162;1747;60;MB 359;MB359
26163;1747;49;NB31071;NB31071
26164;1748;63;211.201;211201
26165;1748;66;100103;100103
26166;1748;60;MB 360;MB360
26167;1749;63;210.851;210851
26168;1749;60;MB 333;MB333
26169;1749;31;377.199.381E;377199381E
26170;1749;31;377.199.382E;377199382E
26171;1750;63;210.851;210851
26172;1750;66;105441;105441
26173;1750;66;105524;105524
26174;1750;31;377.199.381E;377199381E
26175;1750;31;377.199.382E;377199382E
26176;1751;63;210.851;210851
26177;1751;66;105441;105441
26178;1751;66;105524;105524
26179;1751;49;NB32029;NB32029
26180;1751;31;377.199.381E;377199381E
26181;1751;31;377.199.382E;377199382E
26182;5802;58;FO-3242-B;FO3242B
26183;5802;31;6C113A052FC;6C113A052FC
26184;5802;80;BDJ0250;BDJ0250
26185;5803;58;FO-3241-B;FO3241B
26186;5803;31;6C113A053FC;6C113A053FC
26187;5803;80;BDJ0251;BDJ0251
26188;3166;31;T11-2906030-BU;T112906030BU
26189;2413;49;HG 41052;HG41052
26190;2414;49;HG 41053;HG41053
26191;5804;31;A3823230100;A3823230100
26192;5804;100;6934/2020;69342020
26193;5810;31;52 173 314;52173314
26194;5811;31;52 173 551;52173551
26195;5805;31;5QM.513.049.AC;5QM513049AC
26196;5805;100;3541/2012;35412012
26197;5806;31;26306366;26306366
26198;5806;31;26311885;26311885
26199;5806;100;3542/2012;35422012
26200;5807;31;26306365;26306365
26201;5807;31;26311884;26311884
26202;5807;100;3542/2012;35422012
26205;5809;76;AL594;AL594
26206;5809;49;NJH06-309T;NJH06309T
26208;4891;31;6H52-16C826-BD;6H5216C826BD
26209;4891;31;LR001773;LR001773
26210;5812;59;SK384S;SK384S
26211;5813;59;SK377S;SK377S
26212;2614;31;52136296;52136296
26213;2615;31;52136295;52136295
26215;5819;49;NJH03-5342;NJH035342
26216;5820;49;NJH02-5101;NJH025101
26217;5699;31;105460;105460
26218;5814;31;A0019808464;A0019808464
26219;5815;31;2445082;2445082
26220;5816;31;1492494;1492494
26221;5817;31;1481371;1481371
26222;5817;31;2031872;2031872
26223;5821;76;AL 949;AL949
26224;5821;49;NJH01-576T;NJH01576T
26225;5822;31;21703767;21703767
26226;4660;31;1619106;1619106
26227;5826;31;20895863;20895863
26228;5826;31;3981920;3981920
26229;5826;31;8143670;8143670
26232;5833;49;NKJ1450;NKJ1450
26233;5836;49;NKJ1450;NKJ1450
26234;5837;31;44 306TT 4M01;44306TT4M01
26235;5838;31;44 305TT 4M01;44305TT4M01
26236;5854;100;9061/2014;90612014
26237;5855;100;9062/2014;90622014
26238;5856;100;9062/2014;90622014
26239;5857;100;9062/2014;90622014
26240;5850;100;9066/2014;90662014
26241;5851;100;9066/2014;90662014
26242;5852;100;9066/2014;90662014
26243;5853;100;9066/2014;90662014
26250;3880;31;1K0407365E;1K0407365E
26251;3880;56;503205;503205
26252;3879;31;1K0407366E;1K0407366E
26253;3879;31;5Q0407366E;5Q0407366E
26254;3879;56;503206;503206
26255;5861;31;23409864;23409864
26256;5861;100;3541/2012;35412012
26257;5862;31;23078576;23078576
26258;5862;100;3541/2012;35412012
26259;623;48;749049SP;749049SP
26260;623;49;41349;41349
26261;2550;48;16498;16498
26262;5870;107;AL019;AL019
26263;5870;68;I-FO0662M;IFO0662M
26264;5870;31;7S55 5310AD;7S555310AD
26265;5871;107;AL018;AL018
26266;5871;68;I-FO0663M;IFO0663M
26267;4882;31;5NA 823 359A;5NA823359A
26268;5276;58;HD-13080-B;HD13080B
26269;5276;31;51350TRYM00;51350TRYM00
26270;5876;31;A9104207300;A9104207300
26271;5876;31;A9104235600;A9104235600
26272;5876;100;2078/2016;20782016
26273;5876;73;4291;4291
26274;5877;71;N-2129;N2129
26275;5877;31;7092247;7092247
26276;5877;100;2075/2016;20752016
26277;5877;73;2197;2197
26278;5878;70;PD/2225;PD2225
26279;5878;31;26283303;26283303
26280;5878;100;2075/2016;20752016
26281;5878;73;4083;4083
26282;5879;31;JX6Z2200E;JX6Z2200E
26283;5879;31;XS6Z2200E;XS6Z2200E
26284;5879;100;2078/2016;20782016
26285;5879;73;4225;4225
26286;5880;31;0204801457;204801457
26287;5880;31;1638498080;1638498080
26288;5880;31;XY6178-1;XY61781
26289;5880;100;2078/2016;20782016
26290;5880;73;2146;2146
26291;1900;31;TAU413031;TAU413031
26292;5881;50;343346;343346
26294;5881;49;HG31145;HG31145
26295;5881;31;48531-09640;4853109640
26296;5881;100;3541/2012;35412012
26302;5883;31;543021441R;543021441R
26303;5883;100;127/2013;1272013
26304;5884;31;543026570R;543026570R
26305;5884;100;127/2013;1272013
26306;5885;31;543027410R;543027410R
26307;5885;100;127/2013;1272013
26308;5896;49;NJH62-0101;NJH620101
26309;5886;31;90450-5RB0A;904505RB0A
26310;5887;31;5344006200;5344006200
26311;5887;31;5345006170;5345006170
26312;5888;31;689500W542;689500W542
26313;5888;31;689600W532;689600W532
26314;5889;31;42723068;42723068
26315;5889;31;42723069;42723069
26316;5890;31;E4B5F406A10AB;E4B5F406A10AB
26317;5891;31;2G5827550;2G5827550
26318;5892;31;51248254281;51248254281
26319;5893;31;904515SH0B;904515SH0B
26320;5893;31;904505SH0B;904505SH0B
26321;5894;31;8U0827552B;8U0827552B
26322;5895;31;904502915R;904502915R
26323;5899;100;6934/2020;69342020
26324;5900;31;21739593;21739593
26325;3650;31;518339830;518339830
26326;3649;31;518339810;518339810
26327;5901;31;8250500U2090;8250500U2090
26328;5902;31;6309100U221B;6309100U221B
26329;5902;31;6309200U221B;6309200U221B
26330;5903;31;521505690;521505690
26331;5904;31;521505700;521505700
26332;5906;31;521505720;521505720
26333;5907;31;521505730;521505730
26334;5908;31;521505740;521505740
26335;5909;31;521505750;521505750
26336;5910;31;521505760;521505760
26337;3213;49;HG 41208;HG41208
26338;1635;63;531.2173;5312173
26339;3125;48;379009SP;379009SP
26340;3125;49;HG41315;HG41315
26341;3124;48;749008SP;749008SP
26342;3124;49;HG41314;HG41314
26343;2184;31;2R0899515;2R0899515
26344;5921;70;PD/1671;PD1671
26345;5921;31;43022TLAA00;43022TLAA00
26346;5921;100;2078/2016;20782016
26347;5921;73;5253;5253
26348;5922;70;PD/1598;PD1598
26349;5922;31;044650E060;44650E060
26350;5922;31;0446533480;446533480
26351;5922;31;0446576010;446576010
26352;5922;100;2076/2016;20762016
26353;5922;73;4383;4383
26356;5926;71;N-1491;N1491
26357;5926;31;S21-6GN3501080;S216GN3501080
26358;5926;100;1883/2016;18832016
26359;5926;73;1672;1672
26360;5927;100;2075/2016;20752016
26361;5928;100;2075/2016;20752016
26362;5930;31;21836531;21836531
26363;479;49;HG 41042;HG41042
26364;480;49;HG 41041;HG41041
26365;5931;71;N-393;N393
26366;5931;31;4605A572;4605A572
26367;5931;31;4605A694;4605A694
26368;5931;100;2076/2016;20762016
26369;5931;73;2103;2103
26370;5931;54;GDB9003;GDB9003
26371;5932;71;N-381;N381
26372;5932;70;PD/815;PD815
26373;5932;100;2075/2016;20752016
26374;5932;73;2100;2100
26375;5932;54;RCPT12810;RCPT12810
26376;5933;70;PD/766;PD766
26377;5933;100;2078/2016;20782016
26378;5933;73;2101;2101
26379;1784;66;106.211;106211
26380;1786;66;106.210;106210
26381;5938;116;HFCT 43A;HFCT43A
26382;5938;76;AL-623/A;AL623A
26383;5938;49;NKF8179;NKF8179
26384;5938;31;1333115080;1333115080
26385;5939;116;HFCT 42A;HFCT42A
26386;5939;76;AL-621/A;AL621A
26387;5939;49;NKF8180;NKF8180
26388;5939;31;1329968080;1329968080
26389;5937;100;021/2013;212013
26390;5178;31;74870-TOG-A21;74870TOGA21
26391;5953;31;485300A090;485300A090
26392;5953;100;3541/2012;35412012
26393;5954;31;1369553;1369553
26394;5954;31;192961;192961
26395;5955;31;1104929200060;1104929200060
26396;5955;100;6934/2020;69342020
26397;5956;31;543005K001-BI;543005K001BI
26398;5956;100;6934/2020;69342020
26399;5958;31;E62105EF0C;E62105EF0C
26400;5958;100;1956/2018;19562018
26401;5959;49;HG41344;HG41344
26402;5959;31;6C11-18080-BG;6C1118080BG
26403;5959;31;6C16-18080-CD;6C1618080CD
26404;5959;31;6C1Z-18125-G;6C1Z18125G
26405;5959;100;6934/2020;69342020
26408;5961;31;20379348;20379348
26409;5962;31;51244365787;51244365787
26410;5962;31;51244365788;51244365788
26411;5962;31;51244394052;51244394052
26412;5962;31;51247060623;51247060623
26413;5962;31;51247250308;51247250308
26414;5963;31;8V3827552;8V3827552
26415;5964;31;8V4827552;8V4827552
26416;5965;31;K68087363AD;K68087363AD
26417;5965;100;3541/2012;35412012
26418;5966;31;K68027794AD;K68027794AD
26419;5966;31;K68027794AE;K68027794AE
26420;5966;100;3541/2012;35412012
26421;5967;31;J002915010;J002915010
26422;5967;100;3541/2012;35412012
26423;5968;31;26316677;26316677
26424;5968;100;3541/2012;35412012
26425;5969;31;5206WZ;5206WZ
26426;5969;31;96662007580;96662007580
26427;5969;100;3541/2012;35412012
26428;5970;31;202000043AA;202000043AA
26429;5970;100;3541/2012;35412012
26430;5971;31;52222097;52222097
26431;5971;31;52222098;52222098
26432;5971;100;021/2013;212013
26433;5972;31;52213248;52213248
26434;5972;100;021/2013;212013
26435;5973;31;CA330725;CA330725
26436;5973;100;021/2013;212013
26437;5974;31;335859R;335859R
26438;5974;100;3542/2012;35422012
26439;5975;31;335859L;335859L
26440;5975;100;3542/2012;35422012
26441;5976;31;52190073;52190073
26442;5976;100;127/2013;1272013
26443;5977;31;52190076;52190076
26444;5977;100;127/2013;1272013
26446;5978;100;127/2013;1272013
26448;5979;100;127/2013;1272013
26449;5980;31;52190078;52190078
26450;5980;31;52190084;52190084
26451;5980;100;127/2013;1272013
26452;5981;31;52190082;52190082
26453;5981;31;52190087;52190087
26454;5981;100;127/2013;1272013
26455;5982;31;52190208;52190208
26456;5982;31;52190213;52190213
26457;5982;100;127/2013;1272013
26458;5983;31;52190211;52190211
26459;5983;31;52190216;52190216
26460;5983;100;127/2013;1272013
26461;5984;31;52213217;52213217
26462;5984;100;127/2013;1272013
26463;5985;31;52213216;52213216
26464;5985;100;127/2013;1272013
26465;5986;31;52222093;52222093
26466;5986;31;52222095;52222095
26467;5986;100;127/2013;1272013
26468;5987;31;52222094;52222094
26469;5987;31;52222096;52222096
26470;5987;100;127/2013;1272013
26476;5990;31;83A823359;83A823359
26477;5990;31;83A82335902S;83A82335902S
26478;5991;31;J69-6309010;J696309010
26479;5991;31;J69-6309010BR;J696309010BR
26480;5992;31;52085132;52085132
26481;5993;31;M1PB-S406A10-AD;M1PBS406A10AD
26482;5993;31;M1PZ/78406A10/A;M1PZ78406A10A
26483;5993;31;M1PZ/78406A11/A;M1PZ78406A11A
26484;5994;58;MT-17038-C;MT17038C
26485;5994;49;NBJ9001DP;NBJ9001DP
26486;5994;31;MR296095B;MR296095B
26487;5994;80;BDJ7166;BDJ7166
26491;6015;100;2081/2016;20812016
26492;6015;73;1422C;1422C
26493;6016;100;2078/2016;20782016
26494;6016;73;1424C;1424C
26495;6017;100;2075/2016;20752016
26496;6018;100;2082/2016;20822016
26497;6019;100;2075/2016;20752016
26498;6020;100;2075/2016;20752016
26499;6021;100;2080/2016;20802016
26500;6022;58;MT-17037-C;MT17037C
26501;6022;49;NBJ9001EP;NBJ9001EP
26502;6022;31;MR296094B;MR296094B
26503;6022;80;BDJ7167;BDJ7167
26504;6023;58;MT-17037-BGG;MT17037BGG
26505;6023;49;NBJ9001E;NBJ9001E
26506;6023;31;MR296094B;MR296094B
26507;4555;48;D8080;D8080
26508;4555;49;HG41333;HG41333
26509;4609;31;545032428R;545032428R
26510;4610;31;545021303R;545021303R
26511;6024;31;33326851569;33326851569
26512;5467;31;5801315580;5801315580
26513;6031;58;VW-1265;VW1265
26514;6031;31;3Q0 505 311 E;3Q0505311E
26515;6031;31;3Q0 505 311 C;3Q0505311C
26516;6031;31;3Q0 505 311 D;3Q0505311D
26517;6032;49;N99297;N99297
26518;6032;31;51220-SEL-T01;51220SELT01
26519;6032;80;PVI2004;PVI2004
26520;6032;56;503129;503129
26521;6033;49;N99332;N99332
26522;6033;31;545010294R RH;545010294RRH
26523;6033;80;PVI0609;PVI0609
26524;6033;56;503288;503288
26525;6034;31;54530 3J000;545303J000
26526;6034;80;PVI2112;PVI2112
26527;6035;31;2398109;2398109
26528;4719;31;3198859-7;31988597
26529;6036;31;5N0513049AG;5N0513049AG
26530;6036;100;3541/2012;35412012
26531;6037;31;51237300567;51237300567
26532;6038;31;51247318896;51247318896
26533;3113;66;FZ00106294G;FZ00106294G
26534;6039;31;96.757.499-80;9675749980
26535;6040;31;43.4204.7040;4342047040
26536;6041;31;43.4104.7040;4341047040
26537;6042;31;S11-22030-10PB;S112203010PB
26538;6043;31;S11-22030-20PB;S112203020PB
26539;6044;31;480680A020 ;480680A020
26540;6045;31;480690A020;480690A020
26541;6046;76;AL-673;AL673
26542;6046;49;NKF8296;NKF8296
26543;6046;31;8V0598625B;8V0598625B
26544;6047;116;HFCD03;HFCD03
26545;6047;76;AL-848;AL848
26546;6047;49;NKF8030;NKF8030
26547;6047;31;2114055792;2114055792
26548;6048;76;AL-540;AL540
26549;6048;49;NKF8216;NKF8216
26550;6048;31;13513413;13513413
26551;6048;31;13597576;13597576
26552;6049;76;AL-4039;AL4039
26553;6049;31;13510543;13510543
26554;6050;49;NKF8226;NKF8226
26555;6050;31;13500591;13500591
26556;6050;31;13500592;13500592
26557;6051;116;HFCT708A;HFCT708A
26558;6051;76;AL-67;AL67
26559;6051;49;NKF8227;NKF8227
26560;6051;31;42200T5B951;42200T5B951
26561;6052;116;HFCT700E;HFCT700E
26562;6052;76;AL-77;AL77
26563;6052;49;NKF8228;NKF8228
26564;6052;31;42200TBAA01;42200TBAA01
26565;6052;31;42698KJAM01;42698KJAM01
26566;6053;76;AL-796;AL796
26567;6053;31;44600SDAA00;44600SDAA00
26568;6053;31;44600SDGW00;44600SDGW00
26569;6054;116;HFCD700B;HFCD700B
26570;6054;76;AL-134;AL134
26571;6054;49;NFK8222;NFK8222
26572;6054;31;44600SDAA10;44600SDAA10
26573;6054;31;45260TEAM00;45260TEAM00
26574;6055;31;33406787015;33406787015
26575;6056;116;HFCD615;HFCD615
26576;6056;76;AL-572;AL572
26577;6056;49;NKF8219;NKF8219
26578;6056;31;40202AX000;40202AX000
26579;6056;31;402105RB0A;402105RB0A
26580;6057;76;AL-381;AL381
26581;6057;49;NKF8223;NKF8223
26582;6057;31;402021KA0A;402021KA0A
26583;6057;31;402023SH0A;402023SH0A
26584;6057;31;402025SK0A;402025SK0A
26585;6058;49;NKF8230;NKF8230
26586;6058;31;432023RA0A;432023RA0A
26587;6058;31;432024AF0A;432024AF0A
26588;6058;31;43202ET010;43202ET010
26589;6059;116;HFCD325G;HFCD325G
26590;6059;76;AL-761;AL761
26591;6059;49;NKF8314;NKF8314
26592;6059;31;5175039603;5175039603
26593;6059;31;517503K100;517503K100
26594;6060;76;AL-225;AL225
26595;6060;49;NKF8238;NKF8238
26596;6060;31;52730C1100;52730C1100
26597;6061;49;NKF8205;NKF8205
26598;6061;31;4766719AA;4766719AA
26599;6061;31;5105719AB;5105719AB
26600;894;56;680268;680268
26602;6062;31;3Q0 407 152E RH;3Q0407152ERH
26603;6063;31;3Q0 407 151E LH;3Q0407151ELH
26604;5854;31;13464344;13464344
26605;5854;56;680645;680645
26606;774;58;FO 3168 HGG;FO3168HGG
26607;775;58;FO 3169 HGG;FO3169HGG
26610;176;49;HG41045;HG41045
26611;176;31;5206YG;5206YG
26612;176;31;9807344980;9807344980
26615;198;31;9821337480;9821337480
26616;199;31;9821337680;9821337680
26617;6065;100;021/2013;212013
26618;4425;49;HG 41339;HG41339
26619;6066;31;26285790;26285790
26620;6067;31;26285789;26285789
26621;6068;31;JB3Z/3078/C/;JB3Z3078C
26622;6069;31;JB3Z/3079/C/;JB3Z3079C
26623;6070;31;JB3Z/3084/B/;JB3Z3084B
26624;6071;31;JB3Z/3085/B/;JB3Z3085B
26625;6072;31;54501B2000;54501B2000
26626;6073;31;54500B2000;54500B2000
26627;5848;31;MB860830;MB860830
26628;5848;56;503147;503147
26629;6079;31;A246 350 1006;A2463501006
26630;6074;49;HG41291;HG41291
26631;6074;31;55310M4100;55310M4100
26632;6074;100;3541/2012;35412012
26633;6075;31;J002905010;J002905010
26634;6075;100;3542/2012;35422012
26635;6076;48;742000SP;742000SP
26636;6076;49;HG41400;HG41400
26637;6076;31;5N0413031AF;5N0413031AF
26638;6076;100;3542/2012;35422012
26639;6081;31;49 501 1S400;495011S400
26640;6077;50;333729;333729
26641;6077;48;SP 226;SP226
26642;6077;48;SP 298;SP298
26643;6077;49;HG 33012;HG33012
26644;6077;31;5202X7;5202X7
26645;6077;100;3542/2012;35422012
26646;6078;50;333730;333730
26647;6078;48;SP 225;SP225
26648;6078;48;SP 297;SP297
26649;6078;49;HG 33013;HG33013
26650;6078;31;5202X6;5202X6
26651;6078;100;3542/2012;35422012
26652;6083;49;HG41382;HG41382
26653;6083;31;J682905020;J682905020
26654;6083;31;R-T15-2905020;RT152905020
26655;6083;100;3542/2012;35422012
26656;6084;49;HG41383;HG41383
26657;6084;31;J682905010;J682905010
26658;6084;31;R-T15-2905010;RT152905010
26659;6084;100;3542/2012;35422012
26660;6085;31;E62105SJ4A;E62105SJ4A
26661;6085;100;3541/2012;35412012
26662;6086;31;E43025SJ2A;E43025SJ2A
26663;6086;100;3542/2012;35422012
26664;6087;31;E43035SJ2A;E43035SJ2A
26665;6087;100;3542/2012;35422012
26666;6091;76;AL-296;AL296
26667;6091;31;4H0498625;4H0498625
26668;6091;31;4H0498625A;4H0498625A
26669;6092;116;HFCD504;HFCD504
26670;6092;76;AL-868;AL868
26671;6092;49;NKF8218;NKF8218
26672;6092;31;4350202100;4350202100
26673;6092;31;4350232080;4350232080
26675;6093;31;2V2899515;2V2899515
26676;6094;49;HG41420;HG41420
26677;6094;31;485108Z423;485108Z423
26678;6094;31;485208Z278;485208Z278
26679;6094;100;3542/2012;35422012
26680;6095;49;HG41421;HG41421
26681;6095;31;485108Z424;485108Z424
26682;6095;31;485208Z277;485208Z277
26683;6095;100;3542/2012;35422012
26689;4054;31;485308Z002;485308Z002
26690;4054;31;485318Z022;485318Z022
26691;4054;31;4854109371;4854109371
26692;5881;31;4853109641;4853109641
26693;5881;31;4853109712;4853109712
26694;3702;31;4853002D90;4853002D90
26695;3702;31;4853002J10;4853002J10
26696;3702;31;4853002J20;4853002J20
26697;3703;31;485300D400;485300D400
26698;3703;31;485300D420;485300D420
26699;574;31;4851009K01;4851009K01
26700;574;31;4851009K71;4851009K71
26701;574;31;4851009K91;4851009K91
26702;2368;31;485100D390;485100D390
26703;2368;31;485100DE90;485100DE90
26704;4425;31;485100DF10;485100DF10
26705;4425;31;485200D460;485200D460
26706;5788;31;485100D380;485100D380
26707;567;31;4851002690;4851002690
26708;567;31;4851009U30;4851009U30
26709;568;31;4852002690;4852002690
26710;568;31;4852009M60;4852009M60
26711;3701;31;485208Z031;485208Z031
26712;3701;31;485208Z196;485208Z196
26713;3700;31;485108Z143;485108Z143
26714;3700;31;485108Z338;485108Z338
26715;561;31;4851009Y60;4851009Y60
26716;562;31;4852009Q90;4852009Q90
26739;6104;31;26316680;26316680
26740;6104;100;3542/2012;35422012
26741;6105;31;26316679;26316679
26742;6105;100;3542/2012;35422012
26743;6106;49;HG33054;HG33054
26744;6106;31;98010618680;98010618680
26745;6106;31;9809963880;9809963880
26746;6106;31;9810648680;9810648680
26747;6106;31;9810648860;9810648860
26748;6106;100;3542/2012;35422012
26749;6107;49;HG33055;HG33055
26750;6107;31;9809963780;9809963780
26751;6107;31;9810648580;9810648580
26752;6107;100;3542/2012;35422012
26753;6108;31;9M5Z/18124/D/;9M5Z18124D
26754;6108;100;3542/2012;35422012
26755;6109;31;9M5Z/18124/C/;9M5Z18124C
26756;6109;100;3542/2012;35422012
26757;6110;100;021/2013;212013
26758;6111;31;811613V001;811613V001
26759;6111;31;811713V001;811713V001
26760;6112;31;81770H8410;81770H8410
26761;6112;31;81780H8410;81780H8410
26762;6113;31;1K9827550B;1K9827550B
26763;6114;31;2GK827550;2GK827550
26764;6115;59;SK452S;SK452S
26765;6116;59;SK91004S;SK91004S
26766;6117;59;SK91016S;SK91016S
26767;6118;31;L1292070101A0;L1292070101A0
26768;6118;100;3541/2012;35412012
26769;6119;31;L1295090101A0;L1295090101A0
26770;6119;100;3541/2012;35412012
26771;6120;49;HG41428;HG41428
26772;6120;31;55311D3220;55311D3220
26773;6120;100;3541/2012;35412012
26774;6121;49;HG41415;HG41415
26775;6121;31;K68338936AB;K68338936AB
26776;6121;31;K68338938AA;K68338938AA
26777;6121;31;K68338938AB;K68338938AB
26778;6121;100;3541/2012;35412012
26779;6122;31;E43025EF0D;E43025EF0D
26780;6122;100;3542/2012;35422012
26781;6123;31;E43035EF0D;E43035EF0D
26782;6123;100;3542/2012;35422012
26783;6124;49;HG41414;HG41414
26784;6124;31;K68338931AC;K68338931AC
26785;6124;31;K68338933AC;K68338933AC
26786;6124;100;3542/2012;35422012
26787;6125;48;54515;54515
26788;6125;49;AC 42003;AC42003
26789;6125;31;21664741;21664741
26790;6125;100;3541/2012;35412012
26791;6126;49;NBJ9012DP;NBJ9012DP
26792;6126;31;LR045803;LR045803
26793;6126;31;LR078656;LR078656
26794;6126;80;BDJ2700;BDJ2700
26795;6127;49;NBJ9012EP;NBJ9012EP
26796;6127;31;LR045802;LR045802
26797;6127;80;BDJ2701;BDJ2701
26798;6128;31;3C0407151H ;3C0407151H
26799;5339;31;2QB413031AD;2QB413031AD
26800;6129;59;SK994S;SK994S
26801;6136;31;24632006890064;24632006890064
26802;6137;31;52018423-001;52018423001
26803;6138;31;9809090180;9809090180
26804;6139;31;31306787164;31306787164
26805;6140;31;31306787163;31306787163
26806;6130;31;4060A496;4060A496
26807;6130;31;4162A496;4162A496
26808;6130;31;CAPA3393;CAPA3393
26809;6130;100;3543/2012;35432012
26810;6131;31;CN1518K001B1D;CN1518K001B1D
26811;6131;100;3542/2012;35422012
26812;6132;31;CN1518045B1D;CN1518045B1D
26813;6132;100;3542/2012;35422012
26814;6133;31;F2GZ/18124/K;F2GZ18124K
26815;6133;100;3542/2012;35422012
26816;6134;31;F2GZ/18124/D;F2GZ18124D
26817;6134;100;3542/2012;35422012
26818;6135;31;2303308;2303308
26819;6142;31;1104929500046;1104929500046
26820;6142;100;6934/2020;69342020
26821;1608;31;96596968000;96596968000
26822;1967;31;A9583260500;A9583260500
26823;1967;31;A9583262900;A9583262900
26824;2241;49;NKJ659;NKJ659
26825;2363;50;338745;338745
26826;6143;50;339269;339269
26827;6143;100;3542/2012;35422012
26828;6144;50;339270;339270
26829;6144;100;3542/2012;35422012
26830;4631;48;SP114;SP114
26831;4629;48;SP112;SP112
26832;4630;48;SP113;SP113
26833;6145;31;51237129190;51237129190
26834;6146;31;81771D3002;81771D3002
26835;6146;31;81781D3002;81781D3002
26836;6147;31;2038800029;2038800029
26837;6148;31;26225329;26225329
26838;6148;31;26225330;26225330
26839;6149;31;1435542;1435542
26840;6150;31;162766;162766
26841;6150;31;4010212001AA;4010212001AA
26842;6151;31;2V5823359C;2V5823359C
26843;6152;31;S12-5605010BA;S125605010BA
26844;6153;31;T15-6309010  ;T156309010
26845;6154;31;T11-5605010;T115605010
26846;6155;31;5802A780;5802A780
26847;6156;31;63269FJ030;63269FJ030
26848;6157;31;63269FJ020;63269FJ020
26849;6158;59;SK91002BS;SK91002BS
26850;6159;100;2078/2016;20782016
26851;6160;100;2081/2016;20812016
26852;6161;100;2078/2016;20782016
26853;6162;100;2080/2016;20802016
26854;6163;100;2075/2016;20752016
26855;6164;100;2075/2016;20752016
26856;6165;100;2080/2016;20802016
26857;6166;100;1883/2016;18832016
26858;6167;100;2075/2016;20752016
26859;6168;100;2080/2016;20802016
26860;6169;100;2080/2016;20802016
26861;6170;100;2075/2016;20752016
26862;6171;100;2075/2016;20752016
26863;6172;100;2077/2016;20772016
26864;6173;100;2076/2016;20762016
26865;6174;100;2078/2016;20782016
26866;6176;116;HFCD81B;HFCD81B
26867;6176;76;AL-191;AL191
26868;6176;49;NKF8214;NKF8214
26869;6176;31;2QB407615;2QB407615
26870;6177;76;AL-493;AL493
26871;6177;49;HFCT19B;HFCT19B
26872;6177;31;ACP12C299A2D;ACP12C299A2D
26873;6177;31;ACP12C299C1A;ACP12C299C1A
26874;6178;76;AL-176;AL176
26875;6178;31;30736501;30736501
26876;6178;31;31360096;31360096
26877;6179;76;AL-196;AL196
26878;6179;49;NKF8224;NKF8224
26879;6179;31;435020K050;435020K050
26880;6180;76;AL-333;AL333
26881;6180;49;NKF8290;NKF8290
26882;6180;31;33406789970;33406789970
26883;6180;31;6789970;6789970
26884;6175;31;553112S800;553112S800
26885;6175;31;B553002S800;B553002S800
26886;6175;100;3541/2012;35412012
26889;6183;50;3358020;3358020
26890;6183;31;5QF.413.031.AQ;5QF413031AQ
26891;6183;100;3542/2012;35422012
26892;6184;50;3350036;3350036
26893;6184;31;4060A670;4060A670
26894;6184;31;CAPA3392;CAPA3392
26895;6184;100;3542/2012;35422012
26896;6185;50;3350037;3350037
26897;6185;31;4060A669;4060A669
26898;6185;31;CAPA 3392;CAPA3392
26899;6185;100;3542/2012;35422012
26900;662;31;5U7 413 031 C;5U7413031C
26901;3557;31;5U7 413 031 B;5U7413031B
26902;3557;31;5U7 413 031 D;5U7413031D
26903;6187;100;2075/2016;20752016
26904;6188;100;2075/2016;20752016
26905;6189;100;2080/2016;20802016
26906;6190;100;2078/2016;20782016
26907;6191;100;2080/2016;20802016
26908;6192;100;2078/2016;20782016
26909;6193;100;2075/2016;20752016
26910;6194;100;2078/2016;20782016
26911;6195;100;2080/2016;20802016
26912;1790;66;FZ00100058G;FZ00100058G
26913;6196;31;51233400352;51233400352
26914;6197;31;51247259763;51247259763
26915;6198;31;51243400379;51243400379
26916;6199;31;81770-D9000;81770D9000
26917;6199;31;81770F1000;81770F1000
26918;6199;31;81780-D9000;81780D9000
26919;6199;31;81780F1000;81780F1000
26920;6200;31;A9583200421;A9583200421
26921;6201;31;A9583200321;A9583200321
26922;6202;31;2392393;2392393
26923;6202;100;1956/2018;19562018
26924;6203;31;2623821;2623821
26925;6203;31;2795265;2795265
26926;6204;31;42708676;42708676
26927;6204;100;1904/2018;19042018
26928;6205;31;42708675;42708675
26929;6205;100;1904/2018;19042018
26930;6206;31;2468173;2468173
26931;6206;100;1956/2018;19562018
26932;6207;31;2468171;2468171
26933;6207;100;1956/2018;19562018
26934;6208;100;3542/2012;35422012
26938;491;50;443293;443293
26939;3698;50;338749;338749
26940;4637;50;338750;338750
26941;561;50;339175;339175
26942;1965;31;A6933230100;A6933230100
26943;4679;31;5GM827550B;5GM827550B
26944;6209;116;HFCD81C;HFCD81C
26945;6209;76;AL-192;AL192
26946;6209;49;NKF8213;NKF8213
26947;6210;116;HFCD16R;HFCD16R
26948;6210;76;AL-571;AL571
26949;6210;49;NKF8220;NKF8220
26950;6211;116;HFCD705A;HFCD705A
26951;6211;76;AL-172;AL172
26952;6211;49;NKF8217;NKF8217
26953;6212;76;AL-331;AL331
26954;6212;49;NKF8292;NKF8292
26955;6218;100;2075/2016;20752016
26956;6219;100;2075/2016;20752016
26957;6220;100;2077/2016;20772016
26958;6221;100;2078/2016;20782016
26959;6222;100;2078/2016;20782016
26960;6223;100;2075/2016;20752016
26961;6224;100;2075/2016;20752016
26962;6225;100;2075/2016;20752016
26963;6226;100;2077/2016;20772016
26964;6227;100;2078/2016;20782016
26965;6228;100;2075/2016;20752016
26966;6229;100;2080/2016;20802016
26967;6230;100;2080/2016;20802016
26968;6231;100;2076/2016;20762016
26969;6232;100;2078/2016;20782016
26970;6233;100;2076/2016;20762016
26971;6234;100;2075/2016;20752016
26972;6235;100;2078/2016;20782016
26973;6236;100;2075/2016;20752016
26974;6237;100;2078/2016;20782016
26975;6238;31;2476657;2476657
26976;6238;100;1956/2018;19562018
26977;6239;31;2V2899515;2V2899515
26978;258;48;379216SP;379216SP
26979;6240;31;5801315581;5801315581
26980;6241;31;LR024442;LR024442
26981;6241;100;3542/2012;35422012
26982;6242;31;LR070934;LR070934
26983;6242;100;3542/2012;35422012
26984;6244;49;NJH41-335S;NJH41335S
26985;6243;50;343470;343470
26986;6243;48;SP237;SP237
26987;6243;49;HG 31103;HG31103
26988;6243;100;1956/2018;19562018
26989;6248;100;2077/2016;20772016
26994;6131;31;GN1Z18124BM;GN1Z18124BM
26995;6131;31;GN1Z18124BP;GN1Z18124BP
26996;6131;31;GN1Z18124BR;GN1Z18124BR
26997;6132;31;GN1Z18124BL;GN1Z18124BL
26998;6132;31;GN1Z18124BN;GN1Z18124BN
26999;6132;31;GN1Z18124BQ;GN1Z18124BQ
27002;6249;100;3541/2012;35412012
27003;6250;31;1563201031;1563201031
27004;6250;100;1956/2018;19562018
27005;6251;31;51248254281;51248254281
27006;6254;100;2075/2016;20752016
27007;6255;100;2078/2016;20782016
27008;6255;73;4294;4294
27009;6256;100;2075/2016;20752016
27010;6257;100;2078/2016;20782016
27011;6258;100;2080/2016;20802016
27012;6259;100;2078/2016;20782016
27013;6260;100;2076/2016;20762016
27014;6261;100;2075/2016;20752016
27015;6252;100;1956/2018;19562018
27016;6253;31;8200120985;8200120985
27017;6253;100;1956/2018;19562018
27018;5856;31;8201108350;8201108350
27019;5856;31;JB3Z3280D;JB3Z3280D
27020;1938;48;650526MG;650526MG
27021;6262;31;1903608;1903608
27022;6262;31;1944314;1944314
27023;6262;31;2357460;2357460
27024;6263;133;9.10.19A 953;91019A953
27025;6263;31;03.08.5017.19;308501719
27026;6264;100;021/2013;212013
27027;6265;100;1956/2018;19562018
27028;6268;100;2075/2016;20752016
27029;6268;73;2198;2198
27030;6269;100;2075/2016;20752016
27031;6269;73;2199;2199
27036;6270;31;1381904;1381904
27037;6270;31;1397396;1397396
27038;6270;31;1397400;1397400
27039;6270;31;1435859;1435859
27040;6271;31;41700-78R00;4170078R00
27041;6271;31;99029-BPA00-000;99029BPA00000
27042;6271;100;3541/2012;35412012
27043;4096;49;NBJ2023DP;NBJ2023DP
27044;4096;31;AB313092BD;AB313092BD
27045;4097;49;NBJ2023EP;NBJ2023EP
27046;4097;31;AB313091BD;AB313091BD
27047;2365;48;379000SP;379000SP
27048;2365;31;55307R1050;55307R1050
27049;2365;31;55307R1100;55307R1100
27050;5165;31;23M413119;23M413119
27051;6272;31;2V2899515B;2V2899515B
27052;6273;31;2V2899515C;2V2899515C
27053;6274;31;2V2899515D;2V2899515D
27054;6275;31;2V2899515E;2V2899515E
27055;6276;49;HG41361;HG41361
27056;6276;31;4853079185;4853079185
27057;6276;100;3541/2012;35412012
27058;6277;48;379066SP;379066SP
27059;6277;49;HG41360;HG41360
27060;6277;31;455108Z208;455108Z208
27061;6277;31;4851079415;4851079415
27062;6277;100;3543/2012;35432012
27063;6278;49;HG41406;HG41406
27064;6278;31;54650R1000;54650R1000
27065;6278;31;54650R1100;54650R1100
27066;6278;100;3542/2012;35422012
27067;6279;49;HG41405;HG41405
27068;6279;31;54651R1000;54651R1000
27069;6279;31;54651R1100;54651R1100
27070;6279;100;3542/2012;35422012
27071;6280;31;31316791551;31316791551
27072;6280;31;31316873721;31316873721
27073;6280;31;31316873723;31316873723
27074;6280;100;3542/2012;35422012
27075;6281;31;1563232000;1563232000
27076;6281;100;1904/2018;19042018
27077;6282;31;11563231900;11563231900
27078;6282;100;1904/2018;19042018
27079;6309;100;2075/2016;20752016
27080;6309;73;4292;4292
27081;6283;49;NJH33-413S;NJH33413S
27082;6283;31;42 310 SXS A01;42310SXSA01
27083;6284;76;AL1414;AL1414
27084;6284;49;NJH34-414S;NJH34414S
27085;6284;31;42 311 SXS A01;42311SXSA01
27086;582;48;334728MM;334728MM
27087;644;48;334001MM;334001MM
27088;602;48;334081MM;334081MM
27089;603;48;334081MM;334081MM
27090;115;48;334067MM;334067MM
27091;652;48;334050MM;334050MM
27092;235;48;334088MM;334088MM
27093;91;48;334065MM;334065MM
27094;153;48;334077MM;334077MM
27096;225;48;334089MM;334089MM
27098;605;48;334091MM;334091MM
27099;606;48;334091MM;334091MM
27100;657;48;334083MM;334083MM
27101;627;48;334291MM;334291MM
27102;628;48;334291MM;334291MM
27103;445;48;379298SP;379298SP
27104;477;48;D2653AD;D2653AD
27105;55;48;334822MM;334822MM
27106;73;48;334059MM;334059MM
27107;116;48;334908MM;334908MM
27108;583;48;334772MM;334772MM
27110;68;48;334736MM;334736MM
27111;69;48;334737MM;334737MM
27112;327;48;334909MM;334909MM
27113;74;48;334058MM;334058MM
27114;645;48;334868MM;334868MM
27115;331;48;334909MM;334909MM
27116;98;48;334954MM;334954MM
27117;117;48;334014MM;334014MM
27118;444;48;379063SP;379063SP
27119;649;48;334288MM;334288MM
27120;472;48;379152SP;379152SP
27121;473;48;379151SP;379151SP
27122;474;48;379154SP;379154SP
27123;474;48;379299SP;379299SP
27124;584;48;334728MM;334728MM
27125;547;48;334287MM;334287MM
27126;446;48;379062SP;379062SP
27127;56;48;334823MM;334823MM
27128;145;48;334333MM;334333MM
27129;660;48;334258MM;334258MM
27130;614;48;334083MM;334083MM
27131;417;48;334050MM;334050MM
27132;155;48;334078MM;334078MM
27134;615;49;CT 30444;CT30444
27135;390;48;83754GP;83754GP
27136;188;49;HG 41048;HG41048
27137;185;48;SP822;SP822
27138;438;48;SP816;SP816
27139;676;49;HG 41051;HG41051
27140;671;48;749012SPLD;749012SPLD
27141;671;48;749013SPLE;749013SPLE
27146;3539;48;SP001;SP001
27147;3539;49;HG 31212;HG31212
27148;3545;49;HG 41425;HG41425
27149;2283;48;SP005;SP005
27150;2383;48;SP352;SP352
27151;2383;49;HG 31220;HG31220
27152;2483;48;379254SP;379254SP
27153;2483;49;HG 41236;HG41236
27154;2540;48;SP038;SP038
27155;2540;49;HG 41266;HG41266
27156;2551;49;HG 41254;HG41254
27159;3560;48;379058SP;379058SP
27160;3853;49;HG 41419;HG41419
27161;3850;49;HG 41418;HG41418
27162;3959;49;HG 41433;HG41433
27163;3985;49;HG 41454;HG41454
27164;4054;48;379051SP;379051SP
27165;4054;49;HG 41359;HG41359
27166;4604;49;HG 41273;HG41273
27167;4481;48;379019SP;379019SP
27168;4481;49;HG 36082;HG36082
27169;4168;49;HG 41298;HG41298
27170;4668;49;HG 41336;HG41336
27171;5166;49;HG 41012;HG41012
27172;5310;48;379074SP;379074SP
27173;5310;49;HG 41396;HG41396
27174;2116;48;SP831;SP831
27175;398;48;SP341;SP341
27176;2344;48;SP249;SP249
27177;2344;49;HG 41160;HG41160
27178;2433;48;23859;23859
27179;2338;48;SP251;SP251
27180;5881;48;SP806;SP806
27181;63;48;334035MM;334035MM
27182;616;48;334056MM;334056MM
27183;181;48;334182MM;334182MM
27185;27;48;334041MM;334041MM
27186;519;48;SP759;SP759
27187;355;48;334096MM;334096MM
27188;483;49;HG 41212;HG41212
27189;495;49;HG 31157;HG31157
27190;384;48;334228MM;334228MM
27191;617;48;334826MM;334826MM
27192;250;48;379094SP;379094SP
27193;571;48;334022MM;334022MM
27194;23;48;SP205;SP205
27195;479;48;379299SP;379299SP
27196;215;48;SP074;SP074
27197;2119;48;379008SP;379008SP
27200;259;49;HG 41364;HG41364
27201;246;48;SP115;SP115
27202;2284;48;379005SP;379005SP
27203;688;48;SP322;SP322
27206;621;48;379013SP;379013SP
27207;621;49;HG 41351;HG41351
27208;2622;48;334486MM;334486MM
27209;2622;49;HG 41112;HG41112
27210;2317;48;5639ST;5639ST
27211;2317;49;HG 41057;HG41057
27212;2323;48;SP990;SP990
27213;2320;48;SP041;SP041
27214;2342;48;SP028;SP028
27215;2379;49;HG 41190;HG41190
27216;2395;48;SP290;SP290
27217;2404;49;HG 41063;HG41063
27218;2358;48;SP049;SP049
27219;2358;49;HG 41020;HG41020
27220;2411;48;37310ST;37310ST
27221;2410;48;SP223;SP223
27222;2398;48;334490MM;334490MM
27223;2398;49;HG 41324;HG41324
27224;2401;48;334260MM;334260MM
27225;2446;48;379007SP;379007SP
27226;2446;49;HG 41003;HG41003
27227;2468;48;SP223;SP223
27228;2465;49;HG 41228;HG41228
27229;2533;48;SP265;SP265
27230;2575;49;HG 41264;HG41264
27231;2623;48;334305MM;334305MM
27232;2623;49;HG 31163;HG31163
27233;3123;48;379010SP;379010SP
27234;3123;49;HG 41310;HG41310
27235;3212;48;379006SP;379006SP
27236;3212;49;HG 41280;HG41280
27237;3213;48;379003SP;379003SP
27238;3529;48;379070SP;379070SP
27239;3529;49;HG 31253;HG31253
27240;3565;48;D8020AD;D8020AD
27241;3565;49;HG 41318;HG41318
27242;3568;49;HG 41150;HG41150
27243;3541;49;HG 41034;HG41034
27244;3646;49;HG 41451;HG41451
27247;3680;48;334533MM;334533MM
27248;3680;49;HG 41259;HG41259
27249;3706;49;HG 41231;HG41231
27250;3694;48;379021SP;379021SP
27251;3694;49;HG 41136;HG41136
27253;4667;48;334487MM;334487MM
27254;4667;49;HG 41094;HG41094
27255;4284;48;379012SP;379012SP
27256;4284;49;HG 41124;HG41124
27257;4603;48;379016SP;379016SP
27258;4603;49;HG 41200;HG41200
27259;5127;48;379244SP;379244SP
27260;5127;49;HG 41139;HG41139
27261;4411;48;379078SP;379078SP
27262;4411;49;HG 31253;HG31253
27263;4605;48;SP130;SP130
27264;4605;49;HG 41234;HG41234
27265;4694;48;376157SP;376157SP
27266;4694;49;HG 41445;HG41445
27267;4484;48;334529MM;334529MM
27268;4484;49;HG 41060;HG41060
27269;4420;49;HG 41226;HG41226
27270;4424;49;HG 41399;HG41399
27271;4560;48;72957;72957
27272;4560;49;HG 41283;HG41283
27273;4586;48;5646;5646
27274;4586;49;HG 41252;HG41252
27275;4631;49;HG 41133;HG41133
27276;4620;48;G1086GP;G1086GP
27277;4620;49;HG 41413;HG41413
27278;4854;48;376023SP;376023SP
27279;4854;49;HG 41468;HG41468
27280;5463;49;HG 41304;HG41304
27281;4691;49;HG 41154;HG41154
27282;5398;49;HG 41457;HG41457
27283;4824;49;HG 41477;HG41477
27284;5680;48;334533MM;334533MM
27285;5680;49;HG 41259;HG41259
27286;5470;49;HG 41422;HG41422
27287;5969;48;334183MM;334183MM
27288;5969;49;HG 31150;HG31150
27289;6036;48;376000SP;376000SP
27290;6036;49;HG 41229;HG41229
27291;450;48;379016SP;379016SP
27292;460;48;SP264;SP264
27293;576;48;SP218;SP218
27294;573;48;334308MM;334308MM
27295;574;48;334309MM;334309MM
27297;81;48;334054MM;334054MM
27298;510;48;379387SP;379387SP
27300;507;48;379387SP;379387SP
27301;108;48;SP263;SP263
27302;104;48;SP257;SP257
27303;85;49;HG 31219;HG31219
27304;363;48;334303MM;334303MM
27305;128;48;334481MM;334481MM
27306;129;48;334498MM;334498MM
27307;365;48;334303MM;334303MM
27308;402;48;334468MM;334468MM
27309;403;48;334468MM;334468MM
27310;366;48;334304MM;334304MM
27311;376;48;334494MM;334494MM
27312;36;48;334481MM;334481MM
27313;37;48;334492MM;334492MM
27314;404;48;334407MM;334407MM
27315;341;48;334464MM;334464MM
27316;333;48;334464MM;334464MM
27317;367;48;334410MM;334410MM
27318;368;48;334411MM;334411MM
27319;196;48;84736GP;84736GP
27320;528;48;84746GP;84746GP
27321;529;48;84746GP;84746GP
27322;530;48;84746GP;84746GP
27323;491;48;334279MM;334279MM
27324;131;48;334481MM;334481MM
27325;533;48;38253GP;38253GP
27326;132;48;334480MM;334480MM
27327;133;48;334485MM;334485MM
27328;492;48;334278MM;334278MM
27329;219;48;379527SP;379527SP
27330;134;48;334485MM;334485MM
27331;193;48;379020SP;379020SP
27332;53;48;911258M;911258M
27333;53;49;HG 41178;HG41178
27334;480;48;SP995;SP995
27335;271;48;334016MM;334016MM
27336;2121;49;SP995;SP995
27337;2616;48;379011SP;379011SP
27338;2616;49;HG 36087;HG36087
27339;2384;48;334506MM;334506MM
27340;2385;48;334507MM;334507MM
27341;2434;48;84756GP;84756GP
27342;410;48;334732MM;334732MM
27343;3209;49;HG 41301;HG41301
27344;3554;49;HG 41117;HG41117
27345;3241;49;HG 41120;HG41120
27346;3210;48;749027SP;749027SP
27347;3210;49;HG 41207;HG41207
27348;4415;48;72562;72562
27349;4414;48;72562;72562
27350;5313;48;911223;911223
27351;5314;48;911222;911222
27352;4846;48;379022SP;379022SP
27353;5066;48;334498MM;334498MM
27354;5067;48;334483MM;334483MM
27355;5068;48;334492MM;334492MM
27356;5069;48;334485MM;334485MM
27357;5072;48;334369MM;334369MM
27358;5072;49;HG 41274;HG41274
27359;5073;48;334303MM;334303MM
27360;5073;49;HG 36034;HG36034
27361;5074;48;334303MM;334303MM
27362;5074;49;HG 36034;HG36034
27363;5075;48;334306MM;334306MM
27364;78;48;SP018;SP018
27365;79;48;SP018;SP018
27366;500;48;SP278;SP278
27367;534;48;749002SP;749002SP
27368;24;48;SP045;SP045
27369;273;49;HG 41365;HG41365
27372;112;48;SP046;SP046
27373;105;48;SP018;SP018
27374;2288;48;SP208;SP208
27375;2289;48;SP209;SP209
27376;2393;48;SP288;SP288
27377;2394;48;SP289;SP289
27378;2380;48;SP144;SP144
27379;2380;49;HG 41216;HG41216
27380;2381;48;SP145;SP145
27381;2381;49;HG 41217;HG41217
27382;2402;49;HG 41061;HG41061
27383;2403;49;HG 41063;HG41063
27386;2445;48;749033SP;749033SP
27387;2466;48;SP996;SP996
27388;2467;48;SP997;SP997
27389;2464;49;HG 41227;HG41227
27390;2487;49;HG 41235;HG41235
27391;3121;49;HG 41309;HG41309
27392;3122;49;HG 41308;HG41308
27393;3202;48;749023SP;749023SP
27394;3202;49;HG 41128;HG41128
27395;3203;49;HG 41130;HG41130
27396;3569;48;749012SP;749012SP
27397;3569;49;HG 41191;HG41191
27398;3570;48;749013SP;749013SP
27399;3570;49;HG 41192;HG41192
27400;3543;49;HG 41265;HG41265
27401;3572;49;HG 41424;HG41424
27402;3571;49;HG 41423;HG41423
27403;3698;48;749006SP;749006SP
27404;3698;49;HG 41232;HG41232
27405;3683;48;SP357;SP357
27406;3683;49;HG 41023;HG41023
27407;3684;48;SP358;SP358
27408;3684;49;HG 41024;HG41024
27409;3692;48;749059SP;749059SP
27410;3692;49;HG 41134;HG41134
27411;3693;48;749060SP;749060SP
27412;3693;49;HG 41135;HG41135
27413;3957;49;HG 33107;HG33107
27414;3538;49;HG 33108;HG33108
27415;3538;31;52085418;52085418
27422;4171;49;HG 41272;HG41272
27423;4418;49;HG 41224;HG41224
27424;4419;49;HG 41225;HG41225
27425;4637;48;749007SP;749007SP
27426;4637;49;HG 41255;HG41255
27434;6311;100;2080/2016;20802016
27435;6311;73;1083C;1083C
27436;6312;100;2078/2016;20782016
27437;6312;73;4257C;4257C
27438;72;48;334917MM;334917MM
27439;6313;31;41600-78R00;4160078R00
27440;6313;31;99028-BPA00-000;99028BPA00000
27441;6313;100;3541/2012;35412012
27442;6314;31;00425-BPA00-000;425BPA00000
27443;6314;31;343288;343288
27444;6314;100;3541/2012;35412012
27445;6074;31;55307BX000;55307BX000
27446;6315;31;5QX413024A;5QX413024A
27447;6315;100;3542/2012;35422012
27448;3420;31;54618-EB71A;54618EB71A
27449;3421;31;54668-EB71A;54668EB71A
27450;177;48;749018SPLD;749018SPLD
27451;178;48;749019SPLE;749019SPLE
27452;6317;100;2076/2016;20762016
27453;6317;73;6123;6123
27454;6318;100;2078/2016;20782016
27455;6318;73;1501C;1501C
27457;6319;31;2392395;2392395
27458;6319;100;1956/2018;19562018
27459;6320;31;00452-BPA00-000;452BPA00000
27460;6320;31;343287;343287
27461;6320;100;3541/2012;35412012
27464;6321;31;A9583170103;A9583170103
27465;6322;48;379057SP;379057SP
27466;6322;31;J7BZ/18125/S;J7BZ18125S
27467;6322;100;3541/2012;35412012
27468;6323;31;33526873722;33526873722
27469;6323;100;3541/2012;35412012
27470;6324;31;2031228;2031228
27471;6324;100;1956/2018;19562018
27472;6325;49;HG41459;HG41459
27473;6325;31;A2053207830;A2053207830
27474;6325;100;3541/2012;35412012
27475;6326;49;HG41458;HG41458
27476;6326;31;A2053200130;A2053200130
27477;6326;100;3543/2012;35432012
27478;6327;31;52084684;52084684
27479;6328;31;52084670;52084670
27480;6333;31;7092403;7092403
27481;6333;100;9062/2014;90622014
27482;6334;31;26292329;26292329
27483;6334;100;9061/2014;90612014
27484;6335;31;52126987;52126987
27485;6335;100;9061/2014;90612014
27486;6336;31;26304833;26304833
27487;6336;100;9062/2014;90622014
27488;6337;31;57724D3000-BI;57724D3000BI
27489;6337;100;9061/2014;90612014
27490;6338;31;56540-C9100;56540C9100
27491;6338;100;9062/2014;90622014
27492;6329;31;39008083;39008083
27493;6329;100;9066/2014;90662014
27494;6330;31;39008084;39008084
27495;6330;100;9066/2014;90662014
27496;6331;100;9066/2014;90662014
27497;6332;100;9066/2014;90662014
27498;6339;31;202000280AA;202000280AA
27499;6339;31;J69-2905020;J692905020
27500;6339;100;3542/2012;35422012
27501;6340;31;202000281AA;202000281AA
27502;6340;31;J69-2905010;J692905010
27503;6340;100;3542/2012;35422012
27504;6341;31;212100375;212100375
27505;6342;31;0308501705;308501705
27506;6342;31;212100301;212100301
27507;6344;31;1926327;1926327
27508;6345;31;1S27023D;1S27023D
27509;6346;31;21224745;21224745
27510;6346;31;22058740;22058740
27511;6347;133;9.10.18.5S.850;910185S850
27512;6347;31;212100375;212100375
27513;4104;31;6EA.827.550A;6EA827550A
27514;6348;31;51237329410;51237329410
27515;6349;31;26301570;26301570
27516;6349;31;26301571;26301571
27517;6350;31;81770-B2000;81770B2000
27518;6350;31;81780-B2000;81780B2000
27519;6351;31;A1569800264;A1569800264
27520;6352;31;84900360;84900360
27521;6352;31;84900361;84900361
27522;6357;133;4390N;4390N
27523;6357;31;A9423200121;A9423200121
27524;6358;133;4390 N P02;4390NP02
27525;6358;133;4390 N P03;4390NP03
27526;6358;31;A9423202921;A9423202921
27527;6358;31;A9433200221;A9433200221
27528;6359;133;4570 N;4570N
27529;6359;31;21224749;21224749
27530;6359;31;21224751;21224751
27531;6360;133;FD.200.19-902;FD20019902
27532;6361;31;51350T5AJ01;51350T5AJ01
27533;6362;31;2QB423810B;2QB423810B
27534;6362;100;9062/2014;90622014
27535;5971;31;5225543;5225543
27536;5984;31;52225415;52225415
27537;6363;31;58101-A0A00;58101A0A00
27538;6363;100;2075/2016;20752016
27539;6363;73;8260;8260
27540;642;31;31395607;31395607
27541;642;31;379827550G;379827550G
27542;6365;49;NBJ4018D;NBJ4018D
27544;6366;49;NBJ4018E;NBJ4018E
27546;6367;80;BDJ1600;BDJ1600
27547;6368;80;BDJ1601;BDJ1601
27548;6369;80;BDJ3310;BDJ3310
27549;6370;80;BDJ3311;BDJ3311
27550;6371;49;NBJ6018DP;NBJ6018DP
27551;6371;80;BDJ3312;BDJ3312
27552;6372;49;NBJ6018EP;NBJ6018EP
27553;6372;80;BDJ3313;BDJ3313
27554;6375;31;51739696;51739696
27555;6376;31;546184KH0A;546184KH0A
27556;6376;31;546185XA0A;546185XA0A
27557;6377;31;546684KH0A;546684KH0A
27558;6377;31;546685XA0A;546685XA0A
27559;6378;31;MR374521;MR374521
27560;6379;31;MR374520;MR374520
27561;5985;31;52225414;52225414
27562;6382;49;NJH33-1413;NJH331413
27563;6382;31;423305XSA01;423305XSA01
27564;6387;59;SK908S;SK908S
27565;6388;59;SK909S;SK909S
27566;6037;31;51237300580;51237300580
27567;6327;49;N93093;N93093
27568;6327;80;PVI0300;PVI0300
27569;6327;56;503320;503320
27570;6328;49;N93094;N93094
27571;6328;80;PVS0301;PVS0301
27572;6328;56;503322;503322
27573;6361;49;N99625;N99625
27574;6361;80;PVI0400;PVI0400
27575;6361;56;503414;503414
27576;6383;31;44 306 TLA A01;44306TLAA01
27577;6384;31;44 305 TLA A01;44305TLAA01
27578;6362;49;N97030;N97030
27579;6362;80;BRD0803;BRD0803
27580;6362;56;680656;680656
27581;6333;80;BRD0102;BRD0102
27582;6333;56;680702;680702
27583;6334;80;BRD0302;BRD0302
27584;6334;56;680660;680660
27585;6335;80;BRD0377;BRD0377
27586;6335;56;680632;680632
27588;6336;56;680667;680667
27589;6337;56;680701;680701
27590;6338;56;680581;680581
27591;6329;49;N93052;N93052
27592;6329;80;TDI0356;TDI0356
27593;6329;56;335666;335666
27594;6330;49;N93051;N93051
27595;6330;80;TDI0357;TDI0357
27596;6331;80;TDI2107;TDI2107
27597;6331;56;335681;335681
27598;6332;80;TDI2106;TDI2106
27599;6332;56;335682;335682
27600;6389;60;MB4317;MB4317
27601;6389;59;SK387S;SK387S
27602;605;49;CT 32771;CT32771
27603;471;48;D8902AD;D8902AD
27604;545;48;334288MM;334288MM
27605;545;49;AC 30825;AC30825
27606;3242;49;HG 41211;HG41211
27607;3443;49;HG 41211;HG41211
27608;459;48;SP264;SP264
27609;294;48;808029MM;808029MM
27610;294;49;HG 31187;HG31187
27611;671;49;HG 41193;HG41193
27612;671;49;HG 41223;HG41223
27613;127;48;SP120;SP120
27614;3545;48;379001SP;379001SP
27615;3813;48;SP282;SP282
27616;2367;48;72563ST;72563ST
27617;2367;49;HG 41072;HG41072
27618;2551;48;379072SP;379072SP
27619;4481;49;HG 41307;HG41307
27620;532;48;23967;23967
27621;281;49;HG 31136;HG31136
27622;2314;48;379068SP;379068SP
27623;2337;48;334032MM;334032MM
27624;2346;48;334316MM;334316MM
27625;2370;48;379072SP;379072SP
27626;2370;49;HG 41254;HG41254
27627;2382;48;SP290;SP290
27628;2382;49;HG 41030;HG41030
27629;2404;48;334136MM;334136MM
27630;2465;48;SP759;SP759
27631;2538;48;379244SP;379244SP
27632;2549;48;72896;72896
27633;3208;48;379019SP;379019SP
27634;3208;49;HG 36082;HG36082
27635;3691;48;379004SP;379004SP
27636;3691;49;HG 41060;HG41060
27637;3587;48;334508MM;334508MM
27638;3558;48;379073SP;379073SP
27639;3559;48;379216SP;379216SP
27640;3568;48;334530MM;334530MM
27641;3702;48;SP218;SP218
27642;3697;48;334200MM;334200MM
27643;3697;49;HG 41215;HG41215
27644;3706;48;376195SP;376195SP
27646;4424;48;HG 41399;HG41399
27647;4804;48;23967;23967
27648;5679;48;379068SP;379068SP
27649;5312;49;HG 41153;HG41153
27650;5335;49;HG 41479;HG41479
27651;5466;48;379299SP;379299SP
27652;5469;48;379069SP;379069SP
27653;6074;48;379052SP;379052SP
27654;5968;48;379075SP;379075SP
27655;148;48;83765GPLD;83765GPLD
27656;148;48;83765GPLE;83765GPLE
27657;485;48;D5470Ad;D5470AD
27658;515;48;334183MM;334183MM
27659;172;48;RS999010;RS999010
27660;173;48;RS999214;RS999214
27661;35;48;334481MM;334481MM
27662;35;48;334498MM;334498MM
27663;35;49;AC 35764;AC35764
27664;35;49;HG 36030;HG36030
27665;271;49;HG 31038;HG31038
27666;298;48;379022SP;379022SP
27667;2121;48;SP995;SP995
27668;2121;49;HG 41041;HG41041
27669;4415;48;72562ST;72562ST
27670;4414;48;72562ST;72562ST
27671;5315;48;84756GP;84756GP
27672;5070;49;AC 35822;AC35822
27673;5071;49;AC 35823;AC35823
27675;5973;48;SP995;SP995
27676;5476;48;379017SP;379017SP
27677;160;48;808062MM;808062MM
27678;82;48;808034MM;808034MM
27679;289;48;SP176;SP176
27680;685;48;749003SP;749003SP
27681;2377;49;HG 41188;HG41188
27682;2402;48;808527MMLD;808527MMLD
27683;2403;48;808528MMLE;808528MMLE
27684;2363;48;SP979;SP979
27685;2364;48;SP978;SP978
27686;2409;48;SP997LE;SP997LE
27687;2408;48;SP996LD;SP996LD
27688;268;48;808942MM;808942MM
27689;274;48;808942MM;808942MM
27690;297;48;808029MM;808029MM
27691;170;48;SP040;SP040
27692;171;48;SP039;SP039
27693;256;49;HG 33021;HG33021
27695;567;48;SP274;SP274
27696;568;48;SP273;SP273
27697;4170;48;SP155;SP155
27698;4170;100;127/2013;1272013
27699;3686;49;HG 41159;HG41159
27700;3685;49;HG 41158;HG41158
27701;508;48;SP385;SP385
27702;509;48;SP386;SP386
27703;516;48;749046SP;749046SP
27704;517;48;749045SP;749045SP
27705;177;48;749019SP;749019SP
27706;177;49;HG 41044;HG41044
27707;178;48;749019SP;749019SP
27708;178;49;HG 41044;HG41044
27709;189;48;749016SP;749016SP
27710;190;48;749017SP;749017SP
27711;216;48;SP070;SP070
27712;269;49;HG 41357;HG41357
27713;217;48;SP070;SP070
27714;316;48;SP009;SP009
27715;317;48;SP008;SP008
27716;678;48;SP009;SP009
27717;677;48;SP008;SP008
27718;86;48;SP985;SP985
27719;87;48;SP984;SP984
27720;687;48;SP321;SP321
27721;623;49;HG 41349;HG41349
27722;2118;48;808057MM;808057MM
27723;2117;48;808056MM;808056MM
27724;2315;48;808218MM;808218MM
27725;2316;48;808219MM;808219MM
27726;2321;48;SP988;SP988
27727;2322;48;SP989;SP989
27728;2318;48;SP986;SP986
27729;2319;48;SP987;SP987
27730;2356;48;749000SP;749000SP
27731;2357;48;749001SP;749001SP
27732;2396;49;HG 41323;HG41323
27733;2397;49;HG 41322;HG41322
27734;3071;49;HG 41194;HG41194
27735;3072;49;HG 41195;HG41195
27736;3073;49;HG 41196;HG41196
27737;3074;49;HG 41197;HG41197
27738;3075;49;HG 41237;HG41237
27739;3076;49;HG 41238;HG41238
27740;3077;49;HG 41240;HG41240
27741;3078;49;HG 41240;HG41240
27742;2568;49;HG 41312;HG41312
27743;2569;49;HG 41311;HG41311
27744;3527;49;HG 33109;HG33109
27745;3528;49;HG 33110;HG33110
27746;3563;49;HG 41317;HG41317
27747;3564;49;HG 41316;HG41316
27748;3566;49;HG 41148;HG41148
27749;3567;49;HG 41149;HG41149
27750;3289;49;HG 41172;HG41172
27751;3290;49;HG 41173;HG41173
27752;3291;49;HG 41174;HG41174
27753;3292;49;HG 41175;HG41175
27754;3687;49;HG 41164;HG41164
27755;4629;49;HG 41131;HG41131
27756;4630;49;HG 41132;HG41132
27757;5709;48;72526ST;72526ST
27758;5710;48;72527ST;72527ST
27759;6143;49;HG 41329;HG41329
27760;6144;49;HG 41328;HG41328
27761;448;48;749052SP;749052SP
27762;449;48;749053SP;749053SP
27763;440;48;SP025;SP025
27764;451;48;SP994;SP994
27765;561;48;SP116;SP116
27766;562;48;SP117;SP117
27767;452;48;SP991;SP991
27768;453;48;SP992;SP992
27769;435;48;72492ST;72492ST
27770;436;48;72491ST;72491ST
27771;431;48;72287ST;72287ST
27772;432;48;72286ST;72286ST
27773;565;48;G16175LD;G16175LD
27774;566;48;G16176LE;G16176LE
27775;197;48;V4501;V4501
27776;46;48;334416MM;334416MM
27777;135;48;334481MM;334481MM
27778;405;48;334469MM;334469MM
27779;406;48;334468MM;334468MM
27780;552;48;334447MM;334447MM
27782;137;48;334481MM;334481MM
27784;334;48;334387MM;334387MM
27785;407;48;334407MM;334407MM
27786;342;48;334464MM;334464MM
27787;40;48;334492MM;334492MM
27788;40;49;HG 36028;HG36028
27789;554;48;334435MM;334435MM
27790;2258;49;HG 41042;HG41042
27791;6394;31;48131-0Z680;481310Z680
27792;6395;31;48131-0A110;481310A110
27795;359;48;808378MM;808378MM
27796;360;48;808949MM;808949MM
27797;323;48;808232MM;808232MM
27798;525;48;808407MM;808407MM
27799;242;48;334089MM;334089MM
27800;243;48;808031MM;808031MM
27802;546;48;E4355;E4355
27803;84;48;808053MM;808053MM
27804;149;48;808160MMLD;808160MMLD
27805;586;48;334772MM;334772MM
27806;59;48;334822MM;334822MM
27807;422;48;379932SP;379932SP
27808;422;49;HG 30736;HG30736
27810;93;48;334953MM;334953MM
27811;309;48;334011MM;334011MM
27812;309;49;HG 32741;HG32741
27813;310;48;334012MM;334012MM
27814;4478;48;334050MM;334050MM
27815;6265;48;SP224;SP224
27816;6265;49;HG 31101;HG31101
27817;3982;48;E5001;E5001
27818;3982;49;HG 31168;HG31168
27819;6252;48;SP115;SP115
27820;6252;49;HG 31202;HG31202
27821;6253;48;334305MM;334305MM
27822;6253;49;HG 31163;HG31163
27823;4074;48;D8020;D8020
27824;4074;49;HG 41076;HG41076
27825;3677;48;SP243;SP243
27826;4558;48;SP190;SP190
27827;5126;48;334016MM;334016MM
27828;5126;49;HG 31038;HG31038
27829;6208;48;SP207;SP207
27830;6208;49;HG 33002;HG33002
27831;371;48;334411MM;334411MM
27832;372;48;334013MM;334013MM
27833;372;48;334406MM;334406MM
27834;373;48;334303MM;334303MM
27835;373;49;HG 36034;HG36034
27836;174;48;RS999214;RS999214
27837;174;49;HG 36041;HG36041
27838;374;48;334410MM;334410MM
27839;374;49;AC 35466;AC35466
27840;15;48;334415MM;334415MM
27841;15;49;AC 35481;AC35481
27842;21;48;334415MM;334415MM
27843;21;49;AC 35481;AC35481
27844;139;48;334481MM;334481MM
27845;139;49;AC 35764;AC35764
27846;140;48;334485MM;334485MM
27847;140;49;HG 36029;HG36029
27848;343;48;334464MM;334464MM
27849;343;49;AC 35123;AC35123
27850;336;48;334387MM;334387MM
27851;408;48;334468MM;334468MM
27852;409;49;AC 30756;AC30756
27853;94;48;334953MM;334953MM
27854;100;48;334954MM;334954MM
27855;3976;48;SP257;SP257
27856;3976;49;HG 31110;HG31110
27857;361;48;808378MM;808378MM
27858;362;48;808949MM;808949MM
27859;6396;49;NJH70-0501;NJH700501
27860;6396;31;44.305.TLAA01;44305TLAA01
27861;6396;31;44.306.TLAA01;44306TLAA01
27862;6397;48;CB0163;CB0163
27863;6397;31;3758900819;3758900819
27864;6397;31;9408904519;9408904519
27865;6397;31;9408904619;9408904619
27866;6397;31;9583171503;9583171503
27867;6398;48;CB0150;CB0150
27868;6398;31;3758900419;3758900419
27869;6398;31;3758900919;3758900919
27870;6398;31;3758901119;3758901119
27871;6398;31;9408903819;9408903819
27872;6398;31;9408904719;9408904719
27873;5670;49;NBJ6009EP;NBJ6009EP
27875;5463;31;9816510580;9816510580
27876;6421;31;9428900519;9428900519
27878;6399;31;2H0801505;2H0801505
27879;6400;31;2H0801507;2H0801507
27880;6401;31;2H0801539;2H0801539
27881;6402;31;2H0801547;2H0801547
27882;6403;31;2H0801585;2H0801585
27883;6404;31;51967080;51967080
27884;6405;31;9807165080;9807165080
27885;6406;31;9824324380;9824324380
27886;6407;31;9844031080;9844031080
27887;6408;31;9824358380;9824358380
27888;6409;31;9824345080;9824345080
27889;6410;31;9824116780;9824116780
27890;6411;31;9834955380;9834955380
27891;6412;31;21810-R1510;21810R1510
27892;6413;31;21810-R1610;21810R1610
27893;6414;31;21810-R1710;21810R1710
27894;6415;31;21810-R1910;21810R1910
27895;6416;31;21810-R1810;21810R1810
27896;6417;31;25333-BX000;25333BX000
27897;6418;31;534836940;534836940
27898;6419;31;52017675;52017675
27899;3651;49;MG17122;MG17122
27900;6422;49;MG17177;MG17177
27901;6422;31;51836060;51836060
27902;6423;50;343462;343462
27903;6423;48;SP759;SP759
27904;6423;49;HG 31007;HG31007
27905;6423;31;7700436289;7700436289
27906;6423;31;8200 1264 05;8200126405
27907;6423;100;1956/2018;19562018
27908;282;48;G8064;G8064
27909;282;49;HG 33046;HG33046
27910;4860;100;0654/2024;6542024
27911;6436;48;749024SP;749024SP
27912;6436;49;HG41164;HG41164
27913;6436;31;51611T7TM11;51611T7TM11
27914;6436;100;3542/2012;35422012
27915;6437;48;749025SP;749025SP
27916;6437;49;HG41165;HG41165
27917;6437;31;51621T7TM11;51621T7TM11
27918;6437;100;3542/2012;35422012
27919;6438;31;A0019807764;A0019807764
27920;6439;31;20491669;20491669
27921;6440;31;5802A833;5802A833
27922;6440;31;5802A834;5802A834
27923;6441;48;94146;94146
27924;6441;49;HG 31058;HG31058
27925;6441;100;3416/2018;34162018
27926;6441;100;7636/2019;76362019
27927;6441;54;G21013DD;G21013DD
27928;6442;48;94147;94147
27929;6442;49;HG 31059;HG31059
27930;6442;100;3416/2018;34162018
27931;6442;100;7636/2019;76362019
27932;6442;54;G21014DE;G21014DE
27933;6443;31;5U0411105AN;5U0411105AN
27934;6444;31;55310H8750;55310H8750
27935;6444;100;3541/2012;35412012
27936;3554;48;379079SP;379079SP
27937;6445;31;H3B518045AB;H3B518045AB
27938;6445;31;HB318045AB;HB318045AB
27939;6445;31;J7BZ18124AL;J7BZ18124AL
27940;6445;100;3542/2012;35422012
27941;6446;31;H3B518K001AB;H3B518K001AB
27942;6446;31;J7BZ18124AM;J7BZ18124AM
27943;6446;100;3542/2012;35422012
27944;5491;48;749101SP;749101SP
27945;5492;48;749100SP;749100SP
27946;6447;31;202000781AA;202000781AA
27947;6447;100;3542/2012;35422012
27948;6448;31;202000780AA;202000780AA
27949;6448;100;3542/2012;35422012
27953;6451;49;N1046;N1046
27954;6451;31;377419801D;377419801D
27955;6451;100;3362/2015;33622015
27956;6451;56;750234;750234
27957;2479;31;1193549800;1193549800
27958;2479;31;S6-2906100-D1;S62906100D1
27959;6450;31;52610T14M01;52610T14M01
27960;6450;100;3541/2012;35412012
27961;6278;31;54650R1050;54650R1050
27962;6279;31;54651R1050;54651R1050
27963;3442;31;654713274R;654713274R
27964;3442;31;654716439R;654716439R
27965;6462;49;N97019;N97019
27966;6462;31;1S0423810A;1S0423810A
27967;6462;100;9062/2014;90622014
27968;6462;56;680547;680547
27969;6463;31;52060739;52060739
27970;6463;80;BRD0101;BRD0101
27971;6463;100;9061/2014;90612014
27972;6463;56;680658;680658
27973;6464;49;N93087;N93087
27974;6464;31;95952929;95952929
27975;6464;80;BRD1705;BRD1705
27976;6464;100;9062/2014;90622014
27977;6464;56;680653;680653
27978;6465;49;N99493;N99493
27979;6465;31;485216124R;485216124R
27980;6465;80;BRD0617;BRD0617
27981;6465;100;9062/2014;90622014
27982;6465;56;680655;680655
27983;6452;49;N96034;N96034
27984;6452;31;7084157;7084157
27985;6452;80;TDI1102;TDI1102
27986;6452;100;9066/2014;90662014
27987;6452;56;335306;335306
27988;6453;31;7084156;7084156
27989;6453;80;TDI1103;TDI1103
27990;6453;100;9066/2014;90662014
27991;6453;56;335307;335307
27992;6454;49;N93104;N93104
27993;6454;31;26292327;26292327
27994;6454;80;TDI0308;TDI0308
27995;6454;100;9066/2014;90662014
27996;6454;56;335690;335690
27997;6455;49;N93103;N93103
27998;6455;31;26292326;26292326
27999;6455;80;TDI0309;TDI0309
28000;6455;100;9066/2014;90662014
28001;6455;56;335689;335689
28002;6456;31;53560TBAA01;53560TBAA01
28003;6456;80;TDI0423;TDI0423
28004;6456;100;9066/2014;90662014
28005;6456;56;335693;335693
28006;6457;31;53540TBAA01;53540TBAA01
28007;6457;80;TDI0424;TDI0424
28008;6457;100;9066/2014;90662014
28009;6457;56;335694;335694
28010;6458;49;N99628;N99628
28011;6458;31;45046-09720;4504609720
28012;6458;80;TDI0706;TDI0706
28013;6458;100;9066/2014;90662014
28014;6458;56;335688;335688
28015;6459;49;N99629;N99629
28016;6459;31;45047-09370;4504709370
28017;6459;80;TDI0707;TDI0707
28018;6459;100;9066/2014;90662014
28019;6459;56;335687;335687
28020;6460;31;56820-M0000;56820M0000
28021;6460;100;9066/2014;90662014
28022;6460;56;335671;335671
28023;6461;31;56825-M0000;56825M0000
28024;6461;100;9066/2014;90662014
28025;6461;56;335672;335672
28026;1911;31;AC4518045EA;AC4518045EA
28027;5463;31;9831241480;9831241480
28029;5480;31;9830293280;9830293280
28030;6466;48;376079SP;376079SP
28031;6466;49;HG41327;HG41327
28032;6466;31;9812315680;9812315680
28033;6466;100;3541/2012;35412012
28034;6467;100;021/2013;212013
28035;2292;31;CA430944;CA430944
28037;1991;49;AC 45006;AC45006
28038;2049;48;54458;54458
28039;2049;48;65410;65410
28040;2044;48;650516MG;650516MG
28041;2050;49;AC 45015;AC45015
28043;2087;49;AC 45019;AC45019
28045;2071;48;65428;65428
28046;1987;49;AC 45021;AC45021
28049;2060;48;65409;65409
28050;2060;49;AC 45017;AC45017
28051;2014;49;AC 45016;AC45016
28052;2088;49;AC 45019;AC45019
28055;2056;49;AC 45013;AC45013
28056;2057;49;AC 45015;AC45015
28059;1904;49;AC 45002;AC45002
28060;1908;49;AC 45003;AC45003
28062;2090;49;AC 45019;AC45019
28063;2089;49;AC 45020;AC45020
28064;1900;48;65483;65483
28065;1900;49;AC 45002;AC45002
28066;1927;48;65447;65447
28067;1927;49;AC 45001;AC45001
28068;1928;49;AC 45001;AC45001
28069;2023;49;AC 45005;AC45005
28072;2259;49;AC 45010;AC45010
28073;2061;48;65465;65465
28074;2061;49;AC 45014;AC45014
28075;2080;49;AC 45026;AC45026
28078;2092;49;AC 42005;AC42005
28080;2075;48;650507MG;650507MG
28081;2075;31;2T0413031C;2T0413031C
28082;2075;31;2TO413031;2TO413031
28083;2085;48;65451;65451
28084;2085;49;AC 36023;AC36023
28085;2086;48;65486;65486
28087;1960;48;65484;65484
28093;2082;49;AC 45025;AC45025
28095;2028;48;65444;65444
28096;2038;48;650519MG;650519MG
28097;1884;48;650505MG;650505MG
28098;1887;48;650528MG;650528MG
28099;2040;48;650519MG;650519MG
28102;1888;48;650528MG;650528MG
28103;3276;48;65495;65495
28104;3275;48;54516;54516
28105;3275;49;AC 42004;AC42004
28111;1914;49;HG 36054;HG36054
28112;1915;49;HG 36055;HG36055
28113;1952;49;HG 36088;HG36088
28114;1948;49;HG 36044;HG36044
28115;1949;49;HG 36045;HG36045
28116;1950;49;HG 36047;HG36047
28117;1951;49;HG 36046;HG36046
28118;1920;49;HG 36046;HG36046
28119;1965;48;54502;54502
28122;2046;48;54458;54458
28123;1919;48;54519;54519
28124;1919;49;AC 35972;AC35972
28125;2006;48;640525MG;640525MG
28126;1959;49;AC 36059;AC36059
28128;2030;49;AC 36013;AC36013
28131;2260;49;AC 36067;AC36067
28132;2020;49;AC 36075;AC36075
28133;2070;49;AC 36024;AC36024
28134;2064;49;AC 36019;AC36019
28135;2065;49;AC 36020;AC36020
28136;2000;49;AC 36022;AC36022
28137;1929;49;AC 35945;AC35945
28138;1930;49;AC 35946;AC35946
28140;2013;49;AC 36066;AC36066
28141;1917;49;AC 35818;AC35818
28142;1917;49;AC 35917;AC35917
28143;1931;49;AC 36025;AC36025
28146;1893;49;AC 42001;AC42001
28147;1894;49;AC 42002;AC42002
28148;1961;49;AC 36064;AC36064
28149;2024;49;AC 36067;AC36067
28151;1968;49;AC 36080;AC36080
28152;1975;49;AC 36077;AC36077
28154;1978;48;640531MG;640531MG
28155;1955;49;AC 36083;AC36083
28156;1956;48;71442ST;71442ST
28157;1956;49;AC 45024;AC45024
28158;1954;48;640539MG;640539MG
28160;3447;48;54507;54507
28161;4445;48;65484;65484
28162;4445;49;AC 45009;AC45009
28163;5937;49;AC 45001;AC45001
28165;6207;48;CB0196;CB0196
28166;378;49;AC 35819;AC35819
28168;5455;31;2V3513031C;2V3513031C
28169;6468;31;2W0513029;2W0513029
28170;6468;100;3541/2012;35412012
28171;6469;31;A9583261700;A9583261700
28172;6469;100;3541/2012;35412012
28173;6470;31;A9583172603;A9583172603
28174;6471;31;A9583171103;A9583171103
28175;6472;31;A9583170203;A9583170203
28176;6473;31;A9408901019;A9408901019
28177;6474;31;A9408901819;A9408901819
28178;6475;48;73057;73057
28179;6475;49;HG 41270;HG41270
28180;6475;31;51611T1WA03;51611T1WA03
28181;6475;100;3542/2012;35422012
28182;6476;48;73058;73058
28183;6476;49;HG 41271;HG41271
28184;6476;31;51621T1WA03;51621T1WA03
28185;6476;100;3542/2012;35422012
28186;6477;31;51611T14M11;51611T14M11
28187;6477;100;3542/2012;35422012
28188;6478;31;51621T14M11;51621T14M11
28189;6478;100;3542/2012;35422012
28190;6481;59;SK91029S;SK91029S
28191;6482;59;SK91011S;SK91011S
28192;6483;59;SK91026S;SK91026S
28196;6480;49;NJH31-292S;NJH31292S
28197;6484;59;SK91009BS;SK91009BS
28198;6485;59;SK91017S;SK91017S
28199;6486;59;SK992S;SK992S
28201;3445;31;AC4518045AA;AC4518045AA
28202;2549;50;340093;340093
28203;6487;48;72957;72957
28204;6487;49;HG 41283;HG41283
28205;6487;31;52611T1WA03;52611T1WA03
28206;6487;100;3543/2012;35432012
28207;6488;48;CB099;CB099
28208;6488;31;504000259;504000259
28209;6488;31;711500115730;711500115730
28210;6489;31;546612S800;546612S800
28211;6489;100;3542/2012;35422012
28212;6490;31;546512S800;546512S800
28213;6490;100;3542/2012;35422012
28214;6491;31;FR3B/63406A10-BB;FR3B63406A10BB
28215;6491;31;FR3Z/63406A10/B/;FR3Z63406A10B
28216;1900;31;2T2413031;2T2413031
28217;6475;31;51611T0GA01;51611T0GA01
28218;6476;31;51621T0GA01;51621T0GA01
28219;6110;31;2T2413031;2T2413031
28220;6110;31;7C4518045BA;7C4518045BA
28221;6110;31;TAU413031;TAU413031
28222;6110;31;XC4518045FA;XC4518045FA
28223;1908;31;TAL513031;TAL513031
28224;1908;31;XC4518080FA;XC4518080FA
28225;1909;31;E5HT18080EA;E5HT18080EA
28226;1909;31;TGG513031;TGG513031
28227;1909;31;XC4518080DA;XC4518080DA
28228;1909;31;XC4518080EA;XC4518080EA
28229;3213;31;A9063262600;A9063262600
28230;6182;31;1319673;1319673
28231;6182;31;1387326;1387326
28235;6492;48;SP151;SP151
28236;6492;49;HG 33001;HG33001
28237;6492;31;7700434923;7700434923
28238;6492;31;8200126407;8200126407
28239;6492;100;3542/2012;35422012
28240;6493;31;553005K001-BI;553005K001BI
28241;6493;100;6934/2020;69342020
28242;3254;31;0052060973-001;52060973001
28243;3254;31;0053403318-001;53403318001
28244;3254;31;52201888;52201888
28245;3254;31;53477126;53477126
28246;3254;31;68246496 AB-001;68246496AB001
28247;3254;31;68348850 AA-001;68348850AA001
28248;6494;48;SP033;SP033
28249;6494;49;HG41151;HG41151
28250;6494;31;543029530R;543029530R
28251;6494;100;3542/2012;35422012
28252;3445;31;AC4518045AB;AC4518045AB
28253;6497;31;84406464;84406464
28254;6497;80;BDJ0394;BDJ0394
28255;6498;31;84406463;84406463
28256;6498;80;BDJ0395;BDJ0395
28257;6499;31;51350-T14-M00;51350T14M00
28258;6500;31;51360-T14-M00;51360T14M00
28259;6501;58;TT14030C;TT14030C
28260;6501;49;NBJ7004DP;NBJ7004DP
28261;6501;31;48068-0K040 RH;480680K040RH
28262;6501;80;BDJ2052;BDJ2052
28263;6502;58;TT14031C;TT14031C
28264;6502;49;NBJ7004EP;NBJ7004EP
28265;6502;31;48069-0K040 LH;480690K040LH
28266;6502;80;BDJ2053;BDJ2053
28267;6503;49;NBJ7017DP;NBJ7017DP
28268;6503;31;48068-0K090 RH;480680K090RH
28269;6503;80;BDJ0710;BDJ0710
28270;6504;49;NBJ7017EP;NBJ7017EP
28271;6504;31;48069-0K090 LH;480690K090LH
28272;6504;80;BDJ0709;BDJ0709
28273;6505;31;54501-2W000;545012W000
28274;6505;80;BDJ2100;BDJ2100
28275;6506;31;54500-2W000;545002W000
28276;6506;80;BDJ2101;BDJ2101
28277;6507;31;54501R1000;54501R1000
28278;6507;80;BDJ2198;BDJ2198
28284;5038;31;500348789;500348789
28285;6509;31;526113M6M01;526113M6M01
28286;6509;100;3541/2012;35412012
28287;6510;31;JS1/18097/AA;JS118097AA
28288;6510;100;3541/2012;35412012
28289;6511;31;54661B8850;54661B8850
28290;6511;100;3542/2012;35422012
28291;6512;31;54651B8060;54651B8060
28292;6512;100;3542/2012;35422012
28293;5936;31;44305TEKM01;44305TEKM01
28294;5936;31;44305TT4M01;44305TT4M01
28295;6513;31;81831-BX010;81831BX010
28296;6513;31;81841-BX010;81841BX010
28297;6514;31;81161S1000;81161S1000
28298;6515;31;81160-3J000;811603J000
28299;6516;31;81770-3J020;817703J020
28300;6517;31;904528241R;904528241R
28301;6518;31;8185077R01;8185077R01
28302;6527;76;AL-207;AL207
28303;6527;49;NKF8281;NKF8281
28304;6527;31;2QB5016111;2QB5016111
28305;6528;116;HFCD02;HFCD02
28306;6528;76;AL-804;AL804
28307;6528;49;NKF8025;NKF8025
28308;6528;31;357407615;357407615
28309;6529;116;HFCD25A;HFCD25A
28310;6529;76;AL96;AL96
28311;6529;31;90496444;90496444
28312;6529;31;9433004;9433004
28313;6530;116;HFCT20;HFCT20
28314;6530;76;AL-102;AL102
28315;6530;49;NKF8032;NKF8032
28316;6530;31;93261829;93261829
28317;6531;76;AL-4040;AL4040
28318;6531;31;13507454;13507454
28319;6532;76;AL-698;AL698
28320;6532;49;NKF8288;NKF8288
28321;6532;31;26698388;26698388
28322;6533;76;AL-4038;AL4038
28323;6533;49;NKF8289;NKF8289
28324;6533;31;26698389;26698389
28325;6534;116;HFCD712;HFCD712
28326;6534;76;AL-578;AL578
28328;6535;31;30639877/30748192;3063987730748192
28329;6536;31;31277810/31329970;3127781031329970
28330;6537;116;HFCD500D;HFCD500D
28331;6537;76;AL-525;AL525
28332;6537;49;NKF8184;NKF8184
28333;6537;31;435020K030;435020K030
28334;6538;49;NKF8280;NKF8280
28335;6538;31;4350KK020;4350KK020
28336;6539;116;HFCD500C;HFCD500C
28337;6539;76;AL-985;AL985
28338;6539;49;NKF8081;NKF8081
28339;6539;31;90369T0003;90369T0003
28340;6540;76;AL-4030;AL4030
28341;6540;49;NKF8285;NKF8285
28342;6540;31;424500D120;424500D120
28343;6541;76;AL-4029;AL4029
28344;6541;49;NKF8284;NKF8284
28345;6541;31;435600D110;435600D110
28346;6541;31;435600D111;435600D111
28347;6542;76;AL-4028;AL4028
28348;6542;49;NKF8283;NKF8283
28349;6542;31;435500D160;435500D160
28350;6542;31;435500D161;435500D161
28351;6543;116;HFCD358;HFCD358
28352;6543;76;AL-762;AL762
28353;6543;31;517501P000;517501P000
28354;6543;31;9427018;9427018
28355;6544;76;AL-4047;AL4047
28356;6544;31;68088498AD;68088498AD
28357;6544;31;68088499AD;68088499AD
28358;6544;31;K68088498AD;K68088498AD
28359;6545;76;AL-325;AL325
28360;6545;31;8K0501611A;8K0501611A
28361;6545;31;8K0598611;8K0598611
28362;6545;31;8W0598611A;8W0598611A
28363;6546;116;HFCD41A;HFCD41A
28364;6546;49;NKF8287;NKF8287
28365;6546;31;330780;330780
28366;6546;31;9428036;9428036
28367;6546;31;9647052187;9647052187
28368;6546;31;9651610487;9651610487
28369;5445;31;1866129;1866129
28371;5449;31;24304381;24304381
28372;6547;31;8036010X01;8036010X01
28373;6548;31;55310B8050;55310B8050
28374;6548;31;55310B8250-BI;55310B8250BI
28375;6548;100;3541/2012;35412012
28376;6549;31;9583200630;9583200630
28377;6549;100;3541/2012;35412012
28378;535;31;82 00 735 264;8200735264
28379;6550;31;MSI/18045/BA;MSI18045BA
28380;6550;100;3542/2012;35422012
28381;6551;31;9583200130;9583200130
28382;6551;100;3541/2012;35412012
28383;6552;31;5000359930;5000359930
28384;6555;31;3027272;3027272
28385;6555;31;70377054;70377054
28386;6557;100;2080/2016;20802016
28387;6557;73;1385C;1385C
28388;6553;49;NJH37-468S;NJH37468S
28389;6554;49;NJH38-469S;NJH38469S
28390;347;48;GS440;GS440
28391;347;49;MG 16215;MG16215
28392;233;48;GS433;GS433
28393;234;48;GS432;GS432
28396;646;48;334930MM;334930MM
28397;646;49;HG 30738;HG30738
28398;647;48;334930MM;334930MM
28399;647;49;HG 30738;HG30738
28400;351;48;334930MM;334930MM
28401;351;49;HG 30738;HG30738
28402;379;49;MG 17053;MG17053
28404;168;49;MG 17261;MG17261
28405;103;49;MG 17260;MG17260
28408;496;49;MG 17236;MG17236
28409;514;49;MG 17243;MG17243
28410;179;49;MG 17466;MG17466
28411;270;49;MG 16957;MG16957
28412;497;49;MG 17238;MG17238
28414;503;49;MG 17481;MG17481
28415;481;49;MG 17394;MG17394
28416;381;49;MG 17269;MG17269
28417;387;49;MG 17268;MG17268
28418;191;49;MG 17346;MG17346
28419;531;49;MG 17476;MG17476
28420;494;49;MG 17289;MG17289
28421;464;49;MG 17472;MG17472
28422;393;49;MG 17468;MG17468
28423;394;49;MG 17288;MG17288
28426;151;49;MG 17344;MG17344
28427;152;49;MG 17345;MG17345
28428;252;49;MG 17348;MG17348
28429;52;49;MG 17342;MG17342
28430;433;49;MG 20224;MG20224
28431;463;49;MG 17340;MG17340
28432;461;49;MG 17471;MG17471
28433;214;49;MG 17266;MG17266
28434;192;49;MG 17347;MG17347
28435;493;49;MG 17277;MG17277
28436;522;49;MG 17366;MG17366
28437;2105;49;MG 17259;MG17259
28438;2112;49;MG 17230;MG17230
28439;2247;49;MG 17262;MG17262
28440;2519;49;MG 17231;MG17231
28442;2016;49;AC 35804;AC35804
28443;610;48;334826MM;334826MM
28444;1920;49;HG 36055;HG36055
28445;3727;48;334056MM;334056MM
28446;3727;49;HG 30773;HG30773
28447;518;31;81771-3L000;817713L000
28448;518;31;8200048867;8200048867
28449;518;31;F6309110;F6309110
28450;84;50;333157;333157
28451;84;50;333831;333831
28452;84;50;633151;633151
28453;84;50;633831;633831
28454;84;48;38053;38053
28455;84;49;SE30727;SE30727
28456;84;31;93281358;93281358
28457;6558;31;4853142301;4853142301
28458;6558;31;4853142480;4853142480
28459;6558;100;3541/2012;35412012
28460;6559;31;4851080821;4851080821
28461;6559;100;3542/2012;35422012
28462;6560;31;4852080497;4852080497
28463;6560;100;3542/2012;35422012
28464;6561;31;26442895;26442895
28465;6561;100;3542/2012;35422012
28466;6562;31;26442894;26442894
28467;6562;100;3542/2012;35422012
28468;1949;31;93828781;93828781
28469;6534;31;44600SJKJ00;44600SJKJ00
28471;6563;31;A9793260400;A9793260400
28472;6563;100;3541/2012;35412012
28473;6564;48;15728;15728
28474;6564;48;334728MM;334728MM
28475;6564;48;37728;37728
28476;6564;49;AC 25003;AC25003
28477;6564;31;1135130311;1135130311
28478;6564;100;1956/2018;19562018
28479;6565;31;2023667;2023667
28480;6566;31;1960501;1960501
28481;6567;31;1960500;1960500
28482;6568;31;9842180380;9842180380
28483;6568;100;3542/2012;35422012
28484;6569;31;9842171180;9842171180
28485;6569;100;3542/2012;35422012
28486;6570;31;6025.014.084.00.9;6025014084009
28487;6570;100;6934/2020;69342020
28489;3706;31;5Q0513029EB;5Q0513029EB
28490;4662;49;HG 41248;HG41248
28491;4662;31;5WA413031;5WA413031
28492;6131;48;SP343;SP343
28493;6131;49;HG41009;HG41009
28494;6131;49;HG41011;HG41011
28495;6131;31;CN1518K001A1B;CN1518K001A1B
28496;6131;31;CN1518K001A1D;CN1518K001A1D
28497;6131;31;CN1518K001B1B;CN1518K001B1B
28498;6132;48;SP342;SP342
28499;6132;49;HG41010;HG41010
28500;6132;31;CN1518045A1B;CN1518045A1B
28501;6132;31;CN1518045A1D;CN1518045A1D
28502;6132;31;CN1518045B1B;CN1518045B1B
28503;6511;31;546612W200-BI;546612W200BI
28504;6512;31;546512W200-BI;546512W200BI
28505;3448;31;5801600915;5801600915
28506;6125;48;54443;54443
28507;6125;31;3823237500;3823237500
28508;6572;31;2V5413031F;2V5413031F
28509;6572;100;3541/2012;35412012
28510;6573;31;3Q0501203B;3Q0501203B
28511;6574;31;3Q0501204B;3Q0501204B
28512;6575;76;AL-199;AL199
28513;6575;49;NKF8315;NKF8315
28514;6575;31;7136680200;7136680200
28515;6576;76;AL-237;AL237
28516;6576;49;NKF8286;NKF8286
28517;6576;31;98190774780;98190774780
28518;6577;49;NKF8291;NKF8291
28519;6577;31;33416760058;33416760058
28520;6578;31;1437643;1437643
28521;6578;31;8G912C300;8G912C300
28522;6579;116;HFCD404;HFCD404
28523;6579;76;AL-564;AL564
28524;6579;139;18847;18847
28525;6579;31;9329002K;9329002K
28526;6579;31;LR014147;LR014147
28527;6579;31;RFM500010;RFM500010
28528;6580;116;HFCD716;HFCD716
28529;6580;76;AL-558;AL558
28530;6580;139;18558;18558
28531;6580;31;4779706AB;4779706AB
28532;6580;31;52122190AB;52122190AB
28533;6581;49;N93102;N93102
28534;6581;31;26262065;26262065
28535;6581;80;PVI0301;PVI0301
28536;6581;56;503461;503461
28537;6582;49;N 99583;N99583
28538;6582;31;4010A015;4010A015
28539;6582;80;PVS9162;PVS9162
28540;6582;54;JBJ7547;JBJ7547
28541;6582;56;503203;503203
28542;6583;31;455100D460;455100D460
28543;6583;80;BRD0717;BRD0717
28544;6583;100;9062/2014;90622014
28545;6583;56;680659;680659
28546;1536;49;N 97002;N97002
28547;6584;31;9824652580;9824652580
28548;6585;31;488300-02030;48830002030
28549;6586;31;11663979-00;1166397900
28550;6587;31;11935499-00;1193549900
28553;4721;31;2269R;2269R
28554;6595;116;HFCD308;HFCD308
28555;6595;76;AL-4046;AL4046
28556;6595;31;13507355;13507355
28557;6595;31;13517641;13517641
28558;6595;31;135407355;135407355
28559;6534;31;44600TLAA00;44600TLAA00
28560;6596;116;HFCD72B;HFCD72B
28561;6596;76;AL-680;AL680
28562;6596;49;NKF8181;NKF8181
28563;6596;31;93810034;93810034
28564;6597;31;RUC500120;RUC500120
28565;6598;31;68088498AD;68088498AD
28566;6598;31;68088499AD;68088499AD
28567;6598;31;K68088498AD;K68088498AD
28568;6589;48;27299;27299
28569;6589;48;379299SP;379299SP
28570;6589;49;HG 41285;HG41285
28571;6589;31;CA340278;CA340278
28572;6589;100;011021/2023;110212023
28591;6599;49;NJH33-0393;NJH330393
28592;6599;31;K68100422AF;K68100422AF
28593;6599;31;K68100423AF;K68100423AF
28594;6600;76;AL-1773;AL1773
28595;6600;49;NJH30-0716;NJH300716
28596;6600;31;LR003159;LR003159
28600;6602;59;SK389S;SK389S
28601;6603;59;SK91021S;SK91021S
28602;6605;59;SK906S;SK906S
28603;6592;31;2R2823359;2R2823359
28604;6593;49;MG16599;MG16599
28605;6593;31;51791703;51791703
28606;6594;49;MG17129;MG17129
28607;6594;31;5U6 827 550;5U6827550
28608;6606;59;SK388S;SK388S
28609;6136;31;2906101XGW01A;2906101XGW01A
28610;6182;31;1623465;1623465
28611;6182;31;1792422;1792422
28612;6607;48;SP345;SP345
28613;6607;49;HG41278;HG41278
28614;6607;31;CN15/18097/BC/;CN1518097BC
28615;6607;100;3541/2012;35412012
28616;3692;31;543025RA1C;543025RA1C
28617;3693;31;543025RA1C;543025RA1C
28618;5886;31;904505R00A;904505R00A
28619;5886;31;904515R00A;904515R00A
28620;6608;31;20496217;20496217
28621;6608;31;8078547;8078547
28622;6609;31;281700004752;281700004752
28623;6609;31;5801230080;5801230080
28624;6609;31;5802707614;5802707614
28625;4748;58;FI-363-BC;FI363BC
28626;4748;80;BDJ0139SP;BDJ0139SP
28627;4749;58;FI-362-BC;FI362BC
28628;4749;80;BDJ0138SP;BDJ0138SP
28629;6365;58;FI-356-BC;FI356BC
28630;6365;58;FI-362-BC;FI362BC
28631;6365;31;52177272 ;52177272
28632;6365;80;BDJ0138SP;BDJ0138SP
28633;6366;58;FI-357-BC;FI357BC
28634;6366;58;FI-363-BC;FI363BC
28635;6366;31;52177274;52177274
28636;6366;80;BDJ0139SP;BDJ0139SP
28637;6614;116;HFCT843A;HFCT843A
28638;6614;49;NKF8295;NKF8295
28639;6614;31;432100013R;432100013R
28640;6614;31;ROL-432107045R;ROL432107045R
28641;2623;49;HG 31164;HG31164
28642;6610;31;731700001539;731700001539
28643;6610;31;97383885;97383885
28644;2121;49;HG 41284;HG41284
28645;2121;100;011025/2023;110252023
28646;3210;49;HG 41279;HG41279
28647;6611;31;23M513031B;23M513031B
28648;6611;31;23M513031C;23M513031C
28649;6611;100;3541/2012;35412012
28650;2614;49;HG 33097;HG33097
28651;2615;49;HG 33098;HG33098
28652;6612;31;9686809480;9686809480
28653;6613;31;J72-6309010;J726309010
28654;4656;31;BC4516C826BA;BC4516C826BA
28655;4854;48;E7808;E7808
28656;4854;48;G2514;G2514
28657;4854;48;M53ZG2514;M53ZG2514
28658;6209;31;2QB407615A;2QB407615A
28659;6209;31;2QG362765V;2QG362765V
28660;6210;31;AB311106BF;AB311106BF
28661;6210;31;UC3C33060D;UC3C33060D
28662;6211;31;402023026R;402023026R
28663;6212;31;31206789508;31206789508
28664;6212;31;31206852091;31206852091
28665;5840;49;N92083;N92083
28666;5840;31;BV61-3395-AB;BV613395AB
28667;5840;80;PVI0227;PVI0227
28668;5840;54;JBJ1259;JBJ1259
28669;5840;56;503405;503405
28670;5841;49;N92082;N92082
28671;5841;31;BV61-3395-BB;BV613395BB
28672;5841;80;PVI0226;PVI0226
28673;5841;54;JBJ1260;JBJ1260
28674;5841;56;503406;503406
28675;5842;49;N99244;N99244
28676;5842;31;51220SSTK-A01;51220SSTKA01
28677;5842;80;PVI0406;PVI0406
28678;5842;56;503261;503261
28679;5843;31;51220TEAT01;51220TEAT01
28680;5843;80;PVI0410;PVI0410
28681;5844;31;4806909300;4806909300
28682;5845;31;40110VJ200;40110VJ200
28683;5845;80;PVS2860;PVS2860
28684;5845;53;VKDS4770;VKDS4770
28685;5845;56;503102;503102
28686;5846;31;54501-D3000 RH;54501D3000RH
28687;5846;80;PVI2102;PVI2102
28688;5847;31;54501-D3000 lH;54501D3000LH
28689;5847;80;PVI2101;PVI2101
28690;5848;31;MB860829;MB860829
28691;5848;80;PVS9160;PVS9160
28692;5848;53;VKDS6011;VKDS6011
28693;5849;49;N99250;N99250
28694;5849;31;51945321;51945321
28695;5849;80;PVI2404;PVI2404
28696;5849;56;503409;503409
28697;5854;49;N93050;N93050
28698;5854;80;BRD0373;BRD0373
28699;5855;49;N99211;N99211
28700;5855;31;53010-TR0-A01;53010TR0A01
28701;5855;80;BRD0412;BRD0412
28702;5855;54;JARB0097;JARB0097
28703;5856;49;N99163;N99163
28704;5856;80;BRD0613;BRD0613
28705;5856;56;680496;680496
28706;5857;49;N99303;N99303
28707;5857;31;480015RB0A - Part;480015RB0APART
28708;5857;80;BRD3300;BRD3300
28709;5850;49;N99200;N99200
28710;5850;31;8201108332;8201108332
28711;5850;80;TDI1156;TDI1156
28712;5850;54;JTE1194;JTE1194
28713;5851;49;N99201;N99201
28714;5851;31;8201108339;8201108339
28715;5851;80;TDI1157;TDI1157
28716;5851;54;JTE1195;JTE1195
28717;5851;56;335424;335424
28718;5852;31;48520-5RB0A;485205RB0A
28719;5852;56;335584;335584
28720;5853;31;48640-5RB0A;486405RB0A
28721;5853;56;335585;335585
28722;6615;48;65482;65482
28723;6615;100;3541/2012;35412012
28724;591;48;SP271;SP271
28725;591;49;HG31248;HG31248
28726;591;31;5Z0512011P;5Z0512011P
28727;591;100;011021/2023;110212023
28731;6617;48;334437MM;334437MM
28732;6617;48;54437;54437
28733;6617;49;AC 30786;AC30786
28734;6617;49;AC 30831;AC30831
28735;6617;31;2375130311;2375130311
28736;6617;100;6934/2020;69342020
28737;6618;49;MG 17075;MG17075
28738;6619;48;SP120;SP120
28739;6619;49;HG 31214;HG31214
28740;6619;49;HG 31215;HG31215
28741;6619;31;52052307;52052307
28742;6619;31;52128183;52128183
28743;6619;31;52152970 ;52152970
28744;6619;31;52152971;52152971
28745;6619;100;6934/2020;69342020
28746;6620;48;SP004;SP004
28747;6620;49;HG 41268;HG41268
28748;6620;31;48530 0DF30;485300DF30
28749;6620;31;48530 OD410;48530OD410
28750;6620;31;485300D400;485300D400
28751;6620;31;485300D420;485300D420
28752;6620;100;011021/2023;110212023
28753;6621;50;340080;340080
28754;6621;48;27024;27024
28755;6621;49;HG 36031;HG36031
28756;6621;31;465389940;465389940
28757;6621;31;7090792;7090792
28758;6621;100;6934/2020;69342020
28759;6622;49;HG 41267;HG41267
28760;6622;31;48510 D390 C;48510D390C
28761;6622;31;485100D390;485100D390
28762;6622;31;485100DE90;485100DE90
28763;6622;100;011023/2023;110232023
28764;6623;31;51894339;51894339
28765;6624;49;MG17278;MG17278
28766;6624;31;81770 1S010;817701S010
28767;6624;31;81770 1S011;817701S011
28768;6624;31;81780 1S010;817801S010
28769;6624;31;81780 1S011;817801S011
28770;6625;31;81770-M4000;81770M4000
28771;6625;31;81780-M4000;81780M4000
28772;6626;31;5U7 827 550 G;5U7827550G
28773;6627;31;748203M6305;748203M6305
28774;6627;31;74820-3M6-M011-M1;748203M6M011M1
28775;6627;31;748703M6305;748703M6305
28776;6628;50;333756;333756
28777;6628;50;333856;333856
28778;6628;48;SP018;SP018
28779;6628;49;HG 31104;HG31104
28780;6628;49;HG 31105;HG31105
28781;6628;100;3542/2012;35422012
28782;6629;50;333755;333755
28783;6629;48;SP018;SP018
28784;6629;49;HG 31104;HG31104
28785;6629;49;HG 31105;HG31105
28786;6629;100;3542/2012;35422012
28787;270;31;46845605;46845605
28788;270;31;8299978669;8299978669
28789;270;31;K05109514AB;K05109514AB
28790;1526;31;2QB-411-315;2QB411315
28791;1526;31;6R0411315;6R0411315
28792;3703;100;011021/2023;110212023
28793;450;100;011021/2023;110212023
28794;499;100;011021/2023;110212023
28795;500;100;011023/2023;110232023
28796;501;100;011023/2023;110232023
28797;2368;100;011023/2023;110232023
28798;391;100;011023/2023;110232023
28799;4659;31;1481372;1481372
28800;4659;31;1845910;1845910
28801;4659;31;2031866;2031866
28802;4684;31;XS41A406A1;XS41A406A1
28803;6630;31;904522228R;904522228R
28804;6631;31;94770164;94770164
28805;6632;31;8731P7;8731P7
28806;6632;31;9852458180;9852458180
28807;6633;49;MG17465;MG17465
28808;6633;31;81161B8001;81161B8001
28809;6634;31;74145T2G316;74145T2G316
28810;6634;31;74145T2GA11;74145T2GA11
28811;6634;31;74195T2G316;74195T2G316
28812;6634;31;74820T0GA11;74820T0GA11
28813;6634;31;74870T0GA11;74870T0GA11
28814;6635;31;81771C5011;81771C5011
28815;6635;31;81781C5011;81781C5011
28816;6636;49;MG17367;MG17367
28817;6636;31;904518867R;904518867R
28818;4661;31;51320-TVA-A01;51320TVAA01
28819;6637;100;3541/2012;35412012
28823;6638;100;3541/2012;35412012
28824;6639;50;341339;341339
28825;6639;48;334785MM;334785MM
28826;6639;48;83785;83785
28827;6639;49;AC 30911;AC30911
28828;6639;100;6934/2020;69342020
28829;6640;31;543021983R;543021983R
28830;6640;31;543022196R;543022196R
28831;6640;31;543023954R;543023954R
28832;6640;31;543028587R;543028587R
28833;6640;100;3542/2012;35422012
28834;6641;49;AC 36056;AC36056
28835;6641;100;3541/2012;35412012
28836;6643;31;2231832;2231832
28837;6644;31;2623819;2623819
28838;6645;31;1462266;1462266
28839;6645;31;2023667;2023667
28840;6646;31;1761377;1761377
28841;6646;31;2074003;2074003
28842;2185;49;AC 43064;AC43064
28845;3013;31;6009013576009;6009013576009
28846;5457;48;CB0042;CB0042
28847;5457;49;AC 43048;AC43048
28848;5457;31;1303516;1303516
28849;5457;31;1436055;1436055
28850;5457;140;ST 346 SF;ST346SF
28851;5458;49;AC 43010;AC43010
28852;5458;140;ST 235 ES;ST235ES
28853;6270;31;1381919;1381919
28854;6270;140;ST 002;ST002
28855;6608;140;ST077;ST077
28856;6470;31;9583172603;9583172603
28858;6470;140;ST 383;ST383
28859;6471;140;ST 107;ST107
28860;6609;140;ST367;ST367
28861;6643;140;ST 378;ST378
28862;3014;48;37747;37747
28863;3014;49;AC 25041;AC25041
28864;3014;31;A3448907019;A3448907019
28865;2186;31;6884278;6884278
28866;2177;31;520275;520275
28867;2178;31;1675201;1675201
28868;3015;31;TJG899515;TJG899515
28869;3016;31;A3848917005;A3848917005
28870;3019;31;A6823177103;A6823177103
28871;2188;48;37913;37913
28872;2188;49;AC 31191;AC31191
28873;2188;31;8123563;8123563
28874;2187;31;3162022;3162022
28876;4719;49;AC 43007;AC43007
28877;4719;140;ST 071 SF;ST071SF
28878;4826;48;CB0007;CB0007
28879;4826;49;AC 43006;AC43006
28880;4826;31;1622227;1622227
28881;4826;140;ST 063 SF;ST063SF
28882;5038;48;CB0073;CB0073
28883;5038;49;AC 43050;AC43050
28884;5038;31;99431373;99431373
28885;5038;31;99433007;99433007
28886;5038;31;99433008;99433008
28887;5038;31;99433009;99433009
28888;5038;31;99454195;99454195
28889;5038;31;99454196;99454196
28890;5038;31;99454197;99454197
28891;5038;140;ST 058;ST058
28892;5048;48;CB0028;CB0028
28893;5048;49;AC 43005;AC43005
28894;5048;31;16297228;16297228
28895;4827;31;20504055;20504055
28896;4827;31;20966742;20966742
28897;4827;31;82052323;82052323
28898;4827;140;ST 309;ST309
28900;5049;49;AC 43008;AC43008
28901;5049;140;ST 081 SF;ST081SF
28902;5704;48;CB0136;CB0136
28903;5704;49;AC 43012;AC43012
28904;5704;140;ST 337 SF;ST337SF
28905;5705;48;CB0137;CB0137
28906;5705;49;AC 43011;AC43011
28907;5705;31;504080540;504080540
28908;5705;140;ST 042 SF;ST042SF
28909;5706;48;CB0116;CB0116
28910;5706;49;AC 43018;AC43018
28911;5706;140;ST 174 SF;ST174SF
28912;5707;48;CB0015;CB0015
28913;5707;49;AC 43017;AC43017
28914;5707;140;ST 173 SF;ST173SF
28915;6397;49;AC 43002;AC43002
28916;6397;31;9408904419;9408904419
28917;6397;31;9408904819;9408904819
28918;6397;140;ST 106 ES;ST106ES
28919;6398;49;AC 43000;AC43000
28920;6398;31;9408904179;9408904179
28921;6398;31;9583171003;9583171003
28922;6398;31;9583171103;9583171103
28923;6398;140;ST 107 SF;ST107SF
28924;6398;140;ST107;ST107
28925;6472;140;ST 301;ST301
28926;2191;48;38269;38269
28927;2191;31;1431746;1431746
28928;2192;48;38272;38272
28929;2192;31;1768072;1768072
28930;2190;49;AC 43029;AC43029
28931;2190;31;1348119;1348119
28932;2190;31;1348477;1348477
28933;2190;140;ST 003;ST003
28934;2430;48;38264;38264
28935;2430;31;1382827;1382827
28936;2426;48;38263;38263
28937;2426;49;AC 43030;AC43030
28938;2426;31;1363120;1363120
28939;2426;31;1363122;1363122
28940;2426;31;1397386;1397386
28941;2426;31;1397388;1397388
28942;2426;31;1397390;1397390
28943;2426;31;1397392;1397392
28944;2426;31;1424227;1424227
28945;2426;140;ST001;ST001
28946;2425;48;38269;38269
28947;2425;49;AC 43031;AC43031
28948;2425;31;1381906;1381906
28949;2425;31;1397394;1397394
28950;2425;31;1402271;1402271
28951;2425;31;1435856;1435856
28952;2425;140;ST 005;ST005
28953;2424;48;38268;38268
28954;2424;31;1340581;1340581
28955;2429;49;AC 43020;AC43020
28956;2429;31;1505563;1505563
28957;5459;48;CB0097;CB0097
28958;5459;140;ST 076;ST076
28960;5461;140;ST 344 ES;ST344ES
28961;5695;49;AC 43044;AC43044
28962;5695;140;ST 342 ES;ST342ES
28963;6203;140;ST 380;ST380
28964;6203;140;ST380ES;ST380ES
28965;6473;48;CB0162;CB0162
28966;6473;31;6938900519;6938900519
28967;6473;31;9408900519;9408900519
28968;6473;31;9408901019;9408901019
28969;6473;31;9408903719;9408903719
28970;6473;140;ST 085;ST085
28971;6644;140;ST379;ST379
28972;6645;140;ST324;ST324
28973;5039;48;CB0095;CB0095
28974;5039;49;AC 43049;AC43049
28975;5039;31;41028759;41028759
28976;5039;31;41028760;41028760
28977;5039;31;41028761;41028761
28978;5039;31;41028762;41028762
28979;5039;31;500348797;500348797
28980;5039;31;500377861;500377861
28981;5039;140;ST 048;ST048
28982;5174;140;ST 116;ST116
28983;5044;48;CB0220;CB0220
28984;5044;49;AC 43051;AC43051
28985;5044;31;9583170603;9583170603
28986;5044;31;9703171803;9703171803
28987;5044;31;9703174203;9703174203
28988;5044;140;ST 102;ST102
28989;5046;48;CB0148;CB0148
28990;5046;49;AC 43003;AC43003
28991;5046;31;9428900519;9428900519
28992;5046;31;9583170703;9583170703
28993;5046;140;ST 168;ST168
28994;5047;48;CB0022;CB0022
28995;5051;49;AC 43065;AC43065
28996;5051;140;ST 109 SF;ST109SF
28997;5465;49;AC 43034;AC43034
28998;5465;140;ST 211 ES;ST211ES
28999;5467;31;504084379;504084379
29000;5467;31;504115381;504115381
29001;5467;140;ST 315;ST315
29002;6182;48;CB0049;CB0049
29003;6182;49;AC 43045;AC43045
29004;6182;31;1817663;1817663
29005;6182;140;ST 340;ST340
29006;6240;31;500387621;500387621
29007;6240;31;504084381;504084381
29008;6240;140;ST316;ST316
29009;6321;31;9583170103;9583170103
29010;6321;31;9583170303;9583170303
29011;6321;31;9703172903;9703172903
29012;6321;31;9703173903970;9703173903970
29013;6321;31;9703174703;9703174703
29014;6488;31;505000259;505000259
29015;6488;140;ST 028;ST028
29016;6566;140;ST 355;ST355
29017;6474;31;6938900119;6938900119
29018;6474;31;9408901819;9408901819
29019;6474;140;ST 087;ST087
29020;6610;48;CB0219;CB0219
29021;6610;49;AC 43013;AC43013
29022;6610;140;ST362;ST362
29023;6586;31;SEH2906100;SEH2906100
29024;5044;141;AC0029;AC0029
29025;6249;48;65444;65444
29026;6249;49;AC 45029;AC45029
29027;6249;31;A3683230400;A3683230400
29028;6249;31;A3683231100;A3683231100
29029;480;100;011025/2023;110252023
29030;1976;48;54463;54463
29031;1976;49;AC36021;AC36021
29032;3724;31;5Z6827550E;5Z6827550E
29033;3724;31;5Z6827550J;5Z6827550J
29034;6586;31;TA-2906020B;TA2906020B
29039;6648;48;379065SP;379065SP
29040;6648;49;HG 31255;HG31255
29041;6648;31;52100367;52100367
29042;6648;100;6934/2020;69342020
29043;6649;49;HG41161;HG41161
29044;6649;31;51611TEKM01;51611TEKM01
29045;6649;100;3542/2012;35422012
29046;6650;49;HG41162;HG41162
29047;6650;31;51621TEKM01;51621TEKM01
29048;6650;100;3542/2012;35422012
29049;6651;31;6008.014.765.00.9;6008014765009
29050;6651;100;3541/2012;35412012
29051;6652;48;65492;65492
29052;6652;49;AC36083;AC36083
29053;6652;31;5801315582;5801315582
29054;6652;100;6934/2020;69342020
29055;6653;50;443472;443472
29056;6653;48;27995;27995
29057;6653;48;SP995;SP995
29058;6653;49;HG 41041;HG41041
29059;6653;31;CA330233;CA330233
29060;6653;31;CAPA0342;CAPA0342
29061;6653;100;3543/2012;35432012
29062;6654;49;AC 45030;AC45030
29063;6654;31;A3683260400;A3683260400
29064;6654;100;3541/2012;35412012
29065;6655;49;AC45028;AC45028
29066;6655;31;A6343200130;A6343200130
29067;6655;100;3541/2012;35412012
29068;6656;48;65482;65482
29069;6656;48;70482;70482
29070;6656;49;AC45008;AC45008
29071;6656;100;3541/2012;35412012
29072;6663;49;N93075;N93075
29073;6663;31;84196992;84196992
29074;6657;49;HG 41432;HG41432
29075;6657;31;"9821452080 
98 215 844 80";98214520809821584480
29076;6657;31;9821584480;9821584480
29077;6657;100;3542/2012;35422012
29078;6658;49;HG 41431;HG41431
29079;6658;31;98 214 516 80;9821451680
29080;6658;31;98 215 843 80;9821584380
29081;6658;100;3542/2012;35422012
29082;6659;31;51247060622;51247060622
29083;6672;70;PD2360;PD2360
29084;6672;31;68412364AA;68412364AA
29085;6672;100;2078/2016;20782016
29086;6672;73;3137;3137
29087;6660;48;15014;15014
29088;6660;48;334014MM;334014MM
29089;6660;49;AC 30668;AC30668
29090;6660;100;1956/2018;19562018
29091;2276;31;26293813;26293813
29092;2276;31;26697528;26697528
29093;2276;31;54830F2000;54830F2000
29094;4222;31;555302W000;555302W000
29095;4222;31;55530-3R000;555303R000
29096;3583;31;54830 4L000;548304L000
29097;3583;31;54830 4V000;548304V000
29098;3583;31;54830 D3000;54830D3000
29099;3583;31;548302V000;548302V000
29100;6673;31;26442898;26442898
29101;6673;31;26442900;26442900
29102;6673;100;3541/2012;35412012
29103;6674;31;2GX513049A;2GX513049A
29104;6674;100;3541/2012;35412012
29105;6675;31;J7BZ18125R;J7BZ18125R
29106;6675;100;3541/2012;35412012
29107;6676;48;54455;54455
29108;6676;49;AC 36057;AC36057
29109;6676;100;1956/2018;19562018
29110;6677;100;1883/2016;18832016
29111;6678;73;9182;9182
29112;6679;100;2075/2016;20752016
29113;6680;100;2075/2016;20752016
29114;6681;100;2075/2016;20752016
29115;6682;100;2080/2016;20802016
29116;6683;100;2078/2016;20782016
29117;6684;100;2080/2016;20802016
29118;6684;73;3134;3134
29119;6685;100;2078/2016;20782016
29122;6686;49;HG41294;HG41294
29123;6686;31;84316884;84316884
29124;6686;31;84316889;84316889
29125;6686;31;84361752;84361752
29126;6686;31;84361807;84361807
29127;6686;31;84361808;84361808
29128;6686;31;84865844;84865844
29129;6686;100;3541/2012;35412012
29130;295;48;379024SP;379024SP
29131;2343;48;379327SP;379327SP
29132;6512;48;746003SP;746003SP
29133;6699;49;N6075;N6075
29134;6699;31;7086253;7086253
29135;6699;80;PVI1058;PVI1058
29136;6699;56;503179;503179
29137;6700;49;N3069;N3069
29138;6700;31;352800;352800
29139;6700;80;PVI1051;PVI1051
29140;6700;56;503123;503123
29141;6687;31;52150617;52150617
29142;6688;31;52150614;52150614
29143;6691;31;44306SNEA01;44306SNEA01
29144;6692;31;44305SNJM01;44305SNJM01
29145;6693;31;391009309R;391009309R
29147;6695;31;391009330R;391009330R
29148;6696;31;391016631R;391016631R
29149;6697;31;434200A120;434200A120
29150;6698;31;434100A110;434100A110
29151;6711;49;N99277;N99277
29152;6711;31;51967456;51967456
29153;6711;80;BRD2404;BRD2404
29154;6711;100;9062/2014;90622014
29155;6711;56;680565;680565
29156;6712;49;N93055;N93055
29157;6712;31;19149839;19149839
29158;6712;80;BRD0370;BRD0370
29159;6712;100;9062/2014;90622014
29160;6712;56;680370;680370
29161;6713;49;N99210;N99210
29162;6713;31;485212373R;485212373R
29163;6713;80;BRD0614;BRD0614
29164;6713;100;9061/2014;90612014
29165;6713;56;680551;680551
29166;6701;49;N99097;N99097
29167;6701;31;53540-SNA-A01;53540SNAA01
29168;6701;80;TDI1093;TDI1093
29169;6701;100;9066/2014;90662014
29170;6701;56;335334;335334
29171;6702;49;N99096;N99096
29172;6702;31;53560-SNA-A01;53560SNAA01
29173;6702;80;TDI1092;TDI1092
29174;6702;100;9066/2014;90662014
29175;6702;56;335333;335333
29176;6703;49;N99058;N99058
29177;6703;31;7701-047-415;7701047415
29178;6703;80;TDI0133;TDI0133
29179;6703;100;9066/2014;90662014
29180;6703;56;335091;335091
29181;6704;49;N99059;N99059
29182;6704;31;7701-047-416;7701047416
29183;6704;80;TDI0134;TDI0134
29184;6704;100;9066/2014;90662014
29185;6704;56;335090;335090
29186;6705;49;N99224;N99224
29187;6705;31;45046-09681;4504609681
29188;6705;80;TDEI0701;TDEI0701
29189;6705;100;9066/2014;90662014
29190;6705;56;335509;335509
29191;6706;49;N99223;N99223
29192;6706;31;45047-09341;4504709341
29193;6706;80;TDI0702;TDI0702
29194;6706;100;9066/2014;90662014
29195;6706;56;335510;335510
29196;6707;49;N99225;N99225
29197;6707;31;4504609310;4504609310
29198;6707;80;TDI1078;TDI1078
29199;6707;100;9066/2014;90662014
29200;6707;56;335198;335198
29201;6708;49;N99590;N99590
29202;6708;31;45046-09820;4504609820
29203;6708;80;TDI0741;TDI0741
29204;6708;100;9066/2014;90662014
29205;6708;56;335676;335676
29206;6709;49;N99208;N99208
29207;6709;31;1608025280;1608025280
29208;6709;80;TDI0902;TDI0902
29209;6709;100;9066/2014;90662014
29210;6709;56;335463;335463
29211;6710;49;N99209;N99209
29212;6710;31;161-000-0080;1610000080
29213;6710;31;1638019880;1638019880
29214;6710;80;TDI0901;TDI0901
29215;6710;100;9066/2014;90662014
29216;6710;56;335462;335462
29217;1535;31;546186LB0A;546186LB0A
29218;6714;100;2075/2016;20752016
29219;6714;73;2057;2057
29220;6715;100;2077/2016;20772016
29221;6715;73;1562;1562
29222;644;48;334784MM;334784MM
29223;235;48;334000MM;334000MM
29224;225;48;808009MM;808009MM
29227;2087;48;65416;65416
29230;2098;48;65413;65413
29231;1987;48;65402;65402
29233;2060;48;65423;65423
29235;2014;48;65440;65440
29236;2088;48;65462;65462
29237;1908;48;65448;65448
29238;1908;48;65452;65452
29239;2090;48;65485;65485
29240;2089;48;65455;65455
29241;1928;48;65503;65503
29242;2097;48;650414MG;650414MG
29243;2094;48;65466;65466
29244;1989;48;650457MG;650457MG
29245;1989;48;65405;65405
29246;1989;48;65443;65443
29247;1989;48;65461;65461
29248;2026;48;65456;65456
29249;2027;48;650457MG;650457MG
29250;2003;48;65464;65464
29251;1993;48;54463;54463
29252;1993;31;A6953267100;A6953267100
29253;1993;31;A6953267199;A6953267199
29254;2080;48;65491;65491
29255;2062;48;650508MG;650508MG
29256;2085;48;54496;54496
29257;2085;48;CB0003;CB0003
29259;2043;48;650514MG;650514MG
29260;2041;48;650515MG;650515MG
29261;2041;48;65463;65463
29262;3573;48;650510;650510
29263;3575;48;CB0194;CB0194
29264;3277;48;65496;65496
29265;5804;48;640550MG;640550MG
29266;5454;48;CB0172;CB0172
29269;5862;48;CB0207;CB0207
29270;6239;48;65449;65449
29271;6270;141;AC0022;AC0022
29272;6270;48;CB0173;CB0173
29273;445;48;379297SP;379297SP
29274;477;48;379150SP;379150SP
29275;2177;48;37914;37914
29276;3020;48;640552MG;640552MG
29277;471;48;379146SP;379146SP
29279;545;48;38060GP;38060GP
29280;649;48;38060GP;38060GP
29281;547;48;38055GP;38055GP
29282;3443;48;D5471AD;D5471AD
29283;6564;48;334019MM;334019MM
29284;6397;141;08050007;8050007
29285;6397;141;MH0007;MH0007
29286;6397;48;CB0236;CB0236
29287;2192;48;38260;38260
29288;2430;141;AC0018;AC0018
29289;2425;141;AC0023;AC0023
29290;26;48;43804;43804
29291;9;100;011021/2023;110212023
29292;185;48;334320MM;334320MM
29293;438;48;334319;334319
29294;2367;48;72563;72563
29295;6646;141;0805.0001;8050001
29296;6646;141;0805.0039;8050039
29297;6646;141;MH0001;MH0001
29298;6646;141;MH0039;MH0039
29299;6646;48;CB0182;CB0182
29300;2116;48;334321MM;334321MM
29302;490;48;334280;334280
29303;384;48;808012MM;808012MM
29304;571;48;83736GP;83736GP
29305;571;100;011021/2023;110212023
29306;572;48;334298MM;334298MM
29307;572;100;011021/2023;110212023
29308;536;48;SP214;SP214
29309;526;100;011021/2023;110212023
29310;661;48;379381;379381
29311;258;48;334023MM;334023MM
29312;2314;48;379329SP;379329SP
29313;2346;48;84753;84753
29314;2382;48;SP146;SP146
29315;2365;48;379064;379064
29316;2410;48;379054SP;379054SP
29317;2570;48;G1083GP;G1083GP
29318;2572;48;G1364;G1364
29319;4284;48;379061SP;379061SP
29320;6466;48;G2226;G2226
29321;4694;48;379053;379053
29322;5399;48;37302;37302
29323;148;48;83766GPLE;83766GPLE
29324;265;48;379014;379014
29325;363;48;334007MM;334007MM
29326;222;48;379525SP;379525SP
29327;404;48;334453MM;334453MM
29328;368;48;334311MM;334311MM
29329;1952;48;54523;54523
29330;1948;48;54520;54520
29331;1949;48;54521;54521
29332;218;48;379523SP;379523SP
29333;1950;48;640540MG;640540MG
29334;1951;48;54522;54522
29335;533;48;334294MM;334294MM
29336;492;48;334278;334278
29337;2343;48;379326SP;379326SP
29338;2345;48;334317;334317
29339;2345;48;84754;84754
29340;2336;48;84751GP;84751GP
29341;410;48;334006MM;334006MM
29342;4447;48;640553MG;640553MG
29343;4447;48;640555MG;640555MG
29344;4447;48;640558MG;640558MG
29345;5194;48;379048SP;379048SP
29346;5165;48;640556MG;640556MG
29347;5165;48;640557MG;640557MG
29348;413;48;334312MM;334312MM
29349;418;48;334102MM;334102MM
29350;418;48;379931;379931
29351;520;48;808420MM;808420MM
29352;521;48;808429MM;808429MM
29353;296;48;749011;749011
29354;266;48;749104;749104
29355;249;48;808424MM;808424MM
29356;272;48;808423MM;808423MM
29357;251;48;808427MM;808427MM
29358;537;48;808428MM;808428MM
29359;186;48;808425MMLD;808425MMLD
29360;187;48;808426MMLE;808426MMLE
29361;187;100;011023/2023;110232023
29362;273;48;808412MM;808412MM
29363;289;48;808422MM;808422MM
29364;685;48;749005SP;749005SP
29365;105;48;SP019;SP019
29366;669;48;749015SPLE;749015SPLE
29367;670;48;749014SPLD;749014SPLD
29368;2366;48;72123;72123
29369;2464;48;808417MM;808417MM
29370;2464;48;SP036;SP036
29371;2487;48;379077SP;379077SP
29372;3121;48;806013MMLD;806013MMLD
29373;3122;48;806014MMLE;806014MMLE
29374;6445;48;749074;749074
29375;6445;48;749076;749076
29376;6446;48;749075;749075
29377;6446;48;749077;749077
29378;6494;48;808416MM;808416MM
29379;458;48;334173MM;334173MM
29380;540;48;808404MM;808404MM
29381;274;48;808608MM;808608MM
29382;592;48;SP268;SP268
29383;4170;48;808178MM;808178MM
29384;589;48;SP2637;SP2637
29385;183;48;808336MMLE;808336MMLE
29386;194;48;749051;749051
29387;194;100;011023/2023;110232023
29388;662;48;749380;749380
29389;678;48;808415MM;808415MM
29390;677;48;808414MM;808414MM
29391;683;48;SP085;SP085
29392;684;48;SP084;SP084
29393;687;48;SP320;SP320
29394;2118;48;749037SPLE;749037SPLE
29395;2117;48;749036SPLD;749036SPLD
29396;2614;48;749039SP;749039SP
29397;2615;48;749040SP;749040SP
29398;2620;48;808529MM;808529MM
29399;2621;48;808530MM;808530MM
29400;3650;48;808419MM;808419MM
29401;3649;48;808418MM;808418MM
29404;2361;48;749029SPLE;749029SPLE
29405;2362;48;749031PLE;749031PLE
29406;2396;48;808541MMLD;808541MMLD
29407;2397;48;808542MMLD;808542MMLD
29408;2413;48;808525;808525
29409;2413;48;808525MM;808525MM
29410;2414;48;808526;808526
29411;2414;48;808526MM;808526MM
29412;2556;48;95603GP;95603GP
29413;2557;48;95604GP;95604GP
29414;2536;48;72261;72261
29415;2624;48;16497;16497
29416;2554;48;72509;72509
29417;2554;48;72509LD;72509LD
29418;2555;48;72510;72510
29419;2555;48;72510LE;72510LE
29420;3204;48;749026SP;749026SP
29421;3534;48;749082;749082
29422;3535;48;749083;749083
29423;3532;48;749080;749080
29424;3533;48;749081;749081
29425;3527;48;749094SP;749094SP
29426;3528;48;749095SP;749095SP
29427;3563;48;808243MMLD;808243MMLD
29428;3564;48;808244MMLE;808244MMLE
29429;3566;48;808599MM;808599MM
29430;3567;48;808600MM;808600MM
29431;3701;48;749079SPLE;749079SPLE
29432;3700;48;749078SPLD;749078SPLD
29433;3699;48;808566MM;808566MM
29434;3679;48;808606MMLD;808606MMLD
29435;3681;48;808605MMLE;808605MMLE
29436;3705;48;742116MM;742116MM
29437;4666;48;808532MMLD;808532MMLD
29438;4665;48;808531MMLD;808531MMLD
29439;4479;48;749054SP;749054SP
29440;4480;48;749055SP;749055SP
29441;4602;48;806127MM;806127MM
29442;4693;48;742241;742241
29443;4692;48;742240;742240
29444;4417;48;808598MM;808598MM
29445;4416;48;808597MM;808597MM
29446;4559;48;742071;742071
29447;5696;48;808536;808536
29448;5697;48;808535;808535
29449;4664;48;D0038AD;D0038AD
29450;4619;48;G8096GPLE;G8096GPLE
29451;4618;48;G8095GPLD;G8095GPLD
29452;6649;48;808523MM;808523MM
29453;6650;48;808524MM;808524MM
29454;6076;48;16497SP;16497SP
29455;6106;48;808337MM;808337MM
29456;6107;48;808336MM;808336MM
29457;6108;48;808396MM;808396MM
29458;6109;48;808395MM;808395MM
29459;6511;48;746002SP;746002SP
29460;2115;100;011023/2023;110232023
29461;440;48;SP026;SP026
29462;451;48;SP993;SP993
29463;428;48;23858;23858
29464;197;48;808410;808410
29465;197;48;808410MM;808410MM
29466;197;48;93301GP;93301GP
29467;197;48;95301;95301
29468;197;48;95301GP;95301GP
29469;197;100;011023/2023;110232023
29470;1997;48;54425;54425
29471;2035;48;640536MG;640536MG
29472;2081;48;65490;65490
29474;2030;48;54444;54444
29475;2004;48;54449;54449
29476;2260;48;54495;54495
29477;2070;48;54431;54431
29478;2064;48;54442;54442
29479;2065;48;54441;54441
29480;2000;48;54426;54426
29482;2013;48;640549MG;640549MG
29483;1917;48;334412MM;334412MM
29484;2022;48;54427;54427
29485;1983;48;38042;38042
29486;2077;48;640559MG;640559MG
29490;1968;48;640530;640530
29491;1968;48;CB0236;CB0236
29492;1973;48;640543;640543
29493;1975;48;54506;54506
29494;1955;48;65492;65492
29495;1956;48;65493;65493
29496;1953;48;98036;98036
29497;1976;48;640542;640542
29498;2545;48;CB0212;CB0212
29499;5698;48;640554MG;640554MG
29500;6551;48;65501;65501
29501;6551;48;65502;65502
29502;653;48;334102MM;334102MM
29503;653;48;379931;379931
29504;4421;48;376039;376039
29505;359;48;808899;808899
29506;359;48;808899MM;808899MM
29507;320;48;808004MM;808004MM
29508;324;48;808030MM;808030MM
29509;525;48;94143GP;94143GP
29510;546;48;43901GP;43901GP
29511;546;48;808400MM;808400MM
29512;149;48;808161MMLE;808161MMLE
29513;655;48;334102MM;334102MM
29514;422;48;334103MM;334103MM
29515;3704;48;SP270;SP270
29517;3982;48;42041;42041
29518;6423;48;334318MM;334318MM
29519;6253;48;83749GP;83749GP
29520;6253;48;83750GP;83750GP
29521;2057;48;65409;65409
29522;2057;48;70409;70409
29523;1904;48;65447;65447
29524;6719;31;54830C5000;54830C5000
29538;6718;31;84316879;84316879
29539;6718;31;84316882;84316882
29540;6718;31;84865843;84865843
29541;6718;100;3542/2012;35422012
29542;1891;31;6010.014.053.00.6;6010014053006
29543;6718;49;HG41293;HG41293
29544;6718;31;84230385;84230385
29545;6721;49;HG41292;HG41292
29546;6721;31;84230384;84230384
29547;6721;31;84316877;84316877
29548;6721;31;84316881;84316881
29549;6721;31;84865842;84865842
29550;6721;100;3542/2012;35422012
29551;1956;31;5801298359;5801298359
29552;4658;31;5802168829;5802168829
29553;6722;100;2078/2016;20782016
29554;6722;73;2148;2148
29555;4160;60;MB 4440;MB4440
29556;6723;48;54500;54500
29557;6723;31;A6283230400;A6283230400
29558;6723;100;3541/2012;35412012
29559;6450;31;52610T9LM01;52610T9LM01
29560;6724;49;N96041;N96041
29561;6724;31;K04877743AB;K04877743AB
29562;6724;31;K04877742AB;K04877742AB
29563;6724;80;PVI0130;PVI0130
29564;6724;56;503291;503291
29565;6725;49;N99205;N99205
29566;6725;31;40160-2374R;401602374R
29567;6725;31;40160-2379R;401602379R
29568;6725;31;40160-38374R;4016038374R
29569;6725;31;40161-1363R;401611363R
29570;6725;80;PVI0607;PVI0607
29571;6725;56;503286;503286
29572;6726;49;N99204;N99204
29573;6726;31;40160-8374R;401608374R
29574;6726;31;8200688877;8200688877
29575;6726;80;PVI0608;PVI0608
29576;6726;56;503287;503287
29577;6727;49;N99082;N99082
29578;6727;31;40160-2S601;401602S601
29579;6727;80;PVI2860;PVI2860
29580;6727;56;503103;503103
29581;6728;49;N99228;N99228
29582;6728;31;5441743A00;5441743A00
29583;6728;80;PVS1002;PVS1002
29584;6728;56;503201;503201
29585;6729;49;N99533;N99533
29586;6729;31;981-865-7580;9818657580
29587;6729;80;PVI0900;PVI0900
29588;6734;49;N99214;N99214
29589;6734;31;455030D110;455030D110
29590;6734;80;BRD0707;BRD0707
29591;6734;100;9062/2014;90622014
29592;6734;56;680550;680550
29593;6730;49;N99492;N99492
29594;6730;31;485201756R;485201756R
29595;6730;31;485206512R;485206512R
29596;6730;100;9066/2014;90662014
29597;6731;49;N99227;N99227
29598;6731;31;48520-6730R;485206730R
29599;6731;80;TDI0623;TDI0623
29600;6731;100;9066/2014;90662014
29601;6731;56;335512;335512
29602;6732;49;N99226;N99226
29603;6732;31;48520-0780R;485200780R
29604;6732;80;TDI0622;TDI0622
29605;6732;100;9066/2014;90662014
29606;6732;56;335511;335511
29607;6733;49;N99172;N99172
29608;6733;31;56820-47500;5682047500
29609;6733;80;TDI5310;TDI5310
29610;6733;100;9066/2014;90662014
29611;6733;56;335310;335310
29612;6754;63;011.2236;112236
29613;6754;60;9325;9325
29614;6754;31;8200806340;8200806340
29615;6754;59;8148;8148
29616;6755;63;LT80102;LT80102
29617;6755;31;54560613R;54560613R
29618;6755;59;8199;8199
29619;6738;76;AL-433;AL433
29620;6738;31;52182575;52182575
29621;6739;76;AL-434;AL434
29622;6739;31;52174614;52174614
29623;6740;116;HFCT42B;HFCT42B
29624;6740;76;AL-435;AL435
29625;6740;31;52178843;52178843
29626;6741;76;AL-4055;AL4055
29627;6741;31;44200T02T51;44200T02T51
29628;6742;76;AL-4056;AL4056
29629;6742;31;52730Q6000;52730Q6000
29630;6756;31;53199490;53199490
29631;6757;31;53199489;53199489
29632;5978;31;52190203;52190203
29633;5979;31;52190206;52190206
29634;2260;31;A3843237500;A3843237500
29637;5477;31;546601S111;546601S111
29638;5478;31;546501S111;546501S111
29639;3863;59;SK443S;SK443S
29641;2278;31;31340273;31340273
29642;2278;31;3M51-3B438-AC;3M513B438AC
29643;2278;31;643168236;643168236
29644;2278;31;9839725980;9839725980
29645;2278;31;AV61-3B438-AA;AV613B438AA
29646;2278;31;AV6Z-5K484-B;AV6Z5K484B
29647;2278;31;K68259979AA;K68259979AA
29648;2278;31;W520113/S4/42;W520113S442
29649;2013;31;A6343260300;A6343260300
29650;6781;31;55307M7410;55307M7410
29651;6781;100;3541/2012;35412012
29652;6782;31;A3843267600;A3843267600
29653;6782;100;6934/2020;69342020
29654;6783;48;640535MG;640535MG
29655;6783;31;2P0513031D;2P0513031D
29656;6783;100;6934/2020;69342020
29657;4166;63;011.2747;112747
29658;4166;60;MB 9344;MB9344
29659;4166;59;8128;8128
29660;5501;31;52210069;52210069
29661;5502;31;52210066;52210066
29662;6673;49;HG 41519;HG41519
29663;5708;49;HG 41523;HG41523
29664;5474;48;84753;84753
29665;5474;49;HG 41524;HG41524
29666;6561;49;HG 41517;HG41517
29667;6562;49;HG 41518;HG41518
29668;602;50;664024;664024
29669;602;50;9647500;9647500
29670;603;50;664024;664024
29671;603;50;9647500;9647500
29673;657;50;9647500;9647500
29677;2088;31;8365419;8365419
29678;2056;31;1498734;1498734
29679;2056;31;1523283;1523283
29680;2057;31;1478317;1478317
29682;2057;31;1523289;1523289
29683;2057;31;483553;483553
29684;1904;31;HT18045AA;HT18045AA
29685;1909;31;HT18080EA;HT18080EA
29686;1909;31;TAL513031;TAL513031
29687;2090;31;1609553;1609553
29688;2093;31;20385020;20385020
29689;1989;31;A3453267000;A3453267000
29690;1989;31;A3453267200;A3453267200
29691;1989;31;A3453268000;A3453268000
29692;2031;31;A6753260700;A6753260700
29693;2259;31;3843267000;3843267000
29694;2259;31;A3843267600;A3843267600
29696;2061;31;1523287;1523287
29697;2085;31;20900497;20900497
29698;1960;31;A9793260200;A9793260200
29699;2185;141;MH0015;MH0015
29700;6239;31;2V2899515C;2V2899515C
29701;6470;141;MH0028;MH0028
29702;607;50;341439;341439
29703;607;50;9417500;9417500
29704;116;50;443134;443134
29705;117;50;443134;443134
29706;4719;141;AC0026;AC0026
29707;4719;31;21376976;21376976
29708;4826;141;AC0012;AC0012
29709;5049;141;AC0011;AC0011
29711;5050;141;AC0033;AC0033
29712;6397;31;A9408904819;A9408904819
29713;6398;141;MH0003;MH0003
29714;6398;31;A9583171003;A9583171003
29715;80;50;345063;345063
29716;659;50;9417500;9417500
29717;3885;31;9843111180;9843111180
29718;615;50;664024;664024
29719;615;50;9647500;9647500
29720;588;50;348015;348015
29721;3813;50;348015;348015
29722;4668;50;348090;348090
29723;4892;50;343352;343352
29724;5459;141;AC0013;AC0013
29725;5459;31;A9583172103;A9583172103
29727;5461;141;MH0026;MH0026
29728;5695;141;MH0025;MH0025
29729;5695;31;BC455C398CA;BC455C398CA
29730;6645;31;2023666;2023666
29731;2338;100;011021/2023;110212023
29732;181;100;011021/2023;110212023
29733;571;50;344202;344202
29734;2548;50;343455;343455
29735;688;50;341439;341439
29736;688;50;441126;441126
29737;688;50;9417500;9417500
29738;2323;100;011021/2023;110212023
29739;2337;50;349144;349144
29740;2337;100;011021/2023;110212023
29741;3703;50;3430038;3430038
29742;3680;50;3440035;3440035
29743;3706;50;3430023;3430023
29744;4854;50;3448011;3448011
29745;5195;50;344822;344822
29746;4824;50;3430079;3430079
29747;5312;50;343348;343348
29748;5046;141;AC0014;AC0014
29749;5047;141;MH0018;MH0018
29750;5047;31;A9583171503;A9583171503
29751;5051;141;MH0016;MH0016
29752;5467;141;MH0029;MH0029
29753;5469;50;3440116;3440116
29754;5680;50;3440035;3440035
29755;6558;50;349024;349024
29756;6036;50;349067;349067
29757;6240;141;MH0030;MH0030
29758;6240;31;504115382;504115382
29759;6321;141;MH0009;MH0009
29760;6321;31;A9583172503;A9583172503
29761;6321;31;A9583170303;A9583170303
29762;6276;50;3440082;3440082
29763;6323;50;3448017;3448017
29764;574;50;341396;341396
29765;574;100;011025/2023;110252023
29767;81;50;343063;343063
29768;169;50;343308;343308
29769;108;50;345059;345059
29770;128;50;344042;344042
29771;128;50;444335;444335
29772;133;50;344041;344041
29773;133;50;444236;444236
29774;134;50;344041;344041
29775;134;50;444236;444236
29776;2336;50;3417502;3417502
29777;5194;50;341742;341742
29778;5068;50;344042;344042
29779;5068;50;444335;444335
29780;5069;50;344041;344041
29781;5069;50;444236;444236
29782;6277;50;341396;341396
29783;421;100;011025/2023;110252023
29784;82;50;633151;633151
29785;78;50;3338031;3338031
29786;79;50;3338030;3338030
29787;110;50;3338031;3338031
29788;111;50;3338030;3338030
29789;64;50;3330118;3330118
29790;106;50;3338030;3338030
29792;3957;50;9337515;9337515
29793;3538;50;9337516;9337516
29794;592;50;9347514;9347514
29795;10;50;3348031;3348031
29796;589;50;339711;339711
29797;3686;100;011023/2023;110232023
29798;3685;100;011023/2023;110232023
29799;86;50;339419;339419
29800;87;50;339418;339418
29801;687;50;9347514;9347514
29802;623;50;3348051;3348051
29803;623;50;9347514;9347514
29804;2321;100;011023/2023;110232023
29805;2322;100;011023/2023;110232023
29806;2369;50;335814;335814
29807;2550;50;3358020;3358020
29808;2624;50;335814;335814
29809;3705;50;3348039;3348039
29810;4422;50;3350026;3350026
29811;4423;50;3350027;3350027
29812;4662;50;335814;335814
29813;5316;50;339741;339741
29814;6559;50;339334;339334
29815;6560;50;339335;339335
29816;6076;50;335814;335814
29817;6280;50;3348027;3348027
29818;432;100;011023/2023;110232023
29819;563;100;011023/2023;110232023
29820;44;50;444336;444336
29821;167;50;444341;444341
29822;45;50;445096;445096
29823;46;50;445097;445097
29824;141;50;445096;445096
29825;142;50;445097;445097
29826;135;50;344042;344042
29827;135;50;444335;444335
29831;47;50;444341;444341
29832;50;50;444336;444336
29833;2546;31;22187669;22187669
29834;6125;31;22304936;22304936
29835;360;50;333079;333079
29836;65;50;333157;333157
29837;65;50;633151;633151
29838;126;50;334099;334099
29839;126;50;334100;334100
29840;655;50;340078;340078
29841;3704;50;343438;343438
29842;140;50;344041;344041
29843;140;50;444236;444236
29844;3976;50;3338031;3338031
29845;362;50;333079;333079
29847;6785;100;3541/2012;35412012
29848;6786;49;41449;41449
29849;6786;31;31317960;31317960
29850;6786;31;31317961;31317961
29851;6786;31;31317962;31317962
29852;6786;31;31406826;31406826
29853;6786;31;31406827;31406827
29854;6786;31;31454388;31454388
29855;6786;100;3541/2012;35412012
29856;6787;31;54650H8750;54650H8750
29857;6787;100;3542/2012;35422012
29858;6788;31;54660H8750;54660H8750
29859;6788;100;3542/2012;35422012
29860;6789;31;2GX413031C;2GX413031C
29861;6789;100;3542/2012;35422012
29862;6790;31;E43029AN2AIN;E43029AN2AIN
29863;6790;100;3542/2012;35422012
29864;6791;31;E43029AN2AIN;E43029AN2AIN
29865;6791;100;3542/2012;35422012
29866;6792;31;54651M7410;54651M7410
29867;6792;100;3542/2012;35422012
29868;6793;31;54650M7410;54650M7410
29869;6793;100;3542/2012;35422012
29873;2060;52;315 711;315711
29874;2088;52;315 843;315843
29875;2056;52;315 755;315755
29876;2057;52;315 711;315711
29877;1904;52;315 714;315714
29878;1908;52;315 716;315716
29879;1909;52;315 716;315716
29880;1909;52;315 717;315717
29881;2090;52;315 863;315863
29882;1900;52;315 715;315715
29883;1927;52;315 773;315773
29884;1928;52;315 773;315773
29885;2093;52;315 710;315710
29886;1989;52;315 845;315845
29887;2031;52;315 846;315846
29890;2061;52;315 712;315712
29892;2085;52;315 842;315842
29893;1960;52;315 718;315718
29894;3276;52;317 374;317374
29895;3275;52;350 818;350818
29896;3277;52;315 591;315591
29897;5445;52;319 844;319844
29898;6468;52;350 342;350342
29899;6638;52;315 491;315491
29900;2185;52;316 730;316730
29901;6239;52;350 253;350253
29902;6470;52;316 807;316807
29903;6609;52;315 703;315703
29904;6609;52;319 769;319769
29905;4719;52;316 779;316779
29906;4826;52;316 803;316803
29907;5167;52;316811;316811
29908;5049;52;316 778;316778
29909;5050;52;316 804;316804
29910;6272;52;350 255;350255
29911;6274;52;350 256;350256
29912;6275;52;350 257;350257
29913;6397;52;350 254;350254
29914;6398;52;315 669;315669
29915;5459;52;315 668;315668
29917;5461;52;316757;316757
29918;5695;52;316 813;316813
29919;6645;52;316 799;316799
29920;6645;52;316 800;316800
29921;6646;52;316 798;316798
29922;5044;52;317 859;317859
29923;5046;52;316 805;316805
29924;5047;52;315 670;315670
29925;5051;52;316 802;316802
29926;5467;52;315 522;315522
29927;6240;52;315 523;315523
29928;6321;52;311888;311888
29929;2546;52;315 489;315489
29930;6125;52;350 817;350817
29932;6718;31;84230383;84230383
29933;6721;31;84230382;84230382
29934;6511;31;546612P400;546612P400
29935;6511;31;546612P900-BI;546612P900BI
29936;6512;31;546512P400;546512P400
29937;6512;31;546512P900-BI;546512P900BI
29938;1928;31;TAR513031;TAR513031
29939;6805;31;52611TLAA51;52611TLAA51
29940;6805;100;3541/2012;35412012
29941;6806;31;51621TLAA51;51621TLAA51
29942;6806;100;3542/2012;35422012
29943;6807;31;51611TLAA51;51611TLAA51
29944;6807;100;3542/2012;35422012
29945;6808;50;633278;633278
29946;6808;48;334296MM;334296MM
29947;6808;48;38296;38296
29948;6808;49;SE 31143;SE31143
29949;6808;49;SE 33143;SE33143
29950;6808;31;51764897;51764897
29951;6808;100;6936/2020;69362020
29952;1793;66;FZ00100053G;FZ00100053G
29953;6790;31;E430329AM1AIN;E430329AM1AIN
29954;6791;31;E43039AM1AIN;E43039AM1AIN
29955;6810;50;633279;633279
29956;6810;48;334295MM;334295MM
29957;6810;48;38295;38295
29958;6810;49;SE 31142;SE31142
29959;6810;31;51764286;51764286
29960;6810;31;51807140;51807140
29961;6810;31;81764286;81764286
29962;6810;100;6935/2020;69352020
29963;2031;48;65458;65458
29964;2031;31;A6953260000;A6953260000
29965;6637;48;65419;65419
29966;6637;48;65441;65441
29967;6637;49;AC 45013;AC45013
29968;6637;31;137026;137026
29969;6637;31;1370267;1370267
29970;6637;31;1861118;1861118
29972;6637;52;315 848;315848
29973;507;50;345076;345076
29974;507;48;79387SP;79387SP
29975;507;48;SP190;SP190
29976;507;49;HG 31032;HG31032
29977;507;31;9684012180;9684012180
29978;3543;50;3338041;3338041
29979;3543;49;HG 31265;HG31265
29980;3543;31;1S0413031H;1S0413031H
29981;93;48;MR 27065;MR27065
29982;93;31;9617984/001;9617984001
29983;6815;31;54830 3K010;548303K010
29984;6815;31;5483031000;5483031000
29985;6811;49;HG 41447;HG41447
29986;6811;31;31317922;31317922
29987;6811;31;31317928;31317928
29988;6811;31;31406829;31406829
29989;6811;31;31406831;31406831
29990;6811;100;3542/2012;35422012
29991;6812;31;1406831;1406831
29992;6812;31;31317922;31317922
29993;6812;31;31317928;31317928
29994;6812;31;31406829;31406829
29995;6812;100;3542/2012;35422012
29996;6813;31;54651BX000;54651BX000
29997;6813;100;3542/2012;35422012
29998;6814;31;54650BX000;54650BX000
29999;6814;100;3542/2012;35422012
30000;6821;31;52054177;52054177
30001;6825;49;AC 36065;AC36065
30002;6825;100;3541/2012;35412012
30003;6826;31;BG2X62008AA;BG2X62008AA
30004;6827;31;2750461;2750461
30005;6827;31;950705;950705
30006;6827;31;W02-358-7012;W023587012
30007;6827;140;STA 7019;STA7019
30008;3254;31;0051977024-001;51977024001
30009;3254;31;00521820120;521820120
30010;3254;31;52182012;52182012
30011;3255;31;51942168;51942168
30012;3255;31;52182013;52182013
30016;6828;49;N 99216;N99216
30017;6828;31;485213172R;485213172R
30018;6828;100;9062/2014;90622014
30019;6828;56;680559;680559
30020;2023;48;65444;65444
30021;2023;48;70444;70444
30022;2031;48;70458;70458
30023;2031;31;3843267500;3843267500
30024;6723;31;6343230200;6343230200
30025;2020;31;6343260000;6343260000
30028;1986;31;3883237000;3883237000
30029;3742;100;0648/2024;6482024
30030;685;31;543029233R;543029233R
30031;686;31;543022071R;543022071R
30032;686;31;543022785R;543022785R
30033;2080;31;2Z0513031B;2Z0513031B
30034;6249;31;A3683231000;A3683231000
30035;5707;141;MP0001;MP0001
30036;5707;52;311663;311663
30037;5970;48;334569MM;334569MM
30038;5970;48;334570MM;334570MM
30039;5970;49;HG 41384;HG41384
30040;5970;49;HG 41387;HG41387
30041;5970;31;J682915010;J682915010
30042;5970;31;"T152915010
T1T1
T152915010
T152915010";T152915010T1T1T152915010T152915010
30043;2030;31;3843237300;3843237300
30044;2030;31;3843237400;3843237400
30045;2030;31;A3843237400;A3843237400
30046;2030;52;315 906;315906
30047;1928;48;65459;65459
30048;2082;31;2Z0413031C;2Z0413031C
30049;2013;31;A364323740;A364323740
30050;6829;31;2040310;2040310
30051;6829;140;ST 356;ST356
30052;6830;31;516113M6M01;516113M6M01
30053;6830;100;3542/2012;35422012
30054;6831;31;516213M6M01;516213M6M01
30055;6831;100;3542/2012;35422012
30056;6832;31;9859404180;9859404180
30057;6832;100;127/2013;1272013
30058;6833;31;9859404280;9859404280
30059;6833;100;127/2013;1272013
30060;6834;50;333756;333756
30061;6834;48;SP019;SP019
30062;6834;49;HG 31104;HG31104
30063;6834;31;94761910;94761910
30064;6834;100;3542/2012;35422012
30065;6835;50;333755;333755
30066;6835;48;SP018;SP018
30067;6835;49;HG 31105;HG31105
30068;6835;49;HG 31108;HG31108
30069;6835;31;94761911;94761911
30070;6835;100;3542/2012;35422012
30071;6723;31;11189882-00;1118988200
30072;6836;49;AC 30816;AC30816
30073;6837;49;AC 30838;AC30838
30074;6838;31;9859470480;9859470480
30075;6838;100;021/2013;212013
30076;6839;31;J7BZ18124AE;J7BZ18124AE
30077;6839;100;3542/2012;35422012
30078;6840;31;J7BZ18124AF;J7BZ18124AF
30079;6840;100;3542/2012;35422012
30080;6675;48;SP363;SP363
30081;6675;49;HG 41142;HG41142
30082;6675;31;AE8118080AD;AE8118080AD
30083;6675;31;BE8Z18125A;BE8Z18125A
30085;6841;100;3542/2012;35422012
30087;6842;100;3542/2012;35422012
30088;141;49;AC 35721;AC35721
30089;6843;50;3348031;3348031
30090;6843;50;334812;334812
30091;6843;48;27154;27154
30092;6843;48;SP154;SP154
30093;6843;49;HG 33009;HG33009
30094;6843;31;1JO413031AG;1JO413031AG
30095;6843;100;3542/2012;35422012
30096;6851;58;AD-12004-B;AD12004B
30097;6851;49;NBJ1017D;NBJ1017D
30098;6851;31;6RD407152A;6RD407152A
30099;6851;31;6R0407152F;6R0407152F
30100;6851;80;BDJ1400;BDJ1400
30101;6852;58;AD-12005-B;AD12005B
30102;6852;49;NBJ1017E;NBJ1017E
30103;6852;31;6RD407151A;6RD407151A
30104;6852;31;6R0407151F;6R0407151F
30105;6852;80;BDJ1401;BDJ1401
30106;6853;31;52154568;52154568
30107;6854;31;52154574;52154574
30108;6855;58;FI-370-C;FI370C
30109;6855;31;52154568;52154568
30110;6855;80;BDJ0150;BDJ0150
30111;6856;58;FI-371-C;FI371C
30112;6856;31;52154574;52154574
30113;6856;80;BDJ0151;BDJ0151
30114;6857;31;51350-TLA-A71;51350TLAA71
30115;6857;80;BDJ0408;BDJ0408
30116;6858;31;51360-TLA-A70;51360TLAA70
30117;6858;80;BDJ0409;BDJ0409
30118;6859;31;51350-T1W-E12;51350T1WE12
30119;6860;31;51360-T1W-E12;51360T1WE12
30120;6844;31;7N15/18045/AC;7N1518045AC
30121;6844;100;3542/2012;35422012
30122;6845;31;1313657100;1313657100
30123;6846;31;904504923R;904504923R
30124;6846;31;904518452R;904518452R
30125;6847;31;748203R40032;748203R40032
30126;6847;31;748203R4305;748203R4305
30127;6848;31;2V3823359A;2V3823359A
30128;6849;31;95429721;95429721
30129;6849;31;95429722;95429722
30130;6850;31;90460W060P;90460W060P
30131;6850;31;90461W060P;90461W060P
30132;6861;49;N92013;N92013
30133;6861;31;98KU-3L519AA;98KU3L519AA
30134;6861;100;9062/2014;90622014
30135;6861;56;680239;680239
30136;6450;48;SP142;SP142
30137;6450;49;41169;41169
30138;6450;31;52610T5NM01;52610T5NM01
30139;6450;31;"52610T9LM112
M1";52610T9LM112M1
30140;2004;31;6963237100;6963237100
30141;1975;48;54505;54505
30142;1975;49;AC 36076;AC36076
30143;1975;52;315 907;315907
30144;6862;31;562108859R;562108859R
30145;6862;100;021/2013;212013
30146;6863;31;543027255R;543027255R
30147;6863;100;127/2013;1272013
30148;6864;31;52184203;52184203
30149;6864;31;52184205;52184205
30150;6864;100;127/2013;1272013
30151;6865;31;52184202;52184202
30152;6865;31;52184204;52184204
30153;6865;100;127/2013;1272013
30154;6866;31;TA-2916030A;TA2916030A
30155;6867;31;TA-2916040A;TA2916040A
30156;6868;31;2906102AGW02A;2906102AGW02A
30157;6868;31;2906102XGW02A;2906102XGW02A
30158;4825;31;32213635;32213635
30159;4825;31;S1559;S1559
30160;6869;49;N93042;N93042
30161;6869;31;94745281;94745281
30162;6869;56;503379;503379
30163;6870;49;N96052;N96052
30164;6870;31;52044919;52044919
30165;6870;100;9062/2014;90622014
30166;6870;56;680650;680650
30167;6871;49;N92042;N92042
30168;6871;31;UC2M-32-24XA;UC2M3224XA
30169;6871;100;9061/2014;90612014
30170;6871;56;680526;680526
30171;4662;31;5WA413031CT;5WA413031CT
30172;6872;76;AL-1004;AL1004
30173;6872;49;NJH01-103D;NJH01103D
30174;6873;63;546.6083;5466083
30175;6873;76;AL-1092;AL1092
30176;6873;49;NJH23-449-1;NJH234491
30177;6873;67;523-449-1;5234491
30178;6874;63;546.6078;5466078
30179;6874;76;AL-1043;AL1043
30180;6874;49;NJH56-509;NJH56509
30181;6874;53;VKJA 48001 A;VKJA48001A
30182;6874;67;356-509;356509
30184;6882;76;AL-1029;AL1029
30185;6882;49;NJH35-909;NJH35909
30186;6882;31;XS614K258BA;XS614K258BA
30187;6882;53;VKJA41012A;VKJA41012A
30188;6882;67;1735909;1735909
30189;6883;49;NJH51-D290;NJH51D290
30190;6885;49;NJH22-6882;NJH226882
30191;6886;31;52043354;52043354
30192;6886;31;52083747;52083747
30193;6888;76;AL-1084;AL1084
30194;6888;49;NJH11-084S;NJH11084S
30195;6888;67;953821HD;953821HD
30196;6889;76;AL-1474;AL1474
30197;6889;49;NJH17-474S;NJH17474S
30198;6890;76;AL-1473;AL1473
30199;6890;49;NJH16-473S;NJH16473S
30200;6895;76;AL1163;AL1163
30201;6895;49;NJH20-163S;NJH20163S
30202;6895;67;953722HD;953722HD
30203;6902;76;AL1442;AL1442
30204;6902;49;NJH49-442S;NJH49442S
30205;6906;76;AL1183;AL1183
30206;6906;49;NJH10-183S;NJH10183S
30207;6908;76;AL-1123;AL1123
30208;6908;49;NJH13-123S;NJH13123S
30209;6909;76;AL-1122;AL1122
30210;6909;49;NJH12-122S;NJH12122S
30211;6910;76;AL-1079;AL1079
30212;6910;49; NJH11-079S;NJH11079S
30213;6911;31;53.345.186;53345186
30214;6912;76;AL634;AL634
30215;6912;49;NJH13-375;NJH13375
30216;6913;76;AL642;AL642
30217;6913;49;NJH13-5010;NJH135010
30218;6914;76;AL872;AL872
30219;6914;49;NJH03-872T;NJH03872T
30220;6915;49;NJH36-448T;NJH36448T
30221;6916;49;NJH37-449T;NJH37449T
30222;6917;49;NJH31-406T;NJH31406T
30224;6918;49;N92044;N92044
30225;6918;31;4381927;4381927
30226;6918;80;PVI3394;PVI3394
30227;6918;56;503336;503336
30228;6919;49;N99176;N99176
30229;6919;31;40160-EB300;40160EB300
30230;6919;80;PVI3307;PVI3307
30231;6919;56;503370;503370
30232;6922;49;N99252;N99252
30233;6922;31;53010-T7W-003;53010T7W003
30234;6922;100;9062/2014;90622014
30235;6922;56;680606;680606
30236;6923;49;N99167;N99167
30237;6923;31;3812G1;3812G1
30238;6923;80;BRD0187;BRD0187
30239;6923;100;9062/2014;90622014
30240;6923;56;680518;680518
30241;6920;49;N96054;N96054
30242;6920;31;7090811;7090811
30243;6920;100;9066/2014;90662014
30244;6920;56;335678;335678
30245;6921;49;N96053;N96053
30246;6921;31;7090814;7090814
30247;6921;100;9066/2014;90662014
30248;6921;56;335677;335677
30249;6924;31;13501066-00;1350106600
30250;6924;100;3541/2012;35412012
30251;6925;31;E62106LE3A;E62106LE3A
30252;6925;31;E62106LY3A;E62106LY3A
30253;6925;100;3541/2012;35412012
30254;6926;31;52213023;52213023
30255;6926;31;52216759;52216759
30256;6926;100;021/2013;212013
30257;6927;31;52234142;52234142
30258;6927;100;021/2013;212013
30259;6928;31;23H513031;23H513031
30260;6928;100;3541/2012;35412012
30261;6929;31;23H513031B;23H513031B
30262;6929;100;3541/2012;35412012
30263;6930;31;23H413031H;23H413031H
30264;6930;31;23H413031K;23H413031K
30265;6930;31;23H413031N;23H413031N
30266;6930;100;3541/2012;35412012
30267;6931;48;334255MM;334255MM
30268;6931;31;1502020001;1502020001
30269;6931;100;3541/2012;35412012
30270;6935;63;546.6081;5466081
30271;6935;76;AL-1104;AL1104
30272;6935;49;NJH56-509A;NJH56509A
30273;6935;53;VKJA 48005 A;VKJA48005A
30274;6935;67;356-509A;356509A
30275;6936;63;546.6084;5466084
30276;6936;76;AL-1120;AL1120
30277;6936;49;NJH53-1379;NJH531379
30278;6936;67;453-1379;4531379
30279;6941;31;49 500 R1000;49500R1000
30280;6941;31;49 501 1S400;495011S400
30281;6932;31;2915010LE010;2915010LE010
30282;6932;100;3541/2012;35412012
30283;6933;31;2905010LE010;2905010LE010
30284;6933;100;3541/2012;35412012
30285;6934;50;348043;348043
30286;6934;48;379216SP;379216SP
30287;6934;49;HG 31184;HG31184
30288;6934;31;00518339540;518339540
30289;6934;100;1956/2018;19562018
30290;6948;49;NJH51-290T;NJH51290T
30291;2013;48;54475;54475
30292;2013;48;70475;70475
30293;2013;31;3643237200;3643237200
30294;6949;31;81771-2S000;817712S000
30295;6949;31;81781-2S000;817812S000
30296;2043;31;218004475;218004475
30297;2043;31;71.900.001;71900001
30298;6637;48;54459;54459
30299;6637;48;65418;65418
30300;6637;49;AC 45011;AC45011
30301;621;31;5U0513025F;5U0513025F
30302;667;31;9821337980;9821337980
30303;668;31;9821338080;9821338080
30304;6950;100;2075/2016;20752016
30305;6951;141;MH0028;MH0028
30306;6951;31;9583172703;9583172703
30307;6952;31;9793100055;9793100055
30308;6952;52;316810;316810
30309;6953;31;9583173003;9583173003
30310;6953;52;350 252;350252
30311;6954;141;MH0018;MH0018
30312;6954;31;9583170403;9583170403
30313;6954;52;316809;316809
30314;6955;141;AC 0037;AC0037
30315;6955;31;21739593;21739593
30316;6955;31;22040665;22040665
30317;6955;140;ST 398;ST398
30318;6957;58;FO3114CPGG;FO3114CPGG
30319;6957;49;NBJ2028DP;NBJ2028DP
30320;6957;31;5L55-3042-AA RH;5L553042AARH
30321;6957;80;BDJ0260;BDJ0260
30322;6958;58;FO3115CPGG;FO3115CPGG
30323;6958;49;NBJ2028EP;NBJ2028EP
30324;6958;31;5L55-3051-AA LH;5L553051AALH
30325;6958;80;BDJ0261;BDJ0261
30326;6959;58;HY9050C;HY9050C
30327;6959;49;NBJ9006DP;NBJ9006DP
30328;6959;31;54420-3K000 RH;544203K000RH
30329;6959;80;BDJ2109;BDJ2109
30330;6960;58;HY9049C;HY9049C
30331;6960;49;NBJ9006EP;NBJ9006EP
30332;6960;31;54410-3K000 LH;544103K000LH
30333;6960;80;BDJ2110;BDJ2110
30334;6961;31;202000229AA;202000229AA
30335;6962;31;202000228AA;202000228AA
30336;6956;31;1466184;1466184
30337;6956;31;1466185;1466185
30338;6956;31;1943267;1943267
30339;6956;31;1943268;1943268
30340;6956;31;2023668;2023668
30341;6963;63;546.6088;5466088
30342;6963;76;AL-1153;AL1153
30343;6963;49;NJH83-829;NJH83829
30344;6963;67;483-829;483829
30345;6964;63;546.6086;5466086
30346;6964;76;AL-1067;AL1067
30347;6964;76;AL-1154;AL1154
30348;6964;49;NJH53-1629;NJH531629
30349;6964;49;NJH53-809;NJH53809
30350;6964;67;553819;553819
30351;6967;63;546.6013;5466013
30352;6967;76;AL-1063;AL1063
30353;6967;49;NJH31-1549;NJH311549
30354;6967;53;VKJA 41035 A;VKJA41035A
30355;6967;67;2931-1549;29311549
30356;6970;49;NJH27-464T;NJH27464T
30357;6977;59;SK91024S;SK91024S
30358;6978;59;SK91025S;SK91025S
30359;6971;76;AL-1186;AL1186
30360;6971;49;NJH13-186S;NJH13186S
30361;6972;76;AL641;AL641
30362;6972;49;NJH13-5020;NJH135020
30363;5953;49;HG 41530;HG41530
30364;6509;49;HG 41539;HG41539
30365;6568;49;HG 41525;HG41525
30366;6569;49;HG 41526;HG41526
30367;6830;49;HG 41537;HG41537
30368;6831;49;HG 41538;HG41538
30369;6841;49;HG 41528;HG41528
30370;6841;31;485108Z468;485108Z468
30371;6842;49;HG 41529;HG41529
30372;6842;31;485208Z315;485208Z315
30373;2025;31;A3843260900;A3843260900
30374;1986;31;A3843231100;A3843231100
30375;5706;141;MP0002;MP0002
30376;5706;52;311664;311664
30378;3425;31;52123589;52123589
30379;3426;31;52123583;52123583
30380;3427;31;52123584;52123584
30381;6473;141;MH0008;MH0008
30382;6980;31;2740031;2740031
30383;6980;31;2740036;2740036
30384;6981;31;2740034;2740034
30385;6981;31;2740035;2740035
30386;6982;31;2740039;2740039
30387;3025;31;6344600066;6344600066
30388;6983;141;AC 0039;AC0039
30389;6983;31;9583170003;9583170003
30390;6983;52;316806;316806
30391;6983;140;ST 393;ST393
30392;2337;31;2H6513029;2H6513029
30393;3542;31;JZZ513025E;JZZ513025E
30394;3542;100;022/2013;222013
30395;2336;31;2H0413031N;2H0413031N
30396;687;31;JZZ413031E;JZZ413031E
30397;6551;31;9583200230;9583200230
30398;4719;31;1075445;1075445
30399;4719;31;1076860;1076860
30400;4719;31;20721166;20721166
30401;4719;31;20960913;20960913
30402;4719;31;3172986;3172986
30403;4613;31;56261-4KH0A;562614KH0A
30404;4613;31;62615XA0A;62615XA0A
30405;6984;63;546.6036;5466036
30406;6984;76;AL-1038;AL1038
30407;6984;49;NJH91-909;NJH91909
30408;6984;67;1991909;1991909
30409;6985;76;AL-1461;AL1461
30410;6986;76;AL-1460;AL1460
30411;6987;49;NJH19-489S;NJH19489S
30412;6989;49;NJH36-448S;NJH36448S
30413;6990;76;AL-1415;AL1415
30414;6990;49;NJH07-308S;NJH07308S
30415;6990;67;953362HD;953362HD
30416;6991;49;NJH38-450T;NJH38450T
30417;6992;48;CB0040;CB0040
30418;6993;48;CB0004;CB0004
30419;6994;31;DC465K407DA;DC465K407DA
30420;5076;48;54504;54504
30421;5076;31;5949894628;5949894628
30423;6513;31;81831BX000;81831BX000
30424;6513;31;81841BX000;81841BX000
30425;6074;31;55307BX040;55307BX040
30426;7015;141;MP0023;MP0023
30427;7015;31;9588901019;9588901019
30428;7015;140;174;174
30429;7016;141;MP0002;MP0002
30430;7016;49;43018;43018
30431;7016;31;9428906119;9428906119
30432;7016;52;311664;311664
30433;7016;140;174;174
30434;7019;76;AL-1045;AL1045
30435;7019;49;NJH73-319;NJH73319
30436;7019;53;VKJA 48007 A;VKJA48007A
30437;7019;67;273319;273319
30438;7020;63;546.6080;5466080
30439;7020;76;AL-1041;AL1041
30440;7020;49;NJH33-269;NJH33269
30441;7020;49;NJH63-269;NJH63269
30442;7020;31;93225237;93225237
30443;7020;31;93225289;93225289
30444;7020;67;163269;163269
30445;7020;67;233269;233269
30446;7021;63;546.6085;5466085
30447;7021;76;AL-1111;AL1111
30448;7021;49;NJH53-299;NJH53299
30449;7021;67;453-299;453299
30450;7023;76;AL-1194;AL1194
30451;7025;76;AL-1167;AL1167
30452;7025;49;NJH02-9420;NJH029420
30453;7017;31;DC4618045AB;DC4618045AB
30454;7017;31;DC4618045CB;DC4618045CB
30455;7017;100;6934/2020;69342020
30456;7018;31;1366582;1366582
30457;7026;76;AL1464;AL1464
30458;7026;49; NJH27-464S;NJH27464S
30459;7027;76;AL1440;AL1440
30460;7027;49;NJH47-440S;NJH47440S
30461;7028;76;AL-1080;AL1080
30462;7028;49;NJH04-010S;NJH04010S
30463;7028;67;953352HD;953352HD
30464;7029;76;AL533;AL533
30465;7029;49;NJH12-262T;NJH12262T
30466;5472;31;1613684780;1613684780
30467;7030;31;52033790;52033790
30468;7030;100;0937/2018;9372018
30469;7030;56;680652;680652
30470;6572;31;2V3413031B;2V3413031B
30471;6572;31;2V3413031C;2V3413031C
30472;6572;31;2V3413031E;2V3413031E
30473;6572;31;2V3413031L;2V3413031L
30474;7036;31;551100710R;551100710R
30475;7036;31;551101976R;551101976R
30476;7036;31;551107240R;551107240R
30477;7037;31;2916101XGW01A;2916101XGW01A
30478;7031;31;526113W0A02;526113W0A02
30479;7031;100;3541/2012;35412012
30480;7032;31;51611T54M01;51611T54M01
30481;7032;100;3542/2012;35422012
30482;7033;31;51621T54M01;51621T54M01
30483;7033;100;3542/2012;35422012
30484;7034;31;516113W0A01;516113W0A01
30485;7034;100;3542/2012;35422012
30486;7035;31;516213W0A01;516213W0A01
30487;7035;100;3542/2012;35422012
30488;6845;31;EM2E-6309111;EM2E6309111
30489;6845;31;EM2E-6309112;EM2E6309112
30490;7038;100;2075/2016;20752016
30491;7038;73;2347;2347
30492;7039;31;562109228R;562109228R
30493;7039;100;3541/2012;35412012
30494;7041;49;NJH23-5164;NJH235164
30495;7042;49;NJH45-3413;NJH453413
30496;7044;31;301001HBOB;301001HBOB
30497;7044;31;391001HBOB;391001HBOB
30498;6641;31;6008.014.520.00.8;6008014520008
30499;6641;31;6013.014.008.00.4;6013014008004
30504;7047;76;AL-1083;AL1083
30505;7047;49;NJH10-083S;NJH10083S
30506;7047;67;953822HD;953822HD
30507;7048;49;NJH20-490S;NJH20490S
30508;7049;76;AL1438;AL1438
30509;7049;49; NJH25-438S;NJH25438S
30510;7050;76;AL1443;AL1443
30511;7050;49;NJH50-443S;NJH50443S
30512;7052;31;53.406.882;53406882
30513;7053;49;NJH13-761T;NJH13761T
30514;7054;76;AL625;AL625
30515;7054;49;NJH24-625T;NJH24625T
30516;7055;76;AL952;AL952
30517;7055;49;NJH02-2AQT;NJH022AQT
30518;7062;31;31406874;31406874
30519;7063;31;31360657;31360657
30520;7063;31;31406873;31406873
30521;7064;31;31387675;31387675
30522;7065;31;31387674;31387674
30523;5461;141;MH0024;MH0024
30524;5461;31;BC455C368BB;BC455C368BB
30525;5461;31;BC455C368CB;BC455C368CB
30526;5461;52;316812;316812
30527;5461;140;ST 343 ES;ST343ES
30528;6130;31;4162A304;4162A304
30529;6322;48;379056SP;379056SP
30530;6322;31;H3BZ/18125/B;H3BZ18125B
30531;3210;48;749032SP;749032SP
30532;3210;31;A907.320.11.02;A9073201102
30533;667;31;9676024580;9676024580
30534;667;31;9821287680;9821287680
30535;667;31;98213379;98213379
30536;508;50;333730;333730
30537;508;50;339710;339710
30538;508;31;9683963780;9683963780
30539;509;50;333729;333729
30540;509;50;339709;339709
30541;509;31;9683968580;9683968580
30542;6184;31;4060A586;4060A586
30543;6185;31;4060A585;4060A585
30544;7066;63;546.6028;5466028
30545;7066;76;AL-1064;AL1064
30546;7066;49;NJH31-1064;NJH311064
30547;7069;49;NKJ2675;NKJ2675
30548;1261;31;46764236;46764236
30549;7056;49;MG 19001;MG19001
30550;7056;31;ZBA827550;ZBA827550
30551;7057;49;MG 16952;MG16952
30552;7057;31;377 827 550 E;377827550E
30553;7058;48;334483MM;334483MM
30554;7058;49;HG 36030;HG36030
30555;7059;31;1345110000;1345110000
30556;7059;31;1345110300;1345110300
30557;7060;31;654702645R;654702645R
30558;7061;49;MG 17382;MG17382
30559;7061;31;9678317180;9678317180
30560;7070;100;2078/2016;20782016
30561;7070;73;9183;9183
30562;6930;31;23H413031J;23H413031J
30563;6930;31;23H413031M;23H413031M
30564;7071;31;13128140-00;1312814000
30565;7071;31;1350105000;1350105000
30566;7071;100;3542/2012;35422012
30567;7072;31;13128141-00;1312814100
30568;7072;31;1350100000;1350100000
30569;7072;100;3542/2012;35422012
30570;6447;31;202001679AA;202001679AA
30571;6448;31;202001678AA;202001678AA
30572;7073;31;1793979;1793979
30573;7074;100;3541/2012;35412012
30574;7075;76;AL-1060;AL1060
30575;7075;48;54606056;54606056
30576;7075;49;NJH61-779;NJH61779
30577;7076;100;2078/2016;20782016
30578;7076;73;1801;1801
30579;7077;31;E43026LE1B;E43026LE1B
30580;7077;100;3542/2012;35422012
30581;7078;31;E43036LE1B;E43036LE1B
30582;7078;100;3542/2012;35422012
30583;7079;31;22187671;22187671
30584;7079;100;3541/2012;35412012
30585;7081;140;ST 051;ST051
30586;7082;100;2075/2016;20752016
30587;7082;73;1800;1800
30588;7083;100;2078/2016;20782016
30589;7083;73;1802;1802
30590;7074;31;23H513031C;23H513031C
30592;7084;146;JDC03305;JDC03305
30593;7085;146;JDC03306;JDC03306
30594;7086;146;JHC03114;JHC03114
30595;7086;76;AL-1427;AL1427
30596;7086;49;NJH32-1427;NJH321427
30597;7087;146;JHC08104;JHC08104
30598;7087;76;AL-1421;AL1421
30599;7087;49;NJH00-1421;NJH001421
30600;7087;53;VKJA 5597;VKJA5597
30601;7088;146;JHC18114;JHC18114
30602;7089;146;JHC18122;JHC18122
30603;7089;49;NJH08-6491;NJH086491
30604;7090;146;JHC39005;JHC39005
30607;7091;146;SEC01405;SEC01405
30608;7091;76;AL-1446;AL1446
30609;7091;49;NJH10-446S;NJH10446S
30610;7092;146;SEC01410;SEC01410
30611;7093;146;SEC08408;SEC08408
30612;7093;49;NJH37-449S;NJH37449S
30613;7094;146;SEC22007;SEC22007
30614;7094;76;AL1441;AL1441
30615;7094;49;NJH48-441S;NJH48441S
30616;6902;146;SEC22008;SEC22008
30617;7095;146;SEC32008;SEC32008
30618;7095;76;AL-1181;AL1181
30619;7095;49;NJH12-185S;NJH12185S
30620;7096;146;SEC39001;SEC39001
30621;7096;76;AL-1416;AL1416
30622;7096;49;NJH08-307S;NJH08307S
30623;7096;67;953361HD;953361HD
30624;7097;146;TRC03506;TRC03506
30625;7098;146;TRC08503;TRC08503
30626;7098;76;AL27 ;AL27
30627;7098;49;NJH75-869;NJH75869
30628;7098;49;NJH75-869SK;NJH75869SK
30631;43;31;100436;100436
30632;2540;146;GB27666;GB27666
30633;2540;146;GB27714;GB27714
30634;2540;31;1S0513025;1S0513025
30635;1959;146;B.47801;B47801
30637;1959;48;38043;38043
30638;1877;146;L.12024;L12024
30639;1877;146;L.12120;L12120
30640;1877;48;54454;54454
30641;1877;31;6007.014.131.00.6;6007014131006
30642;7099;31;21979851;21979851
30643;7099;100;3541/2012;35412012
30644;7100;31;21117130;21117130
30645;7100;100;3541/2012;35412012
30648;6886;146;SEC03012;SEC03012
30649;7102;146;SEC08403;SEC08403
30651;7102;49;NJH33-445 S;NJH33445S
30652;6790;146;GP33294;GP33294
30653;6791;146;GP33295;GP33295
30654;1521;63;531.2120;5312120
30655;1521;146;BTC08101;BTC08101
30656;1521;66;B00102001;B00102001
30657;1521;57;GR150;GR150
30658;1521;58;FO-3166-A;FO3166A
30659;1521;62;20085;20085
30660;1521;60;MB293;MB293
30661;1521;60;MB293A;MB293A
30662;1521;49;N2016;N2016
30663;1521;31;96FB-3B438-AB;96FB3B438AB
30664;1521;59;SK2515;SK2515
30665;1521;54;BLS4369;BLS4369
30666;1521;54;JTSB0012;JTSB0012
30667;3041;31;1306492;1306492
30668;3041;31;1517890;1517890
30669;3576;31;1421062;1421062
30670;3576;52;003751;3751
30671;3279;31;21862164;21862164
30672;3279;31;350898;350898
30677;3650;146;GP32822PS;GP32822PS
30678;3649;146;GP32823PS;GP32823PS
30679;7103;141;MH0041;MH0041
30680;7103;48;CB0202;CB0202
30681;7103;31;1793982;1793982
30682;7103;31;1923647;1923647
30683;7103;31;2023669;2023669
30684;7103;31;2023671;2023671
30685;6093;140;ST 108;ST108
30686;5899;146;45145;45145
30687;5899;48;65463;65463
30688;5899;48;70463;70463
30689;5899;31;218003509;218003509
30690;2477;49;N 99259;N99259
30691;2478;49;N 99260;N99260
30692;3210;146;GL13711;GL13711
30693;3210;146;GL13712;GL13712
30694;3210;31;A907.320.13.02;A9073201302
30695;5499;31;50165435;50165435
30696;5500;31;50165439;50165439
30697;7104;31;54660B2070;54660B2070
30698;7104;100;3542/2012;35422012
30699;7105;31;54650B2070;54650B2070
30700;7105;100;3542/2012;35422012
30701;7106;49;HG 41466;HG41466
30702;7106;31;2911200U9080;2911200U9080
30703;7106;100;3541/2012;35412012
30704;1526;31;6Q0.411.315-E;6Q0411315E
30705;7107;31;2QB-411-315;2QB411315
30706;7107;31;6Q0.411.315-E;6Q0411315E
30707;7108;31;51977024-001;51977024001
30708;7108;31;52060973-001;52060973001
30709;7108;31;521820120;521820120
30710;7108;31;52201888;52201888
30711;7108;31;53403318-001;53403318001
30712;7108;31;53477126;53477126
30713;7108;31;68246496 AB-001;68246496AB001
30714;7108;31;68250805 AA-001;68250805AA001
30715;7108;31;68348850 AA-001;68348850AA001
30716;7109;31;26293813;26293813
30717;7109;31;26697528;26697528
30718;7109;31;54830F2000;54830F2000
30719;7109;31;90498745;90498745
30720;7109;31;95299172;95299172
30721;6310;133;11.10.5-21 A 954;1110521A954
30722;6310;140;ST 016;ST016
30723;2276;146;BTC04101;BTC04101
30724;6310;148;1T19L-11;1T19L11
30725;6310;148;950734;950734
30726;6310;148;950736;950736
30727;6310;148;954028;954028
30728;6310;149;8550;8550
30729;6310;83;MOP 059 000 001;MOP059000001
30730;6310;123;9200164;9200164
30731;6310;37;212100261;212100261
30732;7081;148;1T19L-11;1T19L11
30733;7110;100;2075/2016;20752016
30734;7110;73;1901;1901
30735;7111;100;2075/2016;20752016
30736;7111;73;1803;1803
30737;7112;76;AL-4121;AL4121
30738;7112;31;26698392;26698392
30739;7113;76;AL-4122;AL4122
30740;7113;31;26698390;26698390
30741;7114;76;AL-4123;AL4123
30742;7114;49;NKF 8776;NKF8776
30743;7114;31;52214511;52214511
30744;7115;76;AL-4124;AL4124
30745;7115;31;52213169;52213169
30746;7116;63;546.6079;5466079
30747;7116;146;JDC01324;JDC01324
30748;7116;76;AL-1044;AL1044
30749;7116;49;NJH4-139;NJH4139
30750;7116;53;VKJA 48002 A;VKJA48002A
30751;7116;67;143X-4-139;143X4139
30752;7117;146;JDC08006;JDC08006
30753;7118;146;JDC18001;JDC18001
30754;7119;63;546.6006;5466006
30755;7119;146;JHC01112;JHC01112
30756;7119;76;AL-1056;AL1056
30757;7119;49;NJH01-569A;NJH01569A
30758;7119;53;VKJA41009A;VKJA41009A
30759;7119;67;1601-569A;1601569A
30760;7120;146;JHC01116;JHC01116
30761;7121;63;546.6039;5466039
30762;7121;146;JHC03102;JHC03102
30763;7121;76;AL-1048;AL1048
30764;7121;49;NJH81-339;NJH81339
30765;7121;53;VKJA 41017 A;VKJA41017A
30766;7121;67;481339;481339
30767;7122;146;JHC03110;JHC03110
30768;7122;76;AL-1426;AL1426
30769;7122;49;NJH21-1409;NJH211409
30770;7122;67;2221-1409;22211409
30771;7123;146;JHC03115;JHC03115
30772;7123;76;AL-1424;AL1424
30773;7123;49;NJH11-1409;NJH111409
30774;7123;67;2211-1409;22111409
30775;7124;63;546.6032;5466032
30776;7124;146;JHC03125;JHC03125
30777;7124;76;AL-1052;AL1052
30778;7124;49;NJH51-1449;NJH511449
30779;7124;67;2451-1449;24511449
30780;7125;63;546.6016;5466016
30781;7125;146;JHC04101;JHC04101
30782;7125;76;AL-1016;AL1016
30783;7125;49;NJH91-419;NJH91419
30784;7125;53;VKJA 41021 A;VKJA41021A
30785;7125;67;1291419;1291419
30786;7126;146;JHC04104;JHC04104
30787;7126;76;AL-1423;AL1423
30788;7126;67;1345-909;1345909
30789;7127;146;JHC10105;JHC10105
30790;7127;76;AL-1515;AL1515
30791;7127;49;NJH22-1549;NJH221549
30792;7127;67;1622-1549;16221549
30793;7128;146;JHC10109;JHC10109
30794;7129;146;JHC10113;JHC10113
30795;7130;146;JHC17103;JHC17103
30796;7130;76;AL-1166;AL1166
30797;7131;146;JHC18108;JHC18108
30798;7131;76;AL-1134;AL1134
30799;7131;49;NJH51-779;NJH51779
30800;7131;67;2051779;2051779
30801;7132;146;JHC22005;JHC22005
30802;7132;49;NJH47-1440;NJH471440
30803;7133;146;JHC22006;JHC22006
30804;7133;49;NJH49-1442;NJH491442
30805;7134;146;JHC22010;JHC22010
30806;7135;146;JHC29003;JHC29003
30807;7136;63;546.6070;5466070
30808;7136;146;JHC32001;JHC32001
30809;7136;76;AL-1497;AL1497
30810;7136;49;NJH00-1497;NJH001497
30811;7137;146;JHC32005;JHC32005
30812;7138;146;JHC32009;JHC32009
30813;7139;63;546.6112;5466112
30814;7139;146;SEC01401;SEC01401
30815;7139;53;VKJC43001A;VKJC43001A
30816;7139;67;952043HD;952043HD
30817;7140;63;546.6111;5466111
30818;7140;146;SEC01402;SEC01402
30819;7140;76;AL-1061;AL1061
30820;7140;49;NJH2042HD;NJH2042HD
30821;7140;53;VKJC43000A;VKJC43000A
30822;7140;67;952042HD;952042HD
30823;7141;146;SEC01417;SEC01417
30824;7141;31;2QB 407 271 AG;2QB407271AG
30826;7142;31;2QB 407 272 AG;2QB407272AG
30827;7143;146;SEC03029;SEC03029
30828;7144;146;SEC04431;SEC04431
30829;7144;49;NJH30-027S;NJH30027S
30830;7144;31;26300027;26300027
30831;7145;146;SEC04432;SEC04432
30832;7145;49;NJH30-028S;NJH30028S
30833;7145;31;26300028;26300028
30834;7146;146;SEC08404;SEC08404
30835;7146;76;AL1445;AL1445
30836;7146;49;NJH32-444S;NJH32444S
30837;7147;146;SEC10006;SEC10006
30838;7148;146;SEC17401;SEC17401
30839;7149;146;SEC17402;SEC17402
30840;7150;146;SEC18423;SEC18423
30841;7150;76;AL1465;AL1465
30842;7150;49;NJH28-465S;NJH28465S
30843;7151;146;SEC29006;SEC29006
30844;7152;146;SEC32002;SEC32002
30845;7152;76;AL-1482;AL1482
30846;7152;49;NJH15-482S;NJH15482S
30847;7153;146;SEC32011;SEC32011
30848;7153;76;AL1184;AL1184
30849;7153;49;NJH11-184S;NJH11184S
30850;7154;146;SEC39007;SEC39007
30851;7154;76;AL-1124;AL1124
30852;7154;49; NJH14-124S;NJH14124S
30853;7154;67;953351HD;953351HD
30854;7155;146;SEC39011;SEC39011
30855;7156;146;SEC55002;SEC55002
30856;7157;146;SEC55003;SEC55003
30857;7158;146;SEC55004;SEC55004
30858;7159;146;TRC03503;TRC03503
30859;7159;76;AL639;AL639
30860;7159;49;NJH20-639T;NJH20639T
30861;7160;146;TRC08510;TRC08510
30862;7160;76;AL595;AL595
30863;7160;49;NJH32-444T;NJH32444T
30864;7161;146;TRC10001;TRC10001
30865;7161;76;AL876;AL876
30866;7161;49;NJH04-A11T;NJH04A11T
30867;7162;141;MP0022;MP0022
30868;7162;48;CB0236;CB0236
30869;7162;49;AC 43019;AC43019
30870;7162;31;9408904919;9408904919
30871;7162;31;9588900819;9588900819
30872;7162;31;9588900919;9588900919
30873;7162;31;MNR CB0236;MNRCB0236
30874;7162;140;ST 252;ST252
30875;7162;140;ST 253;ST253
30876;7163;31;52184206;52184206
30877;7163;31;52184207;52184207
30878;7163;100;021/2013;212013
30879;7051;146;SEC39012;SEC39012
30880;6963;146;JDC01313;JDC01313
30881;6872;146;JDC01315;JDC01315
30882;6964;146;JDC01325;JDC01325
30883;6873;146;JDC03303;JDC03303
30884;7020;146;JDC04304;JDC04304
30885;6936;146;JDC04306;JDC04306
30886;6875;146;JDC04309;JDC04309
30887;6876;146;JDC08008;JDC08008
30888;6877;146;JDC18003;JDC18003
30889;6878;146;JDC22003;JDC22003
30890;6879;146;JDC22004;JDC22004
30891;6880;146;JDC39003;JDC39003
30892;6881;146;JDC52001;JDC52001
30893;7045;146;SEC01409;SEC01409
30894;6968;146;SEC01413;SEC01413
30895;7046;146;SEC01416;SEC01416
30896;6887;146;SEC03020;SEC03020
30897;7047;146;SEC04403;SEC04403
30898;6888;146;SEC04404;SEC04404
30899;6985;146;SEC04407;SEC04407
30900;6986;146;SEC04408;SEC04408
30901;7048;146;SEC04414;SEC04414
30902;6987;146;SEC04415;SEC04415
30903;6889;146;SEC04417;SEC04417
30904;6890;146;SEC04418;SEC04418
30905;6891;146;SEC04427;SEC04427
30906;6892;146;SEC04428;SEC04428
30907;6893;146;SEC04429;SEC04429
30908;6894;146;SEC04430;SEC04430
30909;6988;146;SEC08406;SEC08406
30910;6989;146;SEC08407;SEC08407
30911;6895;146;SEC08410;SEC08410
30912;6896;146;SEC08417;SEC08417
30913;6897;146;SEC08418;SEC08418
30914;6898;146;SEC08420;SEC08420
30915;6899;146;SEC08421;SEC08421
30916;6899;31;D3BZ 3B437 D;D3BZ3B437D
30917;6900;146;SEC10007;SEC10007
30918;6901;146;SEC10008;SEC10008
30919;7026;146;SEC18422;SEC18422
30920;7049;146;SEC18424;SEC18424
30921;6969;146;SEC18431;SEC18431
30922;7027;146;SEC22006;SEC22006
30923;7050;146;SEC22009;SEC22009
30924;6903;146;SEC29008;SEC29008
30925;6904;146;SEC29009;SEC29009
30926;6905;146;SEC29010;SEC29010
30927;6971;146;SEC32009;SEC32009
30928;6906;146;SEC32010;SEC32010
30929;6907;146;SEC32023;SEC32023
30930;6990;146;SEC39000;SEC39000
30931;6908;146;SEC39003;SEC39003
30932;6909;146;SEC39005;SEC39005
30933;6910;146;SEC39006;SEC39006
30934;7028;146;SEC39008;SEC39008
30935;6911;146;SEC52001;SEC52001
30936;7052;146;SEC52002;SEC52002
30937;7053;146;TRC01004;TRC01004
30938;6912;146;TRC03502;TRC03502
30939;6913;146;TRC03504;TRC03504
30940;6972;146;TRC03505;TRC03505
30941;6972;146;TRC08502;TRC08502
30942;7029;146;TRC03507;TRC03507
30943;7054;146;TRC03508;TRC03508
30944;7068;146;TRC04001;TRC04001
30945;6914;146;TRC04003;TRC04003
30946;6915;146;TRC08511;TRC08511
30947;6916;146;TRC08512;TRC08512
30948;6991;146;TRC08513;TRC08513
30949;6917;146;TRC10008;TRC10008
30950;7055;146;TRC17001;TRC17001
30951;6970;146;TRC18003;TRC18003
30952;6948;146;TRC22007;TRC22007
30953;6655;146;45188;45188
30954;3683;146;GP30580;GP30580
30955;3683;48;SP066;SP066
30956;3683;31;E3BZ18124D;E3BZ18124D
30957;3684;146;GP30581;GP30581
30958;3684;48;SP067;SP067
30959;3684;31;E3BZ18124C;E3BZ18124C
30960;7164;49;AC 45028;AC45028
30961;7164;31;A6343200130;A6343200130
30962;7164;100;021/2013;212013
30963;7165;146;16137;16137
30964;7165;48;334930MM;334930MM
30965;7165;49;HG 30738;HG30738
30966;7165;31;89AUT406A10AA;89AUT406A10AA
30967;265;146;GBL1248;GBL1248
30968;265;31;00518596560;518596560
30969;1970;48;650533;650533
30970;4168;48;379080SP;379080SP
30971;1914;48;54517;54517
30972;1969;49;AC 42019;AC42019
30973;3896;49;AC 42020;AC42020
30974;3205;49;AC 42018;AC42018
30975;3278;49;AC 42025;AC42025
30976;3280;49;AC 42023;AC42023
30977;4486;49;AC 42016;AC42016
30978;6563;146;45349;45349
30979;6563;49;AC 42013;AC42013
30980;4447;49;HG 42029;HG42029
30981;5164;49;HG 42028;HG42028
30982;5163;49;HG 42027;HG42027
30983;1909;146;45056;45056
30984;1909;146;45090;45090
30985;3255;31;68246731AB;68246731AB
30986;3255;31;68246731AC;68246731AC
30987;3255;31;68498191AA;68498191AA
30988;3255;31;68527304AA;68527304AA
30989;7167;31;51942168;51942168
30990;7167;31;68246731 AA-001;68246731AA001
30991;7167;31;A9063201889;A9063201889
30992;7166;146;L.13802;L13802
30993;7166;49;45004;45004
30994;7166;31;E5HT18080EA;E5HT18080EA
30995;7166;31;T16513031;T16513031
30996;7166;31;TJG513031B;TJG513031B
30997;7166;31;XC4518080DA;XC4518080DA
30998;7166;31;XC4518080EA;XC4518080EA
30999;7166;100;6934/2020;69342020
31001;1992;31;6953267000;6953267000
31002;2031;146;45170;45170
31003;2031;49;AC 45007;AC45007
31004;2031;31;6753260700;6753260700
31005;2259;48;65480;65480
31006;2032;31;A3843260100;A3843260100
31007;7168;63;546.6076;5466076
31008;7168;63;546.6093;5466093
31009;7168;63;546.6082;5466082
31010;7168;146;JDC01304;JDC01304
31011;7168;76;AL-1003;AL1003
31012;7168;49;NJH26-139;NJH26139
31013;7168;49;NJH46-139;NJH46139
31014;7168;53;VKJA 48000 A;VKJA48000A
31015;7168;67;1805-669;1805669
31016;7168;67;226-139;226139
31017;7169;63;"546.6094
546.6077";54660945466077
31018;7169;146;JDC01306;JDC01306
31019;7169;76;AL-1000;AL1000
31020;7169;49;NJH56-169;NJH56169
31021;7169;53;VKJA 48003 A;VKJA48003A
31022;7169;67;156-169;156169
31023;7170;146;JDC03304;JDC03304
31024;7170;49;NJH00-772D;NJH00772D
31025;7171;146;JDC08003;JDC08003
31026;7172;146;JDC10003;JDC10003
31027;7173;146;JDC32002;JDC32002
31028;7174;146;JHC01107;JHC01107
31029;7174;76;AL-1435;AL1435
31030;7174;49;NJH05-1829;NJH051829
31031;7174;53;VKJA2153A;VKJA2153A
31032;7174;67;26051829;26051829
31033;7175;63;546.6046;5466046
31034;7175;146;JHC01114;JHC01114
31035;7175;76;AL-1058;AL1058
31036;7175;49;NJH81-419;NJH81419
31037;7175;67;1181419;1181419
31038;7176;63;546.6051;5466051
31039;7176;146;JHC01134;JHC01134
31040;7176;76;AL-1059;AL1059
31041;7176;49;NJH18-1059;NJH181059
31042;7177;63;546.6031;5466031
31043;7177;146;JHC03106;JHC03106
31044;7177;76;AL-1192;AL1192
31045;7177;49;NJH61-2029;NJH612029
31046;7177;67;2761-2029;27612029
31047;7178;63;546.6005;5466005
31048;7178;146;JHC03122;JHC03122
31049;7178;76;AL-1095;AL1095
31050;7178;49;NJH05-669;NJH05669
31051;7178;53;VKJA 41013 A;VKJA41013A
31052;7178;67;1805-669;1805669
31053;7179;63;546.6008;5466008
31054;7179;146;JHC03123;JHC03123
31055;7179;76;AL-1097;AL1097
31056;7179;49;NJH151-599;NJH151599
31057;7180;63;"546.6031
546.6011";54660315466011
31058;7180;146;JHC03127;JHC03127
31059;7180;76;AL-1094;AL1094
31060;7180;49;NJH61-1449;NJH611449
31061;7180;67;2461-1449;24611449
31062;7181;146;JHC03128;JHC03128
31063;7181;76;AL-1096;AL1096
31064;7181;49;NJH91-1409;NJH911409
31065;7181;67;2891-1409;28911409
31066;7182;146;JHC03130;JHC03130
31067;7183;146;JHC04119;JHC04119
31068;7183;76;AL-1017;AL1017
31069;7183;49;NJH55-499;NJH55499
31070;7183;53;VKJA41000A;VKJA41000A
31071;7183;67;1355-499;1355499
31072;7184;146;JHC08106;JHC08106
31073;7184;76;AL-1022;AL1022
31074;7184;49;NJH71-419;NJH71419
31075;7184;53;VKJA 41005 A;VKJA41005A
31076;7184;67;1171419;1171419
31077;7185;146;JHC08107;JHC08107
31078;7186;146;JHC17106;JHC17106
31079;7186;31;96.757.499-80;9675749980
31080;7186;31;96.757.500-80;9675750080
31081;7187;63;546.6074;5466074
31082;7187;146;JHC18106;JHC18106
31083;7187;76;AL-1485;AL1485
31084;7187;49;NJH07-5061;NJH075061
31085;2004;146;L.12493;L12493
31086;2004;146;L.12752;L12752
31087;1861;146;L.12787;L12787
31088;1861;31;6006014048004;6006014048004
31089;7188;146;SEC01404;SEC01404
31090;7189;146;SEC03030;SEC03030
31091;7189;31;52 126 410;52126410
31092;7190;146;SEC04419;SEC04419
31093;7190;31;94.522.009;94522009
31094;7191;146;SEC04420;SEC04420
31095;7191;31;94.560.841;94560841
31096;7192;146;SEC22015;SEC22015
31097;21;146;SL13618;SL13618
31098;7193;31;546186LB1A;546186LB1A
31099;7194;31;546686LB1A;546686LB1A
31100;687;146;GP32814;GP32814
31101;7195;63;546.6057;5466057
31102;7195;63;546.6063;5466063
31103;7195;63;546.6014;5466014
31104;7195;146;JHC01103;JHC01103
31105;7195;76;AL-1018;AL1018
31106;7195;49;NJH61-419;NJH61419
31107;7195;53;VKJA41007A;VKJA41007A
31108;7195;67;1361419;1361419
31109;7196;146;JHC03105;JHC03105
31110;7197;146;JHC03117;JHC03117
31111;7197;76;AL-1023;AL1023
31112;7197;49;NJH91-599;NJH91599
31113;7197;53;VKJA 41020 A;VKJA41020A
31114;7197;67;1491599;1491599
31115;7198;63;546.6058;5466058
31116;7198;146;JHC04110;JHC04110
31117;7198;76;AL-1103;AL1103
31118;7198;67;1355-499A;1355499A
31119;6626;146;19130;19130
31120;7199;146;SEC03010;SEC03010
31121;7200;146;SEC18425;SEC18425
31122;7200;76;AL1439;AL1439
31123;7200;49;NJH26-439S;NJH26439S
31124;7201;146;TRC04009;TRC04009
31125;7201;76;AL583;AL583
31126;7201;49;NJH19-489T;NJH19489T
31127;7202;146;TRC18005;TRC18005
31128;7202;49;NJH26-439T;NJH26439T
31129;7203;146;TRC22002;TRC22002
31130;7203;76;AL531;AL531
31131;7203;49;NJH05-040T;NJH05040T
31132;1537;146;BTC22107;BTC22107
31133;1542;146;BTC03107;BTC03107
31134;1543;146;BTC03106;BTC03106
31135;3164;54;JTSB0191;JTSB0191
31136;3165;54;JTSB0192;JTSB0192
31137;1564;146;BTC24101;BTC24101
31138;3064;146;BTC28201;BTC28201
31139;2278;31;50531823;50531823
31140;1582;146;BTC04113;BTC04113
31141;1582;146;BTC26105;BTC26105
31142;1604;146;BTC17106;BTC17106
31143;1604;146;BTC17108;BTC17108
31144;1616;146;BTC18103;BTC18103
31145;2279;146;BTC39105;BTC39105
31146;3921;146;BTC29104;BTC29104
31147;1658;146;BTC32106;BTC32106
31148;3621;146;BTC08115;BTC08115
31149;3621;146;BTC32108;BTC32108
31150;1622;146;BTC22102;BTC22102
31151;2691;100;0654/2024;6542024
31152;4327;100;0648/2024;6482024
31153;7204;100;2076/2016;20762016
31154;7204;73;4286;4286
31155;233;49;MG 16454;MG16454
31156;234;49;MG 16536;MG16536
31157;642;49;MG 16954;MG16954
31158;578;49;MG 17391;MG17391
31159;538;49;MG 17392;MG17392
31160;184;49;MG 17276;MG17276
31161;262;49;MG 17265;MG17265
31162;51;49;MG 17341;MG17341
31163;150;49;MG 17343;MG17343
31164;441;31;5G0823359;5G0823359
31165;441;31;5G0823359A;5G0823359A
31166;441;31;5GM823359;5GM823359
31167;665;49;MG 17478;MG17478
31168;2108;49;MG 17287;MG17287
31169;2522;49;MG 17459;MG17459
31170;3439;49;MG 17386;MG17386
31171;3439;31;74820 T7T 0033;74820T7T0033
31172;3048;49;MG16098;MG16098
31173;2571;49;MG 17389;MG17389
31174;1904;146;45069;45069
31175;1904;146;45286;45286
31176;1904;146;45350;45350
31177;1927;48;65459;65459
31178;1927;48;70459;70459
31179;1928;48;70459;70459
31180;2076;48;65459;65459
31181;2076;48;70459;70459
31182;2076;49;AC 45001;AC45001
31183;2062;48;65442;65442
31184;2062;49;AC 45027;AC45027
31185;2062;31;1448851;1448851
31186;1970;49;AC 42017;AC42017
31187;5804;146;45173;45173
31188;5804;49;AC 45022;AC45022
31189;3016;49;AC 31175;AC31175
31190;3018;31;31473-01;3147301
31191;7205;58;HD-13106-C;HD13106C
31192;7205;80;BDJ0438;BDJ0438
31193;7206;58;HD-13105-C;HD13105C
31194;7206;80;BDJ0439;BDJ0439
31195;7207;58;RN-4100-C;RN4100C
31196;7207;49;NBJ6014DP;NBJ6014DP
31197;7207;80;BDJ0640;BDJ0640
31198;7208;58;RN-4101-C;RN4101C
31199;7208;49;NBJ6014EP;NBJ6014EP
31200;7208;80;BDJ0641;BDJ0641
31201;7209;58;RN-4098-C;RN4098C
31202;7209;80;BDJ0642;BDJ0642
31203;7210;58;RN-4097-C;RN4097C
31204;7210;80;BDJ0643;BDJ0643
31205;7211;58;RN-4120C;RN4120C
31206;7211;80;BDJ0600;BDJ0600
31207;7212;58;RN-4119C;RN4119C
31208;7212;80;BDJ0601;BDJ0601
31209;7213;58;TT-14080-C;TT14080C
31210;7213;49;NBJ7019DP;NBJ7019DP
31211;7213;80;BDJ0706;BDJ0706
31212;7214;58;TT-14079-C;TT14079C
31213;7214;49;NBJ7018EP;NBJ7018EP
31214;7214;80;BDJ0705;BDJ0705
31215;7215;58;HY-9068-C;HY9068C
31216;7215;80;BDJ2192;BDJ2192
31217;7216;58;HY-9069-C;HY9069C
31218;7216;80;BDJ2191;BDJ2191
31219;7220;80;BDJ7606;BDJ7606
31220;7221;80;BDJ7607;BDJ7607
31221;7222;80;BDJ7608;BDJ7608
31222;7223;80;BDJ7609;BDJ7609
31223;4847;49;HG 41533;HG41533
31224;621;146;GB48103;GB48103
31225;3240;49;HG 41121;HG41121
31226;5195;49;HG 41549;HG41549
31227;5679;49;HG 41590;HG41590
31228;5468;49;HG 41578;HG41578
31229;5471;49;HG 41485;HG41485
31230;5968;49;HG 41522;HG41522
31231;5958;49;HG 41583;HG41583
31232;6925;49;HG 41588;HG41588
31233;3669;49;HG 36055;HG36055
31234;5194;49;HG 41515;HG41515
31235;4846;49;HG 41482;HG41482
31236;685;49;HG 41006;HG41006
31237;686;49;HG 41004;HG41004
31238;198;49;HG 41049;HG41049
31239;199;49;HG 41050;HG41050
31240;2378;49;HG 41189;HG41189
31241;2405;49;HG 41023;HG41023
31242;2406;49;HG 41024;HG41024
31243;3543;146;GP30406;GP30406
31244;3562;49;HG 33106;HG33106
31245;3561;49;HG 33105;HG33105
31246;5806;49;HG 41394;HG41394
31247;5806;31;26306364;26306364
31248;5807;49;HG 41395;HG41395
31249;6122;49;HG 41581;HG41581
31250;6123;49;HG 41582;HG41582
31251;508;146;GP32687;GP32687
31252;509;146;GP32688;GP32688
31253;682;49;HG 41375;HG41375
31254;683;49;HG 41363;HG41363
31255;684;49;HG 41362;HG41362
31256;2620;49;HG 41111;HG41111
31257;2621;49;HG 41110;HG41110
31258;3650;49;HG 41373;HG41373
31259;3649;49;HG 41372;HG41372
31264;2361;49;HG 41184;HG41184
31265;2362;49;HG 41185;HG41185
31266;2369;49;HG 41352;HG41352
31267;2624;49;HG 41218;HG41218
31268;2573;49;HG 41262;HG41262
31269;2574;49;HG 41263;HG41263
31270;3204;49;HG 41129;HG41129
31271;3551;49;HG 41116;HG41116
31272;3550;49;HG 41115;HG41115
31273;3553;49;HG 41119;HG41119
31274;3552;49;HG 41118;HG41118
31275;3207;49;HG 33072;HG33072
31276;3206;49;HG 33071;HG33071
31277;3206;49;HG 43071;HG43071
31278;3534;49;HG 41368;HG41368
31279;3535;49;HG 41369;HG41369
31280;3648;49;HG 41429;HG41429
31281;3647;49;HG 41430;HG41430
31282;3645;49;HG 41450;HG41450
31283;3688;49;HG 41165;HG41165
31284;3679;49;HG 41257;HG41257
31285;3681;49;HG 41258;HG41258
31286;3705;49;HG 41230;HG41230
31287;3839;49;HG 33110;HG33110
31288;3838;49;HG 33109;HG33109
31289;4666;49;HG 41093;HG41093
31290;4665;49;HG 41092;HG41092
31291;3983;49;HG 41452;HG41452
31292;3984;49;HG 41453;HG41453
31293;4479;49;HG 33071;HG33071
31294;4480;49;HG 33072;HG33072
31295;4602;49;HG 41198;HG41198
31296;4601;49;HG 41199;HG41199
31297;4601;31;806128MM;806128MM
31298;4167;49;HG 41297;HG41297
31299;4693;49;HG 41444;HG41444
31300;4692;49;HG 41443;HG41443
31301;4417;49;HG 41261;HG41261
31302;4416;49;HG 41260;HG41260
31303;4559;49;HG 41416;HG41416
31304;4422;49;HG 41397;HG41397
31305;4423;49;HG 41398;HG41398
31306;5696;49;HG 41472;HG41472
31307;5697;49;HG 41473;HG41473
31308;4663;49;HG 41474;HG41474
31309;4664;49;HG 41475;HG41475
31310;4556;49;HG 41250;HG41250
31311;4557;49;HG 41251;HG41251
31312;4616;49;HG 41345;HG41345
31313;4619;49;HG 42412;HG42412
31314;4618;49;HG 41411;HG41411
31317;4689;49;HG 41170;HG41170
31318;4690;49;HG 41171;HG41171
31319;4911;49;HG 41007;HG41007
31320;4614;49;HG 41464;HG41464
31321;4615;49;HG 41465;HG41465
31322;5339;49;HG 41476;HG41476
31323;5338;49;HG 41478;HG41478
31324;4814;49;HG 41480;HG41480
31325;4815;49;HG 41481;HG41481
31326;4822;49;HG 31531;HG31531
31327;4823;49;HG 31532;HG31532
31328;5501;49;HG 41483;HG41483
31329;5502;49;HG 41484;HG41484
31330;6104;49;HG 41521;HG41521
31331;6105;49;HG 41520;HG41520
31332;6183;49;HG 41577;HG41577
31333;6315;49;HG 41543;HG41543
31334;6477;49;HG 41541;HG41541
31335;6478;49;HG 41540;HG41540
31336;7077;49;HG 41586;HG41586
31337;7078;49;HG 41587;HG41587
31338;4421;49;HG 41417;HG41417
31339;7057;146;16270;16270
31340;75;49;MG 16952;MG16952
31341;7058;146;16294;16294
31342;7058;49;MG 17290;MG17290
31343;7058;31;93290699;93290699
31344;6623;146;16482;16482
31345;6623;49;MG 17173;MG17173
31346;3442;49;MG 17484;MG17484
31347;3652;49;MG 17274;MG17274
31348;3675;49;MG 17375;MG17375
31349;3718;146;17994M;17994M
31350;3718;49;MG 17273;MG17273
31351;3718;31;CN15N400A12EA;CN15N400A12EA
31352;4321;49;MG 17489;MG17489
31353;4890;49;MG 17479;MG17479
31354;6949;146;19111;19111
31355;6949;49;MG 17235;MG17235
31356;84;146;MP30088;MP30088
31357;3704;49;HG 31107;HG31107
31358;7097;76;AL-624;AL624
31359;6532;116;HFCD51C;HFCD51C
31360;6533;116;HFCT51C;HFCT51C
31361;3210;31;9073205201;9073205201
31362;5611;31;160136A;160136A
31363;5611;31;94733258A;94733258A
31364;7233;59;SK91022BD;SK91022BD
31365;7234;59;SK91022BE;SK91022BE
31367;3025;146;CL12150;CL12150
31368;7235;76;AL-4120;AL4120
31369;7235;49;NKF 8634;NKF8634
31370;7235;31;1316708200;1316708200
31371;7236;76;AL-4117;AL4117
31372;7236;49;NKF 8619;NKF8619
31373;7236;31;1342346600;1342346600
31374;7237;76;AL-4118;AL4118
31375;7237;49;NKF 8637;NKF8637
31376;7237;31;1266070300;1266070300
31377;7238;76;AL-4119;AL4119
31378;7238;49;NKF 8623;NKF8623
31379;7238;31;1304769300;1304769300
31380;63;146;GB47798;GB47798
31381;2;146;GL12594;GL12594
31382;7239;63;546.6075;5466075
31383;7239;146;JDC01310;JDC01310
31384;7239;76;AL-1001;AL1001
31385;7239;49;NJH46-759;NJH46759
31386;7239;53;VKJA 48008 A;VKJA48008A
31387;7239;67;546-759;546759
31388;7240;146;JDC01312;JDC01312
31389;7240;76;AL-1047;AL1047
31390;7240;49;NJH53-809;NJH53809
31391;7241;63;546.6091;5466091
31392;7241;146;JDC03301;JDC03301
31393;7241;76;AL-1039;AL1039
31394;7241;49;NJH53-549;NJH53549
31395;7241;67;153-549;153549
31396;7242;63;546.6090;5466090
31397;7242;146;JDC03302;JDC03302
31398;7242;76;AL1193;AL1193
31399;7242;49;NJH23-549A;NJH23549A
31400;7242;67;523549A;523549A
31401;6874;146;JDC04301;JDC04301
31402;7244;63;546.6001;5466001
31403;7244;146;JHC01105;JHC01105
31404;7244;76;AL-1010;AL1010
31405;7244;76;AL-1012;AL1012
31406;7244;76;AL-1157;AL1157
31407;7244;49;NJH25-129A;NJH25129A
31408;7244;49;NJH91-1709;NJH911709
31409;7244;49;NJH91-569;NJH91569
31410;7244;53;VKJA 41023 A;VKJA41023A
31411;7244;53;VKJA41008 A;VKJA41008A
31412;7244;67;1391569;1391569
31413;7245;63;546.6003;5466003
31414;7245;146;JHC03103;JHC03103
31415;7245;76;AL-1011;AL1011
31416;7245;49;NJH15-339;NJH15339
31417;7245;53;VKJA 41018 A;VKJA41018A
31418;7245;67;515339;515339
31419;7246;63;546.6007;5466007
31420;7246;146;JHC03113;JHC03113
31421;7246;67;1501669;1501669
31422;7247;63;546.6066;5466066
31423;7247;146;JHC04111;JHC04111
31424;7247;49;NJH04-6481;NJH046481
31425;7248;63;546.6012;5466012
31426;7248;146;JHC08108;JHC08108
31427;7248;76;AL-1013;AL1013
31428;7248;49;NJH05-149;NJH05149
31429;7248;53;VKJA 41002 A;VKJA41002A
31430;7248;67;1105149;1105149
31431;7249;146;JHC10111;JHC10111
31432;7250;146;JHC22002;JHC22002
31433;7250;76;AL-1008;AL1008
31434;7250;49;NJH01-K040;NJH01K040
31435;7251;146;SEC01406;SEC01406
31436;7251;76;AL-1191;AL1191
31437;7251;49;NJH95-1862S;NJH951862S
31438;7252;31;2QB407272AP;2QB407272AP
31439;7253;146;SEC10003;SEC10003
31440;7254;146;TRC01002;TRC01002
31441;7254;76;AL899;AL899
31442;7254;49;NJH04-238T;NJH04238T
31443;7255;146;TRC39001;TRC39001
31444;7255;49;NJH04-010T;NJH04010T
31445;6561;31;52171886;52171886
31446;6562;31;52171885;52171885
31447;7256;63;546.6067;5466067
31448;7256;146;JHC04112;JHC04112
31449;7256;49;NJH05-0583;NJH050583
31450;7256;31;52.105.004;52105004
31451;7256;31;52.105.005;52105005
31452;7257;63;546.6027;5466027
31453;7257;146;JHC08103;JHC08103
31454;7257;76;AL-1025;AL1025
31455;7257;49;NJH31-279A;NJH31279A
31456;7257;53;VKJA 41019 A;VKJA41019A
31457;7257;67;531279A;531279A
31458;7258;63;546.6023;5466023
31459;7258;146;JHC08128;JHC08128
31460;7258;76;AL-1027;AL1027
31461;7258;49;NJH25-279;NJH25279
31462;7258;53;VKJA 41011 A;VKJA41011A
31463;7258;67;1525279;1525279
31464;7260;146;SEC39004;SEC39004
31465;7260;76;AL-1080;AL1080
31466;7261;146;JHC01115;JHC01115
31467;7261;76;AL-1198;AL1198
31468;7261;49;NJH01-1809;NJH011809
31469;7261;67;26011809;26011809
31470;6398;146;GB48368;GB48368
31471;4814;31;52224214;52224214
31472;4815;31;52189660;52189660
31473;4815;31;52224213;52224213
31474;2093;146;45165;45165
31475;2093;48;650523MG;650523MG
31476;2093;49;AC 42006;AC42006
31477;5669;31;545000138R;545000138R
31478;5669;31;545006542R;545006542R
31479;5670;31;545010069R;545010069R
31480;5670;31;545011697R;545011697R
31481;4730;146;GP33209;GP33209
31482;4730;48;749030SPLD;749030SPLD
31483;4730;49;HG 41183;HG41183
31484;7262;146;GP32248;GP32248
31485;7262;100;127/2013;1272013
31486;7263;146;JDC04310;JDC04310
31487;7264;63;546.6052;5466052
31488;7264;146;JHC04116;JHC04116
31489;7264;76;AL-1054;AL1054
31490;7264;49;NJH41-489;NJH41489
31491;7264;67;1341489;1341489
31494;18;146;L.12765;L12765
31495;18;50;4443421;4443421
31496;18;50;445097;445097
31497;18;31;94620087;94620087
31498;7265;146;SEC03009;SEC03009
31499;7266;146;SEC08415;SEC08415
31500;7267;146;SEC08416;SEC08416
31501;7268;146;SEC10004;SEC10004
31502;7269;146;SEC29005;SEC29005
31503;4676;56;335492;335492
31504;4677;56;335491;335491
31505;7270;31;9824626380;9824626380
31506;7270;56;503502;503502
31507;7271;31;54500-3S100 LH;545003S100LH
31508;7271;80;PVI0205;PVI0205
31509;7272;31;9837960580;9837960580
31510;7272;56;503505;503505
31511;4711;80;TDI1160;TDI1160
31512;4712;80;TDI1161;TDI1161
31513;6058;76;AL-382;AL382
31514;688;146;GB48089;GB48089
31515;1952;146;GL12761;GL12761
31516;1952;31;504152176;504152176
31517;592;146;GP32412;GP32412
31518;592;146;GP32475;GP32475
31519;7273;50;349176;349176
31520;7273;48;334320MM;334320MM
31521;7273;48;SP822;SP822
31522;7273;49;HG 31125;HG31125
31523;7273;100;1956/2018;19562018
31524;7274;50;341439;341439
31525;7274;50;441126;441126
31526;7274;50;9417500;9417500
31527;7274;48;SP322;SP322
31528;7274;49;HG 31128;HG31128
31529;7274;31;5U0513025E;5U0513025E
31530;7274;100;6934/2020;69342020
31531;7275;50;349052;349052
31532;7275;48;27013;27013
31533;7275;48;379014;379014
31534;7275;48;379014SP;379014SP
31535;7275;49;HG 31039;HG31039
31536;7275;31;00518596560;518596560
31537;7275;31;379014;379014
31538;7275;31;468123500;468123500
31539;7275;31;51837365;51837365
31540;7275;100;3541/2012;35412012
31541;7276;48;54523;54523
31542;7276;49;HG 36088;HG36088
31543;7276;31;504152176;504152176
31544;7276;100;1956/2018;19562018
31545;7277;50;338038;338038
31546;7277;48;749011;749011
31547;7277;48;SP176;SP176
31548;7277;48;SP182;SP182
31549;7277;49;HG 33004;HG33004
31550;7277;49;HG 33093;HG33093
31551;7277;31;467962770;467962770
31552;7277;31;51791068;51791068
31553;7277;31;51959492;51959492
31554;7277;100;3542/2012;35422012
31555;7278;50;339781;339781
31556;7278;48;808425MMLD;808425MMLD
31557;7278;48;SP191;SP191
31558;7278;49;HG 33033;HG33033
31559;7278;100;3542/2012;35422012
31560;7279;50;339782;339782
31561;7279;48;808426MMLE;808426MMLE
31562;7279;48;SP192;SP192
31563;7279;49;HG 33034;HG33034
31564;7279;100;3542/2012;35422012
31565;7280;50;334835;334835
31566;7280;50;9347514;9347514
31567;7280;48;27269;27269
31568;7280;48;SP268;SP268
31569;7280;48;SP269;SP269
31570;7280;49;HG 33017;HG33017
31571;7280;100;3542/2012;35422012
31572;7283;58;PG-5073-B;PG5073B
31573;7283;31;9833753380;9833753380
31574;7284;58;PG-5074-B;PG5074B
31575;7284;31;9833753280;9833753280
31576;7285;58;PG-5073-C;PG5073C
31577;7285;31;9833753380;9833753380
31578;7285;80;BDJ0503;BDJ0503
31579;7286;58;PG-5074-C;PG5074C
31580;7286;31;9833753280;9833753280
31581;7286;80;BDJ0504;BDJ0504
31582;7287;58;CT-6246-C;CT6246C
31583;7287;31;9837960580;9837960580
31584;7287;80;BDJ0912;BDJ0912
31585;7288;58;CT-6247-C;CT6247C
31586;7288;31;9837208480;9837208480
31587;7288;80;BDJ0911;BDJ0911
31588;7289;58;CT-6246-B;CT6246B
31589;7289;31;9837960580;9837960580
31590;7290;58;CT-6247-B;CT6247B
31591;7290;31;9837208480;9837208480
31592;3689;31;52611T7TM01;52611T7TM01
31593;5339;31;2QB413031AH;2QB413031AH
31594;5339;31;2QB413031K;2QB413031K
31595;7291;146;JDC29004;JDC29004
31596;7292;146;JDC32001;JDC32001
31597;7293;146;JDC52002;JDC52002
31598;7294;63;546.6044;5466044
31599;7294;146;JHC08102;JHC08102
31600;7294;76;AL-1028;AL1028
31601;7294;49;NJH31-279;NJH31279
31602;7294;53;VKJA 41022 A;VKJA41022A
31603;7294;67;531279;531279
31604;7295;146;JHC08122;JHC08122
31605;7295;49;NJH18-1086;NJH181086
31606;7296;49;NJH30-1430;NJH301430
31607;7297;146;JHC10106;JHC10106
31608;7297;76;AL1453;AL1453
31609;7297;49;NJH08-1453;NJH081453
31610;7298;146;JHC29006;JHC29006
31611;7299;146;JHC32004;JHC32004
31612;7299;76;AL-1514;AL1514
31613;7313;100;2082/2016;20822016
31614;7314;100;2082/2016;20822016
31615;7315;100;2078/2016;20782016
31616;7316;100;2082/2016;20822016
31617;7317;100;2081/2016;20812016
31618;7318;100;2081/2016;20812016
31619;7319;100;2082/2016;20822016
31620;7320;100;2082/2016;20822016
31621;7321;100;2082/2016;20822016
31622;7322;100;2082/2016;20822016
31623;7323;100;2082/2016;20822016
31624;7324;100;2081/2016;20812016
31625;7225;31;52154578;52154578
31626;7226;31;51350T14M00;51350T14M00
31627;7226;31;51360T14M00;51360T14M00
31628;7325;49;N6071;N6071
31629;7325;31;504212584;504212584
31630;7325;31;504212586;504212586
31631;7325;31;93802242;93802242
31632;7325;80;PVI3186;PVI3186
31633;7325;56;503186;503186
31634;7227;31;545302B000;545302B000
31635;7228;31;202000229AA;202000229AA
31636;7229;31;1225270600;1225270600
31637;7230;31;1225270700;1225270700
31638;7231;31;1014299800;1014299800
31639;7300;31;2Q0407271CA;2Q0407271CA
31640;7301;146;SEC03003;SEC03003
31641;7301;76;AL-1172;AL1172
31642;7301;49;NJH01-080S;NJH01080S
31643;7302;146;SEC03004;SEC03004
31644;7302;76;AL1171;AL1171
31645;7302;49;NJH08-080S;NJH08080S
31646;7303;146;SEC04423;SEC04423
31647;7304;146;SEC04425;SEC04425
31648;7305;31;391019232R;391019232R
31649;7306;31;52062976;52062976
31650;7281;50;633285;633285
31651;7281;48;808232MM;808232MM
31652;7281;49;SE 32678;SE32678
31653;7281;49;SE 32760;SE32760
31654;7281;100;6935/2020;69352020
31655;7282;50;633277;633277
31656;7282;48;808030MM;808030MM
31657;7282;49;SE 30679;SE30679
31658;7282;49;SE 30761;SE30761
31659;7282;100;6935/2020;69352020
31660;7307;146;TLC03003;TLC03003
31661;7308;146;TRC08505;TRC08505
31662;7309;146;TRC10011;TRC10011
31663;7309;76;AL888;AL888
31664;7309;49;NJH08-453T;NJH08453T
31665;7310;146;TRC22006;TRC22006
31666;7310;49;NJH49-442T;NJH49442T
31667;7311;146;TRC32004;TRC32004
31668;7311;49;NJH04-304T;NJH04304T
31669;7312;146;TRC32005;TRC32005
31670;7312;49;NJH05-305T;NJH05305T
31671;2259;146;45003;45003
31672;2259;48;65403;65403
31673;2259;31;A3443267000;A3443267000
31674;7327;141;AC0036;AC0036
31675;7327;146;B.27702;B27702
31676;7327;31;21170510;21170510
31677;7327;31;21739591;21739591
31678;7327;31;23111320;23111320
31679;7327;31;23111328;23111328
31680;7328;146;GB50988M;GB50988M
31681;7328;50;341372;341372
31682;7328;48;83805;83805
31683;7328;48;83805GP;83805GP
31684;7328;49;HG 31144;HG31144
31685;7328;31;48410-09K00;4841009K00
31686;7328;31;485100KE40;485100KE40
31687;7328;31;485108Z206;485108Z206
31688;7328;31;485108Z450;485108Z450
31689;7328;31;83805GP;83805GP
31690;7328;31;NKT HG 31144;NKTHG31144
31691;7328;100;022/2013;222013
31692;7329;100;1956/2018;19562018
31693;7330;100;1956/2018;19562018
31694;7332;31;26300292;26300292
31695;38;146;GL12460;GL12460
31696;38;50;344041;344041
31697;38;48;27483;27483
31698;38;48;34483MM;34483MM
31699;38;49;HG 36030;HG36030
31700;38;31;932334660;932334660
31701;38;31;93279207;93279207
31702;1897;146;L.12701;L12701
31703;1897;31;6010.014.054.00.4;6010014054004
31704;1975;146;L.13282;L13282
31705;1975;146;L.13326;L13326
31706;1977;146;L.12143;L12143
31707;1977;49;AC 36016;AC36016
31708;6641;146;L.12095;L12095
31709;6641;146;L.12472;L12472
31710;6641;146;L.12592;L12592
31711;6641;31;6008.014.012.006;6008014012006
31712;6782;146;L.13220;L13220
31713;6782;146;L.13804;L13804
31714;6782;31;A 384 326 02 00;A3843260200
31715;4679;31;5G6827550G;5G6827550G
31716;7331;146;MP32227;MP32227
31717;7331;48;38008;38008
31718;7331;48;808008MM;808008MM
31719;7331;49;SE 32676;SE32676
31720;7331;49;SE 32760;SE32760
31721;7331;31;500018010;500018010
31722;7331;100;127/2013;1272013
31723;7337;31;5221299050;5221299050
31724;7337;31;PVI2427;PVI2427
31725;7338;31;5221299010;5221299010
31726;7338;31;PVI2426;PVI2426
31727;7333;31;52049274;52049274
31728;7334;31;52192881;52192881
31729;7335;49;NJH28-428S;NJH28428S
31730;7336;31;391002176R;391002176R
31731;4711;31;2QB423812;2QB423812
31732;4712;31;2QB423811;2QB423811
31733;6637;146;45033;45033
31734;6637;146;45050;45050
31735;6637;146;45155;45155
31736;754;49;NBJ2021;NBJ2021
31737;1902;146;L.12590;L12590
31738;1902;146;L.13486;L13486
31740;1953;146;L.13839;L13839
31741;1953;31;7146863;7146863
31742;1953;52;315 904;315904
31743;657;146;32208;32208
31744;657;48;334093;334093
31745;657;49;CT 32771;CT32771
31746;5862;146;45075;45075
31747;5862;146;45879;45879
31748;6676;146;L.12473;L12473
31749;6676;146;L.12861;L12861
31750;3879;31;2QB-407-366;2QB407366
31751;3879;31;5WA-407-366;5WA407366
31752;7339;31;9822280080;9822280080
31753;7339;56;503265;503265
31754;330;146;L.12607;L12607
31755;330;31;75MU18045A;75MU18045A
31756;2031;146;45079;45079
31757;2025;146;45083;45083
31758;2025;49;AC 36021;AC36021
31759;1877;146;L.12881;L12881
31760;6564;146;B.47509;B47509
31761;6785;31;562106885R;562106885R
31762;6785;31;56210876R;56210876R
31763;4171;31;543020207R;543020207R
31765;7340;141;AC 0009;AC0009
31766;7340;31;20453258;20453258
31767;7340;31;20889136;20889136
31768;7340;31;21111942;21111942
31769;7340;31;3198837;3198837
31770;7340;140;ST 117;ST117
31771;7342;146;JDC32004;JDC32004
31772;7343;146;JHC29002;JHC29002
31773;1891;146;L.12859;L12859
31774;1891;146;L.13159;L13159
31779;7344;146;SEC18426;SEC18426
31780;7344;49; NJH33-611S;NJH33611S
31781;7345;146;SEC22001;SEC22001
31782;7345;49;NJH51-290S;NJH51290S
31783;7346;146;TRC08501;TRC08501
31784;7346;76;AL05;AL05
31785;7346;49;NJH13-345;NJH13345
31786;7347;146;TRC08504;TRC08504
31787;7347;76;AL26;AL26
31788;7347;49;NJH02-5AAT;NJH025AAT
31789;5861;31;24690314;24690314
31790;6615;146;45228;45228
31791;6615;31;A9583261300;A9583261300
31792;7348;31;1498733;1498733
31793;7348;100;1956/2018;19562018
31794;7349;31;1498732;1498732
31795;7349;100;1956/2018;19562018
31796;7350;31;24304382;24304382
31797;7350;100;1956/2018;19562018
31798;7351;141;AC 0047;AC0047
31799;7351;31;9793170103;9793170103
31800;7351;31;A.979.317.0103;A9793170103
31801;7351;52;316.808;316808
31802;7352;31;1319672;1319672
31803;7352;31;1337159;1337159
31804;7352;31;1623464;1623464
31805;7353;31;1629719;1629719
31806;7353;31;3172984;3172984
31807;7353;140;ST007;ST007
31808;6930;31;23H413031Q;23H413031Q
31809;7354;31;52161551;52161551
31810;7354;31;521615510;521615510
31811;2057;146;45021;45021
31812;7355;31;55307R1500;55307R1500
31813;7355;100;3541/2012;35412012
31814;7356;31;54650R1500;54650R1500
31815;7356;100;3542/2012;35422012
31816;7357;31;54651R1500;54651R1500
31817;7357;100;3542/2012;35422012
31818;5640;59;SK91013S;SK91013S
31819;7358;146;GP30602;GP30602
31820;7358;48;SP 961;SP961
31821;7358;49;HG 41122;HG41122
31822;7358;31;546601S510;546601S510
31823;7358;31;546601S511;546601S511
31824;7358;100;3542/2012;35422012
31825;7359;146;GP30603;GP30603
31826;7359;48;SP 960;SP960
31827;7359;49;HG 41123;HG41123
31828;7359;31;546501S510;546501S510
31829;7359;31;546501S511;546501S511
31830;7359;100;3542/2012;35422012
31831;7366;31;LX6Z/18124/CA/;LX6Z18124CA
31832;7366;100;3542/2012;35422012
31833;7367;31;LX6Z/18124/CD/;LX6Z18124CD
31834;7367;100;3542/2012;35422012
31835;7368;31;LX6Z/18125/AC/;LX6Z18125AC
31836;7368;100;3541/2012;35412012
31837;5913;31;49500-M4100;49500M4100
31838;5914;31;49501-M4100;49501M4100
31839;497;31;689500A110;689500A110
31840;497;31;689600A110;689600A110
31841;7369;31;2V3513031A;2V3513031A
31842;7369;100;1956/2018;19562018
31843;7371;31;1866162;1866162
31844;7371;140;ST 427;ST427
31845;1976;31;A9583230700;A9583230700
31846;1976;31;A9583232200;A9583232200
31847;1976;52;315 907;315907
31848;7372;31;22066619;22066619
31849;7372;100;3541/2012;35412012
31850;7372;52;350 942;350942
31851;7373;31;9851813780;9851813780
31852;7374;31;904527294R;904527294R
31853;6218;150;HQF-2326C;HQF2326C
31854;6218;73;2050C;2050C
31855;6218;151;FP845;FP845
31856;6159;71;N-296C;N296C
31857;6159;150;HQF-2327C;HQF2327C
31858;6159;73;2051C;2051C
31859;6159;151;FP212;FP212
31860;6219;71;N-294C;N294C
31861;6219;150;HQF-4102C;HQF4102C
31862;6219;73;2048C;2048C
31863;6219;151;FP845;FP845
31864;6220;152;OCDA2408;OCDA2408
31865;6220;73;1414C;1414C
31866;6220;151;FP860;FP860
31867;6221;150;HQF-4000C;HQF4000C
31868;6221;73;1415C;1415C
31869;6221;151;FP601;FP601
31870;6160;71;N-293C;N293C
31871;6160;150;HQF-2261C;HQF2261C
31872;6160;73;2047C;2047C
31873;6160;151;FP858A;FP858A
31874;6015;71;N-2084C;N2084C
31875;6015;150;HQF-2417C;HQF2417C
31876;6015;152;OCDA2914;OCDA2914
31877;6015;151;FP991;FP991
31878;6016;71;N-2099C;N2099C
31879;6016;150;HQF-2465C;HQF2465C
31880;6016;151;FP992;FP992
31881;6161;71;N-2011C;N2011C
31882;6161;150;HQF-2355C;HQF2355C
31883;6161;73;2053C;2053C
31884;6161;151;FP263;FP263
31885;6254;71;N-2042C;N2042C
31886;6254;150;HQF-2460C;HQF2460C
31887;6254;73;1423C;1423C
31888;6254;151;FP1018;FP1018
31889;6248;73;1413C;1413C
31890;6248;151;FP600;FP600
31891;6187;71;N-2021C;N2021C
31892;6187;152;OCDA2016;OCDA2016
31893;6187;73;3306C;3306C
31894;6187;151;FP260;FP260
31895;6222;71;N-2023C;N2023C
31896;6222;73;3307C;3307C
31897;6222;151;FP261;FP261
31898;7313;73;3300FC;3300FC
31899;7314;73;3301FC;3301FC
31900;7315;73;4291FC;4291FC
31901;6223;71;N-1774C;N1774C
31902;6223;150;HQF-2331AC;HQF2331AC
31903;6223;152;OCDA0910;OCDA0910
31904;6223;73;6120C;6120C
31905;6223;151;FP254;FP254
31906;6311;71;N-341C;N341C
31907;6311;151;FP110;FP110
31908;6256;71;N-2031;N2031
31909;6256;150;HQF-2453AC;HQF2453AC
31910;6256;152;OCDA1130;OCDA1130
31911;6256;73;3117C;3117C
31912;6256;151;FP270;FP270
31913;6257;71;N-2033C;N2033C
31914;6257;150;HQF-2349AC;HQF2349AC
31915;6257;73;3118C;3118C
31916;6257;151;FP271;FP271
31917;6162;71;N-390C;N390C
31918;6162;150;HQF-2290AC;HQF2290AC
31919;6162;152;OCDA1125;OCDA1125
31920;6162;73;2119C;2119C
31921;6162;151;FP963;FP963
31922;6258;71;N-2049C;N2049C
31923;6258;150;HQF-2347AC;HQF2347AC
31924;6258;152;OCDA1129;OCDA1129
31925;6258;73;3119C;3119C
31926;6258;151;FP969;FP969
31927;6163;71;N-2087C;N2087C
31928;6163;150;HQF-2464AC;HQF2464AC
31929;6163;152;OCDA1135;OCDA1135
31930;6163;73;4081C;4081C
31931;6163;151;FP998;FP998
31932;6188;71;N-2012C;N2012C
31933;6188;73;3115C;3115C
31934;6188;151;FP245;FP245
31935;7316;73;4300FC;4300FC
31936;6189;71;N-197C;N197C
31937;6189;150;HQF-2293AC;HQF2293AC
31938;6189;152;OCDA1041;OCDA1041
31939;6189;73;4213C;4213C
31940;6189;151;FP967;FP967
31941;6164;71;N-1786C;N1786C
31942;6164;150;HQF-2315AC;HQF2315AC
31943;6164;152;OCDA1032;OCDA1032
31944;6164;73;4214C;4214C
31945;6164;151;FP179;FP179
31946;6259;71;N-2115C;N2115C
31947;6259;150;HQF-2316C;HQF2316C
31948;6259;73;4215C;4215C
31949;6259;151;FP180;FP180
31950;6224;71;N-1758C;N1758C
31951;6224;150;HQF-2356AC;HQF2356AC
31952;6224;152;OCDA1203;OCDA1203
31953;6224;73;4256C;4256C
31954;6224;151;FP266;FP266
31955;6312;71;N-2039C;N2039C
31956;6312;150;HQF-2468AC;HQF2468AC
31957;6312;151;FP267;FP267
31958;7317;73;2269FC;2269FC
31959;7318;73;2271FC;2271FC
31960;6225;71;N-1762C;N1762C
31961;6225;150;HQF-4136C;HQF4136C
31962;6225;152;OCDA3003;OCDA3003
31963;6225;73;2433C;2433C
31964;6225;151;FP913;FP913
31965;6226;152;OCDA3000;OCDA3000
31966;6226;73;2429C;2429C
31967;6226;151;PW693;PW693
31968;7319;73;2435FC;2435FC
31969;7320;73;3429FC;3429FC
31970;6165;71;N-1375;N1375
31971;6165;150;HQF-2227AC;HQF2227AC
31972;6165;152;OCDA2818;OCDA2818
31973;6165;73;1391C;1391C
31974;6165;151;FP610;FP610
31975;6227;71;N-1449C;N1449C
31976;6227;150;HQF-4044C;HQF4044C
31977;6227;73;1392C;1392C
31978;6227;151;FP611;FP611
31979;6228;71;N-1366;N1366
31980;6228;150;HQF-2229AC;HQF2229AC
31981;6228;152;OCDA2826;OCDA2826
31982;6228;73;1398C;1398C
31983;6228;151;FP706;FP706
31984;6190;71;N-1368C;N1368C
31985;6190;150;HQF-2228AC;HQF2228AC
31986;6190;73;2383C;2383C
31987;6190;151;FP707;FP707
31988;6166;71;N-1483C;N1483C
31989;6166;150;HQF-2288AC;HQF2288AC
31990;6166;73;4380C;4380C
31991;6166;151;FP177;FP177
31992;6229;71;N-1447C;N1447C
31993;6229;150;HQF-22887AC;HQF22887AC
31994;6229;73;2384C;2384C
31995;6229;151;FP758;FP758
31996;6230;73;4382C;4382C
31997;6230;151;FP610;FP610
31998;6557;71;N-1324C;N1324C
31999;6557;151;PW663;PW663
32000;6191;71;N-1360C;N1360C
32001;6191;150;HQF-2204AC;HQF2204AC
32002;6191;152;OCDA2815;OCDA2815
32003;6191;73;1388C;1388C
32004;6191;151;PW115;PW115
32005;6167;71;N-1764C;N1764C
32006;6167;150;HQF-2325AC;HQF2325AC
32007;6167;152;OCDA2804;OCDA2804
32008;6167;73;4381C;4381C
32009;6167;151;FP235;FP235
32010;6192;71;1732C;1732C
32011;6192;150;HQF-4109C;HQF4109C
32012;6192;73;2066C;2066C
32013;6192;151;FP196;FP196
32014;6231;150;HQF-4105C;HQF4105C
32015;6231;152;OCDA0428;OCDA0428
32016;6231;152;OCDA0455;OCDA0455
32017;6231;73;2065C;2065C
32018;6231;151;FP218;FP218
32019;6168;71;N-1429C;N1429C
32020;6168;150;HQF-2285AC;HQF2285AC
32021;6168;152;OCDA2220;OCDA2220
32022;6168;73;3175C;3175C
32023;6168;151;FP675;FP675
32024;6169;71;N-2090C;N2090C
32025;6169;150;HQF-2469AC;HQF2469AC
32026;6169;152;OCDA2224;OCDA2224
32027;6169;73;9179C;9179C
32028;6169;151;FP973;FP973
32029;6232;150;HQF-2373AC;HQF2373AC
32030;6232;73;3179C;3179C
32031;6232;151;FP249;FP249
32032;6170;71;N-2036C;N2036C
32033;6170;150;HQF-2348C;HQF2348C
32034;6170;152;OCDA2204;OCDA2204
32035;6170;73;9178C;9178C
32036;6170;151;FP968;FP968
32037;6193;71;N-1426C;N1426C
32038;6193;150;HQF-2291AC;HQF2291AC
32039;6193;152;OCDA2223;OCDA2223
32040;6193;73;9177C;9177C
32041;6193;151;FP173;FP173
32042;6171;71;N-2045C;N2045C
32043;6171;150;HQF-2344AC;HQF2344AC
32044;6171;152;OCDA1334;OCDA1334
32045;6171;73;6264C;6264C
32046;6171;151;FP971;FP971
32047;6233;71;N-1256C;N1256C
32048;6233;150;HQF-2295AC;HQF2295AC
32049;6233;152;OCDA1327;OCDA1327
32050;6233;73;2376C;2376C
32051;6233;151;FP740;FP740
32052;6234;71;N-2060C;N2060C
32053;6234;150;HQF-2487AC;HQF2487AC
32054;6234;152;OCDA1309;OCDA1309
32055;6234;73;7260C;7260C
32056;6234;151;FP272;FP272
32057;6194;150;HQF-2285AC;HQF2285AC
32058;6194;73;7261C;7261C
32059;6194;151;FP273;FP273
32060;6235;71;N-2079C;N2079C
32061;6235;150;HQF-2369C;HQF2369C
32062;6235;73;4281C;4281C
32063;6235;151;FP265;FP265
32064;6260;152;OCDA1713;OCDA1713
32065;6260;73;4280C;4280C
32066;6260;151;FP264;FP264
32067;6172;71;N-1707C;N1707C
32068;6172;150;HQF-4115C;HQF4115C
32069;6172;152;OCDA1707;OCDA1707
32070;6172;73;3284C;3284C
32071;6172;151;FP892;FP892
32072;6236;71;N-1472C;N1472C
32073;6236;150;HQF-4103C;HQF4103C
32074;6236;152;OCDA0623;OCDA0623
32075;6236;73;3282C;3282C
32076;6236;151;FP175;FP175
32077;6237;71;N-1474C;N1474C
32078;6237;150;HQF-4062C;HQF4062C
32079;6237;73;2434C;2434C
32080;6237;151;FP912;FP912
32081;6173;152;OCDA1709;OCDA1709
32082;6173;73;4283C;4283C
32083;6173;151;FP893;FP893
32084;6195;71;N-1382C;N1382C
32085;6195;150;HQF-2271AC;HQF2271AC
32086;6195;152;OCDA2114;OCDA2114
32087;6195;73;2312C;2312C
32088;6195;151;FP696;FP696
32089;7321;73;1300FC;1300FC
32090;7322;73;1300KFC;1300KFC
32091;7323;73;1300KCFC;1300KCFC
32092;6174;71;N-1777C;N1777C
32093;6174;150;HQF-4141AC;HQF4141AC
32094;6174;73;6121C;6121C
32095;6174;151;FP255;FP255
32096;6261;71;N-1743C;N1743C
32097;6261;150;HQF-2392C;HQF2392C
32098;6261;152;OCDA3100;OCDA3100
32099;6261;73;1500C;1500C
32100;6261;151;FP867;FP867
32101;6318;71;N-1745C;N1745C
32102;6318;150;HQF-4088C;HQF4088C
32103;6318;151;FP938;FP938
32104;7324;73;1660FC;1660FC
32105;7022;146;JDC04312;JDC04312
32106;7211;31;545025718R;545025718R
32107;7211;31;545039807R;545039807R
32108;7212;31;545023121R;545023121R
32109;7212;31;545035275R;545035275R
32110;7375;31;K68070393AC;K68070393AC
32111;7376;31;K68070392AB;K68070392AB
32112;6586;31;1347771-00;134777100
32113;6586;31;2906020;2906020
32114;6586;31;2906100;2906100
32115;3254;31;54830D9000;54830D9000
32116;5953;31;485300A091;485300A091
32117;7019;146;JDC01309;JDC01309
32118;6935;146;JDC04303;JDC04303
32119;7021;146;JDC04305;JDC04305
32120;6965;146;JHC01110;JHC01110
32121;6966;146;JHC01135;JHC01135
32122;6967;146;JHC03119;JHC03119
32123;7066;146;JHC03120;JHC03120
32124;7067;146;JHC03133;JHC03133
32125;7041;146;JHC04128;JHC04128
32126;6882;146;JHC08111;JHC08111
32127;7042;146;JHC08118;JHC08118
32128;7023;146;JHC10104;JHC10104
32129;6984;146;JHC18104;JHC18104
32130;7024;146;JHC18111;JHC18111
32131;7043;146;JHC18112;JHC18112
32132;6883;146;JHC22001;JHC22001
32133;7025;146;JHC22004;JHC22004
32134;6884;146;JHC22009;JHC22009
32135;7044;146;JHC29007;JHC29007
32136;6941;146;JHC32008;JHC32008
32137;6885;146;JHC52001;JHC52001
32138;7377;31;12680933-00;1268093300
32139;7377;31;12680934-00;1268093400
32140;7377;31;SA3F-8402911;SA3F8402911
32141;7377;31;SA3F-8402912;SA3F8402912
32142;7378;31;80000490;80000490
32143;7396;31;545044765R;545044765R
32144;7396;80;PVI0609;PVI0609
32145;7396;56;503288;503288
32146;6968;31;2QB 407 271R;2QB407271R
32147;7397;146;16475;16475
32148;7397;31;00517898130;517898130
32149;7398;146;16504;16504
32150;7398;31;518492210;518492210
32151;7399;146;16532;16532
32152;7399;49;MG 17284;MG17284
32153;7399;31;6Q5 827 550 B;6Q5827550B
32154;7400;146;16533;16533
32155;7400;49;MG 17124;MG17124
32156;7400;31;94 747 510;94747510
32157;5322;31;DG9Z/5K486/A;DG9Z5K486A
32158;5322;31;F2GZ/5C486/A;F2GZ5C486A
32159;6719;31;54830N9000;54830N9000
32160;7401;31;4056A198;4056A198
32161;7402;31;4056A199;4056A199
32162;7408;31;6Q0407151;6Q0407151
32163;7409;31;6Q0407151;6Q0407151
32164;7410;31;46454597S;46454597S
32165;7411;31;46454598S;46454598S
32166;7412;31;52033901;52033901
32167;7412;31;93335830;93335830
32168;7413;31;52033900;52033900
32169;7413;31;93335829;93335829
32170;7414;31;51350-SAA-E01;51350SAAE01
32171;7414;31;51350-SEL-T01;51350SELT01
32172;7415;31;51360-SAA-E01;51360SAAE01
32173;7415;31;51360-SAE-T01;51360SAET01
32174;7416;31;545044765R;545044765R
32175;7417;31;545059976R;545059976R
32176;7418;31;545044765R;545044765R
32177;7419;31;545059976R;545059976R
32178;7420;31;545005RBOC;545005RBOC
32179;7421;31;545015RBOC;545015RBOC
32180;7422;31;54500AZ80B;54500AZ80B
32181;7422;31;54500-EL000;54500EL000
32182;7423;31;54501AZ80B;54501AZ80B
32183;7423;31;54501-EL000;54501EL000
32184;7424;31;9822280080;9822280080
32185;7425;31;9822280280;9822280280
32186;7426;31;9822280080;9822280080
32187;7427;31;9822280280;9822280280
32188;7428;31;52233275;52233275
32189;7429;31;52233276;52233276
32190;7430;31;MB3C-3B43-8BA;MB3C3B438BA
32191;7430;31;MB3Z/5K484/B;MB3Z5K484B
32192;7431;31;MB3C-3B43-8DD;MB3C3B438DD
32193;7431;31;MB3Z/5K484/F;MB3Z5K484F
32194;7403;146;16563;16563
32195;7403;31;5Z9 827 550 A;5Z9827550A
32196;7404;31;81830R2000;81830R2000
32197;7404;31;81840R2000;81840R2000
32198;7405;31;81770-A5000;81770A5000
32199;7405;31;81780-A5000;81780A5000
32200;7406;31;81830R1500;81830R1500
32201;7406;31;81840R1500;81840R1500
32202;7407;31;5802431930;5802431930
32203;3574;52;350 821;350821
32204;5448;52;350 828;350828
32205;6654;146;45321;45321
32206;6654;52;350 046;350046
32207;6249;146;45330;45330
32208;6249;52;350 045;350045
32209;6723;146;45854;45854
32210;6723;52;317 308;317308
32211;4827;141;MH0017;MH0017
32212;4827;52;350 813;350813
32213;6207;52;350 820;350820
32214;7435;146;JDC10002;JDC10002
32215;7436;146;JDC18005;JDC18005
32216;7437;63;546.6022;5466022
32217;7437;146;JHC01111;JHC01111
32218;7437;76;AL-1036;AL1036
32219;7437;49;NJH61-289;NJH61289
32220;7437;53;VKJA 41032 A;VKJA41032A
32221;7437;67;1761-289;1761289
32222;7438;146;JHC01113;JHC01113
32223;7438;76;AL-1410;AL1410
32224;7438;49;NJH08-1408;NJH081408
32225;7439;63;546.6021;5466021
32226;7439;146;JHC03124;JHC03124
32227;7439;76;AL-1096;AL1096
32228;7439;49;NJH51-1409;NJH511409
32229;7439;31;46308205;46308205
32230;7439;67;2251-1409;22511409
32231;7440;146;JHC03131;JHC03131
32232;7441;63;546.6019;5466019
32233;7441;146;JHC04117;JHC04117
32234;7441;76;AL-1108;AL1108
32235;7441;49;NJH81-779;NJH81779
32236;7441;67;2381-779;2381779
32237;7442;146;JHC04120;JHC04120
32238;7442;49;NJH09-0582;NJH090582
32239;7443;146;JHC04122;JHC04122
32240;7443;76;AL-1491;AL1491
32241;7443;49;NJH18-1487;NJH181487
32242;7444;146;JHC04130;JHC04130
32243;7445;146;JHC04131;JHC04131
32244;7446;146;JHC08109;JHC08109
32245;7446;76;AL-1031;AL1031
32246;7446;49;NJH21-1139;NJH211139
32247;7446;53;VKJA 41027 A;VKJA41027A
32248;7446;67;17211139;17211139
32249;7447;63;546.6025;5466025
32250;7447;146;JHC08110;JHC08110
32251;7447;76;AL-1020;AL1020
32252;7447;49;NJH81-609;NJH81609
32253;7447;53;VKJA 41010 A;VKJA41010A
32254;7447;67;1481609;1481609
32255;7448;146;JHC08112;JHC08112
32256;7448;49;NJH41-B436;NJH41B436
32257;7449;146;JHC08113;JHC08113
32258;7450;146;JHC08114;JHC08114
32259;7450;76;AL-1101;AL1101
32260;7450;49;NJH42-1101;NJH421101
32261;7450;53;VKJA5407;VKJA5407
32262;7451;146;JHC08123;JHC08123
32263;7451;49;NJH32-1444;NJH321444
32264;7451;31;EB3Z 3A427 G;EB3Z3A427G
32265;7451;31;EB3Z 3A428 G;EB3Z3A428G
32266;7452;146;JHC08127;JHC08127
32267;7453;63;546.6038;5466038
32268;7453;146;JHC10103;JHC10103
32269;7453;76;AL-1088;AL1088
32270;7453;49;NJH21-1549;NJH211549
32271;7453;67;1621-1549;16211549
32272;7454;146;JHC10110;JHC10110
32273;7455;146;JHC18118;JHC18118
32274;7456;146;JHC18123;JHC18123
32275;7457;146;JHC22012;JHC22012
32276;7458;146;JHC29008;JHC29008
32277;7459;146;JHC29009;JHC29009
32278;7459;31;391003HC0B;391003HC0B
32279;7460;63;546.6069;5466069
32280;7460;146;JHC32002;JHC32002
32281;7460;76;AL-1505;AL1505
32282;7460;49;NJH28-1505;NJH281505
32283;7461;63;546.6071;5466071
32284;7461;146;JHC32003;JHC32003
32285;7461;76;AL-1484;AL1484
32286;7461;49;NJH15-1482;NJH151482
32287;7462;146;JHC32007;JHC32007
32288;7462;49;NJH32-4100;NJH324100
32289;7463;146;JHC33001;JHC33001
32290;7464;146;JHC39002;JHC39002
32291;7465;146;JHC55001;JHC55001
32292;7465;76;AL-1511;AL1511
32293;7486;31;79114138;79114138
32294;7486;31;8521;8521
32295;7486;31;950313/ 20;95031320
32296;7486;140;STA 7005;STA7005
32297;7466;146;SEC01412;SEC01412
32298;7466;76;AL-1466;AL1466
32299;7467;146;SEC03002;SEC03002
32300;7467;76;AL-1177;AL1177
32301;7467;49;NJH06-080S;NJH06080S
32302;7467;31;136.995.5080;1369955080
32303;7467;67;953644HD;953644HD
32304;7468;146;SEC03014;SEC03014
32305;7469;146;SEC03015;SEC03015
32306;7470;146;SEC18418;SEC18418
32307;7470;76;AL-1475;AL1475
32308;7470;49;NJH29-475S;NJH29475S
32309;7471;146;SEC18429;SEC18429
32310;7471;76;AL1170;AL1170
32311;7471;49;NJH04-578S;NJH04578S
32312;7471;67;953921HD;953921HD
32313;7472;146;SEC22003;SEC22003
32314;7472;76;AL-1433;AL1433
32315;7472;49;NJH46-433S;NJH46433S
32316;7473;146;SEC22004;SEC22004
32317;7474;146;SEC29001;SEC29001
32318;7474;76;AL-1449;AL1449
32319;7474;49;NJH31-449S;NJH31449S
32320;7475;146;SEC29002;SEC29002
32321;7475;76;AL-1082;AL1082
32322;7475;49;NJH05-082S;NJH05082S
32323;7476;146;SEC32001;SEC32001
32324;7476;76;AL-1483;AL1483
32325;7476;49; NJH16-483S;NJH16483S
32326;7477;146;SEC33003;SEC33003
32327;7434;50;338086;338086
32328;7434;48;749104;749104
32329;7434;48;SP155;SP155
32330;7434;49;HG 33008;HG33008
32331;7434;49;HG 33094;HG33094
32332;7434;31;468120280;468120280
32333;7434;31;468123500;468123500
32334;7434;31;51959493;51959493
32335;7434;100;3542/2012;35422012
32336;7478;146;TRC03511;TRC03511
32337;7478;49;NJH01-080T;NJH01080T
32338;7479;146;TRC08507;TRC08507
32339;7479;76;AL55;AL55
32340;7479;49;NJH05-07AT;NJH0507AT
32341;7480;146;TRC08517;TRC08517
32342;7480;49;NJH41-436T;NJH41436T
32343;7481;146;TRC17002;TRC17002
32344;7481;76;AL951;AL951
32345;7481;49;NJH00-3N8T;NJH003N8T
32346;7482;146;TRC18006;TRC18006
32347;7482;49;NJH44-618T;NJH44618T
32348;7483;146;TRC22004;TRC22004
32349;7483;76;AL530;AL530
32350;7483;49;NJH12-250T;NJH12250T
32351;7484;146;TRC32007;TRC32007
32352;7484;49;NJH08-586T;NJH08586T
32353;7485;146;TRC55001;TRC55001
32354;7485;76;AL950;AL950
32355;7485;49;NJH01-3N2T;NJH013N2T
32356;7487;141;MP0014;MP0014
32357;7487;31;1502463;1502463
32358;7487;31;1870893;1870893
32359;7487;31;2493166;2493166
32360;7487;31;2493170;2493170
32361;7487;140;ST 132SF;ST132SF
32362;7488;141;MP0025;MP0025
32363;7488;31;1434380;1434380
32364;7488;31;1873668;1873668
32365;7488;31;2493164;2493164
32366;7488;140;ST 210 ES;ST210ES
32367;1675;66;FZ00125439G;FZ00125439G
32368;1676;66;FZ00125544G;FZ00125544G
32369;1679;146;BUC01101;BUC01101
32370;1679;66;FZ00125296G;FZ00125296G
32371;1680;66;FZ00125354G;FZ00125354G
32372;1693;66;FZ00126684G;FZ00126684G
32373;1694;66;FZ00126795G;FZ00126795G
32374;1695;66;FZ00126504G;FZ00126504G
32375;3924;66;FZ00123494G;FZ00123494G
32376;5957;146;BUC08030;BUC08030
32377;1739;66;FZ00105606G;FZ00105606G
32378;1747;66;FZ00100104G;FZ00100104G
32379;1754;66;FZ00105607G;FZ00105607G
32380;1759;66;FZ00100011G;FZ00100011G
32381;1760;66;FZ00100035G;FZ00100035G
32382;4319;66;FZ00306512G;FZ00306512G
32383;1772;66;FZ00106884G;FZ00106884G
32384;1776;66;FZ00106535G;FZ00106535G
32385;1778;66;FZ00106500G;FZ00106500G
32386;1780;66;FZ00106261G;FZ00106261G
32387;1781;66;FZ00106274G;FZ00106274G
32388;1782;66;FZ00106272G;FZ00106272G
32389;1787;66;FZ00106729G;FZ00106729G
32390;1788;66;FZ00100030HG;FZ00100030HG
32391;1789;66;FZ00100028HG;FZ00100028HG
32392;1791;66;FZ00100054G;FZ00100054G
32393;1792;66;FZ00100029G;FZ00100029G
32394;1794;66;FZ00100027G;FZ00100027G
32395;1795;66;FZ00100057G;FZ00100057G
32396;2295;66;FZ00106273G;FZ00106273G
32397;3812;66;FZ00106293G;FZ00106293G
32398;1801;66;FZ00106777G;FZ00106777G
32399;1811;66;FZ00103501G;FZ00103501G
32400;2636;66;FZ00100062G;FZ00100062G
32401;1818;66;FZ00103516G;FZ00103516G
32402;1823;66;FZ00103549HG;FZ00103549HG
32403;1824;66;FZ00103551G;FZ00103551G
32404;3115;66;FZ00100156G;FZ00100156G
32405;3321;66;FZ00103495G;FZ00103495G
32406;3784;66;FZ00103706G;FZ00103706G
32407;3785;66;FZ00143686G;FZ00143686G
32408;3786;66;FZ00143691G;FZ00143691G
32409;1838;66;FZ00102227G;FZ00102227G
32410;1846;66;FZ00102338G;FZ00102338G
32411;3912;66;FZ00102239G;FZ00102239G
32412;2528;66;FZ00109297HG;FZ00109297HG
32413;3112;66;FZ00109304G;FZ00109304G
32414;7489;141;MP0037;MP0037
32415;7489;31;2392806;2392806
32416;7489;31;2621046;2621046
32417;7489;31;2955067;2955067
32418;7489;140;ST 376;ST376
32419;7490;31;23B413023A;23B413023A
32420;7490;31;23B413023C;23B413023C
32421;7491;31;1T17B-5;1T17B5
32422;7491;31;950622;950622
32423;7491;31;AN209716;AN209716
32424;7491;140;STA 7012;STA7012
32425;7492;31;1T15M-2;1T15M2
32426;7492;31;950621;950621
32427;7492;31;AN205362;AN205362
32428;7492;140;STA 7011;STA7011
32429;2676;146;MC.ECHE118;MCECHE118
32430;1235;146;MC.EFIAT06;MCEFIAT06
32431;642;146;16264;16264
32432;642;31;379827550;379827550
32433;642;31;379827550F;379827550F
32434;6651;146;L.12025;L12025
32435;6651;146;L.12504;L12504
32436;6651;48;640524MG;640524MG
32437;231;146;32193;32193
32438;231;50;664700;664700
32439;231;49;CT 32731;CT32731
32440;231;31;500017970;500017970
32441;6076;31;5N0413031AT;5N0413031AT
32442;7493;49;N99218;N99218
32443;7493;31;7701-470-364;7701470364
32444;7493;100;9066/2014;90662014
32445;7493;56;335272;335272
32446;7494;49;N99219;N99219
32447;7494;31;7701-470-363;7701470363
32448;7494;100;9066/2014;90662014
32449;7495;141;AC0034;AC0034
32450;7495;48;CB0182;CB0182
32451;7495;31;1910106;1910106
32452;7495;140;ST304;ST304
32453;7496;31;281700004752;281700004752
32454;7496;31;5801230080;5801230080
32455;7496;31;5802707614;5802707614
32456;7496;52;315703;315703
32457;7496;140;ST367;ST367
32458;7497;141;MH0001;MH0001
32459;7497;141;MH0039;MH0039
32460;7497;31;1761379;1761379
32461;7497;52;316 801;316801
32462;7498;31;51247450612;51247450612
32463;7501;146;JDC01330;JDC01330
32464;7502;146;JDC04311;JDC04311
32465;7503;146;JDC18002;JDC18002
32466;7504;63;546.6017;5466017
32467;7504;146;JHC01104;JHC01104
32468;7504;76;AL-1015;AL1015
32469;7504;49;NJH25-129;NJH25129
32470;7504;53;VKJA 41016 A;VKJA41016A
32471;7504;67;325-129;325129
32472;7505;146;JHC08115;JHC08115
32473;7505;76;AL-1053;AL1053
32474;7505;49;NJH61-279;NJH61279
32475;7505;53;VKJA 41004 A;VKJA41004A
32476;7505;67;1161279;1161279
32477;7506;63;546.6073;5466073
32478;7506;146;JHC18109;JHC18109
32479;7506;76;AL-1485;AL1485
32480;7506;49;NJH42-6521;NJH426521
32481;7507;146;JHC18124;JHC18124
32482;7508;146;JHC39001;JHC39001
32483;3448;146;L.13482;L13482
32484;6594;146;16537;16537
32486;7500;31;5U6827550B ;5U6827550B
32487;7509;146;SEC03006;SEC03006
32488;7509;76;AL-1173;AL1173
32489;7509;49;NJH03-080S;NJH03080S
32490;7509;67;953632HD ;953632HD
32491;7510;146;SEC03007;SEC03007
32492;7510;76;AL-1176;AL1176
32493;7510;49;NJH05-080S;NJH05080S
32494;7510;31;136.995.1080;1369951080
32495;7510;67;953641HD;953641HD
32496;7511;146;SEC10005;SEC10005
32497;7512;146;SEC39009;SEC39009
32498;7512;76;AL-1448;AL1448
32499;7513;146;SEC39010;SEC39010
32500;7513;76;AL-1449;AL1449
32501;7514;146;TLC03000;TLC03000
32502;7515;146;TRC03509;TRC03509
32503;7515;76;AL672;AL672
32504;7515;49;NJH04-672T;NJH04672T
32505;7516;146;TRC03514;TRC03514
32506;7517;146;TRC10007;TRC10007
32507;7517;49;NJH22-227T;NJH22227T
32508;7518;146;TRC18002;TRC18002
32509;7518;76;AL955;AL955
32510;7518;49;NJH00-231T;NJH00231T
32511;5041;31;A9343260500;A9343260500
32512;7519;48;CB0231;CB0231
32513;7519;31;1936406;1936406
32514;7519;31;1938640;1938640
32515;7519;140;ST425;ST425
32516;7520;31;23H899515;23H899515
32517;7520;31;23H899515D;23H899515D
32518;7520;31;23H899515F;23H899515F
32519;6548;31;553102W300-BI;553102W300BI
32520;7521;31;2P0513031F;2P0513031F
32521;7521;100;6934/2020;69342020
32522;6572;146;L.13300;L13300
32523;6572;146;L.13664;L13664
32524;6572;31;23K413031C;23K413031C
32525;7522;146;L.13777;L13777
32526;7522;31;2V3413031;2V3413031
32527;7522;31;2V3413031A;2V3413031A
32528;7522;100;3541/2012;35412012
32529;4652;31;8402126XPW01A;8402126XPW01A
32530;7499;31;9853266480;9853266480
32531;7499;31;9853267080;9853267080
32532;7523;146;SB27448;SB27448
32533;7523;50;443045;443045
32534;7523;48;334728MM;334728MM
32535;7523;49;AC 25003;AC25003
32536;7523;100;1956/2018;19562018
32537;118;146;SC32549;SC32549
32538;118;31;93218913;93218913
32539;4184;31;2QB.407.152.E;2QB407152E
32540;4185;31;2QB.407.151.E;2QB407151E
32541;7408;49;NBJ1002DP;NBJ1002DP
32542;7408;80;BDJ7154;BDJ7154
32543;7409;49;NBJ1002EP;NBJ1002EP
32544;7409;80;BDJ7153;BDJ7153
32545;7410;80;BDJ5598;BDJ5598
32546;7411;80;BDJ5498;BDJ5498
32547;7412;49;NBJ3015DP;NBJ3015DP
32548;7412;80;BDJ2118;BDJ2118
32549;7413;49;NBJ3015EP;NBJ3015EP
32550;7413;80;BDJ2119;BDJ2119
32551;7414;49;NBJ7005DP;NBJ7005DP
32552;7414;80;BDJ7950;BDJ7950
32553;7415;49;NBJ7005EP;NBJ7005EP
32554;7415;80;BDJ7951;BDJ7951
32555;7418;80;BDJ0602;BDJ0602
32556;7419;80;BDJ0603;BDJ0603
32557;4089;80;BDJ3300SP;BDJ3300SP
32558;4090;80;BDJ3301SP;BDJ3301SP
32559;7420;49;NBJ6013DP;NBJ6013DP
32560;7420;80;BDJ3300;BDJ3300
32561;7421;49;NBJ6013EP;NBJ6013EP
32562;7421;80;BDJ3301;BDJ3301
32563;7422;49;NBJ6012DP;NBJ6012DP
32564;7422;80;BDJ1056;BDJ1056
32565;7423;49;NBJ6012EP;NBJ6012EP
32566;7423;80;BDJ1057;BDJ1057
32567;4288;80;BDJ2400SP;BDJ2400SP
32568;4288;80;BDJ2401SP;BDJ2401SP
32569;7424;80;BDJ0908;BDJ0908
32570;7425;80;BDJ0907;BDJ0907
32571;7428;80;BDJ2426;BDJ2426
32572;7429;80;BDJ2427;BDJ2427
32573;2550;31;5QM 413 031 AJ;5QM413031AJ
32574;7524;31;54651S1400;54651S1400
32575;7524;100;3542/2012;35422012
32576;7525;31;54650S1400;54650S1400
32577;7525;31;54650S1400-BI;54650S1400BI
32578;7525;100;3542/2012;35422012
32579;2356;31;51620-TR8-P710-M1;51620TR8P710M1
32580;5899;37;A7003;A7003
32581;7526;49;AC 42007;AC42007
32582;7526;31;2W0413023;2W0413023
32583;7526;100;3541/2012;35412012
32584;7526;52;350 341;350341
32585;280;31;51820957;51820957
32586;6124;31;1690533480;1690533480
32587;7527;31;094307;94307
32588;7527;31;1383831;1383831
32589;7528;63;546.6034;5466034
32590;7528;146;JHC01106;JHC01106
32591;7528;76;AL-1155;AL1155
32592;7528;49;NJH01-839;NJH01839
32593;7528;53;VKJA2152A;VKJA2152A
32594;7528;67;2101839;2101839
32595;7529;146;JHC03104;JHC03104
32596;7529;76;AL-1196;AL1196
32597;7529;49;NJH00-8772;NJH008772
32598;7529;67;40008772;40008772
32599;7530;146;JHC03108;JHC03108
32600;7530;76;AL-1425;AL1425
32601;7530;49;NJH31-2029;NJH312029
32602;7530;67;2231-2029;22312029
32603;7531;146;JHC04114;JHC04114
32604;7531;31;52.036.357 (SEMI-EIXO);52036357SEMIEIXO
32605;7531;31;52.036.358 (SEMI-EIXO);52036358SEMIEIXO
32606;7532;146;JHC04123;JHC04123
32607;7532;76;AL1459;AL1459
32608;7533;146;JHC04124;JHC04124
32609;7534;146;JHC04133;JHC04133
32610;7535;146;JHC18115;JHC18115
32611;7535;49;NJH01-5576;NJH015576
32612;7536;146;JHC18116;JHC18116
32613;7537;146;JHC33002;JHC33002
32614;7537;76;AL-1502;AL1502
32615;7537;49;NJH25-S200;NJH25S200
32616;7538;146;JHC55002;JHC55002
32617;7539;146;SEC01403;SEC01403
32618;7540;146;SEC04405;SEC04405
32619;7540;76;AL-1450;AL1450
32620;7540;49;NJH12-450S;NJH12450S
32621;7541;146;SEC04406;SEC04406
32622;7542;146;SEC04421;SEC04421
32623;7543;146;SEC04422;SEC04422
32624;7544;146;SEC18417;SEC18417
32625;7544;76;AL-1493;AL1493
32626;7544;49;NJH42-521S;NJH42521S
32627;7545;146;SEC22005;SEC22005
32628;7545;76;AL-1081;AL1081
32629;7545;49;NJH01-040S;NJH01040S
32630;7545;67;953540HD;953540HD
32631;7546;146;SEC32019;SEC32019
32632;7547;146;TRC08518;TRC08518
32633;7547;49;NJH12-269T;NJH12269T
32634;7548;146;TRC10003;TRC10003
32635;7549;146;TRC10006;TRC10006
32636;7549;76;AL581;AL581
32637;7549;49;NJH29-581T;NJH29581T
32638;7550;146;TRC18009;TRC18009
32639;7550;49;NJH36-675T;NJH36675T
32640;7551;146;TRC32001;TRC32001
32641;7551;76;AL592;AL592
32642;7551;49;NJH03-306T;NJH03306T
32643;7555;146;BJC01031M;BJC01031M
32644;7555;58;VW 1123 A;VW1123A
32645;7555;49;NBJ1014;NBJ1014
32646;7555;31;1H0.407.151;1H0407151
32647;7555;31;1HO.407.151;1HO407151
32648;7556;146;BJC01034M;BJC01034M
32649;7556;58;VW-1143;VW1143
32650;7556;49;NBJ1008;NBJ1008
32651;7556;31;191.407.151 BB;191407151BB
32652;7556;31;191.407.151.B;191407151B
32653;7557;146;BJC01044M;BJC01044M
32654;7557;58;VW 1204 B;VW1204B
32655;7557;49;NBJ1011D;NBJ1011D
32656;7557;31;5U0-407-152-A;5U0407152A
32657;7557;31;5U0-407-152-B;5U0407152B
32658;7557;31;5U0-407-152-C;5U0407152C
32659;7557;80;BDJ1028;BDJ1028
32660;7558;146;BJC03029M;BJC03029M
32661;7558;58;FI 215 A;FI215A
32662;7558;49;NBJ4001P;NBJ4001P
32663;7558;31;7674825;7674825
32664;7558;80;BRA3029;BRA3029
32665;7559;146;BJC03042M;BJC03042M
32666;7559;58;FI 194 AMGG;FI194AMGG
32667;7559;49;NBJ4004D;NBJ4004D
32668;7559;49;NBJ4012D;NBJ4012D
32669;7559;31;46777741;46777741
32670;7559;31;51784487;51784487
32671;7559;80;BDJ9000SP;BDJ9000SP
32672;7559;80;BDJ9003SP;BDJ9003SP
32673;7560;146;BJC04046M;BJC04046M
32674;7560;58;GM 2044;GM2044
32675;7560;49;NBJ 3012D;NBJ3012D
32676;7560;31;93.219.352 C;93219352C
32677;7560;80;BDJ2043;BDJ2043
32678;7561;146;BJC04078M;BJC04078M
32679;7561;58;GM 2027 A;GM2027A
32680;7561;49;NBJ3023E;NBJ3023E
32681;7561;31;52259197;52259197
32682;7561;31;8937985;8937985
32683;7562;146;BJC04128M;BJC04128M
32684;7562;58;GM 2100/1;GM21001
32685;7562;49;NBJ3007D;NBJ3007D
32686;7562;49;NBJ3007E;NBJ3007E
32687;7562;49;NBJ3009;NBJ3009
32688;7562;31;53.291.572-B;53291572B
32689;7562;31;90496039;90496039
32690;7562;31;93.291.571-B;93291571B
32691;7562;80;BDJ0376;BDJ0376
32692;7563;146;BJC04137M;BJC04137M
32693;7563;49;NBJ3005D;NBJ3005D
32694;7563;49;NBJ3005E;NBJ3005E
32695;7563;31;352193;352193
32696;7564;146;BJC04139M;BJC04139M
32697;7564;58;GM 2265-B;GM2265B
32698;7564;49;NBJ3004E;NBJ3004E
32699;7564;31;25848407;25848407
32700;7564;80;BDJ2037;BDJ2037
32701;7565;146;BJC04140M;BJC04140M
32702;7565;58;GM 2264-B;GM2264B
32703;7565;49;NBJ3004D;NBJ3004D
32704;7565;31;25848408;25848408
32705;7565;80;BDL2036;BDL2036
32706;7566;146;BJC08004M;BJC08004M
32707;7566;58;FO-3092;FO3092
32708;7566;31;BD8M 3A 234 AS;BD8M3A234AS
32709;7567;146;BJC08040M;BJC08040M
32710;7567;58;FO 3104;FO3104
32711;7567;49;NBJ2010D;NBJ2010D
32712;7567;31;85NU 3A 189 AS;85NU3A189AS
32713;7567;80;BDJ8040;BDJ8040
32714;7568;146;BJC08044M;BJC08044M
32715;7568;58;FO 3095;FO3095
32716;7568;49;NBJ2020;NBJ2020
32717;7568;31;85NU 3A235AS;85NU3A235AS
32718;7569;146;BJC08116M;BJC08116M
32719;7569;58;FO 3140;FO3140
32720;7569;31;YST1/3042-AA;YST13042AA
32721;7569;80;BDJ5026SP;BDJ5026SP
32722;7570;146;BJC08117M;BJC08117M
32723;7570;58;FO 3141;FO3141
32724;7570;31;YS71/3051-AA;YS713051AA
32725;7570;80;BDJ5027SP;BDJ5027SP
32726;7571;146;BJC08125M;BJC08125M
32727;7571;49;NBJ2019E;NBJ2019E
32728;7571;31;7S55 3051 BD;7S553051BD
32729;7571;80;BDJ8015;BDJ8015
32730;7572;146;BJC08131M;BJC08131M
32731;7572;58;FO 3203 BC;FO3203BC
32732;7572;31;7S65 3051 AB;7S653051AB
32733;7573;146;BJC08136M;BJC08136M
32734;7573;58;FO-3252-B;FO3252B
32735;7573;49;NBJ2015DP;NBJ2015DP
32736;7573;31;AB31 3078 AG;AB313078AG
32737;7573;80;BDJ0240;BDJ0240
32738;7574;146;BJC08144M;BJC08144M
32739;7574;58;FO3194C;FO3194C
32740;7574;49;NBJ2027DP;NBJ2027DP
32741;7574;31;6E5Z3084BA;6E5Z3084BA
32742;7574;80;BDJ3194;BDJ3194
32743;7575;146;BJC08146M;BJC08146M
32744;7575;58;FO3194C;FO3194C
32745;7575;49;NBJ2027DP;NBJ2027DP
32746;7575;31;6E5Z3084BA;6E5Z3084BA
32747;7575;80;BDJ3194;BDJ3194
32748;7576;146;BJC10002M;BJC10002M
32749;7576;58;HD 13000;HD13000
32750;7576;31;51450-S01-023-B;51450S01023B
32751;7576;80;BDJ0418;BDJ0418
32752;7577;146;BJC18010M;BJC18010M
32753;7577;58;RN 4054 B;RN4054B
32754;7577;49;NBJ6010E;NBJ6010E
32755;7577;31;545001064R;545001064R
32756;7577;31;8200910716;8200910716
32757;7577;80;BDJ5226;BDJ5226
32758;7578;146;BJC18014M;BJC18014M
32759;7578;58;RN 4005;RN4005
32760;7578;49;NBJ6015D;NBJ6015D
32761;7578;31;7700820028;7700820028
32762;7578;31;7700820029-B;7700820029B
32763;7578;80;BDJ2008;BDJ2008
32764;7579;146;BJC18141M;BJC18141M
32765;7579;58;RN 4049 B;RN4049B
32766;7579;49;NBJ6008E;NBJ6008E
32767;7579;31;8200679063;8200679063
32768;7579;31;8200679067;8200679067
32769;7579;80;BDJ0764;BDJ0764
32770;7580;146;BJC18148M;BJC18148M
32771;7580;58;RN 4058 B;RN4058B
32772;7580;49;NBJ6007D;NBJ6007D
32773;7580;31;8200942407;8200942407
32774;7581;146;BJC18149M;BJC18149M
32775;7581;58;RN 4059 B;RN4059B
32776;7581;49;NBJ6007E;NBJ6007E
32777;7581;31;8200942408;8200942408
32778;7582;146;BJC18155M;BJC18155M
32779;7582;58;RN 4003 GG;RN4003GG
32780;7582;31;7700430765;7700430765
32781;7582;80;BDJ0765SP;BDJ0765SP
32782;7583;146;BJC18159M;BJC18159M
32783;7583;58;RN-4001-CGG;RN4001CGG
32784;7583;31;7700425227;7700425227
32785;7583;80;BDJ5227;BDJ5227
32786;7584;146;BJC18163M;BJC18163M
32787;7584;31;54501-4055R;545014055R
32788;7584;80;BDJ9869;BDJ9869
32789;7585;146;BJC33001M;BJC33001M
32790;7585;58;AK 8003;AK8003
32791;7585;31;0K72.A34.200-A;K72A34200A
32792;7586;146;BJC39000M;BJC39000M
32793;7586;31;MB.109.648;MB109648
32794;7587;146;BJC39001M;BJC39001M
32795;7587;31;MB.633.264;MB633264
32796;7588;146;BJC39020M;BJC39020M
32797;7588;58;MT-17038-BEGG;MT17038BEGG
32798;7588;49;NBJ9001D;NBJ9001D
32799;7588;31;MR296095B;MR296095B
32800;7552;31;55307S1400;55307S1400
32801;7552;100;3541/2012;35412012
32802;7553;31;54650R2000;54650R2000
32803;7553;100;3542/2012;35422012
32804;7554;31;54651R2000;54651R2000
32805;7554;100;3542/2012;35422012
32806;7589;31;1T15TQ-1;1T15TQ1
32807;7589;31;950873;950873
32808;7589;31;AN302180;AN302180
32809;863;146;TAC04003;TAC04003
32810;863;49;N93008;N93008
32811;7590;146;JDC08001;JDC08001
32812;7591;63;546.6068;5466068
32813;7591;146;JHC04113;JHC04113
32814;7591;76;AL1477;AL1477
32815;7591;49;NJH03-0580;NJH030580
32816;7592;146;JHC22007;JHC22007
32817;7592;76;AL1145;AL1145
32818;7592;49;NJH99-551;NJH99551
32819;7592;67;299551XD;299551XD
32820;7593;146;JHC29010;JHC29010
32821;7594;63;"546.6113
546.6114";54661135466114
32822;7594;146;SEC04402;SEC04402
32823;7594;76;AL1107;AL1107
32824;7594;49;NJH1687HD;NJH1687HD
32825;7594;67;951687HD;951687HD
32826;7595;146;TLC03001;TLC03001
32827;7596;146;TRC32002;TRC32002
32828;7596;49;NJH01-296T;NJH01296T
32829;5461;146;GB27688;GB27688
32830;5461;31;BC455C368CA;BC455C368CA
32831;7597;146;L.13882;L13882
32832;7597;31;A9583231800;A9583231800
32833;7597;31;A9583232000;A9583232000
32834;7597;100;021/2013;212013
32835;7598;146;SB27703;SB27703
32836;7598;48;334018MM;334018MM
32837;7598;48;38018;38018
32838;7598;49;AC25001;AC25001
32839;7598;31;1114130311;1114130311
32840;7598;100;1956/2018;19562018
32841;4209;146;TRC55004;TRC55004
32842;7609;31;A9063304107;A9063304107
32843;7609;80;BDJ3003;BDJ3003
32844;7610;31;A9063304007;A9063304007
32845;7610;80;BDJ3002;BDJ3002
32846;7611;31;A9063304107;A9063304107
32847;7611;80;BDJ3003;BDJ3003
32848;7612;31;A9063304007;A9063304007
32849;7612;80;BDJ3002;BDJ3002
32850;7599;31;2QB513049G;2QB513049G
32851;7599;100;3541/2012;35412012
32852;7600;48;CB0228;CB0228
32853;7600;31;1868685;1868685
32854;7600;31;1936407;1936407
32855;7601;31;9857159480;9857159480
32856;7601;100;3541/2012;35412012
32857;7602;31;50165424;50165424
32858;7602;100;127/2013;1272013
32859;7603;31;50165427;50165427
32860;7603;100;127/2013;1272013
32861;7604;146;L.12412;L12412
32862;7604;50;344041;344041
32863;7604;50;444236;444236
32864;7604;48;54503;54503
32865;7604;49;AC 35765;AC35765
32866;7604;31;93253252;93253252
32867;7604;100;6934/2020;69342020
32868;7605;31;32405066;32405066
32869;7606;31;32405064;32405064
32870;7607;31;9825534780;9825534780
32871;7608;31;31420454;31420454
32872;7613;49;N95015;N95015
32873;7613;31;680121644AA;680121644AA
32874;7613;31;9063304007;9063304007
32875;7613;31;9063330227;9063330227
32876;7613;80;PVI3007;PVI3007
32877;7613;56;503259;503259
32878;7600;154;176304;176304
32879;3706;154;19-232362;19232362
32880;3141;60;MB4241;MB4241
32881;7614;49;N7014;N7014
32882;7614;31;23B407187B;23B407187B
32883;7614;80;PVI0823;PVI0823
32884;7614;56;503469;503469
32885;7615;49;N7030;N7030
32886;7615;31;23B407187;23B407187
32887;7615;80;PVS0825;PVS0825
32888;7615;56;503459;503459
32889;7617;59;SK91027BS;SK91027BS
32890;6549;31;9583200530;9583200530
32891;5862;48;65451;65451
32892;5862;52;316 673;316673
32893;7623;31;68362518AA ;68362518AA
32894;7627;146;BJC03049M;BJC03049M
32895;7627;58;FI 315 BCGG;FI315BCGG
32896;7627;49;NBJ4010E;NBJ4010E
32897;7627;31;51834375;51834375
32898;7627;80;BDJ9013SP;BDJ9013SP
32899;7628;146;BJC04100M;BJC04100M
32900;7628;58;GM 2007;GM2007
32901;7628;49;NBJ3003E;NBJ3003E
32902;7628;31;9306511;9306511
32903;7629;146;BJC04102M;BJC04102M
32904;7629;58;GM 2008;GM2008
32905;7629;49;NBJ3003D;NBJ3003D
32906;7629;31;9306512;9306512
32907;7630;146;BJC08115M;BJC08115M
32908;7630;58;FO 3143-GG;FO3143GG
32909;7630;49;NBJ2008E;NBJ2008E
32910;7630;31;2M51.3051-BC;2M513051BC
32911;7630;80;BDJ9851SP;BDJ9851SP
32912;7631;146;BJC08124M;BJC08124M
32913;7631;49;NBJ2019D;NBJ2019D
32914;7631;31;7S55 3042 BD;7S553042BD
32915;7631;80;BDJ8016;BDJ8016
32916;7632;146;BJC08133M;BJC08133M
32917;7632;58;FO 3211 B;FO3211B
32918;7632;49;NBJ2011EP;NBJ2011EP
32919;7632;31;BE8Z 3079 C;BE8Z3079C
32920;7632;31;D3BC.3051-BA;D3BC3051BA
32921;7632;31;E3B1.3051-A3C/D;E3B13051A3CD
32922;7632;80;BDJ9873;BDJ9873
32923;7633;146;BJC29019M;BJC29019M
32924;7633;49;NBJ6001;NBJ6001
32925;7633;31;545252S686;545252S686
32926;7633;80;BDJ2689;BDJ2689
32927;1615;31;J42-2906030;J422906030
32928;7624;49;HG 41527;HG41527
32929;7624;31;9841223680;9841223680
32930;7624;31;9845186980;9845186980
32931;7624;100;3541/2012;35412012
32932;7625;146;GP30410;GP30410
32933;7625;146;GP30651;GP30651
32934;7625;48;SP209;SP209
32935;7625;49;HG 33086;HG33086
32936;7625;49;HG 33090;HG33090
32937;7625;49;HG 33092;HG33092
32938;7625;31;52085423;52085423
32939;7625;31;52047658;52047658
32940;7625;31;52152988;52152988
32941;7625;31;52157943;52157943
32942;7625;31;52158211;52158211
32943;7625;100;127/2013;1272013
32944;7625;100;3542/2012;35422012
32945;7625;100;4166/2012;41662012
32946;7626;146;GP30411;GP30411
32947;7626;146;GP30650;GP30650
32948;7626;48;SP208;SP208
32949;7626;49;HG 33085;HG33085
32950;7626;49;HG 33089;HG33089
32951;7626;49;HG 33091;HG33091
32952;7626;31;52152989;52152989
32953;7626;31;52157946;52157946
32954;7626;31;52157953;52157953
32955;7626;100;127/2013;1272013
32956;7626;100;3542/2012;35422012
32957;7626;100;4166/2012;41662012
32958;7634;63;546.6010;5466010
32959;7634;146;JHC01109;JHC01109
32960;7634;76;AL-1156;AL1156
32961;7634;49;NJH71-839;NJH71839
32962;7634;67;2671-839;2671839
32963;7635;63;546.6033;5466033
32964;7635;146;JHC03111;JHC03111
32965;7635;76;AL-1024;AL1024
32966;7635;49;NJH11-539;NJH11539
32967;7635;53;VKJA 41003 A;VKJA41003A
32968;7635;67;1111539;1111539
32969;7636;146;JHC04129;JHC04129
32970;7637;146;JHC39003;JHC39003
32971;7638;146;JHC55004;JHC55004
32972;7638;76;AL-1701;AL1701
32973;7638;49;NJH27-5231;NJH275231
32974;7638;31;9675749880;9675749880
32975;7639;76;AL-1178;AL1178
32976;7639;49;NJH07-080S;NJH07080S
32977;7639;31;136.995.1080;1369951080
32978;7639;67;953642HD;953642HD
32979;7640;146;SEC18437;SEC18437
32980;7640;31;391019887R;391019887R
32981;7641;146;SEC32003;SEC32003
32982;7641;76;AL-1503;AL1503
32983;7641;49;NJH17-503S;NJH17503S
32984;7642;146;BJC01038M;BJC01038M
32985;7642;58;VW 1146;VW1146
32986;7642;49;NBJ1009;NBJ1009
32987;7642;31;1J0.407.151/B;1J0407151B
32988;7642;31;1JO 407 151 / B;1JO407151B
32989;7642;80;BDJ7151;BDJ7151
32990;7643;146;BJC01055M;BJC01055M
32991;7643;58;VW 1251 B;VW1251B
32992;7643;49;NBJ1012E;NBJ1012E
32993;7643;31;1S0407151;1S0407151
32994;7643;80;BDJ0815;BDJ0815
32995;7644;146;BJC04059M;BJC04059M
32996;7644;58;GM 2044 B;GM2044B
32997;7644;49;NBJ3013D;NBJ3013D
32998;7644;31;93.204.552 C;93204552C
32999;7645;146;BJC04118M;BJC04118M
33000;7645;58;GM 2150 M;GM2150M
33001;7645;49;NBJ3001D;NBJ3001D
33002;7645;31;94.710.088;94710088
33003;7645;80;BRA4118;BRA4118
33004;7646;146;BJC04119M;BJC04119M
33005;7646;58;GM 2151 M;GM2151M
33006;7646;49;NBJ3001E;NBJ3001E
33007;7646;31;90539887;90539887
33008;7646;31;94710089;94710089
33009;7646;80;BRA4119;BRA4119
33010;7647;146;BJC04143M;BJC04143M
33011;7647;58;GM 2283-B;GM2283B
33012;7647;49;NBJ3021E;NBJ3021E
33013;7647;31;52123588;52123588
33014;7647;31;94 727 588;94727588
33015;7647;80;BDJ2121;BDJ2121
33016;7648;146;BJC08132M;BJC08132M
33017;7648;58;FO 3210 B;FO3210B
33018;7648;49;NBJ2011DP;NBJ2011DP
33019;7648;31;BE8Z 3078 C;BE8Z3078C
33020;7648;31;E3B1.3042-A3C/D;E3B13042A3CD
33021;7648;80;BDJ9872;BDJ9872
33022;7649;146;BJC18153M;BJC18153M
33023;7649;58;RN 4009 GG;RN4009GG
33024;7649;31;7700781034;7700781034
33025;7649;31;7700818051;7700818051
33026;7649;31;7701465159;7701465159
33027;7650;146;BJC29018M;BJC29018M
33028;7650;49;NBJ6001DP;NBJ6001DP
33029;7650;31;545242S686;545242S686
33030;7650;80;BDJ2690;BDJ2690
33031;7651;146;SEC18421;SEC18421
33032;7651;76;AL-1074;AL1074
33033;7651;49;NJH01-576S;NJH01576S
33034;7651;53;VKJC9645A;VKJC9645A
33035;7652;63;546.6041;5466041
33036;7652;146;JHC04115;JHC04115
33037;7652;76;AL-1055;AL1055
33038;7652;49;NJH01-779;NJH01779
33039;7652;53;VKJA 41029 A;VKJA41029A
33040;7652;67;1701-779;1701779
33041;7653;146;JHC10108;JHC10108
33042;7653;49;NJH61-0301;NJH610301
33043;7654;146;JHC53001;JHC53001
33044;7655;146;SEC08411;SEC08411
33045;7655;76;AL-1076;AL1076
33046;7655;49;NJH17-076S;NJH17076S
33047;7656;146;SEC08414;SEC08414
33048;7656;31;8EZ3A428B;8EZ3A428B
33049;7657;146;JHC08119;JHC08119
33050;7657;49;NJH20-1163;NJH201163
33051;7658;146;JHC29005;JHC29005
33052;7658;49;NJH41-T000;NJH41T000
33053;7659;146;SEC03011;SEC03011
33054;7659;31;52043355;52043355
33055;7659;31;52083748;52083748
33056;7660;146;SEC08409;SEC08409
33057;7660;76;AL1164;AL1164
33058;7660;49;NJH21-164S;NJH21164S
33059;7660;67;953721HD;953721HD
33060;7661;146;TRC01001;TRC01001
33061;7661;76;AL948;AL948
33062;7661;49;NJH00-948T;NJH00948T
33063;7662;146;TRC32003;TRC32003
33064;7662;76;AL877;AL877
33065;7662;49;NJH01-877T;NJH01877T
33066;7663;31;MB3Z/18125/BL;MB3Z18125BL
33067;7663;31;MB3Z/18125/CL;MB3Z18125CL
33068;7663;31;MB3Z18125/CM;MB3Z18125CM
33069;7663;31;MB3Z18125/CY;MB3Z18125CY
33070;7663;100;1956/2018;19562018
33071;7664;31;21534696;21534696
33072;7664;100;1956/2018;19562018
33073;7665;31;11284256-00;1128425600
33074;7665;31;12581098-00;1258109800
33075;7665;100;1956/2018;19562018
33076;7666;31;A9723230400;A9723230400
33077;7666;100;3541/2012;35412012
33078;7059;31;EQEA-6309111;EQEA6309111
33079;7059;31;EQEA-6309112;EQEA6309112
33080;2782;72;HQ-2120A;HQ2120A
33081;2782;71;N-607;N607
33082;2782;146;PFC030034;PFC030034
33083;2782;54;RCPT08790;RCPT08790
33084;7231;31;14896663-00;1489666300
33085;7231;31;F3-2904140;F32904140
